name,name_en,device,registry_key,action_count,function_count,atom_actions,description,description_en,categories,tags
NI数据采集设备,NI DAQ Device,__device_alternate_constructor,__device_alternate_constructor,125,139,accessory_product_nums|accessory_product_types|accessory_serial_nums|add_network_device|ai_bridge_rngs|ai_charge_rngs|ai_couplings|ai_current_int_excit_discrete_vals|ai_current_rngs|ai_dig_fltr_lowpass_cutoff_freq_discrete_vals|ai_dig_fltr_lowpass_cutoff_freq_range_vals|ai_dig_fltr_types|ai_freq_rngs|ai_gains|ai_lowpass_cutoff_freq_discrete_vals|ai_lowpass_cutoff_freq_range_vals|ai_max_multi_chan_rate|ai_max_single_chan_rate|ai_meas_types|ai_min_rate|ai_num_samp_timing_engines|ai_num_sync_pulse_srcs|ai_physical_chans|ai_resistance_rngs|ai_samp_modes|ai_simultaneous_sampling_supported|ai_trig_usage|ai_voltage_int_excit_discrete_vals|ai_voltage_int_excit_range_vals|ai_voltage_rngs|anlg_trig_supported|ao_current_rngs|ao_gains|ao_max_rate|ao_min_rate|ao_num_samp_timing_engines|ao_num_sync_pulse_srcs|ao_output_types|ao_physical_chans|ao_samp_clk_supported|ao_samp_modes|ao_trig_usage|ao_voltage_rngs|bus_type|cal_acc_connection_count|cal_dev_temp|cal_recommended_acc_connection_count_limit|cal_user_defined_info|cal_user_defined_info_max_size|carrier_serial_num|chassis_module_devices|ci_max_size|ci_max_timebase|ci_meas_types|ci_physical_chans|ci_samp_clk_supported|ci_samp_modes|ci_trig_usage|co_max_size|co_max_timebase|co_output_types|co_physical_chans|co_samp_clk_supported|co_samp_modes|co_trig_usage|compact_daq_chassis_device|compact_daq_slot_num|compact_rio_chassis_device|compact_rio_slot_num|delete_network_device|dev_is_simulated|dev_serial_num|device_supports_cal|di_lines|di_max_rate|di_num_samp_timing_engines|di_ports|di_trig_usage|dig_trig_supported|do_lines|do_max_rate|do_num_samp_timing_engines|do_ports|do_trig_usage|ext_cal_last_date_and_time|ext_cal_last_temp|ext_cal_recommended_interval|field_daq_bank_devices|field_daq_device|hwteds_supported|id_pin_mem_family_codes|id_pin_mem_serial_nums|id_pin_mem_sizes|id_pin_pin_names|id_pin_pin_statuses|is_simulated|name|num_dma_chans|num_time_trigs|num_timestamp_engines|pci_bus_num|pci_dev_num|product_category|product_num|product_type|pxi_chassis_num|pxi_slot_num|read_id_pin_memory|reserve_network_device|reset_device|restore_last_ext_cal_const|self_cal|self_cal_last_date_and_time|self_cal_last_temp|self_cal_supported|self_test_device|serial_num|tcpip_ethernet_ip|tcpip_hostname|tcpip_wireless_ip|tedshwteds_supported|terminals|time_trig_supported|unreserve_network_device|write_id_pin_memory,用于实验室测量与控制的 NI 数据采集设备（DAQ）接口，支持模拟/数字信号采集、输出与定时触发等常见实验任务。,"An NI data acquisition (DAQ) device interface for laboratory measurement and control, supporting common tasks such as analog/digital I/O, acquisition, and timing/trigger operations.",数据采集与控制接口,表征设备|实验执行&合成设备|智慧表征与检测中心|物化表征测试中心|实验室自动化与仪器集成|实验仪器数据采集与联机控制|数据采集与控制接口
LibUSB USB通信库,libusb USB Access Library,__lib_usb,__lib_usb,18,40,auto-bulk_read|auto-bulk_write|auto-claim_interface|auto-clear_halt|auto-close_device|auto-ctrl_transfer|auto-detach_kernel_driver|auto-enumerate_devices|auto-intr_read|auto-intr_write|auto-is_kernel_driver_active|auto-iso_read|auto-iso_write|auto-open_device|auto-release_interface|auto-reset_device|auto-set_configuration|auto-set_interface_altsetting,LibUSB 是一个开源、跨平台的用户态 USB 通信库，用于让上层应用直接访问和控制 USB 设备，常用于实验仪器通信与数据传输。,"libusb is an open-source, cross-platform user-space USB communication library that lets applications access and control USB devices, commonly used for instrument communication and data transfer.",USB仪器通信接口,实验执行&合成设备|表征设备|智慧表征与检测中心|物化表征测试中心|实验室自动化与仪器集成|实验仪器通信与驱动集成|USB仪器通信接口
Prior ProScan III 显微镜控制器,Prior ProScan III microscope controller,__pro_scan_iii_connection,__pro_scan_iii_connection,13,28,auto-assert_filterwheel_number|auto-changed_timeout|auto-command|auto-get_command|auto-get_description|auto-get_filter_position|auto-get_n_filter_positions|auto-has_filterwheel|auto-move_command|auto-read_until_timeout|auto-readline|auto-set_command|auto-set_filter_position,Prior ProScan III 是一款用于显微镜系统的控制器，可连接并控制多个滤轮。它常用于荧光显微和多通道成像实验中，以切换滤光片位置、选择成像通道并协调显微镜附件的工作。,"The Prior ProScan III is a microscope system controller that can connect to and control multiple filter wheels. It is commonly used in fluorescence microscopy and multichannel imaging to switch filter positions, select imaging channels, and coordinate microscope accessories.",显微镜自动化控制器,表征设备|智慧表征与检测中心|实验室自动化与仪器集成|物化表征测试中心|显微成像与光学显微实验|显微镜自动化控制器
Mecademic工业机械臂,Mecademic industrial robot arm,__robot,__robot,213,469,auto-ActivateBrakes|auto-ActivateRobot|auto-ActivateSim|auto-ApiUnlock|auto-AutoConnectionWatchdog|auto-ClearMotion|auto-ConnectionWatchdog|auto-CreateVariable|auto-DeactivateRobot|auto-DeactivateSim|auto-Delay|auto-DeleteAllVariables|auto-DeleteFile|auto-DeleteVariable|auto-Disconnect|auto-EnableEtherNetIp|auto-EnableProfinet|auto-EndLogging|auto-ForceRealTimeMonitoring|auto-GetAutoConf|auto-GetAutoConfTurn|auto-GetBlending|auto-GetBrakesState|auto-GetCalibrationCfg|auto-GetCapturedTrajectory|auto-GetCapturedTrajectoryPath|auto-GetCartAcc|auto-GetCartAngVel|auto-GetCartLinVel|auto-GetCheckpoint|auto-GetCheckpointDiscarded|auto-GetCmdPendingCount|auto-GetCollisionCfg|auto-GetCollisionStatus|auto-GetConf|auto-GetConfTurn|auto-GetEtherNetIpEnabled|auto-GetExtToolFwVersion|auto-GetExtToolSim|auto-GetFwVersion|auto-GetGripperForce|auto-GetGripperRange|auto-GetGripperVel|auto-GetInterruptableEvent|auto-GetIoSim|auto-GetJointAcc|auto-GetJointLimits|auto-GetJointLimitsCfg|auto-GetJointVel|auto-GetJointVelLimit|auto-GetLoadedPrograms|auto-GetMecaScriptCfg|auto-GetMecaScriptEngineStatus|auto-GetModelJointLimits|auto-GetMonitoringInterval|auto-GetMoveDuration|auto-GetMoveDurationCfg|auto-GetMoveJumpApproachVel|auto-GetMoveJumpHeight|auto-GetMoveMode|auto-GetNetworkCfg|auto-GetNetworkOptions|auto-GetOperationMode|auto-GetPStop2Cfg|auto-GetPayload|auto-GetPowerSupplyInputs|auto-GetProductType|auto-GetProfinetEnabled|auto-GetProgramExecutionStatus|auto-GetRealTimeMonitoring|auto-GetRecoveryMode|auto-GetRobotCalibrated|auto-GetRobotInfo|auto-GetRobotName|auto-GetRobotRtData|auto-GetRobotSerial|auto-GetRtAccelerometer|auto-GetRtCartPos|auto-GetRtCartVel|auto-GetRtConf|auto-GetRtConfTurn|auto-GetRtExtToolStatus|auto-GetRtGripperForce|auto-GetRtGripperPos|auto-GetRtGripperState|auto-GetRtI2t|auto-GetRtInputState|auto-GetRtIoStatus|auto-GetRtJointPos|auto-GetRtJointTorq|auto-GetRtJointVel|auto-GetRtOutputState|auto-GetRtTargetCartPos|auto-GetRtTargetCartVel|auto-GetRtTargetConf|auto-GetRtTargetConfTurn|auto-GetRtTargetJointPos|auto-GetRtTargetJointTorq|auto-GetRtTargetJointVel|auto-GetRtTemperature|auto-GetRtTrf|auto-GetRtVacuumPressure|auto-GetRtVacuumState|auto-GetRtValveState|auto-GetRtWrf|auto-GetRtc|auto-GetSafetyStatus|auto-GetSafetyStopStatus|auto-GetSimModeCfg|auto-GetStatusGripper|auto-GetStatusRobot|auto-GetTimeScaling|auto-GetToolSphere|auto-GetTorqueLimits|auto-GetTorqueLimitsCfg|auto-GetTorqueLimitsStatus|auto-GetVacuumPurgeDuration|auto-GetVacuumThreshold|auto-GetVariable|auto-GetVariableByCyclicId|auto-GetVelTimeout|auto-GetWorkZoneCfg|auto-GetWorkZoneLimits|auto-GetWorkZoneStatus|auto-GripperClose|auto-GripperOpen|auto-Home|auto-IsConnected|auto-IsControlling|auto-IsDesiredIoState|auto-IsSynchronousMode|auto-ListFiles|auto-ListVariables|auto-LoadFile|auto-LogTrace|auto-LogUserCommands|auto-MoveGripper|auto-PauseMotion|auto-RebootRobot|auto-RegisterCallback|auto-RegisterCallbacks|auto-ResetError|auto-ResetPStop2Deprecated|auto-ResumeMotion|auto-SaveFile|auto-SetApiLock|auto-SetCalibrationCfg|auto-SetCollisionCfg|auto-SetExtToolSim|auto-SetIoSim|auto-SetJointLimits|auto-SetJointLimitsCfg|auto-SetLoadedPrograms|auto-SetMecaScriptCfg|auto-SetMonitoringInterval|auto-SetPStop2Cfg|auto-SetPayload|auto-SetRecoveryMode|auto-SetRobotName|auto-SetRtc|auto-SetSilentApiMode|auto-SetSimModeCfg|auto-SetTimeScaling|auto-SetToolSphere|auto-SetTorqueLimitsCfg|auto-SetVariable|auto-SetWorkZoneCfg|auto-SetWorkZoneLimits|auto-StartLogging|auto-StartProgram|auto-StopProgram|auto-SwitchToEtherCAT|auto-TcpDump|auto-TcpDumpStop|auto-UnregisterCallback|auto-UnregisterCallbacks|auto-UpdateRobot|auto-VacuumGripReleaseImmediate|auto-WaitActivated|auto-WaitConnected|auto-WaitDeactivated|auto-WaitDisconnected|auto-WaitEStopResetDeprecated|auto-WaitEStopResettableDeprecated|auto-WaitEndOfCycle|auto-WaitErrorReset|auto-WaitExtToolSimActivated|auto-WaitExtToolSimDeactivated|auto-WaitForAnyCheckpoint|auto-WaitForError|auto-WaitGripperMoveCompletion|auto-WaitHomed|auto-WaitIOState|auto-WaitIdle|auto-WaitIoSimDisabled|auto-WaitIoSimEnabled|auto-WaitMecaScriptEngineReady|auto-WaitMotionCleared|auto-WaitMotionPaused|auto-WaitMotionResumed|auto-WaitPStop2ResetDeprecated|auto-WaitPStop2ResettableDeprecated|auto-WaitProgramDone|auto-WaitProgramsLoaded|auto-WaitPurgeDone|auto-WaitRecoveryMode|auto-WaitReleasedPart|auto-WaitSafetyStopReset|auto-WaitSafetyStopResettable|auto-WaitSafetyStopStateChange|auto-WaitSimActivated|auto-WaitSimDeactivated|auto-sleep,这是一类紧凑型工业机械臂，可配电动夹爪、真空夹具和I/O扩展模块，用于实验室和自动化工位中的精密抓取、搬运、装配、轨迹执行、工件定位与过程自动化。,"This is a compact industrial robot arm that can be equipped with an electric gripper, vacuum tool, and I/O expansion modules for precision pick-and-place, handling, assembly, trajectory execution, part positioning, and laboratory automation.",机械臂,物流/机械|实验室自动化与仪器集成|实验仪器数据采集与联机控制|实验仪器通信与驱动集成|机械臂
Zaber 菊花链式电动位移台与光学外设系统,Zaber daisy-chained motorized stage and optical peripheral system,__zaber_connection,__zaber_connection,3,68,auto-lock|auto-readline|auto-write,这是一类通过串口菊花链连接的 Zaber 实验室自动化设备系统，可包含电动位移台、滤光轮或滤块转塔，以及 LED 光源控制器。它常用于显微镜和光学实验中，实现样品定位、滤光片切换和照明控制等自动化操作。,"This is a family of Zaber laboratory automation devices connected over a serial daisy chain, including motorized stages, filter wheels or filter cube turrets, and LED light controllers. It is commonly used in microscopy and optical experiments for automated sample positioning, filter switching, and illumination control.",显微镜自动化控制器,表征设备|智慧表征与检测中心|实验室自动化与仪器集成|物化表征测试中心|显微成像与光学显微实验|显微镜自动化控制器
Zaber X-LCA4 LED控制器,Zaber X-LCA4 LED Controller,__zaber_led_controller,__zaber_led_controller,1,68,auto-devices,这是一款多通道LED光源控制器，用于驱动和控制显微镜或光学实验中的LED照明通道。它可作为实验系统中的照明单元，为不同LED提供独立控制，适合荧光激发、透射/反射照明及多波段光学实验。,"This is a multi-channel LED light controller used to drive and control LED illumination channels in microscopy and optical experiments. It serves as an illumination control unit for independently managed LEDs, suitable for fluorescence excitation, transmitted/reflected illumination, and multi-wavelength optical setups.",LED光源控制器,表征设备|智慧表征与检测中心|物化表征测试中心|显微成像与光学显微实验|LED光源控制器
ASI MS2000显微镜控制器,ASI MS2000 Microscope Controller,_asi_controller,_asi_controller,25,62,auto-changed_timeout|auto-command|auto-find_max_speed|auto-get_absolute_position|auto-get_command|auto-get_description|auto-get_led_power|auto-get_number_axes|auto-get_number_leds|auto-is_busy|auto-is_led_on|auto-motor_moving|auto-move_by_relative_position|auto-move_command|auto-move_to_absolute_position|auto-move_to_limit|auto-read_multiline|auto-read_until_timeout|auto-readline|auto-reset_position|auto-set_command|auto-set_led_power|auto-set_speed|auto-wait_for_motor_stop|auto-wait_until_idle,用于显微镜自动化的多轴控制器，可驱动X、Y、Z载物台或调焦轴，并在部分配置下控制LED照明通道。常用于显微成像中的样品定位、扫描、对焦以及光源联动控制。,"A multi-axis controller for microscope automation that can drive X, Y, and Z stage or focus axes, and on some configurations also control LED illumination channels. It is commonly used for sample positioning, scanning, focusing, and coordinated light control in microscopy experiments.",显微镜自动化控制器,表征设备|智慧表征与检测中心|实验室自动化与仪器集成|物化表征测试中心|显微成像与光学显微实验|显微镜自动化控制器
TOPTICA iBeam 智能二极管激光器,TOPTICA iBeam Smart Diode Laser,_i_beam_connection,_i_beam_connection,7,26,auto-command|auto-laser_off|auto-laser_on|auto-set_normal_channel_power|auto-show_max_power|auto-show_power_uW|auto-status_laser,TOPTICA iBeam 是一款紧凑型智能二极管激光光源，可通过串口控制激光开关和输出功率，并读取实际输出状态。它常用于显微镜激发照明、光学实验以及需要稳定连续激光输出的实验室场景。,"The TOPTICA iBeam is a compact smart diode laser source with serial control for laser on/off operation, output power setting, and status readback. It is commonly used for microscope excitation, optical experiments, and other laboratory applications requiring stable continuous laser output.",二极管激光器,表征设备|智慧表征与检测中心|物化表征测试中心|显微成像与光学显微实验|二极管激光器
2023A 射频信号发生器,2023A RF Signal Generator,a2023a,a2023a,30,43,auto-amplitude|auto-clear_status|auto-clear_status_async|auto-event_status_enabled|auto-event_status_reg|auto-expose|auto-expose_async|auto-fitted_options|auto-frequency|auto-frequency_standard|auto-idn|auto-local_lockout|auto-offset|auto-output_enabled|auto-phase|auto-remote|auto-reset|auto-reset_async|auto-rflimit|auto-rflimit_enabled|auto-self_test|auto-self_test_async|auto-service_request_enabled|auto-software_handshake|auto-status_byte|auto-time|auto-trigger|auto-trigger_async|auto-wait|auto-wait_async,这是一台台式射频信号发生器，可在 9 千赫至 1.2 吉赫范围内输出可调的连续波射频信号，并支持频率、幅度、相位、输出开关和频率基准等设置。它常用于射频电路、接收机、通信设备和通用电子测试中的信号注入、校准与性能验证。,"This is a benchtop RF signal generator that produces adjustable continuous-wave RF signals from 9 kHz to 1.2 GHz, with control of frequency, amplitude, phase, output enable, and frequency reference selection. It is commonly used for signal injection, calibration, and performance verification of RF circuits, receivers, communication equipment, and general electronic test setups.",射频信号发生器,表征设备|电子与电气测试|射频与电子电路测试|射频信号发生器
A2D 四通道隔离式 ADC 电压采集模块,A2D 4-Channel Isolated ADC Voltage Measurement Module,a2_d_4_ch__isolated_adc,a2_d_4_ch__isolated_adc,10,18,auto-calibrate_voltage|auto-get_calibration|auto-get_num_channels|auto-get_rs485_addr|auto-measure_voltage|auto-measure_voltage_at_adc|auto-reset|auto-reset_calibration|auto-save_calibration|auto-set_led,这是一款带四路隔离输入的模数转换电压采集模块，可通过 RS485 通讯读取多通道电压，并支持校准参数管理与状态指示灯控制。适用于实验室中的多路电压监测、传感器信号采集和电隔离测量场景。,"This is a four-channel isolated ADC-based voltage acquisition module that reads multiple voltage inputs over RS485 and supports calibration management and LED status indication. It is suitable for laboratory use in multi-channel voltage monitoring, sensor signal acquisition, and electrically isolated measurements.",数据采集与控制接口|电压采集模块,表征设备|实验室自动化与仪器集成|实验仪器数据采集与联机控制|实验仪器通信与驱动集成|数据采集与控制接口|电压监测与传感器信号采集|电压采集模块
A2D 可编程直流电子负载,A2D Programmable DC Electronic Load,a2_d__eload,a2_d__eload,26,37,auto-cal_i_reset|auto-cal_i_save|auto-cal_v_reset|auto-cal_v_save|auto-calibrate_current|auto-calibrate_voltage|auto-get_cal_i|auto-get_cal_v|auto-get_fan|auto-get_led|auto-get_output|auto-get_rs485_addr|auto-initialize|auto-kick|auto-measure_current|auto-measure_current_control|auto-measure_temperature|auto-measure_voltage_adc_supply|auto-measure_voltage_supply|auto-reset|auto-save_rs485_addr|auto-set_current|auto-set_fan|auto-set_led|auto-set_rs485_addr|auto-toggle_output,一种可编程直流电子负载，通过吸收设定电流对电源、电池及其他直流输出进行测试。实验中常用于负载调节、输出电压与电流测量、温度监测，以及电压和电流校准，并支持通过 RS485 进行设备寻址。,"A programmable DC electronic load that sinks a set current to test power supplies, batteries, and other DC sources. In the lab it is used for load regulation, output voltage and current measurement, temperature monitoring, and voltage/current calibration, with device addressing over RS485.",电子负载,表征设备|实验室自动化与仪器集成|实验仪器数据采集与联机控制|电子与电气测试|电源与电池测试|电子负载
A2D继电器板,A2D Relay Board,a2_d__relay__board,a2_d__relay__board,9,18,auto-connect_eload|auto-connect_psu|auto-eload_connected|auto-get_num_channels|auto-initialize|auto-psu_connected|auto-reset|auto-set_i2c_expander_addr|auto-set_led,一款用于实验室自动化的继电器切换板，可控制电源与电子负载的连接状态，并支持多通道切换、板载指示灯控制以及I2C扩展器地址设置。常用于自动测试工装中的电源路径切换与设备联接控制。,"A relay switching board for laboratory automation that controls the connection state of power supplies and electronic loads. It supports multi-channel switching, onboard LED control, and I2C expander address configuration, and is commonly used for power-path switching and equipment connection control in automated test setups.",数据采集与控制接口|继电器切换板,物流/机械|实验室自动化与仪器集成|实验仪器数据采集与联机控制|数据采集与控制接口|电源与电池测试|继电器切换板
A2D数据采集模块,A2D DAQ Module,a2_d_daq,a2_d_daq,14,23,auto-calibrate_pullup_v|auto-conf_io|auto-configure_from_dict|auto-get_analog_mv|auto-get_analog_v|auto-get_dig_in|auto-get_pullup_v|auto-initialize|auto-measure_temperature|auto-measure_voltage|auto-reset|auto-set_dig|auto-set_led|auto-set_read_delay_ms,这是一款实验室用数据采集设备，具备模拟电压读取、温度测量和数字输入/输出功能，并带有板载指示灯与可配置通道。它适合用于传感器信号采集、基础电压监测、数字控制和通用实验自动化测试。,"This is a laboratory data acquisition device with analog voltage readback, temperature measurement, and digital input/output capabilities, along with an onboard indicator LED and configurable channels. It is suitable for sensor readout, basic voltage monitoring, digital control, and general laboratory automation tasks.",数据采集与控制接口|电压采集模块,表征设备|实验室自动化与仪器集成|电子与电气测试|实验仪器数据采集与联机控制|电压监测与传感器信号采集|数据采集与控制接口|电压采集模块
A2D源测电源板,A2D Source-Measure Power Board,a2_d_power_board,a2_d_power_board,13,21,auto-calibrate_current|auto-calibrate_voltage|auto-initialize|auto-measure_current|auto-measure_temperature|auto-measure_voltage|auto-reset_calibration|auto-set_current|auto-set_i2c_adc_addr|auto-set_i2c_dac_addr|auto-set_led|auto-set_voltage|auto-toggle_output,这是一块可编程电源与测量一体化电路板，可输出设定电压或电流，并测量电压、电流及板载温度。它适合实验室中用于为被测器件供电、进行基础电学表征、校准与板级调试。,"This is a programmable power and measurement board that can source a set voltage or current and measure voltage, current, and onboard temperature. It is suitable for laboratory use in powering devices under test, basic electrical characterization, calibration, and board-level debugging.",源测单元模块,实验执行&合成设备|表征设备|电子与电气测试|电源与电池测试|电压监测与传感器信号采集|源测单元模块
A2D多功能检测板,A2D Sense Board,a2_d_sense_board,a2_d_sense_board,9,17,auto-calibrate_current|auto-calibrate_voltage|auto-initialize|auto-measure_current|auto-measure_temperature|auto-measure_voltage|auto-reset_calibration|auto-set_i2c_adc_addr|auto-set_led,这是一种用于实验室电学测试的多功能检测电路板，可测量电压、电流和温度，并支持校准。它适合嵌入测试夹具、原型系统或自动化实验平台中，用于基础信号采集与状态监测。,"This is a multifunction measurement board for laboratory electrical testing. It can measure voltage, current, and temperature, and supports calibration. It is suitable for integration into test fixtures, prototype systems, or automated lab setups for basic signal acquisition and condition monitoring.",电压采集模块|数据采集与控制接口,表征设备|电子与电气测试|实验室自动化与仪器集成|电压监测与传感器信号采集|实验仪器数据采集与联机控制|电压采集模块|数据采集与控制接口
A4S微孔板热封机,A4S Microplate Heat Sealer,a4_s_backend,a4_s_backend,13,24,auto-close|auto-get_remaining_time|auto-get_status|auto-get_temperature|auto-open|auto-seal|auto-send_command|auto-set_heater|auto-set_temperature|auto-set_time|auto-setup|auto-stop|auto-system_reset,A4S是一种用于实验室微孔板热封的自动封膜设备，可对PCR板、深孔板或储样板施加受控温度和时间，将封膜材料压合到板口以实现密封。它适用于样品储存、避免蒸发与污染，以及自动化样品处理流程中的板封口步骤。,"The A4S is an automated microplate heat sealer used in laboratories to apply sealing films to microplates under controlled temperature and time conditions. It is used with PCR plates, deep-well plates, or storage plates to create a secure seal for sample storage, evaporation and contamination control, and automated sample-processing workflows.",封膜仪,备料&前处理设备|生命体系|实验室自动化与仪器集成|移液站产品|封膜仪
自动化注射泵控制器,Automated Syringe Pump Controller,a_pump,a_pump,16,23,auto-close|auto-disconnect|auto-enableRemoteControl|auto-getIdentification|auto-getResponse|auto-getStatus|auto-readDisplay|auto-selectUnit|auto-sendAndAcknowledge|auto-sendBuffered|auto-sendImmediate|auto-sendString|auto-setFlowDirection|auto-setSpeed|auto-startFlow|auto-stopFlow,这是一种用于实验室自动化系统的注射泵控制设备，用于对泵单元进行远程使能、启动/停止、状态读取与命令下发。它常用于试剂分配、液体传输和流程化液路控制场景。,"This is a syringe-pump control device for laboratory automation, used to remotely enable pump units, start and stop flow, read status, and send control commands. It is commonly used in reagent dispensing, liquid transfer, and scripted fluid-path control workflows.",注射泵,备料&前处理设备|溶液配制与反应|实验室自动化与仪器集成|移液站产品|注射泵
A-Star轮速编码器,A-Star Wheel Speed Encoder,a_star_speed,a_star_speed,3,19,auto-run_threaded|auto-shutdown|auto-update,这是一种安装在移动小车车轮上的旋转编码器测速装置，通常与A-Star控制板配合使用，用于根据车轮转动脉冲计算轮速和车辆行驶速度，常见于机器人小车与自动驾驶实验平台。,"This is a wheel-mounted rotary encoder speed sensing device, typically used with an A-Star controller board, for calculating wheel speed and vehicle motion from encoder ticks. It is commonly used in robotic cars and autonomous vehicle lab platforms.",轮速编码器,物流/机械|机器人与移动平台|移动机器人与自动驾驶实验|轮速编码器
AA Opto MDS 声光可调滤波器,AA Opto MDS Acousto-Optic Tunable Filter,aa_opto_mds,aa_opto_mds,10,17,auto-Close|auto-Disable|auto-Enable|auto-GetFreq|auto-GetPower|auto-GetStatus|auto-SetFreq|auto-SetPower|auto-SetPowerAndEnable|auto-query,这是一台 AA Opto 的 MDS 系列声光可调滤波器/控制单元，用于按通道控制激光光路的透过、射频驱动功率和工作频率，从而实现特定波长或光束的快速选通与强度调节。该设备常用于荧光显微、激光扫描和多激光实验中的快速波长选择与光强调制。,"This is an AA Opto MDS-series acousto-optic tunable filter and controller used to control laser transmission, RF drive power, and operating frequency on individual channels, enabling fast wavelength selection and intensity modulation. It is commonly used in fluorescence microscopy, laser scanning, and multi-laser laboratory setups for rapid optical switching and beam control.",声光可调滤波器,表征设备|生命体系|智慧表征与检测中心|显微成像与光学显微实验|声光可调滤波器
Agilent VSpin 微孔板离心机,Agilent VSpin Microplate Centrifuge,access2_backend,access2_backend,33,52,auto-bucket_1_remainder|auto-close|auto-close_door|auto-configure_and_initialize|auto-g_to_rpm|auto-get_bucket_1_position|auto-get_bucket_locked|auto-get_door_locked|auto-get_door_open|auto-get_home_position|auto-get_position|auto-get_status|auto-get_tachometer|auto-go_to_bucket1|auto-go_to_bucket2|auto-go_to_position|auto-initialize|auto-load|auto-lock_bucket|auto-lock_door|auto-open|auto-open_door|auto-park|auto-send_command|auto-serialize|auto-set_bucket_1_position_to_current|auto-set_configuration_data|auto-setup|auto-spin|auto-stop|auto-unload|auto-unlock_bucket|auto-unlock_door,一款用于实验室自动化系统的微孔板离心机，可对样品板进行装载、卸载、开关门、锁定转篮并执行离心运行。常用于微孔板样品的短时离心、收集液滴和自动化流程中的板级前处理。,"An automated microplate centrifuge for laboratory workflows. It can load and unload plates, open and close the door, lock the bucket, and perform spin operations. It is commonly used for short spins, collecting droplets, and plate-level sample preparation in automated lab systems.",离心机,备料&前处理设备|生命体系|实验室自动化与仪器集成|移液站产品|离心机
ACQ1102高速数据采集系统,ACQ1102 high-speed data acquisition system,acq1102,acq1102,49,144,chan2volts|clear_counters|close|data_size|demux_status|elapsed_samples|fetch_all_calibration|get_aggregator_sites|get_aggregator_svc_list|get_blocks|get_elapsed|get_post|get_pre|get_state|get_sys_info|get_total|init_site_client|load_awg|load_dio482pg|load_dpg|load_gpg|load_segments|load_stl|load_wrpg|make_sa_sd_aliases|nchan|post_samples|pre_samples|read|read_chan|read_decims|read_transient_timebase|run_service|samples|scale_raw|set_DO|set_mb_clk|set_segment|set_sync_routing|set_sync_routing_master|set_sync_routing_slave|show_segments|st_monitor|state|uut_demux_enabled|wait_armed|wait_event|wait_state_changed|wait_stopped,ACQ1102是一类面向实验室测量与控制的高速数据采集设备，可用于多通道瞬态信号采集、连续数据流监测、触发前后波形记录以及同步时钟/触发路由。结合校准、分段采集、数字输出和波形/脉冲序列加载功能，它适合物理实验、脉冲功率、装置联调和其他需要精确定时的数据记录场景。,"The ACQ1102 is a high-speed laboratory data acquisition instrument for multi-channel transient capture, live data streaming, pre/post-trigger waveform recording, and synchronized clock/trigger routing. With calibration handling, segmented acquisition, digital outputs, and waveform or pulse-sequence loading, it is suited to physics experiments, pulsed-power setups, system integration, and other precisely timed measurement tasks.",数据采集与控制接口|高速数据采集系统,实验执行&合成设备|表征设备|智慧表征与检测中心|实验室自动化与仪器集成|实验仪器数据采集与联机控制|数据采集与控制接口|瞬态信号采集与同步触发测量|高速数据采集系统
ACQ2106 模块化高速数据采集机箱,ACQ2106 modular high-speed data acquisition chassis,acq2106,acq2106,5,144,auto-set_MR|auto-set_master_trg|auto-set_mb_clk|auto-set_sync_routing_slave|auto-wr_PPS_active,ACQ2106 是一类模块化高速数据采集机箱，用于承载多通道采集模块并进行统一的时钟、触发和同步管理。它常用于实验室中的瞬态信号记录、波形采集以及需要多设备同步的测量场景。,"The ACQ2106 is a modular high-speed data acquisition chassis that hosts multi-channel acquisition modules and provides centralized clock, trigger, and synchronization control. It is commonly used in laboratories for transient recording, waveform capture, and synchronized measurements across multiple devices.",数据采集与控制接口|模块化高速数据采集机箱,表征设备|智慧表征与检测中心|实验室自动化与仪器集成|实验仪器数据采集与联机控制|数据采集与控制接口|瞬态信号采集与同步触发测量|模块化高速数据采集机箱
ACQ2106高速数据采集机箱（MGTDRAM8）,ACQ2106 High-Speed Data Acquisition Chassis with MGTDRAM8,acq2106__mgtdram8,acq2106__mgtdram8,2,144,auto-create_mgtdram_pull_client|auto-run_mgt,一款模块化高速数据采集机箱，可配合 MGTDRAM8 高速存储/传输功能进行瞬态波形采集、缓存与读出。常用于物理实验、脉冲测试和其他需要多通道高速记录与事后取数的测量场景。,"A modular high-speed data acquisition chassis that works with the MGTDRAM8 high-speed storage/transfer function for transient waveform capture, buffering, and readout. It is used in physics experiments, pulsed tests, and other measurements that require multi-channel high-speed recording and post-shot data retrieval.",模块化高速数据采集机箱,表征设备|电子与电气测试|瞬态信号采集与同步触发测量|模块化高速数据采集机箱
ACQ2106-TIGA 模块化数据采集机箱,ACQ2106-TIGA modular data acquisition chassis,acq2106_tiga,acq2106_tiga,2,144,auto-load_dio482pg|auto-set_DO,这是一种模块化实验数据采集机箱，用于连接多个采集或数字 I/O 站点并完成瞬态信号采集、实时数据流传输以及实验触发/时序联动。根据暴露出的功能，它也可配合数字输出与模式发生资源，用于实验装置的触发控制和时序编排。,"This is a modular laboratory data acquisition chassis used to host multiple acquisition or digital I/O sites for transient signal capture, live data streaming, and experiment trigger/timing coordination. Based on the exposed functions, it can also work with digital outputs and pattern-generation resources for trigger control and timing sequencing in lab setups.",模块化高速数据采集机箱,实验执行&合成设备|表征设备|实验室自动化与仪器集成|电子与电气测试|实验仪器数据采集与联机控制|瞬态信号采集与同步触发测量|模块化高速数据采集机箱
ACQ400数据采集机箱,ACQ400 Data Acquisition Chassis,acq400e,acq400e,11,22,auto-caget|auto-caput|auto-clean|auto-clearpv|auto-get_sites|auto-int_statemon|auto-monitor|auto-pv_callback|auto-readpv|auto-stop_stream|auto-stream_to_disk,ACQ400是一类模块化高速数据采集机箱，用于在实验中采集、监测并流式保存模拟量或数字量信号。它通常集成多个采集站点或插槽，可通过EPICS过程变量进行状态监控、参数访问和连续数据记录，适用于物理实验、工程测试和装置诊断。,"The ACQ400 is a modular high-speed data acquisition chassis used in laboratories to acquire, monitor, and stream analog or digital signals to storage. It typically includes multiple acquisition sites or slots and is operated through EPICS process variables for status monitoring, parameter access, and continuous data recording in physics experiments, engineering tests, and system diagnostics.",模块化高速数据采集机箱,表征设备|实验室自动化与仪器集成|电子与电气测试|实验仪器数据采集与联机控制|瞬态信号采集与同步触发测量|模块化高速数据采集机箱
数据采集流水线阶段,Acquisition Pipeline Stage,acquisition_stage,acquisition_stage,11,29,auto-build|auto-configureStage|auto-numProcess|auto-outputQueue|auto-processes|auto-setArgs|auto-stage|auto-start|auto-startTrainID|auto-stop|auto-stopTrainID,用于实验数据采集系统中的单个处理阶段的软件组件，负责在采集流水线中组织进程、队列和消息传递，并可配置具体处理类。它常用于高通量实验或探测器数据流的在线处理、分发、预处理以及按批次标识保存数据。,"A software component representing a single stage in an experimental data acquisition pipeline. It manages processes, queues, and message passing, and can be configured with a specific processing class. It is used for online handling, routing, preprocessing, and train-ID-based saving of streaming experimental or detector data.",数据采集流水线处理节点,表征设备|实验室自动化与仪器集成|实验仪器数据采集与联机控制|数据采集流水线处理节点
带ROI统计功能的面阵探测器,Area Detector with ROI Statistics,ad_roi_stat,ad_roi_stat,39,55,auto-ContinuousMode|auto-FileCaptureOff|auto-FileCaptureOn|auto-FileWriteComplete|auto-NDArrayMode|auto-ROIMode|auto-ScalerMode|auto-arm|auto-close_shutter|auto-config_filesaver|auto-config_shutter|auto-disarm|auto-fileGet|auto-filePut|auto-file_write_complete|auto-getFileName|auto-getFileNameByIndex|auto-getFileNumber|auto-getFilePath|auto-getFileTemplate|auto-getLastFileName|auto-getNextFileName|auto-getNumCapture|auto-getNumCaptured_RBV|auto-get_next_filename|auto-nextFileNumber|auto-open_shutter|auto-post_scan|auto-pre_scan|auto-save_arraydata|auto-setFileName|auto-setFileNumCapture|auto-setFileNumber|auto-setFilePath|auto-setFileTemplate|auto-setFileWriteMode|auto-set_dwelltime|auto-start|auto-stop,用于实验成像的面阵探测器系统，可采集二维图像并对感兴趣区域（ROI）进行强度或计数统计。常用于同步辐射束线、X射线成像和通用扫描实验中的在线监测、快门联动与文件存储。,"A 2D area detector system for experimental imaging that acquires images and computes intensity or count statistics in selected regions of interest (ROIs). It is commonly used in beamline, X-ray, and general scan-based experiments for online monitoring, shutter coordination, and file saving.",面阵探测器,表征设备|智慧表征与检测中心|物化表征测试中心|X射线成像与束线探测|面阵探测器
OPC-UA 地址空间构建器,OPC-UA Address Space Builder,address_space_builder,address_space_builder,2,14,auto-build|auto-get_variable_indices,这是一个用于 OPC-UA 服务器的数据模型构建软件组件，可根据配置生成变量节点、结构体对象及数组节点，并维护变量索引、节点权限与变量映射。它常用于实验室自动化或仪器集成场景中组织设备数据点与通信地址空间。,"This is a software component for building an OPC-UA server data model. It creates variable nodes, structured objects, and array nodes from configuration, and maintains variable indices, node permissions, and variable mappings. It is commonly used in laboratory automation or instrument integration workflows to organize device data points and communication address spaces.",OPC-UA地址空间构建器,实验执行&合成设备|实验室自动化与仪器集成|实验仪器通信与驱动集成|OPC-UA服务器建模与地址空间管理|OPC-UA地址空间构建器
ADN4604/ADN4605 高速数字交叉点开关,ADN4604/ADN4605 High-Speed Digital Crosspoint Switch,adn_xpt,adn_xpt,14,40,auto-assign_output|auto-init|auto-input_config|auto-io_config|auto-output_table|auto-read_register|auto-reset|auto-rx_config|auto-rx_termination|auto-set_termination|auto-tx_config|auto-tx_termination|auto-write_register|auto-xpt_update,ADN4604/ADN4605 是一类高速数字交叉点交换芯片，用于将多个输入通道灵活映射到多个输出通道，并可配置收发通道相关参数，如均衡、驱动、信号选项和端接。实验室中常用于高速数字链路的路由、切换、通道分配与链路调试。,"The ADN4604/ADN4605 is a family of high-speed digital crosspoint switch ICs used to flexibly route multiple input channels to multiple output channels. It supports configuration of transmitter and receiver related settings such as equalization, drive, signal options, and termination. In laboratories, it is commonly used for high-speed digital link routing, switching, channel assignment, and link debugging.",数字交叉点开关,实验执行&合成设备|电子与电气测试|射频与电子电路测试|高速数字链路路由与调试|数字交叉点开关
倍福PLC控制器,Beckhoff PLC controller,ads_symbol,ads_symbol,9,23,auto-add_device_notification|auto-auto_update|auto-clear_device_notifications|auto-del_device_notification|auto-get_type_from_str|auto-is_structure|auto-read|auto-value|auto-write,一种用于工业自动化的可编程逻辑控制器（PLC）或工业控制器，可通过 ADS 暴露内部变量与符号。在实验室中常用于设备联锁、顺序控制、I/O 信号采集、执行器控制以及过程状态监测。,"A programmable logic controller (PLC) or industrial controller used for industrial automation, exposing internal variables and symbols over ADS. In laboratory systems it is commonly used for equipment interlocks, sequence control, I/O acquisition, actuator control, and process-state monitoring.",PLC控制器,实验执行&合成设备|实验室自动化与仪器集成|实验仪器数据采集与联机控制|实验仪器通信与驱动集成|PLC控制与设备联锁|PLC控制器
任意函数发生器,Arbitrary Function Generator,afg3021b,afg3021b,1,8,auto-idn,Tektronix AFG3021B 是一款台式任意函数发生器，用于产生标准波形和自定义波形电信号，常用于电子电路测试、仪器联调、教学实验以及一般实验室信号激励。,"The Tektronix AFG3021B is a benchtop arbitrary function generator used to produce standard and user-defined electrical waveforms. It is commonly used for electronics testing, instrument setup, teaching labs, and general laboratory signal stimulation.",任意函数发生器,实验执行&合成设备|电子与电气测试|射频与电子电路测试|任意函数发生器
电动直线位移台,Motorized Linear Translation Stage,afms,afms,6,15,auto-close|auto-estop|auto-get_position|auto-goto|auto-home|auto-move,这是一种通过 Arduino 与电机驱动板控制的单轴电动直线位移装置，带有限位开关，可通过 USB 串口进行回零、相对移动和绝对定位。它常用于实验室中对样品、探针、传感器或机构进行毫米级的一维位置调整。,"This is a single-axis motorized linear translation device controlled by an Arduino and motor shield, with limit switches and USB serial communication for homing, relative motion, and absolute positioning. It is commonly used in laboratories for one-dimensional millimeter-scale positioning of samples, probes, sensors, or mechanical fixtures.",电动直线位移台,物流/机械|实验室自动化与仪器集成|样品/探针定位与运动控制|电动直线位移台
函数/任意波形发生器,Function / Arbitrary Waveform Generator,agilent33210_a,agilent33210_a,6,13,auto-beep|auto-config|auto-config_burst|auto-config_free_running_burst|auto-send|auto-trigger,这是一台台式函数/任意波形发生器，用于输出可控的正弦波等测试信号，并可进行触发与突发输出设置。它常用于电子电路调试、仪器联调、激励信号注入和实验室通用信号源应用。,"This is a benchtop function/arbitrary waveform generator used to produce controlled test signals such as sine waves, with support for triggering and burst-style output. It is commonly used for electronic circuit testing, instrument synchronization, stimulus injection, and general laboratory signal-source tasks.",任意函数发生器,实验执行&合成设备|电子与电气测试|射频与电子电路测试|任意函数发生器
Agilent/Keysight 33220A 函数/任意波形发生器,Agilent/Keysight 33220A Function/Arbitrary Waveform Generator,agilent33220a,agilent33220a,8,11,auto-duty_cycle|auto-function|auto-load_resistance|auto-output|auto-output_polarity|auto-output_sync|auto-phase|auto-ramp_symmetry,这是一款 20 MHz 台式函数/任意波形发生器，可输出常见测试波形并调节频率、相位、占空比、负载与输出极性等参数，常用于电子电路测试、信号激励、教学实验和通用实验室信号源应用。,"This is a 20 MHz benchtop function/arbitrary waveform generator used to produce common test waveforms with adjustable frequency, phase, duty cycle, load setting, and output polarity. It is commonly used for electronic circuit testing, signal stimulation, teaching labs, and general laboratory signal-source applications.",任意函数发生器,实验执行&合成设备|电子与电气测试|射频与电子电路测试|任意函数发生器
台式数字万用表,Bench Digital Multimeter,agilent34410a,agilent34410a,10,17,auto-abort|auto-clear_memory|auto-data_point_count|auto-fetch|auto-init|auto-r|auto-read_data|auto-read_data_nvmem|auto-read_last_data|auto-read_meter,这是一款安捷伦 34410A 系列 6.5 位台式数字万用表，用于实验室中的高精度电学测量，如电压、电流、电阻等参数测试。该类仪器常用于台架测试、自动化测量以及带内部读数存储的采样记录场景。,"This is an Agilent 34410A-series 6.5-digit bench digital multimeter used for precise electrical measurements in laboratories, such as voltage, current, and resistance. Instruments in this class are commonly used for bench testing, automated measurement setups, and buffered data acquisition with internal reading memory.",数字万用表,表征设备|电子与电气测试|电压监测与传感器信号采集|实验仪器数据采集与联机控制|数字万用表
安捷伦 DSO7054 数字存储示波器,Agilent DSO7054 Digital Storage Oscilloscope,agilent_dso7054_wrapper,agilent_dso7054_wrapper,19,28,auto-autoscale|auto-channel_coupling|auto-channel_info|auto-channel_invert|auto-channel_position|auto-channel_probe|auto-channel_scale|auto-channel_toggle|auto-clear_buffers|auto-horizontal_offset|auto-horizontal_scale|auto-measure|auto-measure_setup|auto-reset|auto-trace|auto-trigger_channel|auto-trigger_level|auto-trigger_mode|auto-trigger_slope,一款台式数字存储示波器，用于观察、触发、采集和测量电压随时间变化的波形，常用于电子电路、射频系统和实验装置中的信号调试与时域分析。,"A benchtop digital storage oscilloscope used to view, trigger on, acquire, and measure voltage waveforms over time. It is commonly used for signal debugging and time-domain analysis in electronics, RF systems, and laboratory experiments.",数字存储示波器,表征设备|电子与电气测试|射频与电子电路测试|瞬态信号采集与同步触发测量|数字存储示波器
安捷伦 E4406A 矢量信号分析仪,Agilent E4406A Vector Signal Analyzer,agilent_e4406_a,agilent_e4406_a,20,37,auto-MeasureIQ|auto-VOID|auto-aper|auto-concatenator|auto-decim|auto-decimated_bw|auto-frequency|auto-iq|auto-iqinit|auto-iqrelease|auto-measure_power_at_marker|auto-resbw|auto-resbw_ratio|auto-rfgain|auto-screenshot|auto-span|auto-stateiq|auto-time|auto-trace|auto-trace_prototype,这是一台台式射频频谱/矢量信号分析仪，可对无线与射频信号进行频谱观察、标记功率测量、带宽相关设置以及 IQ 数据采集。它常用于发射机表征、频谱监测、调制分析和射频实验调试。,"This is a benchtop RF spectrum/vector signal analyzer used to observe signal spectra, measure marker power, configure bandwidth-related settings, and capture IQ data. It is commonly used for transmitter characterization, spectrum monitoring, modulation analysis, and RF lab troubleshooting.",矢量信号分析仪,表征设备|电子与电气测试|射频与电子电路测试|矢量信号分析仪
安捷伦E44xx频谱分析仪,Agilent E44xx Spectrum Analyzer,agilent_e44nn,agilent_e44nn,25,51,auto-continuous|auto-detector|auto-external_gain|auto-frequency|auto-frequency_center|auto-frequency_span|auto-frequency_start|auto-frequency_stop|auto-input_attenuator|auto-input_attenuator_auto|auto-reference_level|auto-resolution_bandwidth|auto-resolution_bandwidths|auto-screenshot|auto-select|auto-sweep_points|auto-sweep_points_max|auto-sweep_time|auto-trace|auto-trace_data|auto-trace_sa|auto-trace_type|auto-unit_power|auto-video_bandwidth|auto-view_range,这是一类用于测量射频和微波信号频谱的台式频谱分析仪，可对信号的频率分布、功率电平和带宽特性进行分析。实验中常用于信号源表征、杂散与谐波测试、带宽测量、频谱监测以及一般射频链路调试。,"This is a benchtop spectrum analyzer for measuring the spectral content of RF and microwave signals. It is commonly used in laboratories for signal source characterization, spurious and harmonic measurements, bandwidth analysis, spectrum monitoring, and general RF chain debugging.",频谱分析仪,表征设备|电子与电气测试|射频与电子电路测试|频谱分析仪
Agilent E8357A 矢量网络分析仪,Agilent E8357A Vector Network Analyzer,agilent_e8357_a,agilent_e8357_a,11,34,auto-bandwidth|auto-catalog|auto-points|auto-readS|auto-readX|auto-reference|auto-screenshot|auto-sourcepower|auto-start|auto-stop|auto-trace,这是一台射频/微波矢量网络分析仪，用于扫频测量器件或网络的散射参数，如 S11、S21、S12 和 S22。实验中常用于表征滤波器、谐振器、传输线、电缆、放大器及其他高频器件的反射、传输与频率响应。,"This is an RF/microwave vector network analyzer used to perform swept-frequency measurements of scattering parameters such as S11, S21, S12, and S22. In the lab it is commonly used to characterize the reflection, transmission, and frequency response of filters, resonators, transmission lines, cables, amplifiers, and other high-frequency components.",矢量网络分析仪,表征设备|电子与电气测试|射频与电子电路测试|矢量网络分析仪
Agilent N9010A 频谱分析仪,Agilent N9010A Signal Analyzer,agilent_n9010_a_wrapper,agilent_n9010_a_wrapper,29,37,auto-amplitudeOffset|auto-amplitudeReference|auto-amplitudeScale|auto-attenuation|auto-autoset|auto-bandwidthResolution|auto-bandwidthSweepTime|auto-bandwidthVideo|auto-clear_buffers|auto-frequencyCenter|auto-frequencySpan|auto-frequencyStart|auto-frequencyStop|auto-getTrace|auto-markerAmplitude|auto-markerFrequency|auto-markerMode|auto-markerReadoutMode|auto-markerToggle|auto-markerTrace|auto-markerTrack|auto-peakExcursion|auto-peakNext|auto-peakSearch|auto-peakSet|auto-peakTable|auto-peakThreshold|auto-preamplifier|auto-reset,Agilent N9010A 是一款射频频谱/信号分析仪，用于测量信号的频率分布、功率电平、带宽和峰值特征。它常用于射频与微波实验、电子测试、通信信号表征以及噪声与杂散分析。,"The Agilent N9010A is an RF spectrum/signal analyzer used to measure signal frequency content, power level, bandwidth, and peak characteristics. It is commonly used in RF and microwave experiments, electronics testing, communication signal characterization, and noise or spurious analysis.",频谱分析仪,表征设备|电子与电气测试|射频与电子电路测试|频谱分析仪
阿吉伦特涡轮分子真空泵,Agilent turbomolecular vacuum pump,agilent_serial,agilent_serial,5,19,auto-egu|auto-info|auto-off|auto-on|auto-pressure,阿吉伦特涡轮分子真空泵是一种用于抽取真空腔体气体、建立和维持高真空环境的真空设备，常用于实验装置、分析仪器和高真空或超高真空系统。,"An Agilent turbomolecular vacuum pump is a vacuum device used to remove gas from vacuum chambers and create or maintain high-vacuum conditions, commonly used in laboratory instruments, experimental systems, and high- or ultra-high-vacuum setups.",涡轮分子真空泵,物流/机械|真空系统与高真空实验|高真空/超高真空腔体与仪器配套|涡轮分子真空泵
AG-UC2 双轴压电步进控制器,AG-UC2 Two-Axis Piezo Stepper Controller,aguc2,aguc2,18,36,auto-ag_query|auto-ag_sendcmd|auto-am_i_still|auto-axis|auto-axis_status|auto-enable_remote_mode|auto-error_previous_command|auto-firmware_version|auto-jog|auto-limit_status|auto-move_relative|auto-move_to_limit|auto-number_of_steps|auto-reset_controller|auto-sleep_time|auto-step_amplitude|auto-step_delay|auto-zero_position,用于驱动 Newport Agilis 系列两轴压电步进位移台或微定位器的运动控制器。设备可控制 X/Y 两个轴，支持相对移动、连续点动、限位搜索和状态查询，常用于光学对准、精密位移和微定位实验。,"A motion controller for Newport Agilis two-axis piezo stepper stages or micropositioners. It controls X and Y axes and supports relative motion, continuous jogging, limit seeking, and status monitoring, making it suitable for optical alignment, precision positioning, and micromanipulation experiments.",压电步进位移台控制器,物流/机械|样品/探针定位与运动控制|精密定位与运动控制|压电步进位移台控制器
NI数据采集模拟输入通道,NI DAQ Analog Input Channel,ai_channel,ai_channel,200,576,auto-ai_ac_excit_freq|auto-ai_ac_excit_sync_enable|auto-ai_ac_excit_wire_mode|auto-ai_accel_4_wire_dc_voltage_sensitivity|auto-ai_accel_4_wire_dc_voltage_sensitivity_units|auto-ai_accel_charge_sensitivity|auto-ai_accel_charge_sensitivity_units|auto-ai_accel_db_ref|auto-ai_accel_sensitivity|auto-ai_accel_sensitivity_units|auto-ai_accel_units|auto-ai_acceld_b_ref|auto-ai_adc_custom_timing_mode|auto-ai_adc_timing_mode|auto-ai_atten|auto-ai_auto_zero_mode|auto-ai_averaging_win_size|auto-ai_bridge_balance_coarse_pot|auto-ai_bridge_balance_fine_pot|auto-ai_bridge_cfg|auto-ai_bridge_electrical_units|auto-ai_bridge_initial_ratio|auto-ai_bridge_initial_voltage|auto-ai_bridge_nom_resistance|auto-ai_bridge_physical_units|auto-ai_bridge_poly_forward_coeff|auto-ai_bridge_poly_reverse_coeff|auto-ai_bridge_scale_type|auto-ai_bridge_shunt_cal_enable|auto-ai_bridge_shunt_cal_gain_adjust|auto-ai_bridge_shunt_cal_select|auto-ai_bridge_shunt_cal_shunt_cal_a_actual_resistance|auto-ai_bridge_shunt_cal_shunt_cal_a_resistance|auto-ai_bridge_shunt_cal_shunt_cal_a_src|auto-ai_bridge_shunt_cal_shunt_cal_b_actual_resistance|auto-ai_bridge_shunt_cal_shunt_cal_b_resistance|auto-ai_bridge_table_electrical_vals|auto-ai_bridge_table_physical_vals|auto-ai_bridge_two_point_lin_first_electrical_val|auto-ai_bridge_two_point_lin_first_physical_val|auto-ai_bridge_two_point_lin_second_electrical_val|auto-ai_bridge_two_point_lin_second_physical_val|auto-ai_bridge_units|auto-ai_calculated_power_current_max|auto-ai_calculated_power_current_min|auto-ai_calculated_power_voltage_max|auto-ai_calculated_power_voltage_min|auto-ai_charge_units|auto-ai_chop_enable|auto-ai_coupling|auto-ai_current_acrms_units|auto-ai_current_shunt_loc|auto-ai_current_shunt_resistance|auto-ai_current_units|auto-ai_custom_scale|auto-ai_data_xfer_custom_threshold|auto-ai_data_xfer_max_rate|auto-ai_data_xfer_mech|auto-ai_data_xfer_req_cond|auto-ai_dc_offset|auto-ai_dev_scaling_coeff|auto-ai_dig_fltr_bandpass_center_freq|auto-ai_dig_fltr_bandpass_width|auto-ai_dig_fltr_coeff|auto-ai_dig_fltr_enable|auto-ai_dig_fltr_highpass_cutoff_freq|auto-ai_dig_fltr_lowpass_cutoff_freq|auto-ai_dig_fltr_notch_center_freq|auto-ai_dig_fltr_notch_width|auto-ai_dig_fltr_order|auto-ai_dig_fltr_response|auto-ai_dig_fltr_type|auto-ai_dither_enable|auto-ai_eddy_current_prox_sensitivity|auto-ai_eddy_current_prox_sensitivity_units|auto-ai_eddy_current_prox_units|auto-ai_enhanced_alias_rejection_enable|auto-ai_excit_actual_val|auto-ai_excit_d_cor_ac|auto-ai_excit_idle_output_behavior|auto-ai_excit_sense|auto-ai_excit_src|auto-ai_excit_use_for_scaling|auto-ai_excit_use_multiplexed|auto-ai_excit_val|auto-ai_excit_voltage_or_current|auto-ai_filter_delay|auto-ai_filter_delay_adjustment|auto-ai_filter_delay_units|auto-ai_filter_enable|auto-ai_filter_freq|auto-ai_filter_order|auto-ai_filter_response|auto-ai_force_iepe_sensor_sensitivity|auto-ai_force_iepe_sensor_sensitivity_units|auto-ai_force_read_from_chan|auto-ai_force_units|auto-ai_freq_hyst|auto-ai_freq_thresh_voltage|auto-ai_freq_units|auto-ai_gain|auto-ai_impedance|auto-ai_input_limits_fault_detect_enable|auto-ai_input_limits_fault_detect_lower_limit|auto-ai_input_limits_fault_detect_upper_limit|auto-ai_input_src|auto-ai_lead_wire_resistance|auto-ai_lossy_lsb_removal_compressed_samp_size|auto-ai_lowpass_cutoff_freq|auto-ai_lowpass_enable|auto-ai_lowpass_switch_cap_clk_src|auto-ai_lowpass_switch_cap_ext_clk_div|auto-ai_lowpass_switch_cap_ext_clk_freq|auto-ai_lowpass_switch_cap_out_clk_div|auto-ai_lvdt_sensitivity|auto-ai_lvdt_sensitivity_units|auto-ai_lvdt_units|auto-ai_max|auto-ai_meas_type|auto-ai_mem_map_enable|auto-ai_microphone_sensitivity|auto-ai_min|auto-ai_open_chan_detect_enable|auto-ai_open_thrmcpl_detect_enable|auto-ai_overcurrent_detect_enable|auto-ai_power_supply_fault_detect_enable|auto-ai_power_units|auto-ai_pressure_units|auto-ai_probe_atten|auto-ai_raw_data_compression_type|auto-ai_raw_samp_justification|auto-ai_raw_samp_size|auto-ai_remove_filter_delay|auto-ai_resistance_cfg|auto-ai_resistance_units|auto-ai_resolution|auto-ai_resolution_units|auto-ai_rng_high|auto-ai_rng_low|auto-ai_rosette_strain_gage_gage_orientation|auto-ai_rosette_strain_gage_rosette_meas_type|auto-ai_rosette_strain_gage_rosette_type|auto-ai_rosette_strain_gage_strain_chans|auto-ai_rtd_a|auto-ai_rtd_b|auto-ai_rtd_c|auto-ai_rtd_r0|auto-ai_rtd_r_0|auto-ai_rtd_type|auto-ai_rvdt_sensitivity|auto-ai_rvdt_sensitivity_units|auto-ai_rvdt_units|auto-ai_samp_and_hold_enable|auto-ai_sensor_power_cfg|auto-ai_sensor_power_type|auto-ai_sensor_power_voltage|auto-ai_sound_pressure_db_ref|auto-ai_sound_pressure_max_sound_pressure_lvl|auto-ai_sound_pressure_units|auto-ai_sound_pressured_b_ref|auto-ai_strain_force_read_from_chan|auto-ai_strain_gage_cfg|auto-ai_strain_gage_gage_factor|auto-ai_strain_gage_poisson_ratio|auto-ai_strain_units|auto-ai_teds_is_teds|auto-ai_teds_units|auto-ai_temp_units|auto-ai_term_cfg|auto-ai_thrmcpl_cjc_chan|auto-ai_thrmcpl_cjc_src|auto-ai_thrmcpl_cjc_val|auto-ai_thrmcpl_lead_offset_voltage|auto-ai_thrmcpl_scale_type|auto-ai_thrmcpl_type|auto-ai_thrmstr_a|auto-ai_thrmstr_b|auto-ai_thrmstr_c|auto-ai_thrmstr_r1|auto-ai_thrmstr_r_1|auto-ai_torque_units|auto-ai_usb_xfer_req_count|auto-ai_usb_xfer_req_size|auto-ai_velocity_iepe_sensor_db_ref|auto-ai_velocity_iepe_sensor_sensitivity|auto-ai_velocity_iepe_sensor_sensitivity_units|auto-ai_velocity_iepe_sensord_b_ref|auto-ai_velocity_units|auto-ai_voltage_acrms_units|auto-ai_voltage_db_ref|auto-ai_voltage_units|auto-ai_voltaged_b_ref|auto-pwr_current_dev_scaling_coeff|auto-pwr_current_setpoint|auto-pwr_idle_output_behavior|auto-pwr_output_enable|auto-pwr_output_state|auto-pwr_remote_sense|auto-pwr_voltage_dev_scaling_coeff|auto-pwr_voltage_setpoint,NI数据采集与传感器测量硬件上的模拟输入通道，用于接入并测量电压、电流、电阻、频率、声压以及桥式、应变、热电偶、RTD、热敏电阻、IEPE、LVDT/RVDT等传感器信号。实验室中常用于多类型传感器采集、信号调理、激励设置、滤波和标定。,"An analog input channel on NI data acquisition and sensor measurement hardware, used to acquire voltage, current, resistance, frequency, sound pressure, and signals from bridge sensors, strain gauges, thermocouples, RTDs, thermistors, IEPE sensors, and LVDT/RVDT transducers. In laboratories it is commonly used for multi-sensor acquisition, signal conditioning, excitation setup, filtering, and calibration.",数据采集与控制接口|模拟输入数据采集模块,表征设备|实验室自动化与仪器集成|电子与电气测试|实验仪器数据采集与联机控制|电压监测与传感器信号采集|数据采集与控制接口|模拟输入数据采集模块
Aim-TTI EL302P 单路直流电源,Aim-TTI EL302P Single-Output DC Power Supply,aim_t_ti_el302_p,aim_t_ti_el302_p,6,12,auto-channel|auto-current|auto-name|auto-output|auto-reset|auto-voltage,Aim-TTI EL302P 是一台单路可编程直流电源，可提供可调电压与电流并控制输出开关。它常用于电子电路供电、器件调试、台式测试以及一般实验室电源应用。,"The Aim-TTI EL302P is a single-output programmable DC power supply that provides adjustable voltage and current with controllable output on/off. It is commonly used for powering electronic circuits, device debugging, bench testing, and general laboratory power applications.",可编程直流电源,实验执行&合成设备|电子与电气测试|电源与电池测试|射频与电子电路测试|可编程直流电源
串口设备,Serial device,aio_serial,aio_serial,8,18,auto-loop|auto-read_async|auto-read_until_async|auto-readinto_async|auto-readline_async|auto-readlines_async|auto-write_async|auto-writelines_async,通过 RS-232、RS-485 或 TTL 等串行接口与计算机通信的仪器、控制器或传感器。在实验室中常用于发送控制命令、读取测量数据，以及按字节或按行交换文本或二进制数据。,"An instrument, controller, or sensor that communicates with a computer through a serial interface such as RS-232, RS-485, or TTL. In laboratories it is commonly used to send control commands, read measurement data, and exchange text or binary data byte-by-byte or line-by-line.",数据采集与控制接口|串行仪器通信接口,实验执行&合成设备|实验室自动化与仪器集成|实验仪器数据采集与联机控制|实验仪器通信与驱动集成|数据采集与控制接口|串行仪器通信接口
Specim Aisa Kestrel 10 高光谱相机,Specim Aisa Kestrel 10 hyperspectral camera,aisa_kestrel_camera,aisa_kestrel_camera,10,42,auto-frame_rate|auto-frame_rate_max|auto-frame_rate_min|auto-integration_time|auto-integration_time_max|auto-integration_time_min|auto-notify|auto-nuc|auto-shutter_latency|auto-shutter_open,这是一款高光谱成像相机，用于采集样品在多个波段上的图像数据，常用于材料表征、样品筛查、反射/辐射成像等实验。实验中通常需要根据光照条件和采集速度调节帧率、积分时间、快门状态，并可启用非均匀性校正以改善成像质量。,"This is a hyperspectral imaging camera used to acquire image data across multiple spectral bands. It is commonly used in laboratory work such as material characterization, sample screening, and reflectance or radiance imaging. In use, the frame rate, integration time, and shutter state are adjusted to match illumination and acquisition conditions, and non-uniformity correction may be enabled to improve image quality.",高光谱相机,表征设备|智慧表征与检测中心|物化表征测试中心|高光谱成像与反射/辐射表征|高光谱相机
AMI 430磁体电源程序控制器,AMI 430 Magnet Power Supply Programmer,ami430,ami430,1,33,auto-set_field,AMI 430 是一款用于控制实验室磁体电源的程序控制器，常用于超导磁体系统中设定并斜坡磁场。它可驱动单个磁体电源，并在低温、量子器件和材料测量等实验中用于精确建立目标磁场。,"The AMI 430 is a magnet power supply programmer used to control laboratory magnet power supplies, commonly in superconducting magnet systems, to set and ramp magnetic field. It is used to operate a single magnet supply and establish precise target fields in cryogenic, quantum-device, and materials measurement experiments.",磁体电源程序控制器,实验执行&合成设备|实验室自动化与仪器集成|实验仪器数据采集与联机控制|低温与量子测量|超导磁体与低温磁场控制|磁体电源程序控制器
AMI超导磁体持久电流开关系统,AMI superconducting magnet with persistent current switch,ami__magnet_pcs_sn14768,ami__magnet_pcs_sn14768,15,22,auto-BtoI|auto-ItoB|auto-bring_source_to_field|auto-disconnect_source|auto-fake_folder|auto-get_all|auto-get_field|auto-get_heater_current|auto-get_source_current|auto-get_switch_state|auto-measure_field|auto-set_field|auto-set_source_current|auto-set_switch_state|auto-step_magfield_to_value,这是一套用于低温实验的超导磁体系统，配有持久电流开关和外部电流源控制。它可将目标磁场换算为励磁电流，对磁体进行升降场，并在持久模式下维持稳定磁场，常用于量子器件、纳米器件和低温输运测量中的磁场施加与保持。,"This is a superconducting magnet system for cryogenic experiments, equipped with a persistent current switch and controlled by an external current source. It converts target magnetic field values into drive currents, ramps the magnet field, and maintains a stable field in persistent mode. It is commonly used for applying and holding magnetic fields in quantum-device, nanodevice, and low-temperature transport measurements.",超导磁体系统,实验执行&合成设备|实验室自动化与仪器集成|实验仪器数据采集与联机控制|低温与量子测量|超导磁体与低温磁场控制|超导磁体系统
AMI带持久电流开关的超导磁体,AMI Superconducting Magnet with Persistent Current Switch,ami__magnet_with_pcs_sn14768,ami__magnet_with_pcs_sn14768,13,20,auto-BtoI|auto-ItoB|auto-bring_source_to_field|auto-disconnect_source|auto-get_field|auto-get_heater_current|auto-get_source_current|auto-get_switch_state|auto-measure_field|auto-set_field|auto-set_source_current|auto-set_switch_state|auto-step_magfield_to_value,这是一套带持久电流开关的超导磁体系统，可由外部电流源励磁，并切换到持久模式以提供稳定磁场。常用于低温实验、量子器件测试和材料测量中的磁场设定、扫场与长期稳场。,"This is a superconducting magnet system with a persistent current switch. It can be energized by an external current source and switched into persistent mode to provide a stable magnetic field. It is commonly used for magnetic field biasing, field sweeps, and long-term field stability in cryogenic experiments, quantum device measurements, and materials characterization.",超导磁体系统,实验执行&合成设备|实验室自动化与仪器集成|实验仪器数据采集与联机控制|低温与量子测量|超导磁体与低温磁场控制|超导磁体系统
AMI双轴超导磁体系统（带持久电流开关）,AMI Two-Axis Superconducting Magnet System with Persistent Current Switches,ami__two__axis__magnet_pcs_sn14769,ami__two__axis__magnet_pcs_sn14769,32,39,auto-BtoI_y|auto-BtoI_z|auto-ItoB_y|auto-ItoB_z|auto-bring_y_source_to_field|auto-bring_z_source_to_field|auto-disconnect_y_source|auto-disconnect_z_source|auto-fake_folder|auto-get_all|auto-get_angle|auto-get_field|auto-get_field_y|auto-get_field_z|auto-get_heater_current_y|auto-get_heater_current_z|auto-get_source_current_y|auto-get_source_current_z|auto-get_switch_state_y|auto-get_switch_state_z|auto-measure_field_y|auto-measure_field_z|auto-set_angle|auto-set_field|auto-set_field_y|auto-set_field_z|auto-set_source_current_y|auto-set_source_current_z|auto-set_switch_state_y|auto-set_switch_state_z|auto-step_y_magfield_to_value|auto-step_z_magfield_to_value,这是一套双轴超导磁体系统，包含强轴Z和弱轴Y，并配有持久电流开关。系统可在两个正交方向上建立和保持磁场，并通过调节磁场大小、分量和角度，为低温物理、纳米器件和量子器件实验提供稳定可控的磁环境。,"This is a two-axis superconducting magnet system with a strong Z axis, a weaker Y axis, and persistent current switches. It is used to generate and maintain magnetic fields along two orthogonal directions, allowing control of total field, field components, and field angle for low-temperature physics, nanodevice, and quantum-device experiments.",超导磁体系统|矢量超导磁体系统,实验执行&合成设备|实验室自动化与仪器集成|实验仪器数据采集与联机控制|低温与量子测量|超导磁体与低温磁场控制|矢量磁场与角分辨测量|超导磁体系统|矢量超导磁体系统
Amptek 多道分析器,Amptek Multi-Channel Analyzer,amptek_mca,amptek_mca,18,30,auto-canMonitor|auto-canStopCount|auto-closeConnection|auto-getCountTime|auto-getDeadTime|auto-getMcaIP|auto-getMcaPort|auto-getScaCounters|auto-getSpectrum|auto-getStatus|auto-getValue|auto-isCounting|auto-openConnection|auto-setCountTime|auto-setPresetValue|auto-startCount|auto-stopCount|auto-wait,一种用于辐射探测器读出的多道分析器，可采集脉冲高度/能量谱并读取死时间和SCA计数。常用于X射线或其他辐射能谱测量、计数实验与探测器表征。,"A multi-channel analyzer used with radiation detectors to acquire pulse-height/energy spectra and read dead time and SCA counters. It is commonly used for X-ray or other radiation spectroscopy, counting experiments, and detector characterization.",多道分析器,表征设备|智慧表征与检测中心|X射线与辐射能谱测量|多道分析器
SMC40步进电机控制器,SMC40 Stepper Motor Controller,anaheim_automation_smc40,anaheim_automation_smc40,8,17,auto-IDN|auto-TRG|auto-WAI|auto-heading|auto-init|auto-move|auto-stepangle|auto-zero,这是一台用于驱动步进电机的运动控制器，可按设定方向和角度实现精密旋转定位，适合实验室中样品台、光学元件或机械部件的角度调整与重复转动。,"This is a motion controller for driving a stepper motor. It provides precise angular positioning with configurable direction and angle, and is suitable in laboratories for rotating sample mounts, optical components, or other mechanical parts.",步进电机控制器,实验执行&合成设备|精密定位与运动控制|样品/探针定位与运动控制|步进电机控制器
Andor科学相机,Andor scientific camera,andor,andor,17,29,auto-command|auto-finalize|auto-flush|auto-getbool|auto-getenumerated|auto-getfloat|auto-getint|auto-initialize|auto-is_implemented|auto-is_writable|auto-queuebuffer|auto-setbool|auto-setenumerated|auto-setenumstring|auto-setfloat|auto-setint|auto-waitbuffer,Andor科学相机是一类实验室成像设备，用于采集低噪声、高灵敏度的二维图像数据，常见于显微成像、光谱检测和一般科研实验中的图像记录与数据采集。,"An Andor scientific camera is a laboratory imaging device used to acquire low-noise, high-sensitivity 2D image data. It is commonly used for microscopy, spectroscopy detection, and general scientific image acquisition in research experiments.",科学相机,表征设备|智慧表征与检测中心|显微成像与光学显微实验|科学相机|光谱采集与检测
安道尔科学相机,Andor Scientific Camera,andor_device,andor_device,23,40,auto-acquire_data|auto-check_result|auto-connect|auto-get_detector_temperature_degC|auto-get_error_code|auto-get_error_code_long|auto-get_serial_number|auto-high_gain_mode_enable|auto-init_detector_area|auto-init_detector_speed|auto-init_tec_setpoint|auto-load_error_codes|auto-not_implemented|auto-save_config|auto-set_fan_enable|auto-set_integration_time_ms|auto-set_scans_to_average|auto-set_shutter_enable|auto-set_take_one_request|auto-set_tec_setpoint|auto-set_vertical_binning|auto-toggle_tec|auto-update_config_from_eeprom,安道尔科学相机是一类高灵敏度实验室探测器，通常带有热电制冷功能，可用于低光信号检测与光谱采集。根据现有证据，该设备支持积分时间、快门、风扇、高增益、垂直分箱及探测器温度控制，常作为科研光谱系统中的探测器使用。,"An Andor scientific camera is a high-sensitivity laboratory detector, typically with thermoelectric cooling, used for low-light detection and spectral acquisition. Based on the available evidence, it supports integration time, shutter, fan, high-gain mode, vertical binning, and detector temperature control, and is commonly used as the detector in research spectroscopy systems.",科学相机,表征设备|智慧表征与检测中心|实验仪器数据采集与联机控制|科学相机|光谱采集与检测
Thorlabs APT电机控制器,Thorlabs APT Motor Controller,apt_motor_controller,apt_motor_controller,31,54,auto-backlash_correction|auto-change_position_control_mode|auto-channel|auto-destination|auto-drive_op_parameters|auto-enabled|auto-enabled_multi|auto-enabled_single|auto-go_home|auto-home_parameters|auto-identify|auto-jog_parameters|auto-led_intensity|auto-max_travel|auto-model_number|auto-motion_timeout|auto-motor_model|auto-move|auto-move_abs|auto-move_jog|auto-move_jog_stop|auto-n_channels|auto-name|auto-output_position|auto-position|auto-position_control_closed|auto-position_count|auto-position_encoder|auto-serial_number|auto-set_scale|auto-status_bits,用于驱动 Thorlabs APT 兼容电动位移台、旋转台等精密运动机构的控制器，可执行回零、绝对/相对移动、点动及位置与状态读取，常用于光学实验中的精密定位、对准和扫描。,"A controller for Thorlabs APT-compatible motorized stages, rotation stages, and other precision motion mechanisms. It supports homing, absolute/relative moves, jog motion, and position/status readback, and is commonly used for precise positioning, alignment, and scanning in optical experiments.",电动位移台控制器,实验执行&合成设备|精密定位与运动控制|样品/探针定位与运动控制|电动位移台控制器
Thorlabs APT压电惯性致动器控制器,Thorlabs APT Piezo Inertia Actuator Controller,apt_piezo_inertia_actuator,apt_piezo_inertia_actuator,31,54,auto-backlash_correction|auto-change_position_control_mode|auto-channel|auto-destination|auto-drive_op_parameters|auto-enabled|auto-enabled_multi|auto-enabled_single|auto-go_home|auto-home_parameters|auto-identify|auto-jog_parameters|auto-led_intensity|auto-max_travel|auto-model_number|auto-motion_timeout|auto-motor_model|auto-move|auto-move_abs|auto-move_jog|auto-move_jog_stop|auto-n_channels|auto-name|auto-output_position|auto-position|auto-position_control_closed|auto-position_count|auto-position_encoder|auto-serial_number|auto-set_scale|auto-status_bits,用于驱动和控制 Thorlabs 压电惯性致动器的多通道控制器，典型对应 KIM101 等设备。它可对单轴或多轴执行器进行使能、步进移动、绝对定位及驱动参数设置，常用于光学元件、镜架或精密位移机构的微步进定位与对准实验。,"A multi-channel controller for Thorlabs piezo inertia actuators, typically including devices such as the KIM101. It enables single- or multi-axis actuators, supports step motion, absolute positioning, and drive parameter configuration, and is commonly used for fine positioning and alignment of optics, mirror mounts, and precision translation mechanisms in laboratory setups.",压电步进位移台控制器,实验执行&合成设备|精密定位与运动控制|样品/探针定位与运动控制|压电步进位移台控制器
Arbin电池循环测试仪,Arbin battery cycler,arbin_spoofer,arbin_spoofer,3,20,auto-start|auto-stop|auto-update_channel_status,用于电池与电芯充放电循环测试的多通道测试设备。它通常用于记录各通道运行状态和测量读数，支持实验室中的容量评估、循环寿命测试和电池性能表征。,"A multi-channel battery test instrument used for charge-discharge cycling of batteries and cells. It is typically used to track channel status and measurement readings for laboratory capacity evaluation, cycle life testing, and battery performance characterization.",电池测试柜,表征设备|智慧表征与检测中心|电子与电气测试|电源与电池测试|电池测试柜
OPX量子控制器,OPX quantum controller,arbok_driver,arbok_driver,15,22,auto-add_measurement|auto-ask_raw|auto-check_db_engine_and_bucket_connected|auto-connect_opx|auto-create_measurement_from_experiment|auto-get_data_from_id|auto-get_idn|auto-get_run_from_id|auto-measurements|auto-print_qua_program_to_file|auto-reconnect_opx|auto-reset_measurements|auto-run|auto-run_local_simulation|auto-write_raw,OPX是Quantum Machines推出的量子控制电子设备，用于在量子实验中生成、同步和执行精确的脉冲序列，触发测量并采集读出结果。它常用于超导量子比特等平台的实验编排、读出控制和自动化测量。,"The OPX is a quantum control instrument from Quantum Machines used to generate, synchronize, and execute precise pulse sequences, trigger measurements, and acquire readout results in quantum experiments. It is commonly used for experiment orchestration, readout control, and automated measurements on platforms such as superconducting qubits.",量子实验控制器,实验执行&合成设备|表征设备|低温与量子测量|实验仪器数据采集与联机控制|量子比特脉冲控制与读出|量子实验控制器
Arduino模数采集器,Arduino ADC Reader,arduino_adc,arduino_adc,3,10,auto-connect|auto-disconnect|auto-measure,基于Arduino的模数采集装置，通过网络连接读取模拟电压并转换为数字信号，适合实验中采集传感器、电压输出等低速模拟量数据。,An Arduino-based analog-to-digital acquisition device that reads analog voltages over a network connection and converts them into digital values. It is suitable for laboratory acquisition of low-speed analog signals such as sensor outputs and general voltage measurements.,电压采集模块,表征设备|电子与电气测试|电压监测与传感器信号采集|电压采集模块
Arduino 旋转编码器,Arduino Rotary Encoder,arduino_encoder,arduino_encoder,3,19,auto-run_threaded|auto-shutdown|auto-update,一种通过 Arduino 采集脉冲信号的旋转编码器或轮速编码器，用于测量轴或车轮的转动、速度与里程变化，常见于小车、机器人和运动控制实验。,"A rotary or wheel encoder read through an Arduino, used to measure shaft or wheel rotation, speed, and distance changes. It is commonly used in small vehicles, robotics, and motion-control experiments.",轮速编码器,表征设备|机器人与移动平台|移动机器人与自动驾驶实验|轮速编码器
Arduino I/O控制模块,Arduino I/O Module,arduino_io,arduino_io,13,22,auto-conf_io|auto-conf_servo|auto-fade_pwm|auto-get_analog_mv|auto-get_analog_v|auto-get_dig_in|auto-initialize|auto-pulse_pin|auto-reset|auto-set_dig|auto-set_led|auto-set_pwm|auto-set_servo_us,基于Arduino的通用微控制器I/O模块，可提供数字输入/输出、模拟电压采集、PWM输出、脉冲输出以及舵机控制等功能。实验室中常用于连接简单传感器、读取开关或模拟信号、驱动指示灯与小型执行器，并实现基础自动化控制与原型验证。,"A general-purpose Arduino-based microcontroller I/O module that provides digital input/output, analog voltage readback, PWM output, pulse generation, and servo control. In laboratories, it is commonly used to interface simple sensors, read switch or analog signals, drive indicators and small actuators, and support basic automation and prototyping.",数据采集与控制接口,实验执行&合成设备|表征设备|实验室自动化与仪器集成|实验仪器数据采集与联机控制|电压监测与传感器信号采集|数据采集与控制接口
Innova 300C氩离子激光器,Innova 300C Argon Ion Laser,argon_innova300_c,argon_innova300_c,12,28,auto-baudrate|auto-center_powertrack|auto-current_setpoint|auto-etalon_temperature_setpoint|auto-faults|auto-initialize|auto-is_in_start_delay|auto-magnetic_field_setpoint_high|auto-power_setpoint|auto-powertrack_position|auto-query|auto-recalibrate_powertrack,这是一台连续波氩离子气体激光器，属于 Coherent Innova 300C 系列。设备通过气体放电产生可见激光输出，并带有电流、功率、腔内调谐元件和功率跟踪等控制功能，适用于需要稳定可见激光源的光学实验、激光调谐和光谱相关应用。,"This is a continuous-wave argon ion gas laser in the Coherent Innova 300C series. It produces visible laser output from a gas discharge and provides control over laser current, output power, intracavity tuning elements, and power tracking, making it suitable for optical experiments, laser tuning, and spectroscopy-related laboratory use where a stable visible laser source is needed.",实验室激光光源,实验执行&合成设备|光学与光谱实验|激光激发与光谱测量|实验室激光光源
ARX5机器人机械臂,ARX5 robotic arm,arx5_client,arx5_client,17,32,auto-ee_pose|auto-get_gain|auto-get_state|auto-gripper_pos|auto-gripper_torque|auto-gripper_vel|auto-joint_pos|auto-joint_torque|auto-joint_vel|auto-reset_to_home|auto-send_recv|auto-set_ee_pose|auto-set_gain|auto-set_tcp_pose|auto-set_to_damping|auto-tcp_pose|auto-timestamp,一款带夹爪的机器人机械臂，可按末端执行器位姿、工具中心点位姿或关节状态进行控制，适用于实验室中的抓取、搬运、定位和自动化操作研究。,"A robotic manipulator with a gripper that can be controlled by end-effector pose, tool-center-point pose, or joint state, suitable for laboratory grasping, transfer, positioning, and automation experiments.",机械臂,物流/机械|机器人与移动平台|实验室自动化与仪器集成|机械臂|实验室机器人操作与样品转运
AS7341多通道光谱传感器,AS7341 Multi-channel Spectral Sensor,as7341,as7341,7,14,auto-blink|auto-connect_seeed|auto-disconnect_seeed|auto-find_seeed|auto-get_raw_spectrum|auto-load_config|auto-measure_spectrum,这是一种基于AS7341的多通道可见光光谱传感器，可对多个波段的光强进行采样并输出光谱读数。它适用于实验室中的颜色分析、光源表征、样品透射或反射光测量，以及需要快速获取离散波段光学信息的教学与原型实验。,"This is a multi-channel visible-light spectral sensor based on the AS7341, designed to sample light intensity across multiple wavelength bands and report spectral readings. It is useful in laboratories for color analysis, light-source characterization, transmission or reflection measurements of samples, and teaching or prototyping tasks that need fast discrete-band optical data.",光谱传感器,表征设备|智慧表征与检测中心|光学与光谱实验|光谱采集与检测|光谱传感器
Zaber 电动位移台单轴,Zaber motorized stage axis,ascii_axis,ascii_axis,15,43,auto-axis|auto-baudrate|auto-encode|auto-flush|auto-get_status|auto-home|auto-move_abs|auto-move_rel|auto-move_vel|auto-poll_until_idle|auto-read|auto-send|auto-stop|auto-timeout|auto-write,Zaber ASCII 协议控制的电动位移平台或线性执行器中的单个运动轴，用于实验中样品、光学元件或探头的精密定位、回零、相对/绝对位移和速度控制。,"A single motion axis of a Zaber ASCII-controlled motorized stage or linear actuator, used in laboratories for precise positioning of samples, optical components, or probes, including homing, relative/absolute moves, and velocity control.",电动直线位移台,物流/机械|精密定位与运动控制|样品/探针定位与运动控制|电动直线位移台
Zaber电动定位台,Zaber motorized positioning stage,ascii_device,ascii_device,15,43,auto-axis|auto-baudrate|auto-encode|auto-flush|auto-get_status|auto-home|auto-move_abs|auto-move_rel|auto-move_vel|auto-poll_until_idle|auto-read|auto-send|auto-stop|auto-timeout|auto-write,这是一类可通过串行 ASCII 协议控制的电动定位设备，通常为单轴或多轴位移台。设备可执行回零、绝对位移、相对位移、恒速运动和停止，适用于实验室中的光学元件、样品或探针的精密定位、扫描和对准。,"This is a motorized positioning device, typically a single-axis or multi-axis stage, controlled over a serial ASCII protocol. It supports homing, absolute moves, relative moves, constant-velocity motion, and stopping, and is used in laboratories for precise positioning, scanning, and alignment of optics, samples, or probes.",电动直线位移台|电动定位台,物流/机械|精密定位与运动控制|样品/探针定位与运动控制|电动直线位移台|电动定位台
ASCII扫描数据文件,ASCII scan data file,ascii_scan_file,ascii_scan_file,13,30,auto-check_writeable|auto-flush|auto-get_data|auto-open_for_write|auto-read|auto-write|auto-write_comments|auto-write_data|auto-write_extrapvs|auto-write_legend|auto-write_lines|auto-write_scanparams|auto-write_timestamp,一种用于实验扫描结果记录的ASCII列式数据文件，采用以“#”开头的注释行和按行分隔的文本格式，结构类似XDI。它通常用于保存步进扫描或EPICS扫描过程中的时间戳、扫描参数、附加过程变量、列标题和数值数据，便于实验数据归档、交换和后续分析。,"An ASCII column-formatted data file used to record experimental scan results, with line-delimited text and comment lines beginning with '#', in a format derived from XDI. It is typically used to store timestamps, scan parameters, extra process variables, column legends, and numeric data from step scans or EPICS-based scans for archiving, exchange, and later analysis.",实验扫描数据文件,表征设备|实验室自动化与仪器集成|实验仪器数据采集与联机控制|实验扫描数据文件
Zaber电动位移台,Zaber motorized stage,ascii_serial,ascii_serial,16,43,auto-axis|auto-baudrate|auto-close|auto-encode|auto-flush|auto-get_status|auto-home|auto-move_abs|auto-move_rel|auto-move_vel|auto-open|auto-poll_until_idle|auto-read|auto-send|auto-timeout|auto-write,这是一类通过串口 ASCII 协议控制的精密电动位移设备，通常具有一个或多个运动轴，可执行回零、绝对位移、相对位移和连续运动。它常用于实验室中的样品、光学元件、探针或夹具的精密定位与自动化扫描。,"This is a precision motorized positioning device controlled over a serial ASCII protocol, typically with one or more motion axes for homing, absolute moves, relative moves, and continuous motion. It is commonly used in laboratories for precise positioning and automated scanning of samples, optical components, probes, or fixtures.",电动直线位移台|电动定位台,物流/机械|精密定位与运动控制|样品/探针定位与运动控制|电动直线位移台|电动定位台
ASCII STL 文件写出器,ASCII STL Writer,ascii_stl__writer,ascii_stl__writer,3,24,auto-add_face|auto-add_faces|auto-close,用于将由三角形或四边形面片组成的三维几何体导出为 ASCII STL 文件的软件工具，常用于数控加工、3D 建模或实验装置零件的几何数据保存与交换。,"A software tool for exporting 3D geometry composed of triangular or quadrilateral faces to ASCII STL files, commonly used to save and exchange geometry for CNC machining, 3D modeling, or laboratory fixture parts.",STL网格文件写出器,后处理设备|实验装置数字化设计与制造数据|三维几何建模与STL导出|STL网格文件写出器
通用Modbus TCP工业设备,Generic Modbus TCP Industrial Device,asyncio_modbus_client,asyncio_modbus_client,7,20,auto-read_coils|auto-read_holding_registers|auto-read_registers|auto-write_coil|auto-write_coils|auto-write_register|auto-write_registers,这是一类通过 Modbus TCP 通信的工业现场设备，例如温控器、PLC、远程 I/O 模块或电力仪表。它们常用于实验室和测试系统中读取线圈与寄存器数据，并向设备写入开关量或参数设定，实现状态监测、数据采集和过程控制。,"This refers to industrial field devices that communicate over Modbus TCP, such as temperature controllers, PLCs, remote I/O modules, or power meters. In laboratories and test systems, they are commonly used to read coils and registers and to write switching signals or parameter values for monitoring, data acquisition, and process control.",Modbus TCP现场设备,实验执行&合成设备|物流/机械|实验室自动化与仪器集成|实验仪器数据采集与联机控制|PLC控制与设备联锁|Modbus TCP现场设备
AT2L0 固体衰减器,AT2L0 Solid Attenuator,at2_l0,at2_l0,27,77,auto-actuate|auto-actuate_value|auto-as_in_row|auto-as_out_row|auto-calc_lightpath_state|auto-calculate|auto-clear_errors|auto-filter_index|auto-format_status_info|auto-get_active_config|auto-get_best_config|auto-get_lightpath_state|auto-get_moving_status|auto-insert|auto-inserted|auto-is_inserted|auto-is_moving|auto-print_errors|auto-readback|auto-remove|auto-removed|auto-set_energy|auto-setpoint|auto-setup_mode|auto-stage|auto-subscribe|auto-transmission,一种电动固体衰减器，含 18 片滤片和 1 个检查镜，用于 LCLS-II XTES 束线中按设定透过率调节 X 射线束强度，并帮助保护下游光学元件和实验样品。,"A motorized solid attenuator with 18 filters and one inspection mirror, used on the LCLS-II XTES beamline to adjust X-ray beam intensity to a desired transmission and help protect downstream optics and experiments.",电动固体衰减器,实验执行&合成设备|表征设备|智慧表征与检测中心|X射线束线光路与衰减控制|电动固体衰减器
Opentrons ATC 自动热循环仪,Opentrons Automated Thermocycler,atc_backend,atc_backend,2,9,auto-close_lid|auto-open_lid,用于PCR等核酸扩增流程的自动热循环仪模块，提供程序化温度循环（变性、退火、延伸）并配备可开合加热上盖，支持在自动化实验流程中进行板式样本温控。,"An automated thermocycler module for PCR and related nucleic acid amplification workflows, providing programmed temperature cycling (denaturation, annealing, extension) with an opening heated lid for plate-based sample temperature control in automated lab protocols.",普通PCR仪,实验执行&合成设备|生命体系|基因编辑、分子生物学与育种|普通PCR仪
Tango设备属性代理,Tango Device Attribute Proxy,attribute_proxy,attribute_proxy,19,74,auto-allow_events|auto-datatype_allowed|auto-get|auto-get_config|auto-get_datakey|auto-get_reading|auto-get_setpoint|auto-get_value|auto-get_w_value|auto-has_subscription|auto-poll|auto-put|auto-set_callback|auto-set_converter|auto-set_polling|auto-set_trl|auto-source|auto-subscribe_callback|auto-unsubscribe_callback,用于 TANGO 控制系统的通用属性代理，可连接实验室中受 TANGO 管理的仪器或子系统，并对其属性进行读取、写入、轮询和事件订阅。它本身不对应某一种单一物理设备，而是面向各类通过 TANGO 暴露属性的实验硬件。,"A generic attribute proxy for the TANGO control system, used to connect to laboratory instruments or subsystems managed by TANGO and to read, write, poll, and subscribe to their attributes. It does not correspond to one specific physical device, but rather to a wide range of experimental hardware exposing attributes through TANGO.",数据采集与控制接口,实验执行&合成设备|实验室自动化与仪器集成|实验仪器数据采集与联机控制|实验仪器通信与驱动集成|数据采集与控制接口
Autolab电化学工作站,Autolab Electrochemical Workstation,autolab,autolab,16,23,auto-CellOnOff|auto-abort|auto-appliedPotential|auto-connect|auto-current|auto-disconnect|auto-ismeasuring|auto-loadProcedure|auto-parseFRA|auto-parseNox|auto-performMeasurement|auto-potential|auto-setCurrentRange|auto-setSetpoints|auto-setStability|auto-whileMeasuring,Autolab电化学工作站是一类用于电化学实验的恒电位/恒电流测试仪器，可控制电化学池的电位与电流并采集响应信号。它常用于循环伏安、计时电流/计时电位、电化学阻抗谱（FRA/EIS）以及电池、腐蚀、传感器和电催化等研究。,"The Autolab electrochemical workstation is a potentiostat/galvanostat for electrochemical experiments. It controls the potential or current of an electrochemical cell and records the response signal. It is commonly used for cyclic voltammetry, chrono methods, electrochemical impedance spectroscopy (FRA/EIS), and studies of batteries, corrosion, sensors, and electrocatalysis.",电化学工作站,实验执行&合成设备|表征设备|智慧表征与检测中心|电源与电池测试|电化学工作站|电化学测试与分析|电化学表征与阻抗谱测量
高密度任意波形发生器,HDAWG Arbitrary Waveform Generator,awg,awg,11,20,auto-check_status|auto-compile_sequencer_program|auto-enable_qccs_mode|auto-enable_sequencer|auto-load_from_device|auto-load_sequencer_program|auto-load_validation_schema|auto-read_from_waveform_memory|auto-upload_to_device|auto-wait_done|auto-write_to_waveform_memory,这是一种高密度高速任意波形发生器，可输出用户定义的模拟波形、脉冲序列和定时控制信号，并支持序列器、波形存储器与命令表控制。常用于量子控制实验、脉冲编排、同步时序和高速电子测量。,"This is a high-density, high-speed arbitrary waveform generator that outputs user-defined analog waveforms, pulse sequences, and timing signals, with support for sequencer control, waveform memory, and command tables. It is commonly used for quantum control experiments, pulse sequencing, synchronized timing, and high-speed electronic measurements.",任意函数发生器|任意波形发生器,实验执行&合成设备|低温与量子测量|电子与电气测试|量子比特脉冲控制与读出|瞬态信号采集与同步触发测量|任意函数发生器|任意波形发生器
AG-UC2 两轴压电微步运动控制器,AG-UC2 Two-Axis Piezo Motion Controller,axis,axis,18,36,auto-ag_query|auto-ag_sendcmd|auto-am_i_still|auto-axis|auto-axis_status|auto-enable_remote_mode|auto-error_previous_command|auto-firmware_version|auto-jog|auto-limit_status|auto-move_relative|auto-move_to_limit|auto-number_of_steps|auto-reset_controller|auto-sleep_time|auto-step_amplitude|auto-step_delay|auto-zero_position,这是一台用于驱动两路微位移轴的运动控制器，可控制 X/Y 两个轴进行相对步进、连续点动、限位移动与零点设定，并支持步幅和步延时等参数设置。它常用于光学对准、精密微位移调整和实验平台上的双轴定位任务。,"This is a two-axis motion controller for driving micro-positioning axes. It controls X and Y axes for relative stepping, continuous jogging, motion toward limits, and zero-position definition, with adjustable step amplitude and step delay. It is commonly used for optical alignment, precision micro-positioning, and dual-axis positioning tasks in laboratory setups.",压电步进位移台控制器,实验执行&合成设备|精密定位与运动控制|样品/探针定位与运动控制|压电步进位移台控制器
BACnet楼宇自动化控制器,BACnet Building Automation Controller,ba_cnet_client_application,ba_cnet_client_application,28,40,auto-all_props_results|auto-completed|auto-confirmation|auto-fetch_values|auto-get_address_for_device_id|auto-get_device_db|auto-get_obj_list_for_device|auto-get_value_for_prop|auto-get_values_dict|auto-get_values_for_all_props|auto-get_values_for_device|auto-handle_response_for_obj_list|auto-handle_write_prop_cb|auto-indication|auto-make_rp_for_obj_list|auto-process_IAmRequest|auto-process_task|auto-read_next_object|auto-read_property|auto-read_property_callback|auto-request|auto-run|auto-set_value_for_prop|auto-start|auto-trim_obj_list|auto-who_is|auto-write_property|auto-write_values_to_csv,这是一类支持 BACnet 协议的楼宇自动化现场设备或控制器，常用于连接和管理暖通空调、环境传感器、执行器、电表、报警点位等。它可在网络中发布设备与对象信息，并允许读取或写入各类点位属性。在实验室或科研设施中，这类设备常用于房间环境监测、空调与通风联动、能耗采集以及楼宇基础设施集成。,"This is a BACnet-compatible building automation field device or controller used to interface with HVAC equipment, environmental sensors, actuators, utility meters, and alarm points. It exposes device and object information on the network and allows properties of points to be read or written. In laboratories and research facilities, such devices are commonly used for room environmental monitoring, HVAC and ventilation coordination, energy data collection, and facility infrastructure integration.",BACnet楼宇自动化控制器,物流/机械|实验室自动化与仪器集成|环境控制与稳定性测试|实验仪器数据采集与联机控制|楼宇环境监测与HVAC联动|BACnet楼宇自动化控制器
Bambu Lab 3D打印机,Bambu Lab 3D Printer,bambu_client,bambu_client,35,44,auto-bind_device|auto-create_project|auto-create_task|auto-delete|auto-get|auto-get_ams_filaments|auto-get_camera_credentials|auto-get_camera_urls|auto-get_cloud_files|auto-get_cloud_video_url|auto-get_device_info|auto-get_device_version|auto-get_device_versions|auto-get_devices|auto-get_messages|auto-get_notifications|auto-get_print_status|auto-get_project|auto-get_projects|auto-get_slicer_resources|auto-get_slicer_settings|auto-get_task|auto-get_tasks|auto-get_ttcode|auto-get_upload_url|auto-get_user_info|auto-get_user_profile|auto-mark_notification_read|auto-post|auto-put|auto-start_cloud_print|auto-start_print_job|auto-unbind_device|auto-update_user_profile|auto-upload_file,这是一类 Bambu Lab 桌面级熔融沉积成型（FDM）3D打印机，可用于实验室中的快速原型制作、夹具治具加工、样件验证和教学演示。设备通常支持远程任务管理、打印状态监测、摄像头查看，并可结合 AMS 自动供料系统进行多材料或多色打印。,"This is a family of Bambu Lab desktop fused deposition modeling (FDM) 3D printers used in laboratories for rapid prototyping, fixture and jig fabrication, sample validation, and teaching demonstrations. The printers commonly support remote job management, print-status monitoring, camera viewing, and can work with the AMS automatic material system for multi-material or multi-color printing.",熔融沉积成型3D打印机,实验执行&合成设备|实验装置数字化设计与制造数据|实验室快速原型与工装制造|熔融沉积成型3D打印机
任意波形发生器,Arbitrary Waveform Generator,base__lut_man,base__lut_man,8,27,auto-generate_standard_waveforms|auto-load_waveform_onto_AWG_lookuptable|auto-load_waveforms_onto_AWG_lookuptable|auto-make|auto-render_wave|auto-render_wave_PSD|auto-set_default_lutmap|auto-time_to_sample,任意波形发生器可输出用户定义的电压波形，并可通过查找表或码字索引快速调用不同脉冲。它常用于实验室中的脉冲激励、时序控制以及需要精确波形合成的测量系统。,"An arbitrary waveform generator outputs user-defined voltage waveforms and can rapidly call up different pulses through lookup tables or codeword indexing. It is commonly used in laboratories for pulse excitation, timing control, and measurement systems that require precise waveform synthesis.",任意函数发生器|任意波形发生器,实验执行&合成设备|电子与电气测试|任意函数发生器|脉冲激励与时序控制|任意波形发生器
仪器服务器客户端,Instrument Server Client,base_client,base_client,3,15,auto-ask|auto-connect|auto-disconnect,用于连接实验室仪器管理服务器的客户端组件，可与服务器建立连接、发送请求并断开连接，适合远程仪器访问与实验自动化控制场景。,"A client component for connecting to a laboratory instrument management server. It can establish a connection, send requests, and disconnect, supporting remote instrument access and lab automation workflows.",数据采集与控制接口,实验执行&合成设备|实验室自动化与仪器集成|实验仪器数据采集与联机控制|实验仪器通信与驱动集成|数据采集与控制接口
PC散热与灯效控制设备,PC Cooling and Lighting Control Device,base_driver,base_driver,18,28,auto-address|auto-bus|auto-connect|auto-description|auto-disconnect|auto-find_devices|auto-find_supported_devices|auto-get_status|auto-initialize|auto-port|auto-product_id|auto-release_number|auto-serial_number|auto-set_color|auto-set_fixed_speed|auto-set_screen|auto-set_speed_profile|auto-vendor_id,用于台式机或测试平台的硬件控制设备，可管理风扇或水泵转速、RGB灯光，以及部分机型的显示屏内容，并读取设备状态与标识信息。常见于一体式水冷、风扇集线器或机箱控制器。,"A hardware control device used in desktop PCs or test benches to manage fan or pump speed, RGB lighting, and on some models integrated display content, while reporting device status and identification information. Common examples include AIO liquid coolers, fan hubs, and case controllers.",风扇水泵与灯效控制器,物流/机械|电子与电气测试|电子器件供电与台架测试|PC散热与灯效控制|风扇水泵与灯效控制器
通用SCPI仪器,Generic SCPI Instrument,base_instrument,base_instrument,5,16,auto-close|auto-query|auto-set_opc_timeout|auto-wait_opc|auto-write,支持SCPI命令控制的通用实验室电子仪器，可代表频谱仪、信号源、示波器、源表等多种台式测量设备。此类仪器常用于实验室自动化测试、参数配置、状态查询和测量数据采集。,"A generic laboratory electronic instrument that accepts SCPI commands. It can represent many benchtop test and measurement devices, such as spectrum analyzers, signal generators, oscilloscopes, or source meters, and is commonly used for automated testing, parameter configuration, status queries, and measurement data acquisition in laboratories.",SCPI台式电子仪器,实验执行&合成设备|表征设备|电子与电气测试|实验室自动化与仪器集成|实验仪器数据采集与联机控制|射频与电子电路测试|SCPI台式电子仪器
Julabo 温度循环控制器,Julabo temperature circulator controller,base_julabo,base_julabo,3,22,auto-decode|auto-write|auto-write_readline,JULABO 温度循环控制设备是一类实验室台式液体温控装置，包括加热循环器、制冷/加热循环器、低温紧凑型循环器和再循环冷却器。它通过循环传热液体为外部设备或样品提供稳定的加热、制冷或恒温控制，常用于反应釜、冷凝器、分析仪器和其他需要精确温度管理的实验系统。,"JULABO temperature circulation equipment is a family of benchtop liquid temperature control devices, including heating circulators, refrigerated/heating circulators, cryo-compact circulators, and recirculating coolers. They circulate a heat-transfer fluid to provide stable heating, cooling, or constant-temperature control for external equipment or samples, commonly used with reactors, condensers, analytical instruments, and other laboratory systems requiring precise temperature management.",冷热水机,实验执行&合成设备|溶液配制与反应|冷热水机|外接设备恒温控制
通用蓝牙流式采集设备,Generic BLE Streaming Acquisition Device,base_streamer,base_streamer,7,37,auto-address|auto-backend|auto-make_chunk|auto-send_command|auto-start|auto-stop|auto-subscriptions,一种通用的蓝牙传感器或采集设备，可连续向实验计算机发送测量数据，并作为 LSL 数据流用于同步记录、在线监测和联合实验。适用于生理信号、运动信号或其他实时传感数据的采集。,"A generic Bluetooth sensor or acquisition device that continuously sends measurement data to a lab computer and publishes it as an LSL stream for synchronized recording, online monitoring, and multimodal experiments. It is suitable for acquiring biosignals, motion signals, or other real-time sensor data.",蓝牙流式采集设备,表征设备|生命体系|实验室自动化与仪器集成|实验仪器数据采集与联机控制|蓝牙流式采集设备
串口实验仪器,Serial Laboratory Instrument,basic_serial_instrument,basic_serial_instrument,16,31,auto-available|auto-close|auto-communications_lock|auto-confirm_available|auto-describe|auto-find_port|auto-float_query|auto-flush_input_buffer|auto-int_query|auto-open|auto-parsed_query|auto-query|auto-read_multiline|auto-readline|auto-test_communications|auto-write,一种通过串行端口与计算机交换文本命令和响应的通用实验室仪器或控制器。它通常用于接收控制指令、返回测量值或状态信息，并可进行端口发现、通信测试和设备识别。该类设备常见于各类实验室控制器、位移台控制器及其他基于串口通信的仪器。,"A general laboratory instrument or controller that exchanges text commands and responses with a computer over a serial port. It is typically used to accept control commands, return measurements or status information, and support port discovery, communication testing, and device identification. Devices of this kind are common among lab controllers, stage controllers, and other serially connected instruments.",串行仪器通信接口,实验执行&合成设备|表征设备|实验室自动化与仪器集成|实验仪器数据采集与联机控制|实验仪器通信与驱动集成|串行仪器通信接口
BITalino 生理信号采集板,BITalino biosignal acquisition board,bi_talino,bi_talino,5,21,auto-connect|auto-disconnect|auto-set_callback|auto-start|auto-stop,BITalino 是一款便携式蓝牙生理信号采集设备，提供多路模拟输入通道，可用于采集和传输实验中的生理或其他低频模拟传感器信号。它常用于教学、原型开发和可穿戴生理测量实验。,"BITalino is a portable Bluetooth biosignal acquisition device with multiple analog input channels for collecting and streaming physiological or other low-frequency analog sensor signals in laboratory experiments. It is commonly used for teaching, prototyping, and wearable physiology measurements.",模拟输入数据采集模块,表征设备|生命体系|实验仪器数据采集与联机控制|模拟输入数据采集模块
Bimo机器人套件,Bimo Robotics Kit,bimo,bimo,16,24,auto-available|auto-calibrate|auto-calibrate_servos|auto-capture_image|auto-clip_actions|auto-deg2servo|auto-init_cameras|auto-init_mcu_comms|auto-initialize|auto-port|auto-quaternion_to_euler|auto-request_state_data|auto-scale_value|auto-send_positions|auto-servo2deg|auto-update_imu_offsets,Bimo 是由 Mekion 推出的开源双足机器人套件，配有舵机驱动关节、惯性测量单元、测距传感器与摄像头，并通过主控板进行通信控制。它适用于机器人教学与实验中的姿态估计、运动控制、关节校准、避障感知和视觉数据采集。,"Bimo is an open-source bipedal robotics kit by Mekion, with servo-actuated joints, an IMU, distance sensors, and onboard cameras controlled through an MCU. It is used in robotics teaching and laboratory work for posture estimation, motion control, joint calibration, obstacle sensing, and vision data acquisition.",双足机器人套件,物流/机械|机器人与移动平台|移动机器人与自动驾驶实验|足式机器人控制与感知实验|双足机器人套件
Livox三维激光雷达,Livox 3D LiDAR,binary_readers,binary_readers,11,18,auto-data_type0_reader|auto-data_type1_reader|auto-data_type2_reader|auto-data_type3_reader|auto-data_type4_reader|auto-data_type5_reader|auto-data_type6_reader|auto-lvxreader|auto-read_frame_header|auto-read_package_header|auto-simplecloudreader,Livox三维激光雷达是一类用于获取空间三维点云的激光传感器，可输出点的坐标、距离/角度表示、反射率、回波信息，以及部分记录中的IMU数据。它常用于实验室中的三维扫描、机器人感知、空间测绘、目标检测和点云重建。,"Livox 3D LiDAR is a laser-based spatial sensor used to acquire 3D point clouds. It can provide point coordinates, range/angle representations, reflectivity, return information, and in some recordings IMU data. In laboratories it is commonly used for 3D scanning, robotic perception, spatial mapping, object detection, and point-cloud reconstruction.",三维激光雷达,表征设备|机器人与移动平台|移动机器人与自动驾驶实验|三维感知与空间测绘|三维点云采集与重建|三维激光雷达
Zaber电动精密位移台,Zaber motorized positioning stage,binary_serial,binary_serial,14,32,auto-baudrate|auto-close|auto-encode|auto-flush|auto-get_status|auto-home|auto-move_abs|auto-move_rel|auto-move_vel|auto-open|auto-read|auto-send|auto-timeout|auto-write,这是一种用于精密线性定位与自动运动控制的电动位移台或单轴运动平台，可通过串口二进制协议进行控制。它常用于实验室中的光学元件、样品台或探针的位置调整、回零、定点移动和自动扫描。,"This is a motorized precision positioning stage or single-axis motion platform used for accurate linear positioning and automated motion control. It is commonly used in laboratories to position optical components, samples, or probes, including homing, point-to-point moves, and automated scanning.",电动直线位移台,物流/机械|精密定位与运动控制|样品/探针定位与运动控制|电动直线位移台
二进制 STL 写入器,Binary STL Writer,binary_stl__writer,binary_stl__writer,1,24,auto-close,用于将由三角形或四边形顶点构成的三维对象导出为二进制 STL 文件的写出工具，常用于三维模型交换、数控加工和 3D 打印前的数据准备。,"A file-writing utility that exports 3D objects made of triangular or quadrilateral vertices to binary STL files, commonly used for 3D model exchange, CAM workflows, and 3D printing preparation.",STL网格文件写出器,备料&前处理设备|实验装置数字化设计与制造数据|三维几何建模与STL导出|STL网格文件写出器
Binder MK 53 气候箱,Binder MK 53 climate chamber,binder_mk53,binder_mk53,8,23,auto-get_door_open|auto-get_mode|auto-get_temperature|auto-get_temperature_target|auto-init|auto-read|auto-set_temperature|auto-write,Binder MK 53 是一款实验室气候箱/环境试验箱，用于在受控温度条件下放置样品并进行培养、预处理或稳定性测试。该设备具备温度设定与监测功能，并可反馈门状态和运行模式等基本状态信息。,"The Binder MK 53 is a laboratory climate chamber used to hold samples under controlled temperature conditions for incubation, conditioning, and stability testing. It supports temperature setpoint control and monitoring, and provides basic status information such as door state and operating mode.",气候箱,实验执行&合成设备|环境控制与稳定性测试|气候箱培养与稳定性试验|气候箱
Binder MK 56 气候试验箱,Binder MK 56 Climate Chamber,binder_mk56,binder_mk56,3,13,auto-get_door_open|auto-get_mode|auto-set_temperature,这是一台实验室气候试验箱，用于在受控箱体环境中对样品进行温度相关的稳定性测试、环境模拟和常规培养/存放实验。设备通过箱门装载样品，并可查看运行模式与箱门状态。,"This is a laboratory climate chamber used to expose samples to a controlled chamber environment for temperature-related stability testing, environmental simulation, and routine incubation or storage experiments. Samples are loaded through the chamber door, and the device provides operating-mode and door-status information.",气候箱,实验执行&合成设备|环境控制与稳定性测试|气候箱培养与稳定性试验|气候箱
BioShake微孔板加热振荡器,BioShake microplate heater shaker,bio_shake,bio_shake,13,21,auto-deactivate|auto-get_current_temperature|auto-home|auto-lock_plate|auto-reset|auto-set_temperature|auto-setup|auto-shake|auto-stop|auto-stop_shaking|auto-supports_active_cooling|auto-supports_locking|auto-unlock_plate,这是一种实验室微孔板加热振荡器，可对板式样品进行控温并同时振荡混匀。它常用于样品孵育、反应混合、酶反应、核酸与蛋白相关实验等需要稳定温度和持续摇匀的流程，部分机型还支持锁板与主动冷却功能。,"This is a laboratory microplate heater shaker that provides temperature control and shaking for plate-based samples. It is commonly used for sample incubation, reaction mixing, enzymatic workflows, and nucleic acid or protein-related assays that require stable heating and continuous agitation. Some models also support plate locking and active cooling.",热混匀仪|微孔板恒温振荡器,备料&前处理设备|实验执行&合成设备|生命体系|溶液配制与反应|热混匀仪|微孔板样品孵育与混匀|微孔板恒温振荡器
Agilent BioTek 多功能微孔板读板仪,Agilent BioTek multimode microplate reader,bio_tek_plate_reader_backend,bio_tek_plate_reader_backend,25,41,auto-abs_wavelength_range|auto-close|auto-emission_range|auto-excitation_range|auto-focal_height_range|auto-get_current_temperature|auto-get_firmware_version|auto-get_serial_number|auto-home|auto-open|auto-read_absorbance|auto-read_fluorescence|auto-read_luminescence|auto-send_command|auto-set_plate|auto-set_temperature|auto-setup|auto-shake|auto-stop|auto-stop_heating_or_cooling|auto-stop_shaking|auto-supports_cooling|auto-supports_heating|auto-temperature_range|auto-version,这是一种台式微孔板读板仪，用于对微孔板中的样品进行吸光度、荧光和发光检测。设备通常带有载板抽屉、温度控制和振荡功能，适用于生化分析、细胞实验和高通量筛选等实验室检测工作。,"A benchtop multimode microplate reader used to measure absorbance, fluorescence, and luminescence from samples in microplates. It typically includes a plate tray, temperature control, and shaking, and is used for biochemical assays, cell-based experiments, and high-throughput screening.",酶标仪,表征设备|生命体系|智慧表征与检测中心|细胞生物学研究|酶标仪|微孔板检测与高通量筛选
BioShake微孔板恒温振荡器,BioShake microplate thermoshaker,bioshake_driver,bioshake_driver,7,17,auto-get_info|auto-home_shaker|auto-lock|auto-set_shake|auto-temp_off|auto-temp_on|auto-unlock,这是一种用于微孔板样品处理的实验室恒温振荡设备，可对板内液体进行振荡混匀并提供温度控制，常用于孵育、酶反应和样品制备等流程。,"This is a laboratory thermoshaker for processing microplate samples. It provides shaking for liquid mixing and temperature control, and is commonly used for incubation, enzymatic reactions, and sample preparation workflows.",热混匀仪|微孔板恒温振荡器,备料&前处理设备|实验执行&合成设备|生命体系|溶液配制与反应|热混匀仪|微孔板样品孵育与混匀|微孔板恒温振荡器
FTDI USB 位操作 GPIO 接口器件,FTDI USB Bit-Bang GPIO Interface,bit_bang_device,bit_bang_device,5,15,auto-direction|auto-latch|auto-open|auto-port|auto-read_pins,一种基于 FTDI 芯片的 USB 数字 I/O 接口器件，可在位操作模式下将 8 条引脚配置为输入或输出，并读取或驱动数字电平。实验室中常用于简单数字电路、继电器、触发线或自定义仪器接口的低速控制与状态采集。,"A USB digital I/O interface based on an FTDI chip, operating in bit-bang mode to configure 8 pins as inputs or outputs and to read or drive digital logic levels. In laboratories it is commonly used for low-speed control and status acquisition with simple digital circuits, relays, trigger lines, or custom instrument interfaces.",USB仪器通信接口|USB GPIO接口模块,实验执行&合成设备|表征设备|实验室自动化与仪器集成|实验仪器数据采集与联机控制|实验仪器通信与驱动集成|USB仪器通信接口|USB GPIO接口模块
BK 8600系列可编程直流电子负载,BK Precision 8600 Series Programmable DC Electronic Load,bk8600,bk8600,10,18,auto-initialize|auto-lock_front_panel|auto-measure_current|auto-measure_voltage|auto-remote_sense|auto-set_current|auto-set_cv_voltage|auto-set_mode_current|auto-set_mode_voltage|auto-toggle_output,这是一款可编程直流电子负载，用于对电源、适配器、电池等直流电源施加受控负载。它支持恒流和恒压工作模式，可测量输入电压与电流，并支持远端采样，适合电源性能评估、放电测试和实验室自动化测试。,"This is a programmable DC electronic load used to apply a controlled load to DC sources such as power supplies, adapters, and batteries. It supports constant-current and constant-voltage operation, measures input voltage and current, and offers remote sensing, making it suitable for power-source evaluation, discharge testing, and automated laboratory testing.",电子负载,表征设备|电子与电气测试|电源与电池测试|电子负载
B&K Precision 9100系列可编程直流电源,B&K Precision 9100 Series Programmable DC Power Supply,bk9100,bk9100,11,19,auto-float_to_4_dig|auto-initialize|auto-lock_front_panel|auto-measure_current|auto-measure_power|auto-measure_voltage|auto-remote_sense|auto-select_channel|auto-set_current|auto-set_voltage|auto-toggle_output,这是一款台式可编程直流电源，可输出并调节稳定的直流电压与电流，用于电子器件供电、原型电路测试、实验室台架测量以及需要远程控制电源输出的自动化实验。,"This is a benchtop programmable DC power supply that provides regulated DC voltage and current. It is used for powering electronic devices, testing prototype circuits, bench measurements, and automated laboratory setups requiring remote control of power output.",可编程直流电源,实验执行&合成设备|表征设备|电子与电气测试|可编程直流电源|电子器件供电与台架测试
CAN总线BLF日志记录器,CAN BLF Log Writer,blf_writer,blf_writer,4,20,auto-file_size|auto-log_event|auto-on_message_received|auto-stop,用于将CAN总线消息和错误帧记录为BLF（二进制日志）文件的软件记录器，可生成与Vector工具兼容的日志，常用于车辆网络、嵌入式通信和实验台架中的总线数据采集与离线分析。,"A software logger that records CAN bus messages and error frames into BLF (Binary Logging File) format, producing logs compatible with Vector tools. It is commonly used for vehicle network testing, embedded communication experiments, and bench-side bus data capture for offline analysis.",CAN总线日志记录器,表征设备|电子与电气测试|实验仪器数据采集与联机控制|CAN总线通信记录与离线分析|CAN总线日志记录器
xArm协作机械臂,xArm Collaborative Robot Arm,blockly_tool,blockly_tool,2,29,auto-codes|auto-to_python,一款可编程协作机械臂，可通过图形化积木程序或 Python 脚本控制运动流程、关节动作和实验操作。常用于教学演示、实验室自动化、样品搬运及机械臂流程开发。,"A programmable collaborative robot arm that can be controlled through block-based programs or Python scripts for motion sequences, joint movements, and experimental operations. It is commonly used for teaching, laboratory automation, sample handling, and robot workflow development.",机械臂,物流/机械|机器人与移动平台|实验室自动化与仪器集成|样品/探针定位与运动控制|机械臂|实验室机械臂自动化与样品搬运
BLU 激光功率/能量计,BLU Laser Power / Energy Meter,blu,blu,21,41,auto-anticipation|auto-auto_scale|auto-available_scales|auto-battery_state|auto-confirm_connection|auto-current_value|auto-disconnect|auto-head_type|auto-measure_mode|auto-new_value_ready|auto-scale|auto-scale_down|auto-scale_up|auto-single_shot_energy_mode|auto-trigger_level|auto-usb_state|auto-user_multiplier|auto-user_offset|auto-version|auto-wavelength|auto-zero_offset,Gentec-EO BLU 是一类用于连接激光探头并读取测量结果的激光功率/能量计接口，可测量激光功率或单次脉冲能量。设备支持 USB 或蓝牙通信，适用于激光实验、光学系统调试、功率监测和能量校准等场景。,"The Gentec-EO BLU is a laser power and energy meter interface used with compatible sensor heads to read laser power or single-shot pulse energy. It supports USB or Bluetooth communication and is used in laser experiments, optical system setup, power monitoring, and energy calibration.",激光功率/能量计,表征设备|光学与光谱实验|激光激发与光谱测量|激光功率/能量计|激光功率监测与能量校准
Bode 100频率响应分析仪,Bode 100 frequency response analyzer,bode100,bode100,7,16,auto-clear_measurement|auto-configure_gain_phase_measurement|auto-execute_measurement|auto-measurement_duration|auto-read_gain_phase_results|auto-reconnect|auto-stop_execution,这是一台用于扫频测试的频率响应分析仪，可向被测电路注入测试信号并测量增益与相位随频率的变化。实验中常用于滤波器、放大器及控制环路的频率响应表征与传递函数测量。,"This is a swept-frequency response analyzer that injects a test signal into a device under test and measures gain and phase versus frequency. It is commonly used in the lab for frequency-response characterization and transfer-function measurement of filters, amplifiers, and control loops.",频率响应分析仪,表征设备|电子与电气测试|射频与电子电路测试|频率响应分析仪
广播UDP RPC端口映射客户端,Broadcast UDP RPC Port Mapper Client,broadcast_udp_port_mapper_client,broadcast_udp_port_mapper_client,37,80,auto-addpackers|auto-call_0|auto-callit|auto-do_call|auto-dump|auto-forkingloop|auto-forksession|auto-get_port|auto-handle|auto-handle_0|auto-loop|auto-make_call|auto-mkcred|auto-mkverf|auto-my_reply_handler|auto-pack_auth|auto-pack_auth_unix|auto-pack_call_args|auto-pack_callheader|auto-pack_mapping|auto-pack_pmaplist|auto-pack_replyheader|auto-register|auto-session|auto-set|auto-set_reply_handler|auto-set_timeout|auto-start_call|auto-turn_around|auto-unpack_auth|auto-unpack_call_result|auto-unpack_callheader|auto-unpack_mapping|auto-unpack_pmaplist|auto-unpack_replyheader|auto-unregister|auto-unset,用于通过 UDP 广播查询和使用 ONC/Sun RPC 端口映射服务的网络客户端组件。它可在局域网内发现提供 RPC 服务的主机与端口，并可进行端口映射查询、注册、注销和转发调用，适合实验室自动化系统定位网络化仪器服务或其他 RPC 服务端点。,"A network client component for querying and using the ONC/Sun RPC port-mapper service via UDP broadcast. It can discover hosts and ports that provide RPC services on a local network, and supports port-mapping lookup, registration, unregistration, and forwarded calls, which is useful in laboratory automation for locating networked instrument services or other RPC service endpoints.",仪器服务发现客户端,实验执行&合成设备|实验室自动化与仪器集成|实验仪器通信与驱动集成|实验仪器数据采集与联机控制|网络化仪器服务发现与端口映射|仪器服务发现客户端
Bronkhorst EL-FLOW 气体质量流量控制器,Bronkhorst EL-FLOW gas mass flow controller,bronkhorst_elflow,bronkhorst_elflow,9,16,auto-get_flow|auto-get_mode|auto-get_setpoint|auto-get_valve_output|auto-init|auto-read|auto-set_mode|auto-set_setpoint|auto-write,一种带控制阀的气体质量流量控制器，用于测量并精密调节实验或工艺气体流量。它常用于气体输送、混气、反应供气以及其他需要稳定流量设定的实验室和过程控制场景。,"A gas mass flow controller with an integrated control valve, used to measure and precisely regulate gas flow in laboratory or process systems. It is commonly used for gas delivery, gas mixing, reactor feed control, and other applications requiring stable flow setpoints.",气体质量流量控制器,实验执行&合成设备|化工放大与连续工艺优化|流动化学|气体输送与过程控制|气体供给与混气控制|气体质量流量控制器
kuando Busylight USB忙闲指示灯,kuando Busylight USB Busy Light,busylight,busylight,9,19,auto-available_colors|auto-blink|auto-get_rgb|auto-pulse|auto-send|auto-set_color|auto-set_rgb|auto-set_sound|auto-turn_off,一种通过USB连接的kuando Busylight桌面状态指示灯，通常具有RGB发光和提示音功能，可用于实验室或工位场景中的状态显示、流程提醒和可视化告警。,"A USB-connected kuando Busylight desktop status indicator, typically with RGB illumination and audible alert capability, used in labs or workstations for status indication, workflow prompts, and visual notifications.",状态指示灯,物流/机械|实验室自动化与仪器集成|实验仪器数据采集与联机控制|实验流程状态指示与告警|状态指示灯
奥林巴斯 BX2A 显微镜机身,Olympus BX2A microscope body,bx2_a,bx2_a,8,22,auto-idn|auto-init_origin|auto-lamp_status|auto-move_relative|auto-movement_status|auto-query|auto-soft_limits|auto-z,BX2A 是奥林巴斯显微镜的机身/主体平台，用于承载显微镜的光学、照明与运动部件，并在实验中完成样品观察与成像相关的基础操作。根据可见控制项，该机身支持灯状态管理、Z 轴位置调整、运动状态查询以及软限位与原点设置，适用于常规显微观察与实验室成像流程。,"The BX2A is an Olympus microscope body/stand that serves as the main platform for the optical, illumination, and motion components of a microscope. In laboratory use it supports core observation and imaging tasks. Based on the exposed controls, the body supports lamp status management, Z-axis positioning, motion-state reporting, and soft-limit and origin settings for routine microscopy workflows.",普通光学显微镜,表征设备|智慧表征与检测中心|显微成像与光学显微实验|普通光学显微镜
Byonoy Absorbance 96 酶标仪,Byonoy Absorbance 96 Plate Reader,byonoy_absorbance96_automate_backend,byonoy_absorbance96_automate_backend,7,29,auto-get_available_absorbance_wavelengths|auto-initialize_measurements|auto-read_absorbance|auto-read_fluorescence|auto-read_luminescence|auto-send_command|auto-setup,这是一款面向96孔微孔板的吸光度酶标仪，用于在选定波长下测量各孔样品的吸光度信号。它适用于ELISA、比色分析以及其他基于微孔板的常规实验检测。,"This is a 96-well microplate absorbance reader used to measure sample absorbance in plate wells at selected wavelengths. It is suitable for ELISA, colorimetric assays, and other routine microplate-based laboratory measurements.",酶标仪,表征设备|生命体系|智慧表征与检测中心|微孔板检测与高通量筛选|酶标仪
CBox驱动的Transmon超导量子比特,CBox-driven transmon qubit,c_box_v3_driven_transmon,c_box_v3_driven_transmon,39,59,auto-add_parameters|auto-calibrate_Flux_pulse_latency|auto-calibrate_MW_RO_latency|auto-calibrate_mixer_offsets_RO|auto-calibrate_mixer_offsets_drive|auto-calibrate_mixer_skewness|auto-calibrate_optimal_weights|auto-calibrate_pulse_restless|auto-get_operation_dict|auto-load_QWG_pulses|auto-measure_CZ_phase_ripple|auto-measure_T1|auto-measure_allxy|auto-measure_butterfly|auto-measure_cryo_scope|auto-measure_echo|auto-measure_flipping|auto-measure_flux_timing|auto-measure_heterodyne_spectroscopy|auto-measure_motzoi|auto-measure_pulsed_spectroscopy|auto-measure_rabi|auto-measure_ram_z|auto-measure_ram_z_echo|auto-measure_ramsey|auto-measure_randomized_benchmarking|auto-measure_randomized_benchmarking_vs_pars|auto-measure_rb_vs_amp|auto-measure_resonator_dac|auto-measure_resonator_power|auto-measure_single_qubit_GST|auto-measure_spectroscopy|auto-measure_ssro|auto-measure_transients|auto-prepare_for_continuous_wave|auto-prepare_for_fluxing|auto-prepare_for_timedomain|auto-prepare_readout|auto-upload_qasm_file,一种通过微波脉冲、读出谐振腔和通量脉冲进行控制与测量的Transmon超导量子比特，并配合CBox电子学完成时序与采集。该器件常用于量子计算实验中的能谱测量、Rabi、T1、Ramsey、回波、单次读出、随机基准测试，以及通量脉冲和CZ相关相位表征。,"A superconducting transmon qubit controlled and measured with microwave pulses, a readout resonator, and flux pulses, using CBox-based electronics for timing and acquisition. It is used in quantum computing experiments for spectroscopy, Rabi, T1, Ramsey, echo, single-shot readout, randomized benchmarking, and characterization of flux pulses and CZ-related phase behavior.",超导量子比特器件,器件/细胞设备|表征设备|低温与量子测量|量子比特脉冲控制与读出|超导量子比特器件
CANalyst-II USB转CAN总线分析仪,CANalyst-II USB-to-CAN Bus Analyzer,ca_nalyst_ii_bus,ca_nalyst_ii_bus,4,13,auto-flush_tx_buffer|auto-poll_received_messages|auto-send|auto-shutdown,一种通过USB连接计算机的CAN总线分析与通信适配器，可用于发送、接收和监测CAN报文。在实验室中常用于嵌入式控制器、车载电子和工业设备的CAN网络联调、协议验证与故障排查。,"A USB-connected CAN bus analysis and communication adapter used to send, receive, and monitor CAN frames. In laboratories it is commonly used for CAN network integration, protocol validation, and troubleshooting of embedded controllers, automotive electronics, and industrial equipment.",CAN总线分析仪,表征设备|电子与电气测试|CAN总线通信记录与离线分析|CAN总线分析仪
电压表校准系统,Voltage Meter Calibration System,calibration_class,calibration_class,8,15,auto-calibrate_voltage_meter|auto-check_voltage_calibration|auto-connect_dmm|auto-connect_dut|auto-connect_psu|auto-get_cal_check_points|auto-get_lin_cal_points|auto-measure_average,用于实验室中对待测设备电压测量通道进行校准与核查的校准系统。该系统通常配合可编程电源、数字万用表和待校准设备使用，通过多个校准点与检查点完成电压表或模数转换读数的校准、平均测量和结果验证。,"A laboratory calibration system used to calibrate and verify the voltage measurement channel of a device under test. It is typically used together with a programmable power supply, a digital multimeter, and the DUT, applying multiple calibration and check points to calibrate a voltage meter or ADC-based reading, perform averaged measurements, and verify the result.",电压表校准系统,表征设备|电子与电气测试|电压监测与传感器信号采集|电压测量校准与核查|电压表校准系统
工业相机,GenICam camera,camera,camera,27,69,auto-cleanup|auto-create_buffers|auto-create_stream|auto-get_device|auto-get_device_id|auto-get_exposure_time|auto-get_frame|auto-get_frame_rate|auto-get_gain|auto-get_model_name|auto-get_payload|auto-get_pixel_format_as_string|auto-get_region|auto-get_sensor_size|auto-get_trigger_source|auto-get_vendor_name|auto-set_acquisition_mode|auto-set_frame_rate|auto-set_gain|auto-set_region|auto-set_trigger_source|auto-start_acquisition|auto-start_acquisition_continuous|auto-start_acquisition_trigger|auto-stop_acquisition|auto-trigger|auto-try_get_frame,一种用于实验成像和机器视觉采集的数字相机，可连续或触发采集图像，并可调曝光时间、增益、帧率、像素格式和采集区域，常用于显微观察、定位检测和通用视觉测量。,"A digital machine-vision camera for laboratory imaging and visual data acquisition. It supports continuous or triggered image capture and allows adjustment of exposure time, gain, frame rate, pixel format, and acquisition region, making it suitable for microscopy, alignment, inspection, and general imaging measurements.",科学相机|工业相机,表征设备|智慧表征与检测中心|光学与光谱实验|显微成像与光学显微实验|科学相机|实验成像与机器视觉|工业相机
通用实验相机,Generic Laboratory Camera,camera_device,camera_device,9,24,auto-captureFrames|auto-captureLoopSynchronous|auto-captureLoopThread|auto-doInitializeDevice|auto-doShutdownDevice|auto-isCapturing|auto-livePreview|auto-start|auto-stop,用于采集可见光图像或视频的相机，可在实验中用于样品观察、装置对准、过程监测和图像记录。,"A camera for acquiring visible-light images or video, used in laboratories for sample observation, instrument alignment, process monitoring, and image recording.",科学相机,表征设备|智慧表征与检测中心|科学相机|实验成像与过程监测
ESP32-CAM 串口相机模块,ESP32-CAM Serial Camera Module,camera_esp32_cam_serial,camera_esp32_cam_serial,17,24,auto-calculate_base64_length|auto-close|auto-connect_to_usb_device|auto-getLast|auto-getLastChunk|auto-getPropertyValue|auto-initCam|auto-prepare_live|auto-put_frame|auto-setPropertyValue|auto-setROI|auto-set_analog_gain|auto-set_exposure_time|auto-startStreamingThread|auto-start_live|auto-stop_live|auto-suspend_live,一种基于 ESP32 的嵌入式小型相机模块，可通过串口传输图像并进行基础成像参数设置。适合实验中的低成本实时预览、简单图像采集、装置观察与流程记录。,"A compact embedded camera module based on ESP32 that transmits image data over a serial connection and supports basic imaging parameter adjustment. It is suitable for low-cost live preview, simple image capture, setup observation, and experiment documentation in laboratory environments.",嵌入式相机模块,表征设备|智慧表征与检测中心|实验室自动化与仪器集成|实验成像与过程监测|嵌入式相机模块
Specim短波红外相机,Specim SWIR Camera,camera_interface,camera_interface,4,42,auto-fileno|auto-flush|auto-message_read|auto-message_write,一种短波红外成像相机，用于采集样品在SWIR波段的图像数据，常见于材料识别、分选、农业检测以及科研成像实验。,"A short-wave infrared imaging camera used to acquire sample images in the SWIR range, commonly used for material identification, sorting, agricultural inspection, and research imaging experiments.",短波红外相机,表征设备|智慧表征与检测中心|光学与光谱实验|高光谱成像与反射/辐射表征|实验成像与机器视觉|短波红外相机
树莓派相机模块,Raspberry Pi Camera Module,camera_pi_cam,camera_pi_cam,15,22,auto-close|auto-getLast|auto-getLastChunk|auto-getPropertyValue|auto-openPropertiesGUI|auto-prepare_live|auto-setPropertyValue|auto-setROI|auto-set_analog_gain|auto-set_blacklevel|auto-set_exposure_time|auto-set_pixel_format|auto-start_live|auto-stop_live|auto-suspend_live,一款用于树莓派平台的小型数字相机模块，可进行实时视频采集和静态图像获取。适合实验室中的显微成像、样品观察、装置监视和基础视觉记录等场景。,"A compact digital camera module for the Raspberry Pi platform, used for live video acquisition and still image capture. It is suitable for laboratory microscopy imaging, sample observation, instrument monitoring, and general visual documentation.",嵌入式相机模块,表征设备|智慧表征与检测中心|光学与光谱实验|显微成像与光学显微实验|实验成像与过程监测|嵌入式相机模块
Specim短波红外高光谱相机,Specim SWIR hyperspectral camera,camera_redis_daemon,camera_redis_daemon,2,42,auto-notify|auto-stop,这是一种短波红外高光谱相机，用于采集样品在短波红外波段的空间-光谱图像数据。实验室中常用于材料表征、成分分析、分选研究和其他需要短波红外成像光谱测量的实验。,"This is a short-wave infrared hyperspectral camera used to acquire spatial-spectral image data of samples in the SWIR range. In laboratories, it is commonly used for material characterization, composition analysis, sorting studies, and other experiments requiring SWIR imaging spectroscopy.",高光谱相机,表征设备|智慧表征与检测中心|光学与光谱实验|高光谱成像与反射/辐射表征|光谱采集与检测|高光谱相机
实验室成像相机,Laboratory Imaging Camera,camera_service,camera_service,83,144,auto-abort|auto-activeCamera|auto-availableAccessLevels|auto-bufferInfo|auto-busy|auto-calculateHistogram|auto-calibration|auto-calibrationChanged|auto-calibrationData|auto-cameraInfo|auto-cameraModel|auto-cameraSerial|auto-capture|auto-captureBuffer|auto-captureFilename|auto-captureMulti|auto-close|auto-closed|auto-color|auto-connected|auto-deviceVersion|auto-discovered|auto-error|auto-exposureTimeLimited|auto-fieldOfView|auto-fileName|auto-filename|auto-filenameCalibration|auto-filenameThumbnail|auto-finished|auto-flags|auto-focalLength|auto-fovHorizontal|auto-fovVertical|auto-frameAngle|auto-heightThumbnail|auto-isCaptureMultiSupported|auto-isHyperspectral|auto-isThermal|auto-lensModel|auto-lensSerial|auto-list|auto-listCalibrations|auto-lost|auto-manufacturer|auto-message|auto-model|auto-mountModel|auto-mountSerial|auto-multiBufferInfo|auto-multiCaptureBuffer|auto-multiCaptureFilename|auto-multiFinished|auto-name|auto-open|auto-opened|auto-pendingImages|auto-property|auto-propertyDescription|auto-readMemory|auto-readRegister|auto-ready|auto-releasedImages|auto-restore|auto-restoreFactory|auto-rotation|auto-save|auto-sensorHeight|auto-sensorWidth|auto-serialNumber|auto-setCalibration|auto-setColor|auto-setFilename|auto-setFilenameThumbnail|auto-setHeightThumbnail|auto-setProperty|auto-setWidthThumbnail|auto-started|auto-status|auto-widthThumbnail|auto-writeMemory|auto-writeRegister|auto-xml,用于实验室图像采集的相机系统，可发现并连接不同相机，执行单帧或多帧采集，读取图像缓冲区与设备信息，并支持视场、焦距、校准以及底层寄存器/内存访问。该类设备可覆盖普通可见光相机，也可能包括热成像或高光谱相机。,"A laboratory imaging camera system used for image acquisition in lab setups. It can discover and connect cameras, perform single or multi-frame capture, provide image buffers and device metadata, and support field-of-view, focal length, calibration, and low-level register/memory access. This device class may include visible-light cameras as well as thermal or hyperspectral cameras.",科学相机,表征设备|智慧表征与检测中心|实验室自动化与仪器集成|实验仪器数据采集与联机控制|实验成像与过程监测|科学相机
换行分隔 JSON 数据目录,Newline-Delimited JSON Catalog,catalog,catalog,2,53,auto-close|auto-write_record,一种用于保存实验或机器人采集数据的记录型数据文件组件。它以每行一条 JSON 记录的形式存储数据，并配合清单元数据管理，适合顺序追加、日志化保存以及按索引定位读取记录。,"A record-oriented data file component for storing experimental or robotics data. It stores one JSON object per line and works with manifest metadata, making it suitable for append-only logging and indexed access to stored records.",换行分隔JSON数据目录,物流/机械|实验室自动化与仪器集成|实验数据管理与记录|追加式实验记录与索引访问|换行分隔JSON数据目录
中央控制器,Central Controller,cc,cc,2,26,auto-calibrate_dio_protocol|auto-output_dio_calibration_data,这是一种用于量子实验控制系统的中央时序与数字控制设备，通常基于FPGA实现。它用于向任意波形发生器、量子测控模块等设备分发触发信号、码字和同步数字I/O信号，以协调量子比特操控与读出流程。,"This is a central timing and digital control unit for quantum experiments, typically FPGA-based. It distributes triggers, codewords, and synchronized digital I/O signals to instruments such as arbitrary waveform generators and quantum readout/control modules, coordinating qubit control and readout sequences.",量子实验控制器|数字命令序列控制器,实验执行&合成设备|低温与量子测量|实验室自动化与仪器集成|量子比特脉冲控制与读出|脉冲激励与时序控制|量子实验控制器|数字命令序列控制器
CC1 手持式符合计数器,CC1 Hand-Held Coincidence Counter,cc1,cc1,11,27,auto-acknowledge|auto-channel|auto-clear_counts|auto-count|auto-delay|auto-dwell_time|auto-firmware|auto-gate|auto-subtract|auto-trigger_mode|auto-window,CC1 是一款手持式符合计数器，用于统计两路探测信号在设定时间窗内的符合事件，并记录各通道计数。它可设置符合时间窗、积分/驻留时间、触发模式、门控和延迟等参数，适用于量子光学、单光子探测和时间相关计数实验中的符合测量。,"The CC1 is a hand-held coincidence counter used to measure coincidence events between two detection signals within a defined time window and to track channel counts. It supports settings such as coincidence window, dwell/integration time, trigger mode, gating, and delay, making it suitable for coincidence measurements in quantum optics, single-photon detection, and time-correlated counting experiments.",符合计数器,表征设备|光学与光谱实验|量子光学与光子测量|单光子探测与符合计数|符合计数器
中央控制器（CC）,Central Controller (CC),cc_core,cc_core,60,67,auto-assemble|auto-assemble_and_start|auto-calibrate_dio|auto-debug_get_ccio_reg|auto-debug_get_ccio_trace|auto-debug_get_traces|auto-debug_marker_in|auto-debug_marker_off|auto-debug_marker_out|auto-debug_set_ccio_trace_on|auto-get_assembler_log|auto-get_assembler_success|auto-get_calibrate_dio_margin|auto-get_calibrate_dio_read_index|auto-get_calibrate_dio_status|auto-get_calibrate_dio_success|auto-get_q1_reg|auto-get_sequence_program_assemble|auto-get_status_operation_run|auto-get_status_operation_run_enable|auto-get_status_questionable_bplink|auto-get_status_questionable_bplink_enable|auto-get_status_questionable_config|auto-get_status_questionable_config_enable|auto-get_status_questionable_frequency|auto-get_status_questionable_frequency_enable|auto-get_status_questionable_instrument|auto-get_status_questionable_instrument_enable|auto-get_status_questionable_instrument_idetail_bplink|auto-get_status_questionable_instrument_idetail_bplink_enable|auto-get_status_questionable_instrument_idetail_config|auto-get_status_questionable_instrument_idetail_config_enable|auto-get_status_questionable_instrument_idetail_diocal|auto-get_status_questionable_instrument_idetail_diocal_enable|auto-get_status_questionable_instrument_idetail_freq|auto-get_status_questionable_instrument_idetail_freq_enable|auto-get_status_questionable_instrument_isummary|auto-get_status_questionable_instrument_isummary_enable|auto-get_vsm_delay_fall|auto-get_vsm_delay_rise|auto-print_status_operation|auto-print_status_questionable|auto-sequence_program_assemble|auto-set_q1_reg|auto-set_seqbar_cnt|auto-set_status_operation_run_enable|auto-set_status_questionable_bplink_enable|auto-set_status_questionable_config_enable|auto-set_status_questionable_frequency_enable|auto-set_status_questionable_instrument_enable|auto-set_status_questionable_instrument_idetail_bplink_enable|auto-set_status_questionable_instrument_idetail_config_enable|auto-set_status_questionable_instrument_idetail_diocal_enable|auto-set_status_questionable_instrument_idetail_freq_enable|auto-set_status_questionable_instrument_isummary_enable|auto-set_vsm_delay_fall|auto-set_vsm_delay_rise|auto-start|auto-status_preset|auto-stop,一种用于超导量子比特实验的数字时序与序列控制设备，可加载并运行实验序列，协调 CCIO 模块与数字 I/O 链路，并支持状态监测、DIO 校准和时序延迟调整，常用于量子测控系统中的脉冲时序控制与实验同步。,"A digital timing and sequence control instrument for superconducting qubit experiments. It loads and runs experiment sequences, coordinates CCIO modules and digital I/O links, and supports status monitoring, DIO calibration, and timing delay adjustment for pulse sequencing and experiment synchronization in quantum control setups.",量子实验控制器|数字命令序列控制器,实验执行&合成设备|低温与量子测量|实验室自动化与仪器集成|量子比特脉冲控制与读出|脉冲激励与时序控制|量子实验控制器|数字命令序列控制器
Andor 科学级CCD相机,Andor scientific CCD camera,ccd,ccd,152,170,auto-EM_advanced_enabled|auto-EM_gain|auto-EM_gain_mode|auto-EM_gain_range|auto-FK_exposure_time|auto-QE|auto-abort_acquisition|auto-abort_acquisition_async|auto-acquired_data|auto-acquired_data16|auto-acquisition_mode|auto-acquisition_progress|auto-acquisition_timings|auto-adv_trigger_mode|auto-amp_available|auto-amp_descr|auto-amp_max_hspeed|auto-available_images_index|auto-averaging_factor|auto-averaging_frame_count|auto-averaging_mode|auto-baseline_clamp|auto-baseline_offset|auto-bit_depth|auto-buffer_size|auto-camera_handle|auto-cancel_wait|auto-cancel_wait_async|auto-capabilities|auto-command|auto-controller_card|auto-cooled_on_shutdown|auto-cooler_on|auto-count_convert_available|auto-count_convert_wavelength_range|auto-cr_filter_enabled|auto-current_camera|auto-detector_shape|auto-exposing|auto-exposure_times|auto-fan_mode|auto-fastest_recommended_vsspeed|auto-filter_threshold|auto-finalize|auto-flush|auto-frame_transfer_mode|auto-free_int_mem|auto-free_int_mem_async|auto-getbool|auto-getenumerated|auto-getfloat|auto-getint|auto-hardware_version|auto-has_mechanical_shutter|auto-horiz_shift_speed|auto-idn|auto-images|auto-images16|auto-in_aux_port|auto-initialize|auto-is_implemented|auto-is_writable|auto-keep_clean_time|auto-max_exposure|auto-max_images_per_dma|auto-max_temperature|auto-min_image_length|auto-min_temperature|auto-most_recent_image|auto-most_recent_image16|auto-n_ad_channels|auto-n_amps|auto-n_exposures_in_ring|auto-n_horiz_shift_speeds|auto-n_images_acquired|auto-n_max_nexposure|auto-n_photon_counting_div|auto-n_preamps|auto-n_vert_clock_amps|auto-n_vert_shift_speeds|auto-ncameras|auto-new_images_index|auto-noise_filter_mode|auto-oldest_image|auto-oldest_image16|auto-out_aux_port|auto-photon_counting_mode|auto-preamp|auto-preamp_available|auto-preamp_descr|auto-prepare_acquisition|auto-prepare_acquisition_async|auto-px_size|auto-queuebuffer|auto-readout_flipped|auto-readout_mode|auto-readout_packing|auto-readout_time|auto-save_raw|auto-save_raw_async|auto-send_software_trigger|auto-send_software_trigger_async|auto-sensitivity|auto-set_accum_time|auto-set_accum_time_async|auto-set_dma_parameters|auto-set_exposure_time|auto-set_exposure_time_async|auto-set_image|auto-set_image_async|auto-set_kinetic_cycle_time|auto-set_kinetic_cycle_time_async|auto-set_n_accum|auto-set_n_accum_async|auto-set_n_kinetics|auto-set_n_kinetics_async|auto-set_photon_counting_divs|auto-set_photon_counting_divs_async|auto-set_photon_counting_thres|auto-set_photon_counting_thres_async|auto-set_vert_clock|auto-set_vert_clock_async|auto-setbool|auto-setenumerated|auto-setenumstring|auto-setfloat|auto-setint|auto-shutter|auto-shutter_async|auto-shutter_min_times|auto-software_version|auto-start_acquisition|auto-start_acquisition_async|auto-status|auto-temperature|auto-temperature_setpoint|auto-temperature_status|auto-trigger_level|auto-trigger_level_async|auto-trigger_mode|auto-trigger_mode_available|auto-true_exposure_times|auto-true_horiz_shift_speed|auto-true_preamp|auto-true_vert_amp|auto-true_vert_shift_speed|auto-vert_amp_index|auto-vert_amp_string|auto-vert_shift_speed|auto-wait_for_acquisition|auto-wait_for_acquisition_async|auto-waitbuffer,用于实验室低光成像、光谱探测和时间分辨采集的制冷科学级CCD相机。该设备支持探测器温控、快门与触发控制、可配置读出速度和增益，并可采集单帧或连续图像数据。,"A cooled scientific CCD camera for low-light imaging, spectroscopy detection, and time-resolved acquisition in the laboratory. The device supports detector temperature control, shutter and trigger control, configurable readout speeds and gain, and acquisition of single-frame or continuous image data.",科学相机|CCD探测器,表征设备|智慧表征与检测中心|光学与光谱实验|光谱采集与检测|科学相机|CCD探测器
CC-Light 控制器,CC-Light Controller,ccl,ccl,11,31,auto-add_additional_parameters|auto-add_standard_parameters|auto-getOperationComplete|auto-get_idn|auto-get_operation_complete|auto-print_control_store|auto-print_qisa_opcodes|auto-print_qisa_with_control_store|auto-print_readable_idn|auto-start|auto-stop,CC-Light 是一台面向量子实验的数字控制与时序控制设备，可通过 SCPI 配置并执行控制存储器与 QISA 相关指令，用于协调触发、序列执行和实验时序管理，常见于超导量子比特测控实验。,"The CC-Light is a digital control and timing instrument for quantum experiments. It can be configured over SCPI and execute control-store and QISA-related instructions to coordinate triggering, sequence execution, and experimental timing, commonly in superconducting qubit measurement and control setups.",量子实验控制器,实验执行&合成设备|低温与量子测量|量子比特脉冲控制与读出|脉冲激励与时序控制|量子实验控制器
实验室离心机,Laboratory Centrifuge,centrifuge,centrifuge,16,26,auto-at_bucket|auto-close_door|auto-deserialize|auto-door_open|auto-go_to_bucket1|auto-go_to_bucket2|auto-load|auto-lock_bucket|auto-lock_door|auto-open_door|auto-serialize|auto-spin|auto-start_spin_cycle|auto-unload|auto-unlock_bucket|auto-unlock_door,实验室离心机利用离心力分离液体样品中的不同组分，常用于样品沉降、相分离和前处理。该设备具备舱门控制、转篮/吊篮位置切换，以及按设定离心力和时间执行离心循环的能力，可用于自动化样品处理流程。,"A laboratory centrifuge uses centrifugal force to separate components in liquid samples. It is commonly used for pelleting, phase separation, and sample preparation. This device supports door control, indexed bucket positions, and timed spin cycles at a specified g-force, making it suitable for automated sample-handling workflows.",离心机,备料&前处理设备|溶液配制与反应|实验室自动化与仪器集成|离心机|液体样品离心分离与前处理
Dressler CESAR 1312 射频电源,Dressler CESAR 1312 RF Generator,cesar1312,cesar1312,10,29,auto-address|auto-control_mode|auto-name|auto-output_power|auto-query|auto-reflected_power|auto-regulation_mode|auto-retries|auto-rf|auto-sendcmd,这是一台可控射频电源/射频发生器，用于向实验装置或其他射频负载提供稳定的射频功率。设备支持设定输出功率、切换控制与调节模式，并可监测反射功率，以帮助评估负载匹配和运行状态。,"This is a controllable RF power supply / RF generator used to deliver stable radio-frequency power to laboratory equipment or other RF loads. It supports setting output power, selecting control and regulation modes, and monitoring reflected power to help assess load matching and operating condition.",射频信号发生器,实验执行&合成设备|电子与电气测试|射频与电子电路测试|射频信号发生器
ACQ400/ACQ2106模块化数据采集机箱,ACQ400/ACQ2106 modular data acquisition chassis,channel_client,channel_client,49,144,chan2volts|clear_counters|close|data_size|demux_status|elapsed_samples|fetch_all_calibration|get_aggregator_sites|get_aggregator_svc_list|get_blocks|get_elapsed|get_post|get_pre|get_state|get_sys_info|get_total|init_site_client|load_awg|load_dio482pg|load_dpg|load_gpg|load_segments|load_stl|load_wrpg|make_sa_sd_aliases|nchan|post_samples|pre_samples|read|read_chan|read_decims|read_transient_timebase|run_service|samples|scale_raw|set_DO|set_mb_clk|set_segment|set_sync_routing|set_sync_routing_master|set_sync_routing_slave|show_segments|st_monitor|state|uut_demux_enabled|wait_armed|wait_event|wait_state_changed|wait_stopped,这是一类面向实验室瞬态记录与多通道测量的模块化数据采集机箱，可搭载多个采集站点或功能模块，通过网络输出通道原始数据、状态信息和校准数据，并支持同步、分段采集以及部分数字/波形输出功能。,"This is a family of modular data acquisition chassis for laboratory transient recording and multi-channel measurement. It can host multiple acquisition sites or functional modules, provide channel raw data, status, and calibration information over the network, and supports synchronization, segmented acquisition, and some digital or waveform output functions.",模块化高速数据采集机箱,表征设备|实验室自动化与仪器集成|瞬态信号采集与同步触发测量|实验仪器数据采集与联机控制|模块化高速数据采集机箱
CCD探测器,CCD Detector,charge_coupled_device,charge_coupled_device,22,51,auto-acquisition_abort|auto-acquisition_start|auto-close|auto-is_open|auto-open|auto-range_mode_center_wavelengths|auto-restart|auto-set_acquisition_count|auto-set_acquisition_format|auto-set_center_wavelength|auto-set_clean_count|auto-set_em_gain|auto-set_exposure_time|auto-set_fit_parameters|auto-set_gain|auto-set_parallel_speed|auto-set_region_of_interest|auto-set_signal_output|auto-set_speed|auto-set_timer_resolution|auto-set_trigger_input|auto-set_x_axis_conversion_type,用于光谱测量的电荷耦合器件探测器，可将入射光转换为数字信号并输出光谱或图像数据。常见于光谱仪、单色仪或拉曼系统中，支持曝光、增益、读出速度、感兴趣区域、触发和波长相关设置；部分型号可提供EM增益。,"A charge-coupled device detector used for optical measurements, converting incident light into digital spectral or imaging data. It is commonly integrated with spectrometers, monochromators, or Raman systems, and supports configuration of exposure, gain, readout speed, region of interest, triggering, and wavelength-related settings; some models provide EM gain.",科学相机|CCD探测器,表征设备|光学与光谱实验|光谱采集与检测|科学相机|CCD探测器
串口实验仪器,Serial Laboratory Instrument,chemputersoftware__serial_device,chemputersoftware__serial_device,0,17,,通过串口（如 USB CDC ACM）连接的通用实验室仪器类别，可涵盖控制器、传感器或执行部件。此类设备通常用于实验自动化系统中接收命令、返回状态或测量结果，并与上位机进行持续通信。,"A generic category of laboratory instruments connected over a serial interface such as USB CDC ACM. This may include controllers, sensors, or actuators used in lab automation systems to receive commands, return status information, or report measurements while maintaining ongoing communication with a host computer.",串行仪器通信接口|USB仪器通信接口,实验执行&合成设备|表征设备|实验室自动化与仪器集成|实验仪器通信与驱动集成|实验仪器数据采集与联机控制|串行仪器通信接口|USB仪器通信接口
Cito Plus 1310 射频发生器,Cito Plus 1310 RF Generator,cito_plus1310,cito_plus1310,9,24,auto-forward_power|auto-load_power|auto-name|auto-output_power|auto-query|auto-reflected_power|auto-regulation_mode|auto-rf|auto-sendcmd,这是一台射频发生器，用于向实验装置或工艺负载提供可调射频功率，并监测正向功率、反射功率和负载功率等状态。适合需要稳定射频激励与功率控制的实验和设备集成场景。,"This is an RF generator that provides adjustable radio-frequency power to an experimental system or process load, while monitoring forward, reflected, and load power. It is suited for laboratory and equipment-integration use cases that require stable RF excitation and controlled power delivery.",射频信号发生器,实验执行&合成设备|电子与电气测试|射频与电子电路测试|射频信号发生器
CLARIOstar多功能酶标仪,CLARIOstar multimode microplate reader,clari_ostar_backend,clari_ostar_backend,13,29,auto-close|auto-get_stat|auto-initialize|auto-open|auto-read_absorbance|auto-read_command_status|auto-read_fluorescence|auto-read_luminescence|auto-read_resp|auto-request_eeprom_data|auto-send|auto-setup|auto-stop,CLARIOstar 是一款多功能微孔板读板仪，可对微孔板样品进行吸光度、荧光和发光检测，常用于生化分析、细胞实验、药物筛选和其他高通量实验。,"The CLARIOstar is a multimode microplate reader used to measure absorbance, fluorescence, and luminescence in microplate samples. It is commonly used for biochemical assays, cell-based experiments, drug screening, and other high-throughput laboratory workflows.",酶标仪,表征设备|生命体系|微孔板检测与高通量筛选|细胞生物学研究|酶标仪
ARTIQ 固件构建服务客户端,ARTIQ Firmware Build Service Client,client,client,12,26,auto-build|auto-close|auto-get_json|auto-get_single_variant|auto-get_variants|auto-init_websocket|auto-login|auto-passwd|auto-read_json|auto-read_line|auto-read_reply|auto-send_command,用于连接 ARTIQ 固件构建服务的网络客户端，可通过 WebSocket 登录、提交指定版本和变体的构建请求，并读取文本或 JSON 格式的返回结果。该服务常用于为实验室中的 ARTIQ 控制硬件准备固件或相关构建产物。,"A network client for the ARTIQ firmware build service. It connects over WebSocket, logs in, submits build requests for specified versions and variants, and reads text or JSON replies. The service is typically used to prepare firmware or related build artifacts for ARTIQ laboratory control hardware.",固件构建服务客户端,实验执行&合成设备|实验室自动化与仪器集成|实验控制固件构建与部署|固件构建服务客户端
LabRAD异步客户端,LabRAD Asynchronous Client,client_async,client_async,11,71,auto-addListener|auto-context|auto-create|auto-disconnect|auto-onDisconnect|auto-packet|auto-refresh|auto-removeListener|auto-send|auto-sendMessage|auto-spawn,这是一个用于实验室自动化系统中与远程 LabRAD 服务器通信的软件客户端组件。它支持异步连接、创建通信上下文、构建并发送请求或数据包、发送消息，以及管理监听器和断开连接事件，常用于实验控制网络中的服务访问与消息交互。,"This is a software client component for communicating with remote LabRAD servers in laboratory automation systems. It supports asynchronous connections, creation of communication contexts, building and sending requests or packets, sending messages, and managing listeners and disconnect events, and is commonly used for service access and message exchange in experiment-control networks.",数据采集与控制接口,实验执行&合成设备|实验室自动化与仪器集成|实验仪器通信与驱动集成|实验仪器数据采集与联机控制|数据采集与控制接口
伪时钟时钟线,Pseudoclock Clock Line,clock_line,clock_line,13,30,auto-add_device|auto-clock_limit|auto-collect_change_times|auto-do_checks|auto-expand_change_times|auto-generate_clock|auto-generate_code|auto-get_outputs_by_clockline|auto-is_master_pseudoclock|auto-minimum_clock_high_time|auto-offset_instructions_from_trigger|auto-set_initial_trigger_time|auto-trigger,伪时钟实验时序系统中的时钟输出线或时钟通道，用于向下游设备分发定时脉冲，协调数字量、模拟量等实验序列的同步运行。,"A clock output line or channel in a pseudoclock-based experimental timing system. It distributes timing pulses to downstream devices and synchronizes digital, analog, and other time-sequenced laboratory operations.",数据采集与控制接口|伪时钟时钟线,实验执行&合成设备|实验室自动化与仪器集成|实验仪器数据采集与联机控制|脉冲激励与时序控制|数据采集与控制接口|伪时钟时钟线
FEI4命令序列控制器,FE-I4 Command Sequencer Controller,cmd_seq,cmd_seq,13,27,auto-is_done|auto-reset|auto-set_clock_gate|auto-set_cmd_pulse|auto-set_data|auto-set_ext_trigger|auto-set_output_enable|auto-set_output_mode|auto-set_repeat|auto-set_size|auto-set_start_seq_length|auto-set_stop_seq_length|auto-start,这是一种用于FEI4前端像素读出电子学的FPGA命令序列模块，可存储并输出数字命令序列，并支持重复输出、起始/停止序列长度、输出使能、外部触发和时钟门控等设置。它常用于粒子探测器前端芯片的读出、联调与实验室测试。,"This is an FPGA-based command sequencer module for FE-I4 front-end pixel readout electronics. It stores and outputs digital command sequences and supports settings such as repetition, start/stop sequence length, output enable, external triggering, and clock gating. It is typically used for readout, integration, and laboratory testing of particle-detector front-end chips.",数字命令序列控制器,实验执行&合成设备|电子与电气测试|电子器件供电与台架测试|脉冲激励与时序控制|数字命令序列控制器
Cobalt实验室激光器,Cobalt Laboratory Laser,cobalt_laser,cobalt_laser,6,17,auto-GetPower|auto-IsOn|auto-SetPower|auto-TurnOff|auto-TurnOn|auto-checkfault,一类用于实验室光学系统的可控激光光源，可开关激光输出并调节输出功率，常用于显微成像、荧光激发和一般光学实验中的稳定照明。,"A controllable laboratory laser source with switchable emission and adjustable output power, commonly used for microscopy, fluorescence excitation, and general optical experiments requiring stable illumination.",实验室激光光源,实验执行&合成设备|表征设备|光学与光谱实验|激光激发与光谱测量|显微成像与光学显微实验|实验室激光光源
Cobalt E 系列激光器,Cobalt E Series Laser,cobalt_laser_e,cobalt_laser_e,1,17,auto-TurnOn,一种实验室激光光源，用于显微成像、荧光激发及其他光学实验中的照明与光激发。,"A laboratory laser light source used for illumination and optical excitation in microscopy, fluorescence excitation, and other optical experiments.",实验室激光光源,实验执行&合成设备|表征设备|光学与光谱实验|激光激发与光谱测量|显微成像与光学显微实验|实验室激光光源
Cobolt 06-01系列激光器,Cobolt 06-01 Series Laser,cobolt0601,cobolt0601,22,35,auto-analog_mod|auto-analogli_mod|auto-autostart|auto-clear_fault|auto-clear_fault_async|auto-ctl_mode|auto-current_sp|auto-digital_mod|auto-enabled|auto-enter_mod_mode|auto-enter_mod_mode_async|auto-idn|auto-initialize|auto-interlock|auto-ksw_enabled|auto-mod_mode|auto-operating_hours|auto-power|auto-power_sp|auto-restart|auto-restart_async|auto-status,Cobolt 06-01系列是一类实验室激光器，可提供稳定激光输出，并支持恒功率、恒电流及数字/模拟调制控制。该类设备常用于光学实验、激发光源、光路对准和各类测量场景。,"The Cobolt 06-01 Series is a family of laboratory lasers that provides stable laser output and supports constant-power, constant-current, and digital/analog modulation control. These devices are commonly used for optical experiments, excitation, beam alignment, and measurement applications.",实验室激光光源,实验执行&合成设备|表征设备|光学与光谱实验|激光激发与光谱测量|实验室激光光源
Cobolt 06-01 激光器,Cobolt 06-01 Laser,cobolt0601_f2,cobolt0601_f2,10,21,auto-digital_mod|auto-enabled|auto-enter_mod_mode|auto-idn|auto-mod_mode|auto-power|auto-power_mod|auto-power_sp|auto-query|auto-status,这是一款紧凑型实验室激光光源，可提供受控的激光输出功率，并支持调制工作模式。它常用于显微成像、荧光激发、光学对准及其他需要稳定激光照明或激发光的实验与仪器系统。,"This is a compact laboratory laser source that provides controlled optical output power and supports modulation operating modes. It is commonly used for microscopy, fluorescence excitation, optical alignment, and other experiments or instruments that require stable laser illumination or excitation light.",实验室激光光源,实验执行&合成设备|表征设备|光学与光谱实验|激光激发与光谱测量|显微成像与光学显微实验|实验室激光光源
Cobolt激光器,Cobolt laser source,cobolt_debug_serial,cobolt_debug_serial,6,31,auto-close|auto-flush|auto-is_open|auto-open|auto-read|auto-write,Cobolt激光器是一种实验室激光光源，常用于光学搭建、样品激发、光路对准及其他需要稳定激光输出的实验。该类设备通常可通过串口通信进行控制与状态交互。,"A Cobolt laser source is a laboratory laser used for optical setups, sample excitation, beam alignment, and other experiments that require stable laser output. This type of device is commonly controlled and queried through a serial communication interface.",串行仪器通信接口|实验室激光光源,实验执行&合成设备|实验室自动化与仪器集成|光学与光谱实验|实验仪器通信与驱动集成|激光激发与光谱测量|串行仪器通信接口|实验室激光光源
Cobolt实验室激光器,Cobolt laboratory laser,cobolt_device,cobolt_device,15,31,auto-autostartIsOn|auto-doGetAutostart|auto-doGetInterlockState|auto-doGetLaserSerialNumber|auto-doGetOnOffState|auto-doGetPower|auto-doInitializeDevice|auto-doSetPower|auto-doShutdownDevice|auto-doTurnAutostartOff|auto-doTurnAutostartOn|auto-doTurnOff|auto-doTurnOn|auto-turnAutostartOff|auto-turnAutostartOn,一款用于实验室光学实验的激光光源，可控制激光开关与输出功率，并提供互锁、自启动和设备状态信息，适用于激发、照明、光路对准和一般光学测量。,"A laboratory laser source for optical experiments. It supports laser on/off control, output power adjustment, and reporting of interlock, autostart, and device status, making it suitable for excitation, illumination, beam alignment, and general optical measurements.",实验室激光光源,实验执行&合成设备|表征设备|光学与光谱实验|激光激发与光谱测量|实验室激光光源
Cobolt 激光器,Cobolt Laser,cobolt_laser,cobolt_laser,2,16,auto-power|auto-setPower,Cobolt 激光器是一种实验室用紧凑型激光光源，可提供稳定的连续激光输出，常用于光学实验、光路搭建、对准以及荧光等测量应用。,"A Cobolt laser is a compact laboratory laser source that provides stable continuous-wave laser output, commonly used for optical experiments, beam alignment, optical setups, and fluorescence-related measurements.",实验室激光光源,实验执行&合成设备|表征设备|光学与光谱实验|激光激发与光谱测量|显微成像与光学显微实验|实验室激光光源
Coherent 可调谐超快激光器,Coherent tunable ultrafast laser,coherent,coherent,19,28,auto-clearBuffer|auto-clearGDD|auto-close|auto-getAlignment|auto-getComp|auto-getGDD|auto-getGDDMinMax|auto-getPower|auto-getShutter|auto-getWavelength|auto-getWavelengthRange|auto-isTuning|auto-read|auto-readPacket|auto-setAlignment|auto-setGDD|auto-setShutter|auto-setWavelength|auto-write,这是一类由 Coherent 生产的可调谐超快激光器，能够在一定波长范围内输出激光并进行波长调谐，同时支持群时延色散补偿、快门控制和对准模式。该类设备常用于双光子显微、超快光谱、非线性光学及其他需要可调谐短脉冲激光源的实验。,"This is a tunable ultrafast laser made by Coherent. It provides laser output over a selectable wavelength range and supports wavelength tuning, group-delay-dispersion compensation, shutter control, and alignment mode. Such systems are commonly used in multiphoton microscopy, ultrafast spectroscopy, nonlinear optics, and other experiments requiring a tunable short-pulse laser source.",实验室激光光源|可调谐超快激光器,实验执行&合成设备|表征设备|光学与光谱实验|激光激发与光谱测量|显微成像与光学显微实验|实验室激光光源|可调谐超快激光器
Coherent OBIS激光器,Coherent OBIS Laser,coherent_obis_laser,coherent_obis_laser,7,15,auto-Close|auto-GetPower|auto-IsOn|auto-SetPower|auto-TurnOff|auto-TurnOn|auto-query,Coherent OBIS 是一类紧凑型实验室激光光源，可提供稳定的激光输出并支持功率调节与开关控制。此类激光器常用于显微成像、荧光激发、光路搭建与其他需要稳定连续光源的实验场景。,"The Coherent OBIS is a compact laboratory laser source that provides stable laser output with controllable power and on/off operation. It is commonly used for microscopy, fluorescence excitation, optical alignment, and other experiments requiring a stable continuous light source.",实验室激光光源,表征设备|智慧表征与检测中心|光学与光谱实验|显微成像与光学显微实验|激光激发与光谱测量|实验室激光光源
Coherent Sapphire 激光器,Coherent Sapphire Laser,coherent_sapphire_laser,coherent_sapphire_laser,11,19,auto-Close|auto-GetMAX|auto-GetMIN|auto-GetPower|auto-IsOn|auto-SetPower|auto-TurnOff|auto-TurnOn|auto-check_power_output|auto-check_set_power|auto-query,这是一台 Coherent Sapphire 系列激光器，用于提供稳定的连续激光输出。此类激光器常用于显微成像、荧光激发、光路校准和其他需要稳定光源的实验场景，并支持功率开关与输出功率调节。,"This is a Coherent Sapphire series laser that provides stable continuous laser output. Such lasers are commonly used for microscopy, fluorescence excitation, optical alignment, and other laboratory applications requiring a stable light source, with support for laser on/off control and power adjustment.",实验室激光光源,表征设备|智慧表征与检测中心|光学与光谱实验|显微成像与光学显微实验|激光激发与光谱测量|实验室激光光源
串口通信设备,Serial Communication Device,com_port,com_port,6,35,auto-getLineCoding|auto-readBytes|auto-readText|auto-setControlLineState|auto-setLineCoding|auto-write,一种通过串行端口进行数据收发的实验设备或仪器接口，常见于带 UART、RS-232 或 USB 虚拟串口的实验仪器。它可用于实验室中与上位机交换文本或原始字节数据，并配置波特率、校验位、数据位、停止位以及 RTS/DTR 等串口通信参数。,"A laboratory device or instrument interface that communicates through a serial port, commonly using UART, RS-232, or a USB virtual COM port. It is used in labs to exchange text or raw byte data with a host computer and to configure serial communication parameters such as baud rate, parity, data bits, stop bits, and RTS/DTR control lines.",串行仪器通信接口|USB仪器通信接口,实验执行&合成设备|实验室自动化与仪器集成|实验仪器数据采集与联机控制|实验仪器通信与驱动集成|串行仪器通信接口|USB仪器通信接口
Tango命令代理,Tango Command Proxy,command_proxy,command_proxy,19,75,auto-allow_events|auto-datatype_allowed|auto-get|auto-get_config|auto-get_datakey|auto-get_reading|auto-get_setpoint|auto-get_value|auto-get_w_value|auto-has_subscription|auto-poll|auto-put|auto-set_callback|auto-set_converter|auto-set_polling|auto-set_trl|auto-source|auto-subscribe_callback|auto-unsubscribe_callback,这是一个面向 Tango 控制系统的通用命令与信号代理接口，用于在实验室、光束线或自动化实验装置中连接接入 Tango 的设备，读取当前值与读回值、写入设定或命令，并接收状态更新。根据现有证据，它并不对应单一物理仪器，而是用于操作各类 Tango 受控设备的通用控制组件。,"This is a generic command and signal proxy interface for the Tango control system, used in laboratories, beamlines, and automated experimental setups to connect to Tango-managed devices, read current and write-back values, send setpoints or commands, and receive updates. Based on the available evidence, it does not represent a single physical instrument but a general control component for interacting with Tango-controlled equipment.",数据采集与控制接口,实验执行&合成设备|实验室自动化与仪器集成|实验仪器数据采集与联机控制|实验仪器通信与驱动集成|数据采集与控制接口
RP2040红外收发模块,RP2040 Infrared Transceiver Module,communication,communication,5,12,auto-connect|auto-disconnect|auto-is_connect|auto-record|auto-send,一款通过 USB 转串口与上位机通信的红外收发实验模块，能够发送预定义的红外脉冲时序并记录接收到的红外信号时序。适用于红外遥控协议验证、红外发射/接收实验、时序采集与嵌入式通信教学。,"An infrared transmit/receive experimental module that communicates with a host computer over USB-UART. It can send predefined infrared pulse timing sequences and record received infrared signal timings. It is suitable for IR remote protocol testing, infrared transmission/reception experiments, timing capture, and embedded communication teaching.",红外收发模块,实验执行&合成设备|电子与电气测试|脉冲激励与时序控制|瞬态信号采集与同步触发测量|红外通信与遥控协议实验|红外收发模块
通用通信端口,Generic Communication Port,communication_port,communication_port,14,21,auto-bytesAvailable|auto-close|auto-flush|auto-isNotOpen|auto-isOpen|auto-open|auto-readData|auto-readMatchingGroups|auto-readString|auto-writeData|auto-writeString|auto-writeStringExpectMatchingString|auto-writeStringReadFirstMatchingGroup|auto-writeStringReadMatchingGroups,用于实验仪器与计算机之间进行字节流或文本命令通信的通用通信端口，可完成连接管理、数据收发、缓冲区刷新以及基于模式的应答读取，常用于控制和读取带串行或类似命令接口的实验设备。,"A general communication port used for byte-stream or text-command communication between a computer and laboratory instruments. It supports connection management, data transfer, buffer flushing, and pattern-based reply reading, and is commonly used to control and read instruments with serial or similar command interfaces.",串行仪器通信接口,实验执行&合成设备|实验室自动化与仪器集成|实验仪器数据采集与联机控制|实验仪器通信与驱动集成|串行仪器通信接口
工业相机,Industrial Camera,concrete_port,concrete_port,7,14,auto-close|auto-get_access_mode|auto-is_open|auto-open|auto-port|auto-read|auto-write,工业相机是一类用于机器视觉和科研成像的电子成像设备，常用于实验中的图像采集、目标检测、尺寸测量和过程监控。此处证据显示设备支持通过底层寄存器端口进行打开、关闭、读写和访问模式查询，符合实验室中可编程视觉设备的典型控制方式。,"An industrial camera is an electronic imaging device used for machine vision and scientific imaging. It is commonly used in laboratories for image acquisition, object detection, dimensional measurement, and process monitoring. The evidence here indicates low-level register-port access with open, close, read, write, and access-mode queries, which is typical of programmable vision devices used in lab setups.",工业相机,表征设备|智慧表征与检测中心|实验成像与机器视觉|实验成像与过程监测|工业相机
Logix 可编程逻辑控制器（PLC）,Logix Programmable Logic Controller (PLC),connection,connection,6,36,auto-close|auto-connect|auto-discover|auto-listen|auto-receive_data|auto-send,一种支持 EtherNet/IP 与 CIP 通信的工业可编程逻辑控制器，用于实验装置、自动化测试台或工艺系统中的顺序控制、联锁控制以及 I/O 数据交换。,"An industrial programmable logic controller that supports EtherNet/IP and CIP communication, used in laboratory rigs, automation test stands, and process systems for sequence control, interlocks, and I/O data exchange.",PLC控制器,实验执行&合成设备|实验室自动化与仪器集成|PLC控制与设备联锁|PLC控制器
通用实验仪器控制模块,Generic Laboratory Instrument Control Module,control_module,control_module,17,45,auto-append_data|auto-close_file|auto-create_new_file|auto-custom_command|auto-grab|auto-h5saver|auto-init_hardware|auto-init_hardware_ui|auto-insert_data|auto-manage_ui_actions|auto-module_and_data_saver|auto-quit_fun|auto-show_config|auto-show_log|auto-stop_grab|auto-thread_status|auto-update_status,这是一个面向实验室数据采集与运动控制系统的通用控制模块，用于统一管理探测器和执行器类仪器的初始化、采集触发、停止、数据保存和状态更新。根据现有证据，它并不对应某一特定物理仪器，而是用于实验自动化平台中的通用仪器控制组件。,"This is a generic control module for laboratory data acquisition and motion-control systems. It is used to manage detector- and actuator-type instruments, including hardware initialization, acquisition triggering, stopping, data saving, and status updates. Based on the available evidence, it does not correspond to a single specific physical instrument, but rather to a general instrument-control component used in lab automation.",数据采集与控制接口,实验执行&合成设备|实验室自动化与仪器集成|实验数据管理与记录|实验仪器数据采集与联机控制|数据采集与控制接口
RIEGL VZ-i系列地面激光扫描仪,RIEGL VZ-i Series terrestrial laser scanner,control_service,control_service,111,209,auto-acquisitionFinished|auto-acquisitionMode|auto-acquisitionStarted|auto-activeSdcStorageDevice|auto-activeSdcStorageDeviceChanged|auto-activeUsbStorageDevice|auto-activeUsbStorageDeviceChanged|auto-addRdbCreationTask|auto-addRegistrationTask|auto-backgroundTask|auto-backgroundTaskAdded|auto-backgroundTaskChanged|auto-backgroundTaskRemoved|auto-backgroundTasks|auto-cancelBackgroundTask|auto-canceled|auto-compassAccuracy|auto-connected|auto-deleteScanPattern|auto-environmentSensorsEnabled|auto-environmentSensorsEnabledChanged|auto-error|auto-errorMessage|auto-filePrefix|auto-forceGnss|auto-gnssAccuracy|auto-horizontalImageOverlap|auto-horizontalImageOverlapChanged|auto-imageCaptureMode|auto-imageCaptureModeChanged|auto-isBusy|auto-lastAcquisition|auto-lastScanSequence|auto-loadScanPattern|auto-maxDiameter|auto-maxPreviewHeight|auto-maxPreviewWidth|auto-maxRange|auto-maxReflectors|auto-media|auto-minDiameter|auto-minRange|auto-minReflectance|auto-mode|auto-models|auto-monitorStreamUri|auto-newMode|auto-oldMode|auto-overlap|auto-oversize|auto-pauseTask|auto-poseEstimationSettings|auto-poseEstimationSettingsChanged|auto-project|auto-reflectorScanSettings|auto-reflectorScanSettingsChanged|auto-reflectorSearchSettings|auto-reflectorSearchSettingsChanged|auto-registerProject|auto-registrationBranchPointChanged|auto-registrationBranchPoints|auto-registrationMode|auto-registrationModeChanged|auto-registrationResolveMta|auto-registrationResolveMtaChanged|auto-resolveMta|auto-restartTask|auto-restore|auto-resultJson|auto-resumeTask|auto-save|auto-saveScanPattern|auto-scanPatterns|auto-scanPatternsDetailed|auto-scanpatternDirFactory|auto-scanpatternDirUser|auto-scanposition|auto-setActiveSdcStorageDevice|auto-setActiveUsbStorageDevice|auto-setEnvironmentSensorsEnabled|auto-setHorizontalImageOverlap|auto-setImageCaptureMode|auto-setMaxPreviewHeight|auto-setMaxPreviewWidth|auto-setPoseEstimationSettings|auto-setReflectorScanSettings|auto-setReflectorSearchSettings|auto-setRegistrationBranchPoint|auto-setRegistrationMode|auto-setRegistrationResolveMta|auto-setStoreMeasurementStream|auto-setStoreMonitorStream|auto-setTaskMode|auto-startAcquisition|auto-startQuickscan|auto-startScanSequence|auto-stop|auto-storeMeasurementStream|auto-storeMeasurementStreamChanged|auto-storeMonitorStream|auto-storeMonitorStreamChanged|auto-success|auto-supportedReflectorSearchModels|auto-task|auto-taskFinished|auto-taskMode|auto-taskModeChanged|auto-taskProgress|auto-taskStarted|auto-taskStateChanged|auto-unregisterProject,这是一类用于地面三维测绘与建模的激光扫描仪，可执行扫描、快速扫描、反射片搜索与扫描、位姿估计、图像采集以及点云配准等任务，常用于测量、工程现场记录和空间三维重建。,"A terrestrial 3D laser scanner used for surveying and spatial documentation. It supports scan acquisition, quick scans, reflector target search and scans, pose estimation, image acquisition, and point-cloud registration for measurement, site documentation, and 3D reconstruction.",三维激光雷达,表征设备|三维感知与空间测绘|三维点云采集与重建|三维激光雷达
Picomotor 微位移电机控制器,Picomotor Controller,controller,controller,5,13,auto-command|auto-parse_command|auto-parse_reply|auto-send_command|auto-start_console,这是一种用于驱动和控制 Picomotor 微位移执行器的运动控制器，通常通过 USB 与计算机连接。它常用于实验室中的精密光学调整、镜架或平台的微小位移调节，以及需要高分辨率机械定位的场景。,"This is a motion controller for driving and controlling Picomotor micro-positioning actuators, typically connected to a computer via USB. It is commonly used in laboratories for fine optical alignment, small displacement adjustment of mounts or stages, and other applications requiring high-resolution mechanical positioning.",压电步进位移台控制器,表征设备|精密定位与运动控制|样品/探针定位与运动控制|压电步进位移台控制器
CoolLED pE系列显微镜LED照明控制器,CoolLED pE Series Microscope LED Illumination Controller,cool_led,cool_led,1,32,auto-devices,这是一类用于显微镜的多通道LED照明控制器与光源系统，常见于荧光显微成像。设备可提供多个独立波段通道（如A到H），用于激发不同荧光染料，并支持通道选择、开关和TTL触发控制。,"A multi-channel LED illumination controller and light source system for microscopes, commonly used in fluorescence imaging. It provides multiple independent wavelength channels (such as A to H) for exciting different fluorophores, with channel selection, on/off control, and TTL triggering.",LED光源控制器,表征设备|光学与光谱实验|显微成像与光学显微实验|LED光源控制器
VXI-11网络测试仪器,VXI-11 Network Test Instrument,core_client,core_client,43,51,auto-clear|auto-connect|auto-create_intr_chan|auto-create_link|auto-destroy_intr_chan|auto-destroy_link|auto-device_clear|auto-device_docmd|auto-device_enable_srq|auto-device_local|auto-device_lock|auto-device_read|auto-device_read_stb|auto-device_remote|auto-device_trigger|auto-device_unlock|auto-device_write|auto-finalize|auto-initialize|auto-local|auto-lock|auto-pack_create_link_parms|auto-pack_device_docmd_parms|auto-pack_device_enable_srq_parms|auto-pack_device_generic_parms|auto-pack_device_link|auto-pack_device_lock_parms|auto-pack_device_read_parms|auto-pack_device_remote_func_parms|auto-pack_device_write_parms|auto-read_raw|auto-read_stb|auto-remote|auto-trigger|auto-unlock|auto-unpack_create_link_resp|auto-unpack_device_docmd_resp|auto-unpack_device_error|auto-unpack_device_link|auto-unpack_device_read_resp|auto-unpack_device_read_stb_resp|auto-unpack_device_write_resp|auto-write_raw,支持 VXI-11 协议的以太网测试测量仪器，如示波器、信号源、频谱分析仪或数字万用表等。此类仪器可通过局域网接入实验室自动化系统，用于远程发送命令、读取测量数据、触发采集、读取状态以及进行远程/本地控制切换。,"A LAN-connected test and measurement instrument that supports the VXI-11 protocol, such as an oscilloscope, signal generator, spectrum analyzer, or digital multimeter. These instruments are used in laboratory automation for remote command and data transfer, triggering, status reading, and switching between remote and local control.",SCPI台式电子仪器,表征设备|实验室自动化与仪器集成|电子与电气测试|实验仪器数据采集与联机控制|实验仪器通信与驱动集成|SCPI台式电子仪器
Cornerstone 7400 单色仪,Cornerstone 7400 Monochromator,cornerstone7400,cornerstone7400,14,23,auto-GetChannelObject|auto-GetChannelPhase|auto-GetControlReady|auto-GetMax|auto-GetMin|auto-GetPos|auto-IsOn|auto-MoveTo|auto-TurnOff|auto-TurnOn|auto-getShutter|auto-getWavelength|auto-setShutter|auto-setWavelength,一款可电动调节输出波长并带有快门的光学单色仪，用于从宽带光源中选择窄带光，并在光谱测量、显微成像和材料光学表征实验中进行波长扫描与光路控制。,"A motorized optical monochromator with a shutter, used to select narrowband light from a broadband source and to perform wavelength scanning and light-path control in spectroscopy, microscopy, and optical characterization experiments.",单色仪,表征设备|光学与光谱实验|光谱采集与检测|单色仪
CPU片上温度传感器,CPU On-Die Temperature Sensor,cpu_temperature,cpu_temperature,13,44,auto-closed|auto-end_time|auto-event_delay|auto-host|auto-is_active|auto-load_average|auto-start_time|auto-temperature|auto-usage|auto-utc|auto-value|auto-wait_for_active|auto-wait_for_inactive,集成在处理器芯片内部的温度传感器，用于读取CPU热区温度。在实验室和计算平台中可用于热管理、过温告警、散热评估，以及负载测试过程中的温升监测。,"An integrated temperature sensor inside the processor used to read the CPU thermal-zone temperature. In laboratory and computing setups, it is used for thermal management, over-temperature alarms, cooling evaluation, and temperature-rise monitoring during load testing.",温度传感器,表征设备|环境控制与稳定性测试|热管理与温升监测|温度传感器
游戏手柄/操纵杆控制器,Joystick / Game Controller,create_joystick,create_joystick,18,33,auto-clear_scr|auto-create_joystick|auto-explain_config|auto-find_gyro|auto-init_js_device|auto-init_polling_js|auto-map_button_controls|auto-map_control_axis|auto-map_steering_throttle|auto-name_axes|auto-name_buttons|auto-parse_args|auto-poll|auto-print_config|auto-revisit_topic|auto-run|auto-shutdown|auto-write_python_class_file,一种带按键、摇杆或扳机轴的手持控制器，部分型号还带陀螺仪。设备可作为 Linux 输入设备读取，用于实验中的机器人或小车手动遥控，以及按键、轴和转向/油门控制映射配置。,"A handheld controller with buttons, sticks, and trigger axes, with some models also providing a gyroscope. It is used as a Linux input device for manual control of robots or small vehicles in lab setups, and for configuring button, axis, steering, and throttle mappings.",操纵杆/游戏手柄控制器,实验执行&合成设备|机器人与移动平台|移动机器人与自动驾驶实验|操纵杆/游戏手柄控制器
CRSF遥控器桥接接口,CRSF Remote Controller Bridge,crsf_joy_bridge,crsf_joy_bridge,5,17,auto-destroy_node|auto-handle_crsf_packet|auto-publish_joy|auto-serial_reader|auto-start_serial,这是一类基于 CRSF 控制链路的手持遥控器/接收接口，用于把摇杆与开关输入传给机器人系统。在实验室中，它常用于对移动机器人或四足机器人进行人工遥操作、模式切换和基础运动控制。,"This is a CRSF-based handheld remote controller and receiver interface used to pass stick and switch inputs into a robotic system. In laboratory use, it is commonly used for manual teleoperation, mode switching, and basic motion control of mobile robots or quadrupeds.",遥控接收桥接接口,实验执行&合成设备|机器人与移动平台|移动机器人与自动驾驶实验|足式机器人控制与感知实验|遥控接收桥接接口
CryoTel GT 低温制冷机,CryoTel GT cryocooler,cryo_tel_gt,cryo_tel_gt,23,42,auto-at_temperature_band|auto-control_mode|auto-errors|auto-ki|auto-kp|auto-power|auto-power_current_and_limits|auto-power_max|auto-power_min|auto-power_setpoint|auto-query|auto-query_multiline|auto-reset|auto-save_control_mode|auto-sendcmd|auto-serial_number|auto-state|auto-stop|auto-stop_mode|auto-temperature|auto-temperature_setpoint|auto-thermostat|auto-thermostat_status,CryoTel GT 是一款实验室低温制冷机，用于为低温实验提供受控冷量。它可按温度或功率设定运行，并可监测温度、功率、恒温模式、停止状态及故障信息，适合需要稳定低温环境的实验装置。,"The CryoTel GT is a laboratory cryocooler used to provide controlled cooling for low-temperature experiments. It can operate with temperature or power setpoints and supports monitoring of temperature, power, thermostat mode, stop state, and fault conditions, making it suitable for setups that require a stable cryogenic environment.",低温制冷机,实验执行&合成设备|低温与量子测量|低温实验温控与制冷|低温制冷机
ER 88027 电流源,ER 88027 Current Source,current__source_er_88027,current__source_er_88027,3,13,auto-measureR|auto-measurei|auto-seti,ER 88027 是一台实验室电流源与电学测量设备，可输出设定电流，并读取实际电流和电阻值，适用于器件偏置、样品电阻表征及常规电学测试。,"The ER 88027 is a laboratory current source and electrical measurement instrument that can output a set current and read back current and resistance. It is used for device biasing, sample resistance characterization, and general electrical testing.",源测单元模块,表征设备|电子与电气测试|电子器件供电与台架测试|源测单元模块
化学气相沉积系统,Chemical Vapor Deposition (CVD) System,cvd_control,cvd_control,7,14,auto-apply_setpoints|auto-open_recipe|auto-return_ui_fields|auto-save_recipe|auto-start_recipe|auto-stop_recipe|auto-update_plot,一种带加热与工艺气体流量控制的化学气相沉积设备，用于在实验室中按配方控制温度和气氛，实现薄膜沉积与材料生长。,"A chemical vapor deposition system with heating and process-gas flow control, used in laboratories to run recipes with defined temperature and gas conditions for thin-film deposition and materials growth.",化学气相沉积设备,实验执行&合成设备|表面/薄膜体系|气体输送与过程控制|化学气相沉积设备|化学气相沉积与薄膜生长
Arbin电池循环测试仪,Arbin Battery Cycler,cycler_interface,cycler_interface,1,15,auto-read_channel_status,多通道电池循环测试仪，用于对电池或电芯进行充放电循环测试、通道状态监测和性能评估，常用于电池研发与测试实验室。,"A multi-channel battery cycler used for charge-discharge cycling tests, channel status monitoring, and performance evaluation of batteries or cells in battery R&D and testing laboratories.",电池测试柜,表征设备|电化学测试与分析|电源与电池测试|电池测试柜
BioTek Cytation微孔板成像读板仪,BioTek Cytation Plate Reader Imager,cytation_backend,cytation_backend,17,39,auto-capture|auto-filters|auto-led_off|auto-led_on|auto-objectives|auto-select|auto-set_auto_exposure|auto-set_exposure|auto-set_focus|auto-set_gain|auto-set_imaging_mode|auto-set_objective|auto-set_position|auto-start_acquisition|auto-stop_acquisition|auto-supports_cooling|auto-supports_heating,Cytation是一类带显微成像功能的微孔板读板仪，可对多孔板样品进行自动对焦、位移扫描、明场或滤光片成像，并支持相机曝光、增益、物镜和照明设置。它常用于细胞培养板成像、荧光/明场观察以及自动化板式实验的数据采集。,"The Cytation is a microplate reader with integrated microscopy-style imaging. It can autofocus, move across wells, perform brightfield or filtered imaging, and control camera exposure, gain, objectives, and illumination. It is commonly used for imaging cell culture plates, fluorescence or brightfield observation, and automated data collection in plate-based assays.",酶标仪|荧光显微镜|微孔板成像读板仪,表征设备|生命体系|细胞生物学研究|微孔板检测与高通量筛选|显微成像与光学显微实验|酶标仪|荧光显微镜|微孔板成像读板仪
Cytomat微孔板自动培养存储系统,Cytomat Automated Microplate Incubator Storage System,cytomat_backend,cytomat_backend,43,59,auto-action_exposed_to_storage|auto-action_exposed_to_wait|auto-action_read_barcode|auto-action_storage_to_exposed|auto-action_storage_to_transfer|auto-action_storage_to_wait|auto-action_transfer_to_storage|auto-action_transfer_to_wait|auto-action_wait_to_exposed|auto-action_wait_to_storage|auto-action_wait_to_transfer|auto-close_door|auto-fetch_plate_to_loading_tray|auto-get_action_register|auto-get_co2|auto-get_error_register|auto-get_humidity|auto-get_incubation_query|auto-get_o2|auto-get_overview_register|auto-get_sensor_register|auto-get_swap_register|auto-get_temperature|auto-get_warning_register|auto-init_shakers|auto-initialize|auto-open_door|auto-reset_error_register|auto-send_action|auto-send_command|auto-serialize|auto-set_racks|auto-set_shaking_frequency|auto-set_temperature|auto-setup|auto-shovel_in|auto-shovel_out|auto-start_shaking|auto-stop|auto-stop_shaking|auto-take_in_plate|auto-wait_for_task_completion|auto-wait_for_transfer_station,这是一种用于微孔板自动存取、培养和转运的实验室培养存储设备，带有内部存储位、传送位和外部暴露位，可控制温度、CO2、湿度和O2，并支持振荡和条码读取。常用于细胞培养、高通量筛选和自动化工作站中的板管理。,"This is an automated laboratory incubator and storage system for microplates, with internal storage positions, a transfer station, and an external exposed position. It can control temperature, CO2, humidity, and O2, and supports shaking and barcode reading. It is commonly used for cell culture, high-throughput screening, and automated plate management workflows.",组织培养试验箱|微孔板自动培养存储系统,器件/细胞设备|物流/机械|生命体系|细胞生物学研究|微孔板样品孵育与混匀|微孔板检测与高通量筛选|组织培养试验箱|微孔板自动培养存储系统
英特尔 RealSense D435 深度相机,Intel RealSense D435 Depth Camera,d435_rgb_stream,d435_rgb_stream,3,16,auto-camera_response_callback|auto-process_and_queue_image|auto-setup_ffmpeg_stream,一款面向机器人与机器视觉实验的 RGB-D 深度相机，可采集彩色图像并支持空间感知。该设备常用于目标观察、场景记录、视觉算法测试和实验过程的实时视频采集；从当前证据看，此处主要使用其 RGB 视频输出能力。,"An RGB-D depth camera for robotics and machine vision experiments, capable of capturing color images and supporting spatial perception. It is commonly used for target observation, scene recording, vision algorithm testing, and live video capture during experiments; based on the available evidence, the RGB video output is the primary function used here.",工业相机|RGB-D深度相机,表征设备|机器人与移动平台|三维感知与空间测绘|实验成像与机器视觉|移动机器人与自动驾驶实验|工业相机|RGB-D深度相机
通用实验探测器,Generic Laboratory Detector,daq__detector,daq__detector,8,79,auto-close|auto-data_ready|auto-emit_temp_data|auto-grab_data|auto-ini_detector|auto-queue_command|auto-single|auto-update_settings,一种用于实验室测量的数据探测设备，泛指可输出测量信号或图像的检测仪器，如光电探测器、相机或其他科学传感器。它通常用于采集单次或连续实验数据，并将结果提供给实验控制与分析系统。,"A laboratory measurement detector used to acquire experimental signals or images, broadly covering instruments such as photodetectors, cameras, or other scientific sensors. It is typically used for single-shot or continuous data acquisition and provides measurement results to laboratory control and analysis systems.",通用实验探测器,表征设备|实验室自动化与仪器集成|智慧表征与检测中心|实验仪器数据采集与联机控制|通用实验探测器
电动位移执行器,Motorized Positioning Actuator,daq__move,daq__move,28,67,auto-actuator|auto-append_data|auto-axis_name|auto-child_added|auto-connect_leco|auto-connect_tcp_ip|auto-grab|auto-init_hardware|auto-master|auto-move|auto-move_abs|auto-move_home|auto-move_rel|auto-move_rel_m|auto-move_rel_p|auto-param_deleted|auto-process_tcpip_cmds|auto-process_ui_cmds|auto-quit_fun|auto-raise_timeout|auto-setup_continuous_saving|auto-stop_grab|auto-stop_motion|auto-thread_status|auto-units|auto-update_plugin_config|auto-update_settings|auto-value_changed,一种用于实验室自动定位与扫描的电动运动装置，可驱动样品、探头或光学元件沿一个或多个轴进行绝对移动、相对移动、回零和停止，并返回当前位置与轴信息。常见形式包括电动位移台、旋转台或其他机电执行器，常用于对准、扫描和自动化测量。,"A motorized motion device used for laboratory positioning and scanning. It can move samples, probes, or optical components along one or more axes with absolute moves, relative moves, homing, and stop control, while reporting current position and axis information. Typical examples include motorized translation stages, rotation stages, and other electromechanical actuators used for alignment, scanning, and automated measurements.",电动定位台,物流/机械|精密定位与运动控制|实验室自动化与仪器集成|样品/探针定位与运动控制|电动定位台
电动位移台执行器,Motorized Stage Actuator,daq__move__hardware,daq__move__hardware,11,67,auto-Move_Stoped|auto-check_position|auto-close|auto-ini_stage|auto-move_abs|auto-move_done|auto-move_home|auto-move_rel|auto-queue_command|auto-stop_motion|auto-update_settings,一种用于线性或旋转定位的电动执行器/位移台，可进行初始化、回零、绝对与相对移动、位置读取和停止运动，常用于光学对准、样品定位及实验自动化扫描。,"A motorized actuator or positioning stage used for linear or rotational positioning. It supports initialization, homing, absolute and relative moves, position readback, and motion stop, and is commonly used for optical alignment, sample positioning, and automated laboratory scanning.",电动定位台,物流/机械|精密定位与运动控制|样品/探针定位与运动控制|电动定位台
通用TCP探测器/数据采集设备,Generic TCP Detector / Data Acquisition Instrument,daq__viewer_tcp_server,daq__viewer_tcp_server,13,40,auto-close|auto-command_done|auto-command_to_from_client|auto-commit_settings|auto-data_ready|auto-grab_data|auto-ini_detector|auto-read_data|auto-send_data|auto-set_0D_Mock_data|auto-set_1D_Mock_data|auto-set_2D_Mock_data|auto-stop,这是一类通过 TCP/IP 与上位机通信的通用实验探测器或数据采集设备，可输出标量、一维曲线或二维图像数据。它适合把远程传感器、线阵/面阵探测器、相机或其他测量前端接入实验自动化系统，用于实时采集、传输和显示测量结果。,"This is a generic laboratory detector or data acquisition instrument that communicates with a host computer over TCP/IP and can provide scalar, 1D trace, or 2D image data. It is suitable for integrating remote sensors, line or area detectors, cameras, or other measurement front ends into an automated lab system for real-time acquisition, transfer, and display of measurement data.",数据采集与控制接口|网络化数据采集仪,表征设备|实验室自动化与仪器集成|智慧表征与检测中心|实验仪器数据采集与联机控制|实验仪器通信与驱动集成|数据采集与控制接口|网络化数据采集仪
扫描采集控制模块,DAQ Scan Acquisition Control Module,daq_scan,daq_scan,43,61,auto-check_number_type_viewers|auto-clear_plot_from|auto-close_file|auto-create_dataset_settings|auto-create_new_file|auto-do_scan|auto-exit_runner_thread|auto-h5saver|auto-load_file|auto-loop_scan_batch|auto-module_and_data_saver|auto-move_at|auto-move_to_crosshair|auto-plot_from|auto-prepare_viewers|auto-process_ui_cmds|auto-quit_fun|auto-save_file|auto-save_metadata|auto-save_temp_live_data|auto-set_config|auto-set_ini_positions|auto-set_metadata_about_current_scan|auto-set_metadata_about_dataset|auto-set_scan|auto-set_scan_batch|auto-setup_ui|auto-show_batcher|auto-show_file_attributes|auto-show_file_content|auto-show_log|auto-show_navigator|auto-show_scan_selector|auto-start_scan|auto-start_scan_batch|auto-stop_scan|auto-thread_status|auto-update_actuators|auto-update_file_settings|auto-update_live_plots|auto-update_scan_info|auto-update_status|auto-value_changed,用于实验室自动扫描测量的控制模块，可协调执行器与探测器完成位置扫描、实时绘图、批量扫描以及 HDF5 数据保存，常用于显微成像、光谱映射和多参数测量实验。,"A laboratory scan-acquisition control module used to coordinate actuators and detectors for automated scans, live plotting, batch runs, and HDF5 data saving. It is commonly used in microscopy, spectral mapping, and multiparameter measurement workflows.",数据采集与控制接口|扫描采集控制模块,表征设备|实验室自动化与仪器集成|实验仪器数据采集与联机控制|样品/探针定位与运动控制|显微成像与光学显微实验|光谱采集与检测|数据采集与控制接口|扫描采集控制模块
PyMoDAQ 实验控制仪表板,PyMoDAQ Experiment Control Dashboard,dash_board,dash_board,72,89,auto-activate_overshoot|auto-activate_remote|auto-activate_shortcut|auto-add_det|auto-add_det_from_extension|auto-add_move|auto-add_move_from_extension|auto-add_status|auto-check_update|auto-clear_move_det_controllers|auto-connect_things|auto-create_activated_shortcut|auto-create_menu_slot|auto-create_menu_slot_ext|auto-create_menu_slot_over|auto-create_menu_slot_remote|auto-create_menu_slot_roi|auto-create_overshoot|auto-create_preset|auto-create_remote|auto-create_roi_file|auto-do_stuff_from_out_bounds|auto-init_pygame|auto-load_adaptive|auto-load_bayesian|auto-load_console|auto-load_datamixer|auto-load_extension_from_name|auto-load_extensions_module|auto-load_layout_state|auto-load_log_module|auto-load_pid_module|auto-load_scan_module|auto-modify_overshoot|auto-modify_preset|auto-modify_remote|auto-modify_roi|auto-override_det_from_extension|auto-parameter_tree_changed|auto-poll_init|auto-pygame_loop|auto-quit_fun|auto-remove_actuators|auto-remove_detectors|auto-remove_modules|auto-remove_preset_related_files|auto-restart_fun|auto-save_layout_state|auto-save_layout_state_auto|auto-set_extra_preset_params|auto-set_file_preset|auto-set_overshoot_configuration|auto-set_preset_mode|auto-set_preset_path|auto-set_remote_configuration|auto-set_roi_configuration|auto-setup_actions|auto-setup_docks|auto-setup_menu|auto-show_about|auto-show_config|auto-show_file_attributes|auto-show_help|auto-show_log|auto-start_plugin_manager|auto-stop_moves|auto-stop_moves_from_overshoot|auto-update_init_tree|auto-update_module_manager|auto-update_preset_action|auto-update_preset_action_list|auto-update_status,这是一个面向实验室自动化与数据采集的图形化控制面板软件，用于集中管理探测器、运动执行器、扫描、日志、PID 和扩展模块，便于搭建实验流程、监控状态并组织测量任务。,"This is a graphical laboratory automation and data acquisition dashboard used to centrally manage detectors, motion actuators, scans, logging, PID tools, and extension modules, helping users organize experiments, monitor status, and run measurement workflows.",数据采集与控制接口|实验控制仪表板,实验执行&合成设备|表征设备|实验室自动化与仪器集成|实验仪器数据采集与联机控制|实验仪器通信与驱动集成|数据采集与控制接口|实验控制仪表板
数据采集设备,Data Acquisition Device,data_device,data_device,8,139,auto-abort|auto-disable|auto-enable|auto-grab_next_data|auto-receiveClient|auto-receiveData|auto-set_client|auto-update_settings,通用实验数据采集设备，用于从实验硬件获取测量数据，并在显微镜成像、数字信号采集或传感器记录等场景中按触发或连续方式输出数据。,"A generic laboratory data acquisition device used to collect measurement data from experimental hardware and output it in triggered or continuous operation, such as in microscopy imaging, digital signal capture, or sensor logging.",高速数据采集系统|模拟输入数据采集模块|数据采集与控制接口,表征设备|实验室自动化与仪器集成|智慧表征与检测中心|实验仪器数据采集与联机控制|瞬态信号采集与同步触发测量|显微成像与光学显微实验|电压监测与传感器信号采集|高速数据采集系统|模拟输入数据采集模块|数据采集与控制接口
实验数据分组,Data Group,data_group,data_group,18,41,auto-append_data_group|auto-append_display_item|auto-connect_display_items|auto-counted_display_items|auto-create_proxy|auto-data_groups|auto-disconnect_display_items|auto-display_item_specifiers|auto-display_items|auto-insert_data_group|auto-insert_display_item|auto-item_specifier|auto-project|auto-remove_data_group|auto-remove_display_item|auto-subtract_counted_display_items|auto-title|auto-update_counted_display_items,这是实验数据分析软件中的数据分组对象，用于在项目内组织显示项和子分组，便于分层管理图像、谱图等实验结果。它不是物理实验仪器。,"This is a data-group object in scientific data analysis software, used to organize display items and nested groups within a project for hierarchical management of images, spectra, and other experimental results. It is not a physical laboratory device.",科学数据分组管理对象,后处理设备|实验数据管理与记录|显微成像与光学显微实验|光谱采集与检测|科学数据分组管理对象
数据项,Data Item,data_item,data_item,108,198,auto-add_display_data_channel|auto-caption|auto-category|auto-clone|auto-close|auto-collection_dimension_count|auto-combine_display_title|auto-combine_placeholder_title|auto-combine_source_titles|auto-computation_title_changed|auto-create_proxy|auto-created|auto-created_local|auto-created_local_as_string|auto-data|auto-data_and_metadata|auto-data_descriptor|auto-data_dtype|auto-data_item_changes|auto-data_metadata|auto-data_modified|auto-data_ref|auto-data_shape|auto-data_source_changes|auto-data_updated|auto-date_for_sorting|auto-date_for_sorting_local|auto-date_for_sorting_local_as_string|auto-datum_dimension_count|auto-datum_dimension_shape|auto-decrement_data_ref_count|auto-delete_metadata_value|auto-description|auto-dimensional_calibrations|auto-dimensional_shape|auto-display_data_channels|auto-dynamic_title|auto-dynamic_title_enabled|auto-finalize|auto-get_data_value|auto-get_metadata_value|auto-has_data|auto-has_metadata_value|auto-humanbytes|auto-in_transaction_state|auto-increment_data_ref_count|auto-intensity_calibration|auto-is_collection|auto-is_data_1d|auto-is_data_2d|auto-is_data_3d|auto-is_data_4d|auto-is_data_bool|auto-is_data_complex_type|auto-is_data_loaded|auto-is_data_rgb|auto-is_data_rgb_type|auto-is_data_rgba|auto-is_data_scalar_type|auto-is_datum_1d|auto-is_datum_2d|auto-is_live|auto-is_sequence|auto-is_unloadable|auto-item_specifier|auto-metadata|auto-notify_property_changed|auto-persistent_object_context_changed|auto-placeholder_title_stream|auto-project|auto-properties|auto-queue_partial_update|auto-read_from_dict|auto-remove_display_data_channel|auto-reserve_data|auto-session|auto-session_data|auto-session_id|auto-session_metadata|auto-set_data|auto-set_data_and_metadata|auto-set_data_and_metadata_partial|auto-set_dimensional_calibration|auto-set_dimensional_calibrations|auto-set_dynamic_title_by_id|auto-set_intensity_calibration|auto-set_metadata_value|auto-set_pending_xdata|auto-set_session_manager|auto-set_xdata|auto-size_and_data_format_as_string|auto-snapshot|auto-source|auto-source_data_items_changed|auto-source_file_path|auto-source_specifier|auto-storage_space_string|auto-storage_string|auto-timezone|auto-timezone_offset|auto-title|auto-title_stream|auto-update_dynamic_title|auto-update_session|auto-update_to_pending_xdata|auto-write_data_if_not_delayed|auto-write_to_dict|auto-xdata,用于科学成像与实验数据管理的软件数据对象，表示一个实验数据集及其标题、说明、会话信息、元数据、校准信息和显示关联，适用于显微成像等实验数据的整理、查看与分析流程。,"A software data object for scientific imaging and laboratory data management. It represents an experimental dataset together with its title, notes, session information, metadata, calibrations, and display associations, for use in organizing, viewing, and analyzing lab data such as microscopy results.",实验数据集对象,后处理设备|实验数据管理与记录|显微成像与光学显微实验|光谱采集与检测|实验数据集对象
数据混合扩展,Data Mixer Extension,data_mixer,data_mixer,16,26,auto-connect_detectors|auto-connect_things|auto-create_computed_detectors|auto-ini_model|auto-plot_computed_results|auto-process_data|auto-quit_fun|auto-set_model|auto-setup_actions|auto-setup_docks|auto-setup_menu|auto-snap|auto-update_connect_detectors|auto-update_model_settings_from_action|auto-validate_config|auto-value_changed,这是一个用于实验测控流程的数据处理扩展，而非可明确识别的独立物理仪器。它用于汇集多个探测器的数据，按选定模型进行处理，生成计算结果或虚拟探测器信号，并用于实时快照、结果可视化和实验数据融合。,"This appears to be a data-processing extension rather than a clearly identifiable standalone physical instrument. It is used in laboratory measurement workflows to combine data from multiple detectors, process them with a selected model, generate computed or virtual detector signals, and support real-time snapshots, visualization, and data fusion.",实验数据融合处理器,表征设备|实验室自动化与仪器集成|智慧表征与检测中心|实验仪器数据采集与联机控制|多探测器数据融合与虚拟探测|实验数据融合处理器
显微图像数据源,Microscopy Image Data Source,data_source,data_source,13,27,auto-close|auto-data|auto-get_data|auto-get_shape_from_metadata|auto-mode|auto-nbytes|auto-read|auto-set_metadata|auto-set_metadata_from_configuration_experiment|auto-setup|auto-shape|auto-voxel_size|auto-write,用于在显微镜实验中保存、读取和组织多维图像数据及其元数据的数据源对象，可管理体素尺寸、XYCZT 维度、时间点、通道和 Z 层等信息，常用于实验成像数据的存储与访问。,"A data source used to store, read, and organize multidimensional microscopy image data and its metadata. It manages information such as voxel size, XYCZT dimensions, timepoints, channels, and z planes, and is commonly used for storing and accessing experimental imaging datasets.",多维显微图像数据源,后处理设备|实验数据管理与记录|显微成像与光学显微实验|实验成像与机器视觉|多维显微图像数据源
数字解调模块,Digital Demodulation Module,dd_mq,dd_mq,11,96,auto-add_additional_parameters|auto-add_parameter|auto-add_parameters|auto-ask|auto-connect_message|auto-get_idn|auto-get_time|auto-log|auto-prepare_DSB_weight_and_rotation|auto-prepare_SSB_weight_and_rotation|auto-set_time,这是一种面向量子测量实验的数字解调仪器，带有ADC通道，用于采集并数字解调读出信号。它可为单边带或双边带读出配置积分权重与旋转矩阵，并支持相关性、误差分数等测量相关设置，常用于超导量子比特读出与状态判别。,"This is a digital demodulation instrument for quantum measurement experiments, with ADC channels for acquiring and digitally demodulating readout signals. It can be configured with integration weights and rotation matrices for single-sideband or double-sideband readout, and supports measurement-related settings such as correlations and error fractions. It is commonly used for superconducting qubit readout and state discrimination.",数字解调仪,表征设备|低温与量子测量|量子比特脉冲控制与读出|数字解调仪
DDS信号源,DDS signal generator,dds_quantity,dds_quantity,38,74,auto-add_device|auto-add_instruction|auto-apply_calibration|auto-clock_limit|auto-constant|auto-customramp|auto-disable|auto-do_checks|auto-enable|auto-exp_ramp|auto-exp_ramp_t|auto-expand_timeseries|auto-generate_code|auto-get_all_outputs|auto-get_change_times|auto-get_ramp_times|auto-go_high|auto-go_low|auto-instruction_to_string|auto-make_timeseries|auto-offset_instructions_from_trigger|auto-piecewise_accel_ramp|auto-pulse|auto-ramp|auto-repeat_pulse_sequence|auto-setamp|auto-setfreq|auto-setphase|auto-sine|auto-sine4_ramp|auto-sine4_reverse_ramp|auto-sine_ramp|auto-square_wave|auto-square_wave_levels|auto-static_value|auto-trigger|auto-trigger_delay|auto-wait_delay,基于直接数字合成的可编程信号源，可按实验时序设置输出的频率、幅度和相位，并可通过数字门控实现开关和脉冲输出。常用于原子物理、量子光学和精密测量实验中的AOM/EOM驱动、本振提供和相干控制。,"A direct-digital-synthesis signal source with programmable frequency, amplitude, and phase, often with digital gating for on/off control and timed pulses. It is commonly used in atomic physics, quantum optics, and precision measurement experiments for AOM/EOM driving, local oscillator generation, and coherent control.",射频信号发生器,实验执行&合成设备|量子光学与光子测量|光学与光谱实验|激光激发与光谱测量|脉冲激励与时序控制|射频信号发生器
调试回显测试设备,Debug Echo Test Device,debug_echo_device,debug_echo_device,2,12,auto-doInitializeDevice|auto-doShutdownDevice,一种通用的调试/占位测试设备，用于实验室自动化系统中的通信联调、流程验证和日志检查。它不对应明确的专用实验仪器功能，更适合在设备接入前或开发阶段验证初始化、关闭和控制链路是否正常。,"A generic debug and placeholder test device used in laboratory automation for communication checks, workflow validation, and logging verification. It does not clearly correspond to a specific lab instrument function, and is mainly suited for validating initialization, shutdown, and control pathways during development or system integration.",调试回显设备,物流/机械|实验室自动化与仪器集成|实验仪器通信与驱动集成|调试回显设备
通用调试物理设备,Debug Physical Device,debug_physical_device,debug_physical_device,2,39,auto-doInitializeDevice|auto-doShutdownDevice,一种未指明型号的通用实验室物理设备占位对象，用于表示可被系统初始化和关闭的硬件设备。现有证据仅表明其适合测试实验设备的基本上电、连接和关机流程，无法确定具体仪器类型或测量功能。,"A generic placeholder for an unspecified laboratory physical device that can be initialized and shut down by the system. The available evidence only supports basic hardware lifecycle use such as power-up, connection, and shutdown testing; no specific instrument type or measurement function can be identified.",通用实验设备占位器,物流/机械|实验室自动化与仪器集成|实验仪器通信与驱动集成|实验仪器数据采集与联机控制|通用实验设备占位器
调试端口,Debug Port,debug_port,debug_port,8,18,auto-bytesAvailable|auto-close|auto-flush|auto-open|auto-processInputBuffers|auto-readData|auto-writeData|auto-writeToOutputBuffer,用于开发和测试的虚拟调试通信端口，可模拟连接开启与关闭、缓冲区数据读写以及简单的回显处理，常用于验证实验室软件中的通信流程和数据收发逻辑。,"A virtual debug communication port used for development and testing. It simulates opening and closing a connection, buffered data read/write operations, and simple echo-style processing for validating laboratory communication workflows and data transfer logic.",调试通信端口,物流/机械|实验室自动化与仪器集成|实验仪器通信与驱动集成|实验仪器数据采集与联机控制|调试通信端口
ISO-DEBYEFLEX 3003 X射线发生器,ISO-DEBYEFLEX 3003 X-ray generator,debyeflex3003,debyeflex3003,21,28,auto-activate_timer|auto-close_shutter|auto-deactivate_timer|auto-get_actual_current|auto-get_actual_time|auto-get_actual_voltage|auto-get_nominal_current|auto-get_nominal_time|auto-get_nominal_voltage|auto-get_status|auto-init|auto-lock_keyboard|auto-open_shutter|auto-read|auto-set_current|auto-set_high_voltage_off|auto-set_high_voltage_on|auto-set_timer|auto-set_voltage|auto-unlock_keyboard|auto-write,ISO-DEBYEFLEX 3003 是由 Rich. Seifert & Co. 相关系列使用的实验室 X 射线发生器/管系统，可设置管电流和高压、控制快门并进行定时曝光，常作为 X 射线衍射及材料表征实验的辐射源。,"The ISO-DEBYEFLEX 3003 is a laboratory X-ray generator/tube system associated with Rich. Seifert & Co. equipment, with controllable tube current, high voltage, shutter control, and timed exposure. It is commonly used as an X-ray source for diffraction and materials characterization experiments.",X射线发生器,表征设备|智慧表征与检测中心|物化表征测试中心|X射线衍射与材料表征|X射线发生器
DecaDAC多通道数模转换电压源,DecaDAC Multi-Channel DAC Voltage Source,decadac,decadac,10,38,auto-ask|auto-connect_message|auto-end_script|auto-get_idn|auto-ramp_all|auto-run_script|auto-set_all|auto-start_script|auto-trigger|auto-write,DecaDAC是一种多通道数模转换电压源，可输出可编程直流电压，并支持通道统一设定、斜坡扫描、触发和脚本序列控制。它常用于实验室中为器件提供偏置电压、进行参数扫描，以及执行需要多路稳定电压输出的自动化测量。,"The DecaDAC is a multi-channel digital-to-analog voltage source that provides programmable DC outputs and supports global channel setting, voltage ramping, triggering, and scripted sequences. It is commonly used in laboratories to bias devices, perform parameter sweeps, and automate measurements requiring multiple stable voltage outputs.",可编程直流电源,实验执行&合成设备|电子与电气测试|电源与电池测试|电子器件供电与台架测试|可编程直流电源
TCA6408A 八位 I²C GPIO 扩展器,TCA6408A 8-bit I2C GPIO Expander,decoder,decoder,12,20,auto-check_correct_chip|auto-decode|auto-flush|auto-handle_reg_0x00|auto-handle_reg_0x01|auto-handle_reg_0x02|auto-handle_reg_0x03|auto-handle_write_reg|auto-put_logic_states|auto-putx|auto-reset|auto-start,TCA6408A 是一款通过 I²C 接口提供 8 路可配置数字输入/输出的 GPIO 扩展芯片，常用于嵌入式原型、测试夹具和实验电路中扩展微控制器的数字引脚。它支持输入端口读取、输出端口控制、极性反转以及引脚方向配置。,"The TCA6408A is an 8-bit GPIO expander that adds configurable digital input/output lines over an I2C interface. It is commonly used in embedded prototypes, test fixtures, and lab electronics to expand the digital I/O of a microcontroller, with support for input reading, output control, polarity inversion, and pin direction configuration.",数据采集与控制接口,实验执行&合成设备|实验室自动化与仪器集成|电子与电气测试|实验仪器通信与驱动集成|实验室快速原型与工装制造|数据采集与控制接口
PyMCA/SPEC 数据文件写入器,PyMCA/SPEC Data File Writer,default_writer,default_writer,3,12,auto-close|auto-writeData|auto-writeHeader,用于实验扫描数据采集流程的文件写入组件，可生成类似 PyMCA/SPEC 格式的输出文件，写入测量头信息、扫描设备信息和数据点，便于后续分析、可视化与归档。,"A data-writing component used in experimental scan acquisition workflows. It generates PyMCA/SPEC-like output files, recording measurement headers, scan device information, and data points for later analysis, visualization, and archiving.",实验扫描数据文件,表征设备|智慧表征与检测中心|实验数据管理与记录|追加式实验记录与索引访问|实验扫描数据文件
S6-40可编程直流电源,S6-40 Programmable DC Power Supply,delta__electronics_s6_40,delta__electronics_s6_40,3,17,auto-measureR|auto-measurei|auto-seti,S6-40是一台实验室用可编程直流电源，可向外部负载提供受控直流电流，并监测输出电流及负载电阻等状态。它常用于器件供电、线圈或加热负载驱动以及一般电学测试。,"The S6-40 is a laboratory programmable DC power supply that delivers controlled DC current to an external load and can monitor quantities such as output current and load resistance. It is commonly used for powering devices, driving coils or resistive loads, and general electrical testing.",可编程直流电源,实验执行&合成设备|电子与电气测试|电源与电池测试|电子器件供电与台架测试|可编程直流电源
通用USB设备,Generic USB Device,device,device,18,88,auto-attach_kernel_driver|auto-backend|auto-clear_halt|auto-configurations|auto-ctrl_transfer|auto-detach_kernel_driver|auto-get_active_configuration|auto-is_kernel_driver_active|auto-langids|auto-manufacturer|auto-parent|auto-product|auto-read|auto-reset|auto-serial_number|auto-set_configuration|auto-set_interface_altsetting|auto-write,通过USB连接到计算机的通用设备或实验仪器。此类设备可被主机枚举、配置，并通过控制端点及数据端点进行读写通信，适用于实验室中对各类USB接口仪器进行识别、配置和基础数据交换。,"A general USB-connected device or laboratory instrument. Such a device can be enumerated and configured by a host computer and communicated with through control and data endpoints, making it suitable for identifying, configuring, and exchanging basic data with USB instruments in the lab.",USB仪器通信接口,实验执行&合成设备|实验室自动化与仪器集成|实验仪器数据采集与联机控制|实验仪器通信与驱动集成|USB仪器通信接口
通用USB设备,Generic USB Device,device_handle,device_handle,15,30,auto-bulkRead|auto-bulkWrite|auto-claimInterface|auto-clearHalt|auto-controlMsg|auto-detachKernelDriver|auto-getDescriptor|auto-getString|auto-interruptRead|auto-interruptWrite|auto-releaseInterface|auto-reset|auto-resetEndpoint|auto-setAltInterface|auto-setConfiguration,通过USB总线连接的通用设备或实验仪器接口对象，可执行控制传输、批量传输和中断传输，并管理端点、接口、配置与描述符读取。适合用于与各类USB连接的实验室设备进行底层通信和枚举。,"A generic USB-connected device or laboratory instrument interface that supports control, bulk, and interrupt transfers, along with endpoint, interface, configuration, and descriptor management. It is suitable for low-level communication and enumeration of various USB-connected lab devices.",USB仪器通信接口,实验执行&合成设备|实验室自动化与仪器集成|实验仪器数据采集与联机控制|实验仪器通信与驱动集成|USB仪器通信接口
HORIBA SpectrAcq3 光谱采集系统,HORIBA SpectrAcq3 Spectral Acquisition System,device_manager,device_manager,5,21,auto-discover_devices|auto-start|auto-start_icl|auto-stop|auto-stop_icl,一套用于实验室光谱测量的光学采集系统，可与单色仪和 CCD 探测器等部件配合使用，完成仪器连接、设备识别与光谱数据采集准备，常用于科研中的光谱分析与测量实验。,"An optical acquisition system for laboratory spectroscopy, used together with components such as monochromators and CCD detectors to support instrument connection, device discovery, and preparation for spectral data acquisition in research measurements.",扫描采集控制模块,表征设备|智慧表征与检测中心|光学与光谱实验|光谱采集与检测|扫描采集控制模块
Rotrics DexArm 桌面机械臂,Rotrics DexArm Desktop Robotic Arm,dexarm,dexarm,23,33,auto-air_picker_nature|auto-air_picker_pick|auto-air_picker_place|auto-air_picker_stop|auto-close|auto-conveyor_belt_backward|auto-conveyor_belt_forward|auto-conveyor_belt_stop|auto-dealy_ms|auto-dealy_s|auto-fast_move_to|auto-go_home|auto-laser_off|auto-laser_on|auto-move_to|auto-set_acceleration|auto-set_module_type|auto-set_workorigin|auto-sliding_rail_init|auto-soft_gripper_nature|auto-soft_gripper_pick|auto-soft_gripper_place|auto-soft_gripper_stop,DexArm 是一款桌面式多功能机械臂，可进行笛卡尔位置移动，并支持更换末端执行器，如笔夹、激光雕刻头、气动吸取模块和软夹爪等。它适用于教学、实验室自动化、简单搬运、绘图、激光加工及配合传送带或滑轨进行小型自动化任务。,"The DexArm is a desktop multifunction robotic arm that performs Cartesian motion and supports interchangeable end effectors such as a pen holder, laser engraving head, pneumatic picker, and soft gripper. It is used for education, laboratory automation, simple handling, drawing, laser processing, and small-scale automation tasks with accessories like conveyor belts and sliding rails.",机械臂,物流/机械|实验室自动化与仪器集成|机器人与移动平台|实验室机器人操作与样品转运|实验室机械臂自动化与样品搬运|机械臂
DG1000Z函数/任意波形发生器,DG1000Z Function/Arbitrary Waveform Generator,dg1000_z,dg1000_z,22,30,auto-burst_trigger_now|auto-query_channel_enabled|auto-query_waveform|auto-set_arb_mode|auto-set_arb_samplerate|auto-set_burst_delay|auto-set_burst_enabled|auto-set_burst_mode|auto-set_burst_ncycles|auto-set_burst_period|auto-set_burst_trigger_source|auto-set_channel_arbitrary|auto-set_channel_dc|auto-set_channel_enabled|auto-set_channel_waveform|auto-set_high_voltage_level|auto-set_low_voltage_level|auto-set_pulse_frequency|auto-set_pulse_period|auto-set_pulse_width|auto-set_volatile_waveform|auto-set_voltage_levels,这是一台台式函数/任意波形发生器，用于输出正弦波、脉冲、直流和任意波形等电信号，并支持突发输出等模式。它常用于电子学实验、仪器联调、电路激励、时序与脉冲测试以及传感器或控制系统的信号模拟。,"This is a benchtop function/arbitrary waveform generator used to produce electrical test signals such as standard waveforms, pulses, DC levels, and arbitrary waveforms, with support for burst output modes. It is commonly used in electronics labs for circuit stimulation, instrument testing, timing and pulse experiments, and signal emulation for sensors or control systems.",任意函数发生器,表征设备|电子与电气测试|射频与电子电路测试|脉冲激励与时序控制|任意函数发生器
National Instruments 数字输入任务,National Instruments Digital Input Task,digital_input_task,digital_input_task,4,15,auto-max_convert_rate|auto-read|auto-read_scalar|auto-write,基于 NI-DAQmx 的数字输入任务对象，用于配置数字输入通道并读取数字输入状态。,A NI-DAQmx digital input task object used to configure digital input channels and read digital line states.,数据采集与控制接口,实验执行&合成设备|表征设备|实验室自动化与仪器集成|实验仪器数据采集与联机控制|瞬态信号采集与同步触发测量|数据采集与控制接口
National Instruments 数字 I/O 接口,National Instruments Digital I/O Interface,digital_io,digital_io,9,139,auto-get_IO_state|auto-get_all_IO_state|auto-get_num_lines|auto-read_all_lines|auto-read_line|auto-set_IO_state|auto-set_all_IO_state|auto-write_all_lines|auto-write_line,用于 NI DAQ 设备数字线/端口读写的数字 I/O 接口设备。,A digital I/O interface device for reading and writing digital lines/ports on NI DAQ hardware.,数据采集与控制接口,实验执行&合成设备|表征设备|实验室自动化与仪器集成|电子与电气测试|实验仪器数据采集与联机控制|瞬态信号采集与同步触发测量|数据采集与控制接口
Dimension Combo 表单控件,Dimension Combo Form Widget,dimension_combo,dimension_combo,13,35,auto-addNodeWidget|auto-addNodeWidgetsFromFlowchart|auto-closeEvent|auto-connectNode|auto-emitSelection|auto-getSelected|auto-loadSnapshot|auto-restart_widget|auto-setDefaultStyle|auto-setDimensions|auto-setSelected|auto-signalDimensionSelection|auto-spinValueChanged,用于实验软件界面的尺寸参数组合输入控件，不对应独立硬件设备。,"A UI form widget for combined dimension parameter input in lab software, not a standalone hardware device.",维度选择控件,表征设备|实验数据可视化与分析|多维实验数据可视化|维度选择控件
目录集合管理组件,Directory Collection Component,dir_collection,dir_collection,6,70,auto-findMember|auto-getMembers|auto-getProperties|auto-recvMember|auto-rootdir|auto-sendData,用于管理目录资源集合的软件组件，不对应独立硬件设备。,"A software component for managing collections of directory resources, not a standalone hardware device.",目录资源集合管理器,后处理设备|实验数据管理与记录|实验数据目录存储与资源管理|目录资源集合管理器
显示数据通道组件,Display Data Channel Component,display_data_channel,display_data_channel,28,426,auto-about_to_be_inserted|auto-about_to_be_removed|auto-adjustments|auto-brightness|auto-clone|auto-close|auto-collection_index|auto-collection_point|auto-color_map_id|auto-complex_display_type|auto-contrast|auto-copy_display_data_properties_from|auto-create_proxy|auto-data_item_reference|auto-decrement_display_ref_count|auto-display_limits|auto-increment_display_ref_count|auto-reset_display_limits|auto-restore_properties|auto-save_properties|auto-sequence_index|auto-slice_center|auto-slice_interval|auto-slice_width|auto-subscribe_to_latest_computed_display_values|auto-subscribe_to_latest_display_values|auto-update_display_data|auto-update_uuids,用于显示链路中的数据传输与更新的软件通道组件，不对应独立硬件设备。,"A software channel component for data transport and updates in a display pipeline, not a standalone hardware device.",显示数据通道,表征设备|实验数据可视化与分析|多维实验数据可视化|显示数据通道
显示项组件,Display Item Component,display_item,display_item,110,427,auto-add_display_layer_for_display_data_channel|auto-add_graphic|auto-append_display_data_channel|auto-append_display_data_channel_for_data_item|auto-append_display_layer|auto-auto_display_legend|auto-calibrated_dimensional_calibrations|auto-calibration_style|auto-calibration_style_id|auto-calibration_styles|auto-caption|auto-category|auto-clone|auto-close|auto-combine_display_title|auto-combine_only_one|auto-create_proxy|auto-created|auto-created_local|auto-created_local_as_string|auto-data_info|auto-data_item|auto-data_items|auto-date_for_sorting|auto-date_for_sorting_local_as_string|auto-datum_calibrations|auto-decrement_display_ref_count|auto-description|auto-dimensional_shape|auto-display_data_channel|auto-display_data_channels|auto-display_data_delta_stream|auto-display_data_shape|auto-display_item_changes|auto-display_layer_info_list|auto-display_layers|auto-display_layers_list|auto-display_layers_match|auto-display_properties|auto-display_type|auto-displayed_dimensional_calibrations|auto-displayed_dimensional_scales|auto-displayed_display_data_calibrations|auto-displayed_intensity_calibration|auto-displayed_title|auto-displayed_titled_changed|auto-finish_project_read|auto-get_cursor_value|auto-get_display_data_channel_for_data_item|auto-get_display_data_channel_layer_use_count|auto-get_display_layer_by_uuid|auto-get_display_layer_display_data_channel|auto-get_display_layer_properties|auto-get_display_layer_property|auto-get_display_property|auto-get_displayed_dimensional_calibrations_with_calibration_style|auto-get_displayed_intensity_calibration_with_calibration_style|auto-get_unique_display_layer_color|auto-get_value_and_position_text|auto-get_value_and_position_text_async|auto-graphic_selection_changed|auto-graphics|auto-grid_tool_tip_str|auto-in_transaction_state|auto-increment_display_ref_count|auto-insert_display_data_channel|auto-insert_display_layer|auto-insert_display_layer_for_display_data_channel|auto-insert_graphic|auto-intensity_calibration_style|auto-intensity_calibration_style_id|auto-intensity_calibration_styles|auto-is_live|auto-item_specifier|auto-list_tool_tip_str|auto-move_display_layer_at_index_backward|auto-move_display_layer_at_index_forward|auto-move_display_layer_backward|auto-move_display_layer_forward|auto-notify_property_changed|auto-persistent_object_context_changed|auto-placeholder_title|auto-project|auto-project_str|auto-properties|auto-read_from_dict|auto-remove_display_data_channel|auto-remove_display_layer|auto-remove_graphic|auto-restore_properties|auto-save_properties|auto-selected_graphic|auto-selected_graphics|auto-session_id|auto-set_display_layer_display_data_channel|auto-set_display_property|auto-set_storage_cache|auto-size_and_data_format_as_string|auto-snapshot|auto-status_str|auto-storage_space_string|auto-storage_string|auto-text_for_filter|auto-title|auto-tool_tip_str|auto-undelete_display_data_channel|auto-undelete_display_layer|auto-update_uuids|auto-used_display_type|auto-view_to_intervals,用于界面显示与渲染管理的条目级软件组件，不对应独立硬件设备。,"An item-level software component for UI display and rendering management, not a standalone hardware device.",科学数据显示项,表征设备|实验数据可视化与分析|多维实验数据可视化|科学数据显示项
GPIO 距离传感器,GPIO Distance Sensor,distance_sensor,distance_sensor,22,64,auto-charge_time_limit|auto-close|auto-distance|auto-echo|auto-in_range|auto-is_active|auto-line_detected|auto-max_distance|auto-max_steps|auto-partial|auto-pull_up|auto-queue_len|auto-steps|auto-threshold|auto-threshold_distance|auto-threshold_steps|auto-trigger|auto-value|auto-wait_for_rotate|auto-wait_for_rotate_clockwise|auto-wait_for_rotate_counter_clockwise|auto-wrap,通过 GPIO 触发/回读实现距离测量的通用传感器接口，常见于超声波测距模块。,"A generic GPIO-based distance sensing interface, commonly used with ultrasonic ranging modules.",GPIO距离传感器,表征设备|传感测量与环境感知|距离测量与接近感知|GPIO距离传感器
RIGOL DL3000 可编程直流电子负载,RIGOL DL3000 Programmable DC Electronic Load,dl3000,dl3000,11,19,auto-initialize|auto-lock_front_panel|auto-measure_current|auto-measure_voltage|auto-remote_sense|auto-set_current|auto-set_cv_voltage|auto-set_mode_current|auto-set_mode_voltage|auto-set_range|auto-toggle_output,RIGOL DL3000 系列可编程直流电子负载，用于电源与电池等测试场景，支持远程通信与动态负载模式。,"RIGOL DL3000 series programmable DC electronic load for power and battery testing, with remote interfaces and dynamic load modes.",电子负载,表征设备|电子与电气测试|电源与电池测试|电子负载
Texas Instruments DLPC900 DMD 控制器,Texas Instruments DLPC900 DMD Controller,dlpc900_dmd,dlpc900_dmd,27,57,auto-decode_command|auto-decode_flag_byte|auto-decode_response|auto-execute_fwbatch|auto-get_dmd_sequence|auto-get_firmware_type|auto-get_firmware_version|auto-get_fwbatch_name|auto-get_hw_status|auto-get_main_status|auto-get_system_status|auto-get_trigger_in1|auto-get_trigger_in2|auto-initialize|auto-program_dmd_seq|auto-read_error_code|auto-read_error_description|auto-send_command|auto-send_raw_command|auto-set_fwbatch_delay|auto-set_pattern_mode|auto-set_pattern_sequence|auto-set_trigger_in1|auto-set_trigger_in2|auto-set_trigger_out|auto-start_stop_sequence|auto-upload_pattern_sequence,TI DLPC900 是用于 DLP6500 等 DMD 的可编程控制器，支持高速图案控制与高级光场控制。,"TI DLPC900 is a programmable controller for DMDs such as DLP6500, supporting high-speed pattern control for advanced light control.",DMD控制器,实验执行&合成设备|光学与光谱实验|结构光照明与图案投影|DMD控制器
Texas Instruments DLP6500 系列 DMD,Texas Instruments DLP6500 Family DMD,dmd,dmd,19,28,auto-bmpload|auto-changemode|auto-checkforerrors|auto-command|auto-configurelut|auto-definepattern|auto-defsequence|auto-idle_off|auto-idle_on|auto-pausesequence|auto-readreply|auto-reset|auto-setbmp|auto-standby|auto-startsequence|auto-stopsequence|auto-testread|auto-testwrite|auto-wakeup,基于 TI DLP 微镜阵列（DMD）器件的光调制设备条目，通常与 DLPC 控制器配合使用。,"A device entry for TI DLP digital micromirror devices (DMDs), typically paired with DLPC controllers.",数字微镜空间光调制器,实验执行&合成设备|光学与光谱实验|结构光照明与图案投影|数字微镜空间光调制器
数字万用表,Digital Multimeter,dmm,dmm,3,10,auto-current|auto-resistance|auto-voltage,用于测量电压、电流和电阻的电子测试仪器，常用于实验室中的电路调试、元件检测和通用电学测量。,"An electronic test instrument for measuring voltage, current, and resistance, commonly used in laboratories for circuit debugging, component checking, and general electrical measurements.",数字万用表,表征设备|电子与电气测试|电压监测与传感器信号采集|数字万用表
Interson USB多普勒超声探头,Interson USB Doppler Ultrasound Probe,doppler,doppler,37,55,auto-BulkIn|auto-BulkOut|auto-BulkOutFour|auto-BulkOutLarge|auto-BulkOutTwo|auto-BulkOutTwo512|auto-ControlIn|auto-ControlOut|auto-DLImgs|auto-Init1004|auto-InitArrays|auto-InitOn|auto-InitOneA|auto-InitRegisters|auto-InitSeries10|auto-Read512|auto-StartRun|auto-checkAddress|auto-checkAddressFull|auto-createLoop|auto-createLoopDoppler|auto-fastMotor|auto-freeze|auto-getImages|auto-getImagesDoppler|auto-getRawImages|auto-getUSBImages|auto-initProbe|auto-progIt|auto-readWrite|auto-saveImage|auto-startAcq|auto-startDoppler|auto-startMotor|auto-stopAcq|auto-stopMotor|auto-unfreeze,这是一类通过 USB 连接的超声探头，可进行常规超声成像，并支持多普勒相关采集，用于实验室或教学中的结构观察、流动现象监测和动态图像记录。根据具体探头结构，设备也可能包含用于机械扫描的内部电机。,"This is a USB-connected ultrasound probe that performs standard ultrasound imaging and supports Doppler-related acquisition. It is used in laboratories or teaching environments for structural observation, flow-related measurements, and dynamic image recording. Depending on the probe design, the device may also include an internal motor for mechanical scanning.",多普勒超声探头,表征设备|智慧表征与检测中心|实验成像与过程监测|超声成像与多普勒流动监测|多普勒超声探头
DP800系列可编程直流电源,DP800 Series Programmable DC Power Supply,dp800,dp800,10,18,auto-initialize|auto-lock_front_panel|auto-measure_current|auto-measure_power|auto-measure_voltage|auto-remote_sense|auto-select_channel|auto-set_current|auto-set_voltage|auto-toggle_output,台式多路可编程直流电源，用于为实验电路、器件和原型系统提供稳定可调的电压与电流输出，并可测量输出电压、电流和功率；部分型号支持远端电压补偿。,"A benchtop multi-channel programmable DC power supply used to provide stable, adjustable voltage and current to laboratory circuits, devices, and prototype systems, with measurement of output voltage, current, and power; some models support remote sensing.",可编程直流电源,实验执行&合成设备|电子与电气测试|电源与电池测试|电子器件供电与台架测试|可编程直流电源
DPS 可编程直流电源模块,DPS Programmable DC Power Supply Module,dps_psu,dps_psu,11,18,auto-getCurrent|auto-getFullData|auto-getFwVersion|auto-getInputVoltage|auto-getModel|auto-getPower|auto-getVoltage|auto-setCurrent|auto-setKeyLock|auto-setOutput|auto-setVoltage,DPS 系列可编程直流电源模块是一种可调输出电压与电流限制的直流稳压电源，常用于为电子电路提供稳定供电、器件测试、原型调试和教学实验。,"A DPS series programmable DC power supply module is a regulated DC power source with adjustable output voltage and current limit, commonly used to power electronic circuits, test components, debug prototypes, and support teaching labs.",可编程直流电源,实验执行&合成设备|电子与电气测试|电源与电池测试|电子器件供电与台架测试|可编程直流电源
PID过程控制器,PID Process Controller,driver_interface,driver_interface,1,26,auto-DeviceFactory,这是一种工业PID过程控制器，常用于实验室或设备系统中对温度等过程变量进行闭环调节。它通常接收传感器反馈并驱动加热或其他执行单元，以实现稳定控制。,This is an industrial PID process controller used in laboratory and equipment systems for closed-loop regulation of process variables such as temperature. It typically reads sensor feedback and drives heaters or other actuators to maintain stable control.,PID过程控制器,实验执行&合成设备|环境控制与稳定性测试|外接设备恒温控制|PID过程控制器
Metrohm Autolab 套接字通信接口,Metrohm Autolab Socket Communication Interface,driver_socket,driver_socket,14,34,auto-clean_client_threads|auto-close_client_threads|auto-get_device|auto-get_device_structure|auto-get_devices_status|auto-get_driver_model|auto-handshake|auto-interact|auto-listen|auto-log|auto-process_command|auto-read|auto-request_close|auto-write,用于与 Metrohm Autolab 电化学仪器进行网络套接字通信的驱动接口，负责远程命令收发、状态查询和对象序列化传输，支持上位机集成控制场景。,"A network socket communication interface for Metrohm Autolab electrochemical instruments, handling remote command exchange, status queries, and serialized object transfer for host-side integrated control.",数据采集与控制接口,实验执行&合成设备|实验室自动化与仪器集成|电化学测试与分析|实验仪器数据采集与联机控制|实验仪器通信与驱动集成|数据采集与控制接口
数字示波器,Digital Oscilloscope,ds1052e,ds1052e,1,7,query,Rigol DS1052E 是一款台式数字示波器，用于观察和测量电压随时间变化的波形。它常用于电子实验与调试，帮助用户分析信号幅度、频率、时序、噪声和瞬态行为。,"The Rigol DS1052E is a benchtop digital oscilloscope used to view and measure voltage waveforms over time. It is commonly used in electronics labs and debugging to analyze signal amplitude, frequency, timing, noise, and transient behavior.",数字存储示波器,表征设备|电子与电气测试|射频与电子电路测试|瞬态信号采集与同步触发测量|数字存储示波器
是德 DSO-X 数字示波器,Keysight DSO-X Digital Oscilloscope,dsox,dsox,1,21,auto-measureStatistics,这是一类台式数字存储示波器，用于观察和分析电压随时间变化的波形，并进行常见电学测量。它常用于电子电路调试、信号完整性检查、时序分析以及实验室中的通用波形测量。,"This is a family of bench digital storage oscilloscopes used to view and analyze voltage waveforms over time and perform common electrical measurements. It is commonly used for electronics debugging, signal integrity checks, timing analysis, and general waveform measurements in the laboratory.",数字存储示波器,表征设备|电子与电气测试|射频与电子电路测试|瞬态信号采集与同步触发测量|数字存储示波器
是德科技 DSO-X 3xx4A 四通道数字示波器,Keysight DSO-X 3xx4A 4-Channel Digital Oscilloscope,dsox3xx4_a,dsox3xx4_a,1,18,auto-measureStatistics,这是一款台式四通道数字示波器，用于采集、显示和分析电信号波形。它常用于电子实验、电路调试与故障排查，可帮助用户观察信号的幅度、时间关系和稳定性，并进行常见波形测量与统计分析。,"This is a bench-top 4-channel digital oscilloscope used to acquire, display, and analyze electrical waveforms. It is commonly used in electronics labs for circuit debugging, troubleshooting, and signal characterization, helping users inspect amplitude, timing behavior, signal stability, and common waveform measurements with statistical analysis.",数字存储示波器,表征设备|电子与电气测试|射频与电子电路测试|瞬态信号采集与同步触发测量|数字存储示波器
三路可编程直流电源,Triple-Output Programmable DC Power Supply,e3631_a,e3631_a,10,18,auto-initialize|auto-lock_front_panel|auto-measure_current|auto-measure_power|auto-measure_voltage|auto-remote_sense|auto-select_channel|auto-set_current|auto-set_voltage|auto-toggle_output,E3631A 是一台台式三路可编程直流电源，可为实验电路、电子模块和原型系统提供稳定的直流电压与电流输出。它支持多通道输出、输出开关、远端感测以及电压、电流、功率测量，常用于电子测试、器件供电和实验室台架搭建。,"The E3631A is a benchtop triple-output programmable DC power supply used to provide stable DC voltage and current to circuits, electronic modules, and prototype systems. It supports multiple output channels, output enable control, remote sensing, and voltage, current, and power measurements, making it suitable for electronics testing, device powering, and general laboratory bench work.",可编程直流电源,实验执行&合成设备|电子与电气测试|电源与电池测试|电子器件供电与台架测试|可编程直流电源
回显测试设备,Echo Test Device,echo_device,echo_device,2,12,auto-doInitializeDevice|auto-doShutdownDevice,这是一个用于设备联通性、初始化流程和关机流程测试的回显/占位设备。根据现有证据，未体现具体实验硬件功能，更像是实验自动化系统中用于基础控制流程验证的测试设备对象。,"This is an echo or placeholder test device used to verify device connectivity, initialization, and shutdown workflows. Based on the available evidence, no specific laboratory hardware function is indicated; it appears to represent a generic test device object for validating basic control procedures in lab automation.",调试回显设备|通用实验设备占位器,实验执行&合成设备|实验室自动化与仪器集成|实验仪器通信与驱动集成|实验仪器数据采集与联机控制|调试回显设备|通用实验设备占位器
脚本编辑器,Script Editor,editor_controller,editor_controller,11,18,auto-getScriptName|auto-instanceCloseClicked|auto-newFile|auto-openFile|auto-runCurrentCode|auto-runScript|auto-saveAsFile|auto-saveFile|auto-stopExecution|auto-textChanged|auto-verifyNotUnsaved,用于实验控制软件中的脚本编辑与执行界面，可新建、打开、保存和运行脚本，常用于编写与调试实验自动化流程。,"A script editing and execution interface used in laboratory control software. It is used to create, open, save, and run scripts for experiment automation and debugging.",实验脚本编辑器,实验执行&合成设备|实验室自动化与仪器集成|实验仪器数据采集与联机控制|实验脚本编辑器
海洋光学光谱仪,Ocean Optics Spectrometer,ee_prom_feature,ee_prom_feature,4,11,auto-has_eeprom_feature|auto-read_eeprom_slot|auto-read_eeprom_slot_raw|auto-write_eeprom_slot,这是一类通过 USB 连接的紧凑型光纤光谱仪，可用于采集样品的吸收、发射或反射光谱。设备内部带有板载 EEPROM 存储区，用于保存设备标识、校准系数和其他配置数据，常见于科研与教学中的光谱测量和仪器信息管理。,"This is a compact USB fiber-optic spectrometer used to acquire absorption, emission, or reflection spectra from samples. The instrument includes onboard EEPROM storage for device identity, calibration coefficients, and other configuration data, and is commonly used in laboratory spectroscopy and instrument data management.",光谱传感器,表征设备|智慧表征与检测中心|光学与光谱实验|光谱采集与检测|实验仪器通信与驱动集成|光谱传感器
光谱仪校准EEPROM,Spectrometer Calibration EEPROM,eeprom,eeprom,46,59,auto-dump|auto-dump_raman_intensity_calibration|auto-dump_spline|auto-dump_untethered|auto-float_to_uint16|auto-generate_digest|auto-generate_feature_mask|auto-generate_write_buffers|auto-get|auto-get_horizontal_roi|auto-has_detector_tec_calibration|auto-has_horizontal_roi|auto-has_laser_power_calibration|auto-has_mml|auto-has_raman_intensity_calibration|auto-has_sml|auto-init_fields|auto-init_raman_intensity_calibration|auto-init_spline|auto-init_untethered|auto-initialize|auto-is_editable|auto-is_multi_wavelength|auto-is_valid_serial_number|auto-json|auto-laser_power_mW_to_percent|auto-latest_rev|auto-pack|auto-pack_field|auto-parse|auto-printable|auto-read|auto-read_eeprom|auto-read_raman_intensity_calibration|auto-read_spline|auto-read_untethered|auto-set|auto-toJSON|auto-to_dict|auto-unpack|auto-unpack_field|auto-update_editable|auto-write|auto-write_raman_intensity_calibration|auto-write_spline|auto-write_untethered,这是集成在 Wasatch Photonics 光谱仪中的非易失性存储器，用于保存序列号、波长校准、探测器感兴趣区域、激光功率与探测器 TEC 校准、拉曼强度校准以及多波长配置等出厂参数。实验室中这些数据用于维持光谱仪的标定一致性、设备识别和测量配置，常见于拉曼及其他光谱测量系统。,"This is a non-volatile memory component integrated into Wasatch Photonics spectrometers, used to store factory parameters such as serial number, wavelength calibration, detector ROI, laser power and detector TEC calibration, Raman intensity calibration, and multi-wavelength configuration. In laboratory use, this stored data supports instrument identification, calibration consistency, and measurement setup for Raman and other spectroscopy systems.",仪器校准存储器,表征设备|光学与光谱实验|光谱采集与检测|实验仪器通信与驱动集成|仪器校准存储器
EIGER X射线面探测器,EIGER X-ray area detector,eiger_detector_cam,eiger_detector_cam,1,8,query,EIGER 是一种像素化 X 射线面积探测器，用于采集实验中的二维衍射或散射图像，常见于同步辐射、晶体学及 X 射线散射测量等场景。,"The EIGER is a pixelated X-ray area detector used to collect two-dimensional diffraction or scattering images in experiments, commonly in synchrotron, crystallography, and X-ray scattering applications.",面阵探测器,表征设备|智慧表征与检测中心|X射线成像与束线探测|面阵探测器
EIGER X射线探测器,EIGER X-ray Detector,eiger_detector_io,eiger_detector_io,1,8,query,EIGER 是一种混合像素光子计数型 X 射线面阵探测器，用于在同步辐射和实验室 X 射线实验中采集衍射或散射图像。,The EIGER is a hybrid-pixel photon-counting X-ray area detector used to acquire diffraction or scattering images in synchrotron and laboratory X-ray experiments.,面阵探测器,表征设备|智慧表征与检测中心|X射线成像与束线探测|面阵探测器
EMR-20电磁场强度探头,EMR-20 Field Strength Probe,emc20,emc20,2,10,auto-read|auto-readback,EMR-20是一种用于测量电磁场强度的场强探头，可输出现场测得的场强数值。它通常用于电磁兼容测试、辐射环境监测以及实验室中的电磁场分布测量。,"The EMR-20 is a field strength probe used to measure electromagnetic field intensity and report the measured field value. It is typically used for EMC testing, radiated environment monitoring, and laboratory measurements of electromagnetic field distribution.",电磁场强度探头,表征设备|电子与电气测试|射频与电子电路测试|电磁兼容与辐射场测试|电磁场强度探头
USB通信端点,USB Endpoint,endpoint,endpoint,3,88,auto-clear_halt|auto-read|auto-write,用于与各类通过 USB 连接的实验仪器进行底层数据交换的通用通信端点。它通常存在于 USB 设备内部，用于主机与仪器之间传输命令、测量数据或状态信息，常见于数据采集设备、控制器和其他实验室电子仪器。,"A generic low-level communication endpoint used to exchange data with laboratory instruments connected over USB. It typically exists within a USB device and is used to transfer commands, measurement data, or status information between the host and the instrument, commonly in data acquisition devices, controllers, and other electronic lab equipment.",USB仪器通信接口,实验执行&合成设备|实验室自动化与仪器集成|实验仪器通信与驱动集成|USB仪器通信接口
通用仿真实体,Generic Simulation Entity,entity,entity,64,83,auto-actuator_names|auto-actuators|auto-all_joint_names|auto-body_names|auto-camera_names|auto-clear_state|auto-compile|auto-data|auto-find_actuators|auto-find_bodies|auto-find_cameras|auto-find_geoms|auto-find_joints|auto-find_joints_by_actuator_names|auto-find_lights|auto-find_materials|auto-find_sites|auto-find_tendons|auto-geom_names|auto-has_site_actuators|auto-has_tendon_actuators|auto-initialize|auto-is_actuated|auto-is_articulated|auto-is_fixed_base|auto-is_mocap|auto-joint_names|auto-light_names|auto-material_names|auto-num_actuators|auto-num_bodies|auto-num_cameras|auto-num_geoms|auto-num_joints|auto-num_lights|auto-num_materials|auto-num_sites|auto-num_tendons|auto-reset|auto-root_body|auto-set_joint_effort_target|auto-set_joint_position_target|auto-set_joint_velocity_target|auto-set_site_effort_target|auto-set_tendon_effort_target|auto-set_tendon_len_target|auto-set_tendon_vel_target|auto-site_names|auto-spec|auto-tendon_names|auto-to_zip|auto-update|auto-write_ctrl_to_sim|auto-write_data_to_sim|auto-write_external_wrench_to_sim|auto-write_joint_position_to_sim|auto-write_joint_state_to_sim|auto-write_joint_velocity_to_sim|auto-write_mocap_pose_to_sim|auto-write_root_com_velocity_to_sim|auto-write_root_link_pose_to_sim|auto-write_root_link_velocity_to_sim|auto-write_root_state_to_sim|auto-write_xml,用于 MuJoCo 仿真中的通用物理对象，可表示桌面、箱体、机械臂、人形机器人等固定基座或浮动基座、非关节化或关节化系统。常用于机器人运动学、动力学、控制算法和环境交互的虚拟实验与测试。,"A generic physical object used in MuJoCo simulation, representing items such as tables, boxes, robot arms, humanoids, and other fixed-base or floating-base, non-articulated or articulated systems. It is commonly used for virtual experiments in robotics kinematics, dynamics, control, and environment interaction.",机器人仿真实体,实验执行&合成设备|机器人与移动平台|机器人动力学与控制仿真实验|机器人仿真实体
实验室仪器枚举器,Laboratory Instrument Enumerator,enumerate,enumerate,12,20,auto-IDN_fallback|auto-IDN_for_HP|auto-IDN_for_HP8903|auto-IDN_for_NRVS|auto-df|auto-driver_load|auto-driver_load_all|auto-driver_map|auto-drivers_sorted|auto-enumerate_resources|auto-select|auto-show,这不是单一物理仪器，而是一个用于实验室自动化的仪器发现与识别工具。它用于扫描通过 VISA、GPIB、串口等接口连接的测试测量设备，读取设备标识信息，并将已发现的仪器与可用驱动进行匹配，便于后续接入和控制。,"This is not a single physical instrument but a laboratory automation utility for instrument discovery and identification. It scans test and measurement devices connected through interfaces such as VISA, GPIB, and serial links, reads identification strings, and matches discovered instruments to available drivers for later control.",实验室仪器枚举器,实验执行&合成设备|实验室自动化与仪器集成|实验仪器通信与驱动集成|实验室仪器枚举器|仪器发现与驱动匹配
数字X射线脉冲处理器（DXP）/多道分析系统,Digital X-ray Processor (DXP) / Multichannel Analyzer System,epics_dxp,epics_dxp,2,20,auto-get_low_level_parameter|auto-stage,这是一类用于X射线探测器读出的数字脉冲处理与多道能谱分析电子学设备，可连接一个或多个通道，对探测器输出脉冲进行处理、计数并生成能谱数据。它常用于X射线荧光、能量色散谱以及同步辐射实验中的能谱采集与映射测量。,"This is a digital pulse-processing and multichannel spectroscopy electronics system for X-ray detectors. It can serve one or more detector channels, process detector pulses, count events, and produce energy spectra. It is commonly used for X-ray fluorescence, energy-dispersive spectroscopy, and synchrotron-based spectral acquisition and mapping measurements.",多道分析器|数字脉冲处理器,表征设备|智慧表征与检测中心|X射线与辐射能谱测量|多道分析器|数字脉冲处理器
DXP数字脉冲处理多道分析系统,DXP Digital Pulse Processor MCA System,epics_dxp_base_system,epics_dxp_base_system,2,15,auto-get_low_level_parameter|auto-stage,用于辐射谱学和X射线荧光测量的数字脉冲处理与多道分析电子学系统。它接收探测器脉冲信号，进行数字脉冲处理、计数和能量分道，生成能谱数据。常用于同步辐射实验、XRF/EDS分析和核谱测量。,"A digital pulse-processing and multichannel analyzer system for radiation spectroscopy and X-ray fluorescence measurements. It accepts detector pulse signals, performs digital pulse processing, counting, and energy binning, and produces spectral data. It is commonly used in synchrotron experiments, XRF/EDS analysis, and nuclear spectroscopy.",多道分析器|数字脉冲处理器,表征设备|智慧表征与检测中心|X射线与辐射能谱测量|多道分析器|数字脉冲处理器
DXP数字脉冲处理器,DXP digital pulse processor,epics_dxp_low_level,epics_dxp_low_level,2,15,auto-get_low_level_parameter|auto-stage,这是一类用于辐射探测器读出的数字脉冲处理与多道能谱采集电子学，常与X射线探测器配合使用，对探测器信号进行整形、计数和能谱分析。它常用于X射线荧光、同步辐射和其他能谱测量实验中。,"This is a digital pulse-processing and multichannel spectroscopy instrument used with radiation detectors, commonly X-ray detectors, to shape signals, count events, and acquire energy spectra. It is commonly used in X-ray fluorescence, synchrotron, and other spectroscopic measurements.",多道分析器|数字脉冲处理器,表征设备|智慧表征与检测中心|X射线与辐射能谱测量|多道分析器|数字脉冲处理器
XIA DXP 多道 X 射线能谱映射系统,XIA DXP X-ray Spectroscopy Mapping System,epics_dxp_mapping,epics_dxp_mapping,2,15,auto-get_low_level_parameter|auto-stage,这是一类基于 DXP 数字脉冲处理器和 MCA 多道分析器的 X 射线能谱采集系统，常与单通道或多通道探测器配合使用。它用于采集能谱、进行多元素或多像素映射测量，并在同步辐射与实验室 X 射线实验中支持 X 射线荧光等能量色散谱学应用。,"This is an X-ray spectroscopy acquisition system based on DXP digital pulse processors and MCA multichannel analyzers, typically used with single-element or multi-element detectors. It is used to collect energy spectra, perform multi-element or pixel-by-pixel mapping measurements, and support energy-dispersive spectroscopy applications such as X-ray fluorescence in synchrotron and laboratory X-ray experiments.",多道分析器|数字脉冲处理器,表征设备|智慧表征与检测中心|X射线与辐射能谱测量|X射线成像与束线探测|多道分析器|数字脉冲处理器
EPICS仪器服务器,EPICS Instrument Server,epics_instrument_server,epics_instrument_server,8,15,auto-MoveDone|auto-OnInstName|auto-OnMove|auto-OnPosName|auto-SetInfo|auto-SetTimeStamp|auto-Shutdown|auto-Start,这是一个用于实验室控制系统的EPICS仪器服务组件，用于连接仪器数据库并发布或更新仪器名称、位置名称、运动状态、信息消息和时间戳等过程变量。它更像是实验自动化系统中的控制服务，而不是独立的物理仪器。,"This is an EPICS-based laboratory instrument service component that attaches to an instrument database and publishes or updates process variables such as instrument name, position name, motion state, info messages, and timestamps. It is better described as a control service within a lab automation system rather than a standalone physical instrument.",EPICS仪器服务节点,实验执行&合成设备|实验室自动化与仪器集成|实验仪器数据采集与联机控制|实验仪器通信与驱动集成|EPICS仪器服务节点
多道分析器（MCA）,Multichannel Analyzer (MCA),epics_mca_record,epics_mca_record,3,14,auto-get_low_level_parameter|auto-stage|auto-stop,多道分析器是一种用于辐射探测信号能谱测量的电子仪器，可将探测器输出的脉冲按幅度分箱并形成能谱。它常用于 X 射线或伽马射线谱测量、峰分析、感兴趣区域计数以及同步辐射和核探测实验中的能量分辨检测。,"A multichannel analyzer is an electronic instrument used for energy-spectrum measurements of radiation detector signals. It sorts detector pulses by amplitude into channels to build a spectrum, and is commonly used for X-ray or gamma-ray spectroscopy, peak analysis, region-of-interest counting, and energy-resolved detection in synchrotron and nuclear experiments.",多道分析器,表征设备|智慧表征与检测中心|X射线与辐射能谱测量|多道分析器
EPICS电动位移轴,EPICS Motorized Positioning Axis,epics_motor,epics_motor,13,23,auto-check_value|auto-egu|auto-get_lim|auto-home|auto-limits|auto-move|auto-moving|auto-position|auto-precision|auto-report|auto-set_current_position|auto-set_lim|auto-stop,一种由EPICS motor record控制的实验室电机运动轴，通常连接线性位移台、旋转台或其他机电执行机构，用于在实验中进行精密定位、扫描、回零和行程限制管理，常见于束线、光学平台和样品操控系统。,"A motorized laboratory motion axis controlled through an EPICS motor record, typically attached to a linear stage, rotation stage, or other electromechanical actuator. It is used for precision positioning, scanning, homing, and travel-limit management in beamlines, optical setups, and sample-handling systems.",电动运动轴,实验执行&合成设备|精密定位与运动控制|样品/探针定位与运动控制|电动运动轴
多通道标量计数器,Multichannel Scaler Counter,epics_scaler,epics_scaler,3,13,auto-match_name|auto-match_names|auto-select_channels,一种实验室计数仪器，用于在设定时间窗口内同时累计多路脉冲信号的计数值。常用于束线和通用实验系统中读取电离室、光子计数器等探测器输出，并进行同步计数与通道监测。,"A laboratory counting instrument that accumulates pulse counts from multiple input channels within a defined counting interval. It is commonly used in beamlines and general lab setups to read outputs from ion chambers, photon counters, and similar detectors for synchronized counting and channel monitoring.",标量计数器,表征设备|智慧表征与检测中心|X射线成像与束线探测|标量计数器|同步计数与探测器通道监测
ERASynth射频信号发生器,ERASynth RF Signal Generator,era_synth,era_synth,12,27,auto-esp8266_upload_mode|auto-factory_reset|auto-get_configuration|auto-get_diagnostic_status|auto-off|auto-on|auto-open_port|auto-preset|auto-print_serial_ports|auto-run_self_test|auto-wifi_off|auto-wifi_on,一款实验室用射频频率合成/信号发生器，可输出设定频率与功率的射频信号，常作为本振或测试信号源使用。适用于射频与微波实验中的链路测试、器件表征和系统调试；部分相关功能表明设备还带有参考源设置及 Wi‑Fi 模块控制能力。,"A laboratory RF frequency synthesizer and signal generator that outputs RF signals at specified frequency and power levels. It is commonly used as a local oscillator or test source in RF and microwave experiments for link testing, device characterization, and system debugging; available functions also indicate reference source configuration and control of an onboard Wi-Fi module.",射频信号发生器,表征设备|电子与电气测试|射频与电子电路测试|射频信号发生器
Newport ESP300多轴运动控制器,Newport ESP300 Multi-Axis Motion Controller,esp300,esp300,11,18,auto-GetChannelObject|auto-GetChannelPhase|auto-GetControlReady|auto-GetMax|auto-GetMin|auto-GetPos|auto-MoveTo|auto-addMenuItems|auto-ledOff|auto-ledOn|auto-stop_all,这是一台用于驱动和控制多轴电动位移台或旋转台的实验室运动控制器，常见于显微镜、光学平台和精密定位系统中，用于样品、物镜或光学元件的精确移动与定位。,"This is a laboratory multi-axis motion controller used to drive motorized translation or rotation stages. It is commonly used in microscopes, optical benches, and precision positioning setups to move and position samples, objectives, or optical components accurately.",电动位移台控制器,实验执行&合成设备|精密定位与运动控制|样品/探针定位与运动控制|电动位移台控制器
ESP32-CAM相机模块,ESP32-CAM camera module,esp32_camera,esp32_camera,17,42,auto-base_uri|auto-get_id|auto-get_json|auto-getframe|auto-getframes|auto-is_omniscope|auto-post|auto-post_json|auto-restart|auto-setExposureTime|auto-setFrameSize|auto-setGain|auto-setLed|auto-set_id|auto-soft_trigger|auto-start_stream|auto-stop_stream,一种基于 ESP32 的嵌入式网络相机模块，通常集成图像传感器、Wi‑Fi 通信和板载补光 LED，可通过网络获取单帧图像或视频流，并调节增益、曝光和分辨率。适用于实验中的低成本远程观察、样品监看、简单机器视觉与成像记录。,"An embedded network camera module based on the ESP32, typically integrating an image sensor, Wi‑Fi connectivity, and an onboard illumination LED. It can deliver single images or video streams over the network and supports adjustment of gain, exposure, and frame size. It is suitable for low-cost remote observation, sample monitoring, simple machine vision, and imaging documentation in laboratory setups.",嵌入式相机模块,表征设备|传感测量与环境感知|实验成像与机器视觉|实验成像与过程监测|嵌入式相机模块
ESP32开发板,ESP32 development board,esp32_device,esp32_device,2,40,auto-get_info|auto-shutdown,ESP32开发板是一种基于ESP32芯片的嵌入式微控制器设备，通常通过串口与计算机连接。在实验室中可用于固件烧录、串口通信测试、嵌入式程序开发以及与外部传感器或控制电路的原型验证。,"An ESP32 development board is an embedded microcontroller device based on the ESP32 chip, typically connected to a computer over a serial interface. In laboratory settings, it is commonly used for firmware flashing, serial communication testing, embedded software development, and prototyping with external sensors or control circuits.",嵌入式微控制器开发板,实验执行&合成设备|实验室自动化与仪器集成|电子与电气测试|实验控制固件构建与部署|实验仪器通信与驱动集成|嵌入式微控制器开发板
EMCO/ETS 2090 位置控制器,EMCO/ETS 2090 Positioner Controller,ets2090,ets2090,12,24,auto-device_type|auto-limit_lower|auto-limit_upper|auto-local|auto-moving|auto-polarization|auto-position|auto-sequence|auto-sweep_down|auto-sweep_up|auto-target|auto-target_seek,这是一种用于电磁兼容与天线测试系统的位置控制器，用于控制位置器或扫描机构的运动、目标位置、行程上下限以及垂直/水平极化切换。它常见于电波暗室或自动化测试平台中，用来驱动天线塔、扫描装置或类似运动平台完成定位与扫动。,"This is a positioner controller used in EMC and antenna test systems to control motion, target position, travel limits, and vertical/horizontal polarization selection. It is commonly used in anechoic chambers or automated test setups to drive antenna masts, scanning mechanisms, or similar motion platforms for positioning and sweeps.",位置控制器,实验执行&合成设备|电子与电气测试|精密定位与运动控制|电磁兼容与辐射场测试|样品/探针定位与运动控制|位置控制器
Eurotherm 2408 温度过程控制器,Eurotherm 2408 Process Temperature Controller,eurotherm2408,eurotherm2408,22,58,auto-D|auto-D2|auto-I|auto-I2|auto-P|auto-P2|auto-automatic|auto-cutbackHigh|auto-cutbackLow|auto-decimalsDisp|auto-dumpAll|auto-manual|auto-pid|auto-pid2|auto-power|auto-rampRate|auto-rampUnit|auto-reconnect|auto-setpoint|auto-temperatureSensor|auto-tensionRange|auto-timeUnits,Eurotherm 2408 是一款面板安装式温度/过程控制器，用于实验室和工业加热系统的温度调节。它可读取温度传感器信号，并通过设定值、PID 参数、斜坡速率、手动/自动模式和功率输出等功能对炉体、加热器或工艺过程进行闭环控制。,"The Eurotherm 2408 is a panel-mounted temperature/process controller used to regulate heating systems in laboratories and industrial setups. It reads temperature sensor signals and provides closed-loop control of furnaces, heaters, or thermal processes through setpoint control, PID tuning, ramp rate settings, manual/automatic modes, and power output adjustment.",PID过程控制器,实验执行&合成设备|热处理工艺研发|外接设备恒温控制|PID过程控制器|过程控制与工业仪表实验
欧陆过程仪表,Eurotherm process instrument,eurotherm__instrument,eurotherm__instrument,1,76,auto-build,欧陆的串行过程仪表，可通过 RS485 或 RS232 使用 Modbus RTU/ASCII 通信。在实验室和工业环境中常用于读取与设置过程参数，如温度或其他工艺变量；具体测量与控制能力取决于所连接的型号。,"A Eurotherm serial process instrument that communicates over RS485 or RS232 using Modbus RTU or ASCII. In laboratories and industrial settings it is commonly used to read and set process parameters, such as temperature or other process variables; the exact measurement and control functions depend on the connected model.",串行过程仪表,实验执行&合成设备|实验室自动化与仪器集成|实验仪器数据采集与联机控制|实验仪器通信与驱动集成|串行过程仪表
事件序列器,Event Sequencer,event_sequencer,event_sequencer,10,20,auto-complete|auto-get_seq|auto-kickoff|auto-pause|auto-put_seq|auto-resume|auto-show|auto-start|auto-stop|auto-trigger,事件序列器是一种实验时序控制设备，用于按预设顺序输出事件码或触发事件，以协调束线、探测器、电机或其他实验站设备的同步动作。它常用于加速器与同步辐射/自由电子激光实验中，实现扫描期间或采集过程中的精确定时控制。,"An event sequencer is a timing control instrument that outputs programmed event codes or trigger events in a defined order to coordinate synchronized actions among beamline equipment, detectors, motors, or other experimental devices. It is commonly used in accelerator and photon-science experiments for precise timing control during scans and data acquisition.",数字命令序列控制器,实验执行&合成设备|实验室自动化与仪器集成|脉冲激励与时序控制|瞬态信号采集与同步触发测量|数字命令序列控制器
xArm协作机械臂,xArm collaborative robotic arm,events,events,24,33,auto-register_cmdnum_changed_callback|auto-register_connect_changed_callback|auto-register_count_changed_callback|auto-register_error_warn_changed_callback|auto-register_feedback_callback|auto-register_iden_progress_changed_callback|auto-register_mode_changed_callback|auto-register_mtable_mtbrake_changed_callback|auto-register_report_callback|auto-register_report_location_callback|auto-register_state_changed_callback|auto-register_temperature_changed_callback|auto-release_cmdnum_changed_callback|auto-release_connect_changed_callback|auto-release_count_changed_callback|auto-release_error_warn_changed_callback|auto-release_feedback_callback|auto-release_iden_progress_changed_callback|auto-release_mode_changed_callback|auto-release_mtable_mtbrake_changed_callback|auto-release_report_callback|auto-release_report_location_callback|auto-release_state_changed_callback|auto-release_temperature_changed_callback,xArm协作机械臂是一种多关节机器人，用于实验室自动化中的样品转运、定位、抓取和重复操作任务。该设备可提供笛卡尔位置、关节状态、运行模式、告警、温度以及电机相关状态等运行信息，适合自动化操作与过程监测。,"The xArm collaborative robotic arm is a multi-joint robot used in laboratory automation for sample transfer, positioning, gripping, and repetitive handling tasks. The device can report Cartesian position, joint status, operating mode, alarms, temperature, and motor-related states, making it suitable for automated operations and process monitoring.",机械臂,物流/机械|机器人与移动平台|实验室自动化与仪器集成|实验室机械臂自动化与样品搬运|样品/探针定位与运动控制|机械臂
是德科技 EXRxx4A 四通道示波器,Keysight EXRxx4A 4-Channel Oscilloscope,ex_rxx4_a,ex_rxx4_a,1,10,query,一款台式四通道数字示波器，用于采集、显示和分析电压波形，可用于观察信号时域特性、触发事件及常见电学测量，适合电子电路调试、教学实验和通用实验室测试。,"A benchtop 4-channel digital oscilloscope for capturing, displaying, and analyzing voltage waveforms. It is used to observe time-domain signal behavior, trigger events, and common electrical measurements in electronics debugging, teaching labs, and general laboratory testing.",数字存储示波器,表征设备|电子与电气测试|射频与电子电路测试|电子器件供电与台架测试|数字存储示波器
Keysight EXRxx8A 8通道示波器,Keysight EXRxx8A 8-Channel Oscilloscope,ex_rxx8_a,ex_rxx8_a,1,10,query,一款 8 通道数字示波器，用于采集、显示和分析电信号波形，适合电子电路测试、信号完整性检查和实验室通用波形测量。,"An 8-channel digital oscilloscope used to acquire, display, and analyze electrical waveforms for electronics testing, signal integrity checks, and general laboratory waveform measurement.",数字存储示波器,表征设备|电子与电气测试|射频与电子电路测试|电子器件供电与台架测试|数字存储示波器
三轴运动平台示例装置,Example 3-Axis Motion Stage,example3_d,example3_d,2,11,auto-all_pvnames|auto-disconnected_pvnames,这是一个基于 PLC 控制逻辑的三轴运动平台示例装置，包含模拟的 X、Y、Z 运动以及若干离散状态位。它主要用于实验室或束线控制系统中演示和测试运动控制、限位行为、状态切换以及与上位控制系统的集成。,"This is an example PLC-controlled 3-axis motion stage with simulated X, Y, and Z motion and several discrete state positions. It is mainly used in laboratory or beamline control environments to demonstrate and test motion control, limit behavior, state changes, and integration with higher-level control systems.",电动定位台|PLC控制器,实验执行&合成设备|精密定位与运动控制|实验室自动化与仪器集成|样品/探针定位与运动控制|PLC控制与设备联锁|电动定位台|PLC控制器
示例虚拟仪器,Example Virtual Instrument,example_instrument,example_instrument,6,21,auto-controler_output|auto-is_connected|auto-quit|auto-read_probes|auto-reset|auto-update,一个用于实验控制软件测试、演示和流程验证的示例性虚拟仪器，不对应明确的实际硬件型号。它可用于模拟参数更新、数值读取、连接状态检查、复位和控制输出等常见实验仪器交互。,"A sample virtual instrument used for testing, demonstration, and workflow validation in laboratory control software. It does not correspond to a specific physical hardware model, but can simulate common instrument interactions such as parameter updates, value readout, connection checks, reset, and controller output handling.",通用实验设备占位器,实验执行&合成设备|实验室自动化与仪器集成|实验仪器数据采集与联机控制|实验仪器通信与驱动集成|通用实验设备占位器
PLC限位到限位插入式运动机构,PLC Limit-to-Limit In/Out Motion Device,example_l2_l,example_l2_l,2,11,auto-all_pvnames|auto-disconnected_pvnames,一种由PLC控制的简单一维插入/退出运动机构，在两个机械限位之间运动，用于将部件插入或移出实验位置或光路。此类装置常用于束线或实验站中的简单定位、联锁演示和运动控制测试。,"A simple PLC-controlled one-dimensional in/out motion device that travels between two mechanical limit positions. It is used to insert or retract a component from an experimental position or beam path, commonly for basic positioning, interlock demonstrations, and motion-control testing in beamline or laboratory setups.",电动直线位移台,物流/机械|精密定位与运动控制|实验室自动化与仪器集成|PLC控制与设备联锁|样品/探针定位与运动控制|电动直线位移台
Excel兼容CSV数据导出器,Excel-Compatible CSV Exporter,excel_compatible_csv,excel_compatible_csv,4,12,auto-close_file|auto-reopen|auto-write_data|auto-write_file,这是一个用于实验室数据记录的软件导出组件，可将测量结果按表格形式追加并写入Excel可打开的CSV文件，便于实验数据归档、共享和离线分析。,"This is a software export component for laboratory data logging. It appends measurement results in tabular form and writes them to Excel-compatible CSV files for archiving, sharing, and offline analysis.",CSV数据导出器,后处理设备|实验数据管理与记录|追加式实验记录与索引访问|表格化实验数据导出与归档|CSV数据导出器
SCARA机械臂,SCARA Robotic Arm,experimental_scara,experimental_scara,12,19,auto-approach|auto-close_gripper|auto-drop_resource|auto-get_cartesian_position|auto-get_joint_position|auto-halt|auto-home|auto-is_gripper_closed|auto-move_to|auto-move_to_safe|auto-open_gripper|auto-pick_up_resource,一种带夹爪的SCARA（水平关节型）机械臂，用于实验室自动化中的定位、搬运与取放操作。它可按笛卡尔坐标或关节坐标移动，并执行回零、安全位移动以及板类实验耗材的抓取和放置。,"A SCARA robotic arm with a gripper for laboratory automation tasks such as positioning, transport, and pick-and-place operations. It can move in Cartesian space or joint space and perform homing, safe-position moves, and handling of plate-like lab consumables.",机械臂,物流/机械|机器人与移动平台|实验室自动化与仪器集成|实验室机械臂自动化与样品搬运|样品/探针定位与运动控制|机械臂
是德科技 EXR 系列示波器,Keysight EXR Series Oscilloscope,exr,exr,1,11,query,EXR 系列是一类台式数字示波器，用于采集、显示和分析电子信号波形。它适合实验室中的电路调试、时序观察、信号完整性检查以及多通道信号测量。,"The EXR Series is a family of bench digital oscilloscopes used to acquire, display, and analyze electronic waveforms. It is suitable for laboratory circuit debugging, timing observation, signal integrity checks, and multi-channel signal measurement.",数字存储示波器,表征设备|电子与电气测试|射频与电子电路测试|瞬态信号采集与同步触发测量|数字存储示波器
通用Modbus从站设备,Generic Modbus Slave Device,extended_request_support,extended_request_support,32,59,auto-change_ascii_input_delimiter|auto-clear_counters|auto-clear_overrun_count|auto-force_listen_only_mode|auto-get_clear_modbus_plus|auto-get_com_event_counter|auto-get_com_event_log|auto-mask_write_register|auto-read_coils|auto-read_device_information|auto-read_discrete_inputs|auto-read_exception_status|auto-read_holding_registers|auto-read_input_registers|auto-readwrite_registers|auto-report_slave_id|auto-restart_comm_option|auto-return_bus_com_error_count|auto-return_bus_exception_error_count|auto-return_bus_message_count|auto-return_diagnostic_register|auto-return_iop_overrun_count|auto-return_query_data|auto-return_slave_bus_char_overrun_count|auto-return_slave_busy_count|auto-return_slave_message_count|auto-return_slave_no_ack_count|auto-return_slave_no_response_count|auto-write_coil|auto-write_coils|auto-write_register|auto-write_registers,支持 Modbus RTU 或 Modbus TCP 通讯的通用现场设备，例如 PLC、远程 I/O 模块、过程控制器、传感器接口或执行器控制单元。此类设备常用于实验室自动化与测试系统中，通过线圈、离散输入和寄存器交换开关量状态、测量值、设定值以及诊断信息。,"A generic field device that communicates via Modbus RTU or Modbus TCP, such as a PLC, remote I/O module, process controller, sensor interface, or actuator control unit. In laboratory automation and test systems, such devices are commonly used to exchange digital states, measurements, setpoints, and diagnostic information through coils, discrete inputs, and registers.",Modbus TCP现场设备,物流/机械|实验室自动化与仪器集成|实验仪器通信与驱动集成|PLC控制与设备联锁|Modbus TCP现场设备
USB光谱仪,USB Spectrometer,feature_identification_device,feature_identification_device,151,174,auto-apply_edc|auto-can_laser_fire|auto-check_alert|auto-clear_regions|auto-connect|auto-disconnect|auto-generate_timeout_ms|auto-get_actual_frames|auto-get_actual_integration_time_us|auto-get_ambient_temperature_degC|auto-get_ambient_temperature_degC_arm|auto-get_ambient_temperature_degC_gen15|auto-get_analog_input_value|auto-get_analog_output_state|auto-get_area_scan|auto-get_area_scan_hamamatsu|auto-get_area_scan_xs|auto-get_battery_charging|auto-get_battery_percentage|auto-get_battery_register|auto-get_battery_state_raw|auto-get_ble_firmware_version|auto-get_ccd_sensing_threshold|auto-get_ccd_threshold_sensing_mode|auto-get_dac|auto-get_detector_gain|auto-get_detector_gain_odd|auto-get_detector_offset|auto-get_detector_offset_odd|auto-get_detector_tec_setpoint_degC|auto-get_detector_tec_setpoint_raw|auto-get_detector_temperature_degC|auto-get_detector_temperature_raw|auto-get_discretes_enabled|auto-get_external_trigger_output|auto-get_fan_enabled|auto-get_fpga_configuration_register|auto-get_fpga_firmware_version|auto-get_high_gain_mode_enabled|auto-get_integration_time_ms|auto-get_lamp_enabled|auto-get_laser_enabled|auto-get_laser_interlock|auto-get_laser_power_attenuator|auto-get_laser_tec_mode|auto-get_laser_temperature_degC|auto-get_laser_temperature_raw|auto-get_laser_temperature_setpoint_raw|auto-get_laser_warning_delay_sec|auto-get_laser_watchdog_sec|auto-get_line|auto-get_microcontroller_firmware_version|auto-get_microcontroller_serial_number|auto-get_mod_delay_us|auto-get_mod_duration_us|auto-get_mod_enabled|auto-get_mod_linked_to_integration|auto-get_mod_period_us|auto-get_mod_width_us|auto-get_opt_actual_integration_time|auto-get_opt_area_scan|auto-get_opt_cf_select|auto-get_opt_data_header_tab|auto-get_opt_has_laser|auto-get_opt_horizontal_binning|auto-get_opt_integration_time_resolution|auto-get_opt_laser_control|auto-get_poll_status|auto-get_raman_delay_ms|auto-get_raman_mode_enabled_NOT_USED|auto-get_scans_to_average|auto-get_secondary_adc_calibrated|auto-get_secondary_adc_raw|auto-get_selected_adc|auto-get_selected_laser|auto-get_sensor_line_length|auto-get_shutter_enabled|auto-get_spectrum|auto-get_strobe_enabled|auto-get_tec_enabled|auto-get_trigger_delay|auto-get_trigger_source|auto-get_upper_code|auto-get_vr_continuous_ccd|auto-get_vr_num_frames|auto-handle_requests|auto-has_linearity_coeffs|auto-i2c_write|auto-is_laser_firing|auto-is_sensor_stable|auto-queue_message|auto-refresh_alerts|auto-replace_session_eeprom|auto-require_throwaway|auto-reset|auto-reset_area_scan_frame|auto-reset_fpga|auto-select_adc|auto-set_accessory_enable|auto-set_analog_output_mode|auto-set_analog_output_value|auto-set_area_scan_enable|auto-set_area_scan_line_count|auto-set_area_scan_line_interval|auto-set_area_scan_line_step|auto-set_detector_gain|auto-set_detector_gain_odd|auto-set_detector_offset|auto-set_detector_offset_odd|auto-set_detector_roi|auto-set_detector_tec_setpoint_degC|auto-set_dfu_enable|auto-set_fan_enable|auto-set_high_gain_mode_enable|auto-set_integration_time_ms|auto-set_lamp_enable|auto-set_laser_enable|auto-set_laser_power_attenuator|auto-set_laser_power_high_resolution|auto-set_laser_power_mW|auto-set_laser_power_perc|auto-set_laser_power_perc_immediate|auto-set_laser_power_require_modulation|auto-set_laser_tec_mode|auto-set_laser_temperature_setpoint_raw|auto-set_laser_warning_delay_sec|auto-set_laser_watchdog_sec|auto-set_log_level|auto-set_mod_delay_us|auto-set_mod_duration_us_NOT_USED|auto-set_mod_enable|auto-set_mod_linked_to_integration|auto-set_mod_period_us|auto-set_mod_width_us|auto-set_onboard_scans_to_average|auto-set_pixel_mode|auto-set_raman_delay_ms|auto-set_raman_mode_enable_NOT_USED|auto-set_selected_laser|auto-set_shutter_enable|auto-set_single_region|auto-set_strobe_enable|auto-set_tec_enable|auto-set_trigger_delay|auto-set_trigger_source|auto-set_vertical_roi|auto-update_firmware_log|auto-update_laser_watchdog|auto-update_session_eeprom|auto-update_vertical_roi|auto-write_eeprom,用于实验室光谱测量的USB光谱仪，可采集一维光谱，部分型号支持区域扫描；某些配置集成激光、温控、快门、风扇、外触发和模拟量接口，常用于拉曼与一般光谱分析。,"A USB spectrometer for laboratory spectral measurements. It acquires 1D spectra, and some models support area scanning. Certain configurations integrate an excitation laser, temperature control, shutter, fan, external triggering, and analog I/O for Raman and general spectroscopy.",拉曼光谱仪|光谱仪,表征设备|光学与光谱实验|智慧表征与检测中心|光谱采集与检测|激光激发与光谱测量|拉曼光谱仪|光谱仪
Feetech 智能舵机总线,Feetech Smart Servo Bus,feetech_motors_bus,feetech_motors_bus,16,38,auto-apply_calibration|auto-apply_calibration_autocorrect|auto-are_motors_configured|auto-autocorrect_calibration|auto-avoid_rotation_reset|auto-connect|auto-disconnect|auto-find_motor_indices|auto-read|auto-read_with_motor_ids|auto-reconnect|auto-revert_calibration|auto-set_bus_baudrate|auto-set_calibration|auto-write|auto-write_with_motor_ids,由 Feetech 总线型智能舵机及其串行通信链路组成的多电机控制系统，可连接多个机器人关节或夹爪执行器。它常用于机械臂、夹爪等实验室机器人平台，以读取位置等状态并下发目标位置等控制命令。,A multi-actuator control system built around Feetech bus-connected smart servos and their serial communication bus. It is commonly used in laboratory robotic platforms such as robot arms and grippers to read status such as position and send control commands such as target position.,智能舵机总线,物流/机械|机器人与移动平台|精密定位与运动控制|实验室机械臂自动化与样品搬运|样品/探针定位与运动控制|智能舵机总线
光纤振动器,Fiber Shaker,fiber_shaker,fiber_shaker,3,35,auto-Notify|auto-TurnOff|auto-TurnOn,光纤振动器是一种用于机械振动光纤的实验装置，常用于激光照明路径中，通过持续扰动光纤来降低散斑并改善照明均匀性，适合显微成像等光学实验。,"A fiber shaker is a laboratory device that mechanically vibrates an optical fiber. It is commonly used in laser illumination paths to reduce speckle and improve illumination uniformity, especially in microscopy and other optical experiments.",光纤振动器,实验执行&合成设备|光学与光谱实验|显微成像与光学显微实验|激光激发与光谱测量|光纤振动器
双束聚焦离子束扫描电子显微镜,DualBeam FIB-SEM microscope,fibsem,fibsem,42,51,auto-align|auto-align_current|auto-auto_cb|auto-auto_focus|auto-create_SAV_patterns|auto-create_custom_patterns|auto-create_custom_protocol|auto-create_pattern|auto-create_trench_patterns|auto-custom_file_parser|auto-define_SAVparams_file|auto-define_output_dir|auto-electron_on|auto-getStagePosition|auto-get_current|auto-insert_GIS|auto-ion_on|auto-is_idle|auto-link_stage|auto-makePatterns_SAV|auto-moveStageAbsolute|auto-moveStageRelative|auto-open_GIS|auto-pattern_directory_parser|auto-pattern_parser|auto-print_stage_rot|auto-retract_GIS|auto-run_SAV|auto-run_custom_milling|auto-run_milling|auto-run_milling_custom|auto-run_milling_protocol|auto-run_trench_milling|auto-save_pattern|auto-setIonHFW|auto-stop|auto-stop_patterning|auto-take_image_EB|auto-take_image_EB_SAV|auto-take_image_IB|auto-unlink_stage|auto-write_patterns,这是一类将扫描电子显微镜与聚焦离子束集成在同一平台上的双束显微镜，可用于样品表面成像、离子束刻蚀与铣削、气体辅助沉积、样品台精密定位以及自动对准。它常用于截面制备、薄片制备、沟槽铣削、序列切片成像和体成像等实验流程。,"This is a dual-beam microscope that combines a scanning electron microscope with a focused ion beam on one platform. It is used for surface imaging, ion-beam milling and patterning, gas-assisted deposition, precise stage positioning, and automated alignment. Typical lab uses include cross-section preparation, lamella preparation, trench milling, serial sectioning, and volume imaging workflows.",扫描电子显微镜|双束聚焦离子束扫描电子显微镜,表征设备|后处理设备|智慧表征与检测中心|Hyper-FIB|扫描电子显微镜|双束聚焦离子束扫描电子显微镜
OBF实验数据文件,OBF Experimental Data File,file,file,2,16,auto-close|auto-find_stack_by_name,一种用于保存实验数据堆栈及其元数据的 OBF 文件，常见于显微成像等实验数据的存储、归档与离线分析。文件中可包含多个数据堆栈，并记录头信息、描述信息及相关单位信息。,"An OBF file used to store experimental data stacks and their metadata, commonly for microscopy and similar laboratory imaging workflows. It can contain multiple data stacks along with header information, descriptions, and unit-related metadata for storage, archiving, and offline analysis.",多维显微图像数据源|实验数据集对象,表征设备|智慧表征与检测中心|实验数据管理与记录|显微成像与光学显微实验|实验数据目录存储与资源管理|多维显微图像数据源|实验数据集对象
文件通信接口,File Communicator,file_communicator,file_communicator,9,21,auto-address|auto-close|auto-flush_input|auto-read_raw|auto-seek|auto-tell|auto-terminator|auto-timeout|auto-write_raw,用于通过文件、字符设备文件或类 Unix 套接字进行读写通信的软件接口。它常用于把实验仪器暴露为可读写文件节点的场景，以便发送原始字节、读取返回数据并管理基本文件位置与结束符设置。,"A software communication interface for reading from and writing to files, character device nodes, or Unix-like sockets. It is commonly used when a laboratory instrument is exposed as a readable/writable file endpoint, allowing raw byte exchange and basic management of file position and line termination.",数据采集与控制接口,实验执行&合成设备|实验室自动化与仪器集成|实验仪器通信与驱动集成|实验仪器数据采集与联机控制|数据采集与控制接口
文件接口设备,File-based Device Interface,file_device,file_device,3,11,auto-close|auto-read|auto-write,这是一个通过文件或流式接口进行读写的通用设备连接对象。根据现有证据，无法可靠确定其对应的具体物理仪器型号；它更像是实验室仪器通信中使用的底层输入输出端点，用于向设备写入命令、读取返回数据并关闭连接。,"This is a generic device connection exposed through a file or stream-style read/write interface. Based on the available evidence, the specific physical instrument cannot be identified reliably; it appears to be a low-level I/O endpoint used in laboratory instrument communication for writing commands, reading returned data, and closing the connection.",数据采集与控制接口,实验执行&合成设备|实验室自动化与仪器集成|实验仪器通信与驱动集成|实验仪器数据采集与联机控制|数据采集与控制接口
文件读写工具,File I/O Utility,file_io,file_io,8,15,auto-init|auto-makeFile|auto-read|auto-readcsv|auto-readdict|auto-set_filename|auto-write|auto-write_raw,通用文件读写工具，用于实验软件中创建、选择、读取和写入数据文件。适合记录实验日志、保存测量结果，以及读取文本、CSV 和简单键值文本数据。,"A general file I/O utility used in laboratory software to create, select, read, and write data files. It is suitable for experiment logging, saving measurement results, and reading text, CSV, and simple key-value text data.",实验数据文件读写器,实验执行&合成设备|后处理设备|实验数据管理与记录|追加式实验记录与索引访问|实验数据目录存储与资源管理|实验数据文件读写器
WebDAV文件项,WebDAV File Entry,file_member,file_member,2,70,auto-getProperties|auto-sendData,WebDAV文件服务中的单个文件资源，用于在实验室网络或集群存储中公开数据文件。可用于查看文件属性并通过HTTP/WebDAV传输原始数据，如显微图像、分析结果或实验记录。,"A single file resource in a WebDAV file service, used to expose data files on lab networks or cluster storage. It is used to inspect file properties and transfer raw data over HTTP/WebDAV, such as microscopy images, analysis outputs, or experiment records.",实验数据集对象,后处理设备|实验数据管理与记录|实验数据目录存储与资源管理|实验数据集对象
文件持久化存储系统,File Persistent Storage System,file_persistent_storage_system,file_persistent_storage_system,2,192,auto-close|auto-path,用于将项目、数据项属性及相关数据持久保存到文件中的软件存储组件，常见于实验数据管理、结果归档与后续读取场景。该对象表示文件型持久化存储系统，而非独立物理实验设备。,"A software storage component that persistently saves projects, data item properties, and related data to files. It is typically used for laboratory data management, result archiving, and later retrieval. This represents a file-based persistent storage system rather than a standalone physical lab instrument.",科学数据分组管理对象|目录资源集合管理器,后处理设备|实验数据管理与记录|实验数据目录存储与资源管理|科学数据分组管理对象|目录资源集合管理器
文件项目存储系统,File Project Storage System,file_project_storage_system,file_project_storage_system,4,192,auto-encode|auto-get_identifier|auto-load_properties|auto-project_path,一种基于文件的项目持久化存储组件，用于在实验数据工作流中保存项目属性、数据项关系以及相关数据文件路径，支持实验项目的数据组织、读取与长期归档。,"A file-based project persistence component used in laboratory data workflows to store project properties, data-item relationships, and related data file paths, supporting experiment data organization, loading, and long-term archiving.",科学数据分组管理对象|目录资源集合管理器,后处理设备|实验数据管理与记录|实验数据目录存储与资源管理|科学数据分组管理对象|目录资源集合管理器
文件监视器,File Watcher,file_watcher,file_watcher,9,16,auto-addToLog|auto-filesInDirectory|auto-getLog|auto-removeFromList|auto-run|auto-saveLog|auto-startLog|auto-stop|auto-updateList,用于监视实验计算机上指定目录中的文件变化并记录日志的软件工具，常用于跟踪成像或数据采集过程中生成的数据文件。,"A software utility that monitors file changes in a specified directory and records logs, commonly used in laboratories to track files generated during imaging or data acquisition.",实验文件监视器,实验执行&合成设备|实验数据管理与记录|实验仪器数据采集与联机控制|实验成像与过程监测|实验文件监视器
实验数据文件写入器,Experiment Data File Writer,file_writer,file_writer,29,36,auto-close|auto-getCommand|auto-getComments|auto-getDataSize|auto-getDevices|auto-getDevicesData|auto-getEndDate|auto-getFileName|auto-getSignals|auto-getSignalsData|auto-getStartDate|auto-getUsername|auto-insertComment|auto-insertDevice|auto-insertDeviceData|auto-insertSignal|auto-insertSignalData|auto-setCommand|auto-setComments|auto-setDataSize|auto-setDevices|auto-setDevicesData|auto-setEndDate|auto-setSignals|auto-setSignalsData|auto-setStartDate|auto-setUsername|auto-writeData|auto-writeHeader,用于实验扫描过程中记录和导出数据的通用文件写入组件。它负责保存文件头、测量数据以及相关元数据，如用户名、命令、注释、开始/结束时间、设备列表、信号列表和对应数据。,"A generic file-writing component used to record and export data during laboratory scan workflows. It stores headers, measurement data, and related metadata such as username, command, comments, start/end timestamps, device lists, signal lists, and associated data.",实验扫描数据写入器,实验执行&合成设备|后处理设备|实验数据管理与记录|实验室自动化与仪器集成|追加式实验记录与索引访问|实验仪器数据采集与联机控制|实验扫描数据写入器
文件管理器,File Manager,files_controller,files_controller,5,12,auto-browse|auto-checkAndOpenItem|auto-deleteItem|auto-openRootInOS|auto-setRootPath,这是实验软件中的文件管理界面，用于浏览、打开、删除和定位实验相关的文件与文件夹，例如采集数据、图像结果或脚本目录。它不是独立的实验硬件设备，而是实验控制系统中的文件操作组件。,"This is a file management interface within laboratory software, used to browse, open, delete, and locate experiment-related files and folders such as acquired data, image outputs, or script directories. It is not a standalone piece of lab hardware, but a file-operation component in the lab control system.",目录资源集合管理器,后处理设备|实验数据管理与记录|实验数据目录存储与资源管理|目录资源集合管理器
电动滤光轮,Motorized Filter Wheel,filter_wheel,filter_wheel,5,13,auto-RW|auto-getPosition|auto-setPositionf|auto-setPositionq|auto-zero,电动滤光轮是一种用于在光路中安装并切换多片滤光片的光学设备。它可将不同滤光片快速移入或移出光束路径，常用于显微成像、荧光实验、相机检测和一般光学实验中的波段选择与光路切换。,"A motorized filter wheel is an optical device that holds multiple filters and switches them into or out of the beam path. It is commonly used for wavelength selection and optical path switching in microscopy, fluorescence experiments, camera-based detection, and general optical laboratory setups.",电动滤光片转轮,表征设备|光学与光谱实验|显微成像与光学显微实验|电动滤光片转轮
FireSting 多通道光学氧测量仪,FireSting Multi-Channel Optical Oxygen Meter,fire_sting,fire_sting,7,111,auto-amplification|auto-blink|auto-disconnect|auto-frequency|auto-led_intensity|auto-measure|auto-measure_time,FireSting 是一类用于连接光学氧传感器的多通道氧测量仪，可对液体或气体样品中的氧信号进行光学测量，并结合温度、压力和盐度参数进行补偿计算。它常用于实验室中的溶解氧、氧饱和度和相关氧参数监测。,"The FireSting is a multi-channel optical oxygen meter designed to work with optical oxygen sensors. It performs optical oxygen measurements in liquid or gas samples and can apply temperature, pressure, and salinity compensation. It is commonly used in laboratories for dissolved oxygen, oxygen saturation, and related oxygen monitoring.",光学氧测量仪,表征设备|传感测量与环境感知|溶解氧与气体氧监测|光学氧测量仪
固件烧录服务,Firmware Flashing Service,flash_firmware,flash_firmware,1,43,ask_quit,用于通过串口等接口将编译后的固件写入嵌入式设备的烧录软件服务组件，常见于 ESP32 等微控制器开发流程。该组件负责组织烧录参数、端口连接与写入流程，不对应单一硬件厂商设备。,"A software service component for flashing compiled firmware to embedded devices over serial and related interfaces, commonly used in ESP32 workflows. It manages flashing parameters, port connection, and write procedures, and does not correspond to a single hardware vendor device.",固件烧录服务,备料&前处理设备|实验室自动化与仪器集成|实验控制固件构建与部署|固件烧录服务
Flask网络服务,Flask Web Service,flask_service,flask_service,3,12,auto-register_routes|auto-start|auto-stop,用于管理基于 Flask 的 HTTP 网络服务的软件组件，可注册 API 路由并启动或停止服务器，常用于实验系统的远程控制与接口集成。它不是物理实验仪器。,"A software component that manages a Flask-based HTTP web service. It can register API routes and start or stop the server, and is commonly used for remote control and interface integration in lab systems. It is not a physical laboratory instrument.",实验网络服务,实验执行&合成设备|实验室自动化与仪器集成|实验HTTP远程控制与API集成|实验网络服务
质量流量控制器,Mass Flow Controller,flow_controller,flow_controller,6,25,auto-close|auto-get|auto-open|auto-set|auto-set_display|auto-set_gas,质量流量控制器（MFC）用于精确调节气体或液体的质量流量，常见于气体配比、工艺供气和实验流程控制。该驱动上下文显示可能覆盖多家厂商型号，厂商信息不唯一时保持空值。,"A mass flow controller (MFC) is used to precisely regulate gas or liquid mass flow in gas mixing, process supply, and experimental control workflows. In this driver context, multiple vendor families may be supported, so manufacturer is left empty when not uniquely identifiable.",气体质量流量控制器,实验执行&合成设备|气体输送与过程控制|气体供给与混气控制|气体质量流量控制器
质量流量计,Mass Flow Meter,flow_meter,flow_meter,14,41,auto-close|auto-create_mix|auto-delete_mix|auto-flush|auto-get|auto-get_firmware|auto-is_connected|auto-is_locked|auto-lock|auto-reset_totalizer|auto-set_gas|auto-tare_pressure|auto-tare_volumetric|auto-unlock,质量流量计用于测量气体流量，通常可输出质量流量、体积流量、压力与温度等参数，适用于实验室与工艺监测。该驱动上下文可能兼容多家厂商流量计型号，厂商不唯一时保持空值。,"A mass flow meter is used to measure gas flow and commonly reports mass flow, volumetric flow, pressure, and temperature for laboratory and process monitoring. This driver context may cover multiple vendor model families, so manufacturer is left empty when not uniquely determined.",质量流量计,表征设备|气体输送与过程控制|气体供给与混气控制|质量流量计
Fluke 3000 FC 无线测量系统,Fluke 3000 FC Wireless Measurement System,fluke3000,fluke3000,11,23,auto-connect|auto-flush|auto-input_range|auto-measure|auto-mode|auto-query_lines|auto-read_lines|auto-relative|auto-reset|auto-scan|auto-trigger_mode,Fluke 3000 FC 是一套通过 PC3000 无线适配器与计算机通信的无线测量仪器系统，可包含 3000 FC 无线数字万用表以及温度、电压等测量模块。它适用于实验室中对电压、温度等信号进行远程读取与数据采集。,"The Fluke 3000 FC is a wireless measurement instrument system that communicates with a computer through a PC3000 wireless adapter. It can include the 3000 FC wireless digital multimeter as well as temperature and voltage measurement modules, and is used in laboratories for remote readout and acquisition of quantities such as voltage and temperature.",数字万用表,表征设备|电子与电气测试|电压监测与传感器信号采集|数字万用表
文件夹图像采集源,Folder Image Capture Source,folder_capture,folder_capture,14,55,auto-connect|auto-disconnect|auto-enable_auto_exposure|auto-enable_folder_watching|auto-force_refresh|auto-is_folder_watching_enabled|auto-set_current_index|auto-set_exposure|auto-set_fps|auto-set_frame_size|auto-set_gain|auto-start_async|auto-stop|auto-validate_file_list,一种基于文件夹的图像输入源，可将磁盘中的图像文件按名称或创建时间顺序作为连续视频流读取，并可监视文件夹中的新增或删除图像。适用于实验室中回放已采集的显微图像或相机图像、测试图像处理流程，以及在无实体相机时模拟视频输入。,"A folder-based image input source that reads image files from disk as a continuous video stream, ordered by filename or creation time, and can monitor the folder for added or removed images. It is useful in laboratories for replaying previously acquired microscope or camera images, testing image-processing workflows, and simulating a video input when no physical camera is connected.",文件夹图像采集源,表征设备|实验数据可视化与分析|离线图像回放与虚拟相机输入|文件夹图像采集源
短波红外高光谱相机帧采集单元,SWIR Hyperspectral Camera Frame Grabber,frame_grabber,frame_grabber,3,13,auto-run|auto-running|auto-stop,用于接收并采集短波红外高光谱相机图像数据的帧采集单元，通常与 Specim SWIR 成像系统配合使用。在实验室中可用于连续获取样品的短波红外高光谱数据流，服务于成像、检测与分析实验。,"A frame grabber unit used to receive and acquire image data from a short-wave infrared hyperspectral camera, typically as part of a Specim SWIR imaging system. In laboratory use, it supports continuous collection of SWIR hyperspectral data streams for imaging, inspection, and analysis experiments.",高光谱相机帧采集单元,表征设备|光学与光谱实验|高光谱成像与反射/辐射表征|高光谱相机帧采集单元
稀释制冷机监测系统,Dilution Refrigerator Monitoring System,fridge__monitor,fridge__monitor,2,14,auto-get_idn|auto-snapshot,用于稀释制冷机运行状态监测与参数采集的软件监测系统，可用于低温实验环境中的温度与设备状态跟踪。该类系统常见于超低温物理和量子相关实验平台。,"A software monitoring system for dilution refrigerator operation and parameter acquisition, used to track temperatures and equipment status in low-temperature experimental environments. Such systems are common in ultra-low-temperature physics and quantum-related platforms.",低温制冷机监测系统,表征设备|低温与量子测量|低温实验温控与制冷|低温制冷机监测系统
XPS运动控制器,XPS Motion Controller,ftp_base_wrapper,ftp_base_wrapper,8,26,auto-close|auto-connect|auto-cwd|auto-delete|auto-getlines|auto-list|auto-put|auto-save,Newport XPS 是一类实验室运动控制器，用于控制电动位移台、定位平台等精密运动设备。它常见于光学实验、自动化测量和精密定位系统中，可通过网络进行控制与配置，并支持在控制器上读写配置或脚本文件。,"The Newport XPS is a laboratory motion controller used to operate motorized stages, positioning platforms, and other precision motion hardware. It is commonly used in optical experiments, automated measurements, and precision positioning systems, and supports network-based control as well as reading and writing configuration or script files stored on the controller.",电动位移台控制器,实验执行&合成设备|物流/机械|精密定位与运动控制|实验室自动化与仪器集成|样品/探针定位与运动控制|电动位移台控制器
Newport XPS精密运动控制器,Newport XPS Precision Motion Controller,ftp_wrapper,ftp_wrapper,7,26,auto-connect|auto-cwd|auto-delete|auto-getlines|auto-list|auto-put|auto-save,这是一种用于精密位移与定位实验的网络化运动控制器，可驱动和协调电动位移台、线性/旋转执行器等设备。它常用于光学对准、样品定位、扫描测量和自动化实验平台，并可在控制器内部保存配置、程序或日志等文件供网络管理。,"This is a networked precision motion controller used for laboratory positioning and motion applications. It drives and coordinates motorized stages and linear or rotary actuators, and is commonly used for optical alignment, sample positioning, scanning measurements, and automated experimental platforms. The controller can also store configuration, program, or log files for network-based file management.",电动位移台控制器,实验执行&合成设备|物流/机械|精密定位与运动控制|实验室自动化与仪器集成|样品/探针定位与运动控制|电动位移台控制器
双通道函数/任意波形发生器,Dual-Channel Function / Arbitrary Waveform Generator,func_gen,func_gen,33,64,auto-close|auto-get_amplitude|auto-get_amplitude_lims|auto-get_custom_waveform|auto-get_error|auto-get_frequency|auto-get_frequency_lims|auto-get_frequency_lock|auto-get_function|auto-get_offset|auto-get_output|auto-get_output_state|auto-get_settings|auto-get_voltage_lims|auto-get_waveform_catalogue|auto-open|auto-print_settings|auto-query|auto-set_amplitude|auto-set_custom_waveform|auto-set_frequency|auto-set_frequency_lock|auto-set_function|auto-set_limit|auto-set_offset|auto-set_output|auto-set_output_state|auto-set_settings|auto-set_stricter_limits|auto-software_trig|auto-syncronise_waveforms|auto-timeout|auto-write,一台台式双通道函数/任意波形信号发生器，用于在实验室中输出正弦波、方波等标准波形以及用户自定义波形，并调节频率、幅度、偏置和输出状态。它适合用于电子电路测试、传感器激励、触发实验以及需要双通道同步或频率锁定的信号源应用。,"A benchtop dual-channel function/arbitrary waveform generator used in laboratories to produce standard waveforms such as sine and square waves as well as user-defined waveforms, with control over frequency, amplitude, offset, and output state. It is suitable for electronics testing, sensor excitation, trigger-based experiments, and signal-source tasks requiring two-channel synchronisation or frequency locking.",任意函数发生器|SCPI台式电子仪器,表征设备|电子与电气测试|射频与电子电路测试|脉冲激励与时序控制|任意函数发生器|SCPI台式电子仪器
函数发生器,Function Generator,function_generator,function_generator,8,35,auto-amplitude|auto-channel|auto-frequency|auto-function|auto-offset|auto-phase|auto-query|auto-sendcmd,函数发生器是一种电子测试仪器，用于产生可调频率、幅度、相位、直流偏置和波形类型的电信号。它常用于电子电路测试、传感器与执行器激励、教学实验以及通用信号源应用。,"A function generator is an electronic test instrument that produces electrical signals with adjustable frequency, amplitude, phase, DC offset, and waveform type. It is commonly used for circuit testing, sensor and actuator excitation, teaching labs, and general-purpose signal source applications.",任意函数发生器|SCPI台式电子仪器,表征设备|电子与电气测试|射频与电子电路测试|脉冲激励与时序控制|任意函数发生器|SCPI台式电子仪器
管式炉,Tube Furnace,furnace,furnace,4,30,auto-ChangeAddress|auto-QueryTemp|auto-ReportStatus|auto-SetTemp,管式炉是一种用于对管内样品或气氛进行受控加热的高温实验设备，常用于材料退火、烧结、热处理以及高温反应实验。该设备可设定目标温度并读取当前炉温。,"A tube furnace is a high-temperature laboratory instrument used to heat samples or process atmospheres inside a tube under controlled conditions. It is commonly used for annealing, sintering, heat treatment, and high-temperature reaction experiments. The device supports setting a target temperature and reading the current furnace temperature.",管式炉,实验执行&合成设备|后处理设备|粉体&固相反应|热处理工艺研发|管式炉
电动滤光片转轮,Motorized Filter Wheel,fw102_b,fw102_b,2,9,auto-getPos|auto-setPos,一款多工位电动滤光片转轮，可在多个滤光片位置之间快速切换。常用于显微成像、荧光实验和光学测量中，以选择不同波段或不同类型的光学滤片。,"A multi-position motorized filter wheel that switches quickly between installed optical filters. It is commonly used in microscopy, fluorescence experiments, and optical measurements to select different wavelength bands or filter types.",电动滤光片转轮,表征设备|光学与光谱实验|显微成像与光学显微实验|电动滤光片转轮
Sunbrick 多通道可调光谱LED光源模块,Sunbrick Multi-Channel Tunable Spectrum LED Light Module,g2_v_sunbrick,g2_v_sunbrick,5,59,auto-set_channel_value|auto-set_intensity_factor|auto-set_spectrum|auto-setup_network_arbitration|auto-turn_off,Sunbrick 是一种多通道、可联网的 LED 光源模块，可按通道调节输出值、设置整体强度因子、加载预设光谱，并监测模块节点温度。它适合在实验室中提供可编程、可重复的光照条件，用于光学测试、材料表征及其他需要可调光谱照明的实验。,"The Sunbrick is a multi-channel, networkable LED light module that allows per-channel output control, overall intensity adjustment, preset spectrum loading, and node temperature monitoring. It is used in laboratories to provide programmable and repeatable illumination for optical testing, material characterization, and other experiments requiring tunable spectral lighting.",LED光源控制器|多通道可调光谱LED光源,表征设备|光学与光谱实验|智慧表征与检测中心|LED光源控制器|可调光谱照明与光照实验|多通道可调光谱LED光源
Galil多轴运动控制器,Galil Multi-Axis Motion Controller,galil,galil,18,26,auto-break_infinite_digital_cycles|auto-digital_out_off|auto-digital_out_on|auto-infinite_digital_cycles|auto-motor_disconnect|auto-motor_move|auto-motor_move_live|auto-motor_off|auto-motor_on|auto-motor_stop|auto-query_all_axis_positions|auto-query_axis|auto-query_moving|auto-read_analog_in|auto-read_digital_in|auto-read_digital_out|auto-set_analog_out|auto-shutdown_event,这是一类用于控制多轴电机运动的运动控制器，可驱动实验中的线性平台、位移轴或机械机构，并提供数字/模拟I/O接口用于联锁、触发和信号读取。它常用于精密定位、自动扫描、样品移动和实验装置集成控制。,"This is a multi-axis motion controller used to drive motorized stages, translation axes, or other laboratory mechanisms, while also providing digital and analog I/O for interlocks, triggering, and signal readback. It is commonly used for precise positioning, automated scanning, sample movement, and integrated instrument control.",电动位移台控制器,实验执行&合成设备|物流/机械|精密定位与运动控制|实验室自动化与仪器集成|样品/探针定位与运动控制|实验仪器数据采集与联机控制|电动位移台控制器
六自由度遥操作游戏手柄,6-DOF Teleoperation Gamepad,gamepad6_dof_teleop,gamepad6_dof_teleop,10,17,auto-action_features|auto-calibrate|auto-configure|auto-connect|auto-disconnect|auto-feedback_features|auto-get_action|auto-is_calibrated|auto-is_connected|auto-send_feedback,一种手持式游戏控制器，用作实验室机器人遥操作的人机输入设备。它通过摇杆、扳机、肩键和按键将操作者的输入映射为六自由度位姿增量指令，并可用于控制夹爪开合，常用于机械臂或末端执行器的手动示教与实时遥控。,"A handheld game controller used as a human input device for robot teleoperation in the lab. Joysticks, triggers, bumpers, and buttons are mapped to 6-degree-of-freedom motion increments and gripper control, making it suitable for manual teaching and real-time control of a robot arm or end effector.",操纵杆/游戏手柄控制器,物流/机械|机器人与移动平台|实验室机器人操作与样品转运|实验室机械臂自动化与样品搬运|操纵杆/游戏手柄控制器
Gamry电化学工作站,Gamry electrochemical workstation,gamry,gamry,9,25,auto-close_connection|auto-dump_data|auto-measure|auto-measurement_setup|auto-open_connection|auto-potential_cycle|auto-potential_ramp|auto-simulate|auto-status,一种用于电化学实验的台式电化学工作站（恒电位/恒电流仪），可施加设定的电位扫描并采集电流等响应信号，常用于循环伏安、线性扫描和电位斜坡类测试。,"A bench-top electrochemical workstation (potentiostat/galvanostat) used for electrochemical experiments. It applies programmed potential scans and records response signals such as current, commonly for cyclic voltammetry, linear sweep, and potential ramp measurements.",电化学工作站,表征设备|电化学测试与分析|电化学表征与阻抗谱测量|电化学工作站
气体选择系统,Gas Selection System,gass,gass,26,42,auto-close_all_chambers|auto-close_all_valves|auto-close_valve|auto-do_vacuum_all_chambers|auto-do_vacuum_manifold|auto-fill_all_chambers|auto-fill_all_chambers_with_a_gas|auto-get_edge|auto-get_element|auto-get_extratime_manifold|auto-get_extratime_manifold_vacuum|auto-get_gas_proportions|auto-get_pressure_vacuum|auto-get_pressure_work|auto-open_all_chambers|auto-open_all_valves|auto-open_valve|auto-purge_all_chambers|auto-set_edge|auto-set_element|auto-set_extratime_manifold|auto-set_extratime_manifold_vacuum|auto-set_gas_proportions|auto-set_pressure_vacuum|auto-set_pressure_work|auto-start,一种用于管理多路气体、真空歧管和多个腔室阀门的气体处理装置。它可对腔室和歧管执行抽真空、氮气吹扫，并按设定压力与比例充入 Ar、He、N2 等气体，常用于同步辐射束线中气体电离室或类似检测腔体的准备与运行。,"A gas handling and selection device with multiple gas lines, a vacuum manifold, and chamber valves. It can evacuate chambers and the manifold, purge with nitrogen, and fill chambers with gases such as Ar, He, and N2 at defined pressures and proportions. It is commonly used to prepare gas-filled ionization chambers or similar detector chambers on synchrotron beamlines.",气体歧管与配气系统,备料&前处理设备|实验执行&合成设备|气体输送与过程控制|真空系统与高真空实验|气体供给与混气控制|高真空/超高真空腔体与仪器配套|X射线成像与束线探测|气体歧管与配气系统
Gatan电镜相机与能量过滤器系统,Gatan TEM Camera and Energy Filter System,gatan_socket,gatan_socket,39,54,auto-AlignEnergyFilterZeroLossPeak|auto-ExchangeMessages|auto-ExecuteCameraObjectFunction|auto-ExecuteGetDoubleCameraObjectFunction|auto-ExecuteGetDoubleScript|auto-ExecuteGetLongCameraObjectFunction|auto-ExecuteGetLongScript|auto-ExecuteScript|auto-ExecuteSendCameraObjectionFunction|auto-ExecuteSendScript|auto-GetDMVersion|auto-GetEnergyFilter|auto-GetEnergyFilterOffset|auto-GetEnergyFilterWidth|auto-GetImage|auto-GetLong|auto-GetNumberOfCameras|auto-GetPluginVersion|auto-InsertCamera|auto-IsCameraInserted|auto-RunScript|auto-SelectCamera|auto-SendLongGetLong|auto-SetEnergyFilter|auto-SetEnergyFilterOffset|auto-SetEnergyFilterWidth|auto-SetK2Parameters|auto-SetReadMode|auto-SetShutterNormallyClosed|auto-SetupFileSaving|auto-UpdateK2HardwareDarkReference|auto-connect|auto-disconnect|auto-getNumGrabSum|auto-hasScriptFunction|auto-reconnect|auto-recv_data|auto-send_data|auto-setNumGrabSum,这是一套用于透射电子显微镜的Gatan成像与能量过滤系统，可管理一台或多台电镜相机，并支持K2类直接电子探测器参数设置、图像采集、分帧保存以及能量过滤器调节。它常用于TEM和冷冻电镜实验中的图像记录、剂量分割采集和零损峰对准。,"This is a Gatan imaging and energy-filter system for transmission electron microscopy. It can manage one or more microscope cameras and supports K2-class direct electron detector configuration, image acquisition, frame saving, and energy filter adjustment. It is commonly used in TEM and cryo-EM experiments for image recording, dose-fractionated acquisition, and zero-loss peak alignment.",科学相机|电镜相机|电镜能量过滤器,表征设备|智慧表征与检测中心|物化表征测试中心|科学相机|透射电镜与冷冻电镜成像|电镜相机|电镜能量过滤器
AreaDetector GatherN 数据汇聚插件,AreaDetector GatherN Data Gather Plugin,gather_n_plugin_v31,gather_n_plugin_v31,12,29,auto-array_pixels|auto-describe_configuration|auto-disable_on_stage|auto-enable_on_stage|auto-ensure_blocking|auto-ensure_nonblocking|auto-image|auto-read_configuration|auto-set|auto-source_plugin|auto-stage|auto-warmup,这是一个用于面阵探测器数据采集链路的图像/数组汇聚插件组件，通常接在上游 areaDetector 插件之后，从源插件接收 NDArray 数据并进行成组汇集，供后续显示、处理或保存使用。它常见于同步辐射、显微成像和其他基于二维探测器的实验数据流程中。,"This is an image/array gathering plugin component used in an area detector acquisition pipeline. It typically sits downstream of another areaDetector plugin, receives NDArray data from a source plugin, and groups or gathers the data for later display, processing, or file output. It is commonly used in synchrotron, microscopy, and other 2D detector-based experimental workflows.",数据采集流水线处理节点,表征设备|智慧表征与检测中心|实验室自动化与仪器集成|实验成像与过程监测|数据采集流水线处理节点
串口真空规,Serial Vacuum Gauge,gauge_serial,gauge_serial,2,18,auto-egu|auto-pressure,用于真空系统压力测量的真空规，可通过串行接口接入控制系统。根据配置可对应皮拉尼规或冷阴极规等规管，常用于实验腔体、真空管线和抽气系统的压力监测。,"A vacuum gauge used to measure pressure in vacuum systems and connected through a serial interface. Depending on the configuration, it may correspond to a Pirani gauge or a cold cathode gauge, and is commonly used for pressure monitoring in experimental chambers, vacuum lines, and pumping systems.",真空规,表征设备|真空系统与高真空实验|高真空/超高真空腔体与仪器配套|真空规
xArm机械臂,xArm robotic arm,gcode_client,gcode_client,3,11,auto-close|auto-execute|auto-execute_file,一款可编程多轴机械臂，可按G代码或预定义路径执行运动任务。在实验室中常用于自动化取放、样品转运、定位与重复轨迹操作等流程。,"A programmable multi-axis robotic arm that can execute motion tasks from G-code or predefined paths. In laboratories, it is commonly used for automated pick-and-place, sample transfer, positioning, and repeatable motion workflows.",机械臂,物流/机械|机器人与移动平台|实验室机械臂自动化与样品搬运|样品/探针定位与运动控制|机械臂
通用UDP组播通信接口,General-Purpose UDP Multicast Bus,general_purpose_udp_multicast_bus,general_purpose_udp_multicast_bus,4,19,auto-fileno|auto-recv|auto-send|auto-shutdown,一种基于 IP/UDP 组播的虚拟通信接口，用于在实验室中的多台计算机、多个进程或分布式控制节点之间广播和接收数据。它常用于网络化消息分发、虚拟 CAN 通信测试、系统联调以及局域网内的多节点数据交换。,"A virtual communication interface based on IP/UDP multicast for broadcasting and receiving data among multiple laboratory computers, processes, or distributed control nodes. It is commonly used for network message distribution, virtual CAN communication tests, system integration, and multi-node data exchange on a local area network.",UDP组播通信接口,实验执行&合成设备|实验室自动化与仪器集成|实验仪器数据采集与联机控制|实验仪器通信与驱动集成|CAN总线通信记录与离线分析|UDP组播通信接口
通用实验优化模块,Generic Experiment Optimization Module,generic_optimization,generic_optimization,48,63,auto-add_data|auto-allow_go_to|auto-check_create_save_node|auto-clean_h5_temp|auto-close_file|auto-config_path|auto-connect_things|auto-create_new_file|auto-do_live_plot|auto-do_save|auto-enable_controls_opti|auto-enable_settings_run|auto-format_bounds|auto-get_set_model_params|auto-get_stopping_parameters|auto-go_to|auto-go_to_best|auto-h5saver|auto-ini_custom_attributes|auto-ini_live_plot|auto-ini_model|auto-ini_optimization_runner|auto-ini_saver|auto-ini_temp_file|auto-module_and_data_saver|auto-optimization_done|auto-populate_status_bar|auto-quit|auto-recursive_enable|auto-restart_algo|auto-run_optimization|auto-set_algorithm|auto-set_model|auto-setup_actions|auto-setup_docks|auto-setup_menu|auto-stop_algo|auto-thread_status|auto-title|auto-update_actuators|auto-update_after_actuators_changed|auto-update_bounds|auto-update_data_plot|auto-update_model_settings_from_action|auto-update_prediction_function|auto-update_stopping_criteria|auto-validate_config|auto-value_changed,用于实验自动化的通用优化控制模块，可根据检测器获得的目标信号联动一个或多个执行器，自动搜索最佳参数组合，并支持实时显示与数据保存。,"A general optimization control module for laboratory automation. It coordinates detector signals with one or more actuators to automatically search for optimal parameter settings, with live visualization and data saving.",实验优化控制器,实验执行&合成设备|实验室自动化与仪器集成|实验数据可视化与分析|实验仪器数据采集与联机控制|闭环实验优化与参数搜索|实验优化控制器
MiR100自主移动机器人,MiR100 autonomous mobile robot,get_wifi_connection,get_wifi_connection,15,38,auto-bssid|auto-connected|auto-device|auto-dns|auto-ip_address|auto-last_connected|auto-mac|auto-name|auto-netmask|auto-security|auto-to_dict|auto-to_str|auto-type|auto-url|auto-uuid,MiR100 是一款用于实验室、产线和仓储环境的自主移动机器人，可执行物料搬运、样品转运和内部物流配送任务。设备通常通过无线网络接入管理系统，以便进行任务调度、状态监控和系统集成。,"The MiR100 is an autonomous mobile robot used in laboratories, production areas, and warehouses for material transport, sample transfer, and internal logistics. It typically connects over Wi-Fi to management systems for task scheduling, status monitoring, and system integration.",AGV,物流/机械|机器人与移动平台|移动机器人与自动驾驶实验|AGV
GigE Vision工业相机,GigE Vision industrial camera,gev_device,gev_device,9,126,get_device_info|get_device_number|open_device_by_index|open_device_by_ip|open_device_by_mac|open_device_by_sn|open_device_by_user_id|update_all_device_list|update_device_list,这是一类通过千兆以太网进行通信和图像传输的工业数字相机，可输出原始或彩色图像数据。实验室中常用于显微成像、机器视觉、自动化检测和各类需要远距离稳定图像采集的实验平台。,"This is an industrial digital camera that communicates and streams image data over Gigabit Ethernet. It can provide raw or color image data and is commonly used in laboratories for microscopy, machine vision, automated inspection, and other setups requiring stable image acquisition over longer cable distances.",工业相机,表征设备|智慧表征与检测中心|实验成像与机器视觉|实验成像与过程监测|显微成像与光学显微实验|工业相机
Glassman FR系列高压直流电源,Glassman FR Series high-voltage DC power supply,glassman_fr,glassman_fr,15,32,auto-channel|auto-current|auto-current_sense|auto-device_timeout|auto-fault|auto-get_status|auto-mode|auto-output|auto-query|auto-reset|auto-sendcmd|auto-set_status|auto-version|auto-voltage|auto-voltage_sense,这是一款单路输出的高压直流电源，可远程设定输出电压和电流、开关高压输出，并读取实际输出电压、电流、恒压/恒流工作模式及故障状态。适用于需要稳定高压偏置、电源激励或高压测试的实验室装置与实验平台。,"This is a single-output high-voltage DC power supply that can be remotely controlled to set output voltage and current, enable or disable the high-voltage output, and read back measured voltage, current, operating mode, and fault status. It is used in laboratory setups that require stable high-voltage biasing, powering, or high-voltage test conditions.",可编程直流电源,实验执行&合成设备|电子与电气测试|电源与电池测试|电子器件供电与台架测试|可编程直流电源
GNSS基准站接收机,GNSS Base Station Receiver,gnss_base_service,gnss_base_service,31,53,auto-activeConfiguration|auto-configChanged|auto-configDir|auto-connected|auto-defConfig|auto-error|auto-estimateInfo|auto-getConfig|auto-listConfigs|auto-loadConfig|auto-logRawData|auto-logRawDataChanged|auto-posValidTimeout|auto-positionUpdate|auto-receiverInfo|auto-restore|auto-satelliteInfo|auto-satellitesChanged|auto-save|auto-saveConfig|auto-setConfig|auto-setConfigDir|auto-setDefConfig|auto-setLogRawData|auto-setPosValidTimeout|auto-setStorDir|auto-statusChanged|auto-storDir|auto-timeInfo|auto-timesyncChanged|auto-timesyncInfo,GNSS基准站接收机用于接收卫星导航信号，提供位置估计、可见卫星、接收机状态和时间同步信息，并可记录原始观测数据。它常用于定位实验、基站配置管理、天线安装验证和授时测试。,"A GNSS base station receiver acquires satellite navigation signals and provides position estimates, visible-satellite data, receiver status, and time-synchronization information. It is commonly used for positioning experiments, base-station configuration, antenna setup validation, and timing tests.",卫星导航接收机,表征设备|传感测量与环境感知|机器人与移动平台|卫星导航接收机|卫星定位与授时测试
运动目标节点,Motion Goal Node,goal,goal,14,23,auto-add_constraints_of_goal|auto-add_goal|auto-add_monitor|auto-add_task|auto-arrange_in_sequence|auto-connect_end_condition_to_all_tasks|auto-connect_monitors_to_all_tasks|auto-connect_pause_condition_to_all_tasks|auto-connect_start_condition_to_all_tasks|auto-get_joint_position_symbol|auto-get_life_cycle_state_expression|auto-get_observation_state_expression|auto-has_tasks|auto-ref_str,这是一个用于机器人运动状态图中的目标逻辑组件，而非独立物理仪器。它用于在实验自动化或机器人控制流程中组织任务、约束与监视条件，支持目标编排、顺序执行以及关节状态符号引用，常见于机械臂等运动规划场景。,"This is a software goal component used in a robot motion statechart rather than a standalone physical instrument. It is used in laboratory automation or robotic control workflows to organize tasks, constraints, and monitor conditions, supporting goal composition, sequential arrangement, and joint-state symbol references, typically in manipulator motion-planning scenarios.",机器人运动目标节点,物流/机械|机器人与移动平台|实验室自动化与仪器集成|实验室机械臂自动化与样品搬运|机器人运动规划与任务编排|机器人运动目标节点
GPIB通信适配器,GPIB Communication Adapter,gpib_communicator,gpib_communicator,11,25,auto-address|auto-close|auto-eoi|auto-eos|auto-flush_input|auto-read|auto-read_raw|auto-terminator|auto-timeout|auto-write|auto-write_raw,这是一种将计算机与采用 IEEE-488/GPIB 接口的实验仪器连接起来的通信适配器，常见形式为 GPIB-USB 或 GPIB-以太网桥接器。它用于实验室中对万用表、源表、示波器、频谱仪等台式仪器进行远程控制、命令发送和数据采集。,"This is a communication adapter that links a computer to laboratory instruments using the IEEE-488/GPIB interface, commonly as a GPIB-to-USB or GPIB-to-Ethernet bridge. It is used in labs for remote control, command transmission, and data acquisition from bench instruments such as multimeters, source meters, oscilloscopes, and spectrum analyzers.",通用接口总线仪器通信接口,实验执行&合成设备|表征设备|实验室自动化与仪器集成|电子与电气测试|实验仪器数据采集与联机控制|实验仪器通信与驱动集成|通用接口总线仪器通信接口
通用GPIO设备,Generic GPIO Device,gpio_device,gpio_device,8,47,auto-all|auto-close|auto-closed|auto-ensure_pin_factory|auto-is_active|auto-namedtuple|auto-pin|auto-value,通过单个 GPIO 引脚连接到单板计算机或控制器的通用外设类别，可对应简单的数字输入/输出元件，如按钮、开关、指示灯或逻辑电平传感器。在实验室、教学和原型开发中常用于基础电子接口测试、状态检测与简单控制。,"A generic class of peripherals connected through a single GPIO pin to a single-board computer or controller. It can represent simple digital input/output components such as buttons, switches, indicator LEDs, or logic-level sensors. In labs, teaching, and prototyping, it is commonly used for basic electronics interfacing, state sensing, and simple control.",通用数字输入输出外设,实验执行&合成设备|电子与电气测试|实验室自动化与仪器集成|通用数字输入输出与状态检测|通用数字输入输出外设
PCA9554 I2C GPIO扩展器,PCA9554 I2C GPIO Expander,gpio_pca9554,gpio_pca9554,1,40,auto-init,PCA9554是一种通过I2C总线连接的通用输入/输出扩展芯片，可为实验控制系统增加额外数字I/O通道。它常用于仪器联动、开关量读写、状态采集和简单外围器件控制。,"The PCA9554 is an I2C-connected general-purpose input/output expander that adds extra digital I/O lines to laboratory control systems. It is commonly used for instrument interlocks, digital signal read/write, status monitoring, and simple peripheral control.",串行总线数字输入输出扩展器,实验执行&合成设备|实验室自动化与仪器集成|电子与电气测试|PLC控制与设备联锁|实验仪器数据采集与联机控制|串行总线数字输入输出扩展器
GPS定位接收器,GPS Receiver,gps_position,gps_position,5,42,auto-run|auto-run_once|auto-run_threaded|auto-shutdown|auto-update,一种通过串口输出 NMEA 语句的 GPS 接收器，用于测量车辆、机器人或移动实验平台的地理位置。实验中可用于定位、轨迹记录，以及将经纬度转换为平面位置坐标以支持导航与路径分析。,"A GPS receiver that outputs NMEA sentences over a serial connection to measure the geographic position of a vehicle, robot, or other mobile experimental platform. In lab use, it supports positioning, trajectory logging, and conversion of latitude/longitude into planar position coordinates for navigation and path analysis.",卫星导航接收机,表征设备|机器人与移动平台|传感测量与环境感知|移动机器人与自动驾驶实验|卫星定位与轨迹记录|卫星导航接收机
图形标注与ROI对象,Graphic Annotation and ROI Object,graphic,graphic,45,416,auto-CAN_REPOSITION|auto-CAN_RESHAPE|auto-CAN_ROTATE|auto-adjust_part|auto-begin_drag|auto-clone|auto-color|auto-create_proxy|auto-display_item|auto-draw|auto-draw_label|auto-end_drag|auto-fill_color|auto-get_attributes|auto-get_mask|auto-get_mask_item|auto-get_region|auto-graphic_id|auto-has_attribute|auto-is_bounds_constrained|auto-is_position_locked|auto-is_rotation_locked|auto-is_shape_locked|auto-item_specifier|auto-label|auto-label_position|auto-mime_data_dict|auto-nudge|auto-project|auto-read_from_mime_data|auto-read_properties_from_dict|auto-reset_position|auto-role|auto-source|auto-source_specifier|auto-stroke_color|auto-stroke_width|auto-test|auto-test_label|auto-update_uuids|auto-used_fill_style|auto-used_role|auto-used_stroke_style|auto-used_stroke_width|auto-write_to_dict,用于科学成像软件中的图形标注与感兴趣区域（ROI）对象，可表示矩形、椭圆、直线、点、环形、楔形等覆盖图形。它通常用于显微图像或谱图上的区域选择、测量、掩膜生成、交互编辑和结果标注。,"A graphic annotation and region-of-interest (ROI) object used in scientific imaging software. It can represent overlays such as rectangles, ellipses, lines, points, rings, and wedges, and is typically used on microscopy images or spectra for region selection, measurement, mask generation, interactive editing, and annotation.",感兴趣区图形标注器,表征设备|实验数据可视化与分析|多维实验数据可视化|显微成像与光学显微实验|科学图像区域标注与感兴趣区分析|感兴趣区图形标注器
GRBL数控运动控制设备,GRBL-based CNC motion control device,grbl_com_serial,grbl_com_serial,9,20,auto-abort|auto-clearCom|auto-gcodeInsert|auto-gcodePush|auto-realTimePush|auto-resetSerial|auto-run|auto-startPooling|auto-stopPooling,基于 GRBL 固件的数控运动控制设备，通过串口接收 G-code 指令来驱动多轴运动。常见于小型 CNC 雕刻机、运动平台或激光加工设备，在实验室中可用于样品定位、自动扫描、轨迹运动和简单加工控制。,"A CNC motion control device running GRBL firmware, receiving G-code commands over a serial connection to drive multi-axis motion. It is commonly used in small CNC engravers, positioning stages, or laser processing systems, and in laboratories for sample positioning, automated scanning, trajectory motion, and simple machining control.",串行仪器通信接口|数控固件运动控制器,物流/机械|精密定位与运动控制|样品/探针定位与运动控制|串行仪器通信接口|数控固件运动控制器
GRBL 三轴电动位移台,GRBL-controlled XYZ motorized stage,grbl_controller,grbl_controller,11,28,auto-close|auto-get_position|auto-home|auto-move|auto-remove_comment|auto-remove_eol_chars|auto-send_gcode_command|auto-send_gcode_command_inThread|auto-send_wake_up|auto-wait_for_movement_completion|auto-write,这是一类由 GRBL 运动控制器驱动的三轴电动位移平台，通常采用步进电机实现 X、Y、Z 方向移动，并支持回零与位置查询。在实验室中常用于显微镜样品定位、自动扫描、对焦位移和小型自动化运动控制。,"This is a three-axis motorized positioning stage driven by a GRBL motion controller, typically using stepper motors for X, Y, and Z travel with homing and position readback. In laboratories it is commonly used for microscope sample positioning, automated scanning, focus translation, and small-scale motion automation.",电动定位台,物流/机械|精密定位与运动控制|样品/探针定位与运动控制|显微成像与光学显微实验|电动定位台
GRBL三轴运动平台,GRBL 3-Axis Motion Stage,grbl_driver,grbl_driver,25,38,auto-alarm_reset|auto-check_alarm|auto-close|auto-controlled_stop|auto-current_position|auto-get_positions|auto-get_status_report|auto-home|auto-move_abs|auto-move_rel|auto-move_xyz|auto-reset_stage|auto-set_laser_intensity|auto-set_led|auto-shake_plate|auto-soft_reset|auto-stop|auto-verify_settings|auto-write_all_settings|auto-write_global_config|auto-xmove|auto-ymove|auto-zero_position|auto-zhome|auto-zmove,这是一种基于 GRBL 控制器的三轴电动运动平台，通常由 Arduino Uno 与 CNC Shield 驱动 X、Y、Z 轴步进电机。设备支持回零、限位开关、相对/绝对定位，以及简单的激光强度和 LED 控制，可用于实验室中的样品托盘、载台或小型自动化机构的移动、定位与振动操作。,"This is a GRBL-based 3-axis motorized motion stage, typically driven by an Arduino Uno and CNC shield to control X, Y, and Z stepper motors. It supports homing, limit switches, relative and absolute positioning, and simple laser intensity and LED control, making it useful for moving, positioning, and shaking sample plates, stages, or small laboratory automation mechanisms.",电动定位台,物流/机械|精密定位与运动控制|样品/探针定位与运动控制|电动定位台
GRBL三轴运动控制板,GRBL 3-Axis Motion Controller,grblboard,grblboard,17,24,auto-auto_detect_serial_unix|auto-close|auto-getcurrentpos|auto-go_to|auto-initserial|auto-move_abs|auto-move_rel|auto-resethome|auto-sendgrbl|auto-set_laser_intensity|auto-set_led|auto-set_units|auto-setaccellaration|auto-setideltime|auto-setphysicalcoords|auto-setspeed|auto-zero_position,一种基于 GRBL 固件并通过串口通信的运动控制板，用于驱动 X/Y/Z 三轴平台、滑台或简易 CNC/激光装置完成定位和移动。可进行归零、坐标移动、速度与加速度设置，并支持激光强度或 LED 输出控制，常用于实验室中的样品定位、扫描路径执行和自动化位移控制。,"A serially controlled motion control board based on GRBL firmware, used to drive X/Y/Z stages, linear slides, or simple CNC/laser setups for positioning and motion. It supports homing, coordinate moves, speed and acceleration settings, and control of laser intensity or LED output, making it useful in laboratories for sample positioning, scan-path execution, and automated translation tasks.",数控固件运动控制器|步进电机控制器,实验执行&合成设备|物流/机械|精密定位与运动控制|实验室自动化与仪器集成|样品/探针定位与运动控制|数控固件运动控制器|步进电机控制器
电动旋转夹爪,Electric Rotary Gripper,gripper,gripper,20,28,auto-cal_crc|auto-init_dir|auto-init_feedback|auto-init_rot_feedback|auto-init_state|auto-read_cur|auto-read_err|auto-read_pos|auto-read_rot|auto-read_rot_state|auto-read_state|auto-read_uart|auto-set_abs_rot|auto-set_force|auto-set_pos|auto-set_rel_rot|auto-set_rot_force|auto-set_rot_vel|auto-set_vel|auto-write_uart,一种用于机器人末端执行的电动夹爪，具备夹持开合与旋转两个自由度，可设置夹持位置、速度、夹持力以及旋转角度。该设备常用于实验室自动化中的样品抓取、上下料、工件搬运和定位操作。,"An electric robotic gripper with both gripping and rotational motion, allowing control of grip position, speed, gripping force, and rotation angle. It is commonly used in laboratory automation for sample handling, loading and unloading, part transfer, and positioning tasks.",机器人电动夹爪,实验执行&合成设备|物流/机械|实验室自动化与仪器集成|机器人与移动平台|实验室机械臂自动化与样品搬运|实验室机器人操作与样品转运|机器人电动夹爪
Robotiq 三指自适应机械夹爪,Robotiq 3-Finger Adaptive Gripper,gripper_controller,gripper_controller,7,20,auto-Byte_status|auto-activate|auto-add_leading_zeros|auto-close|auto-command_gripper|auto-stat|auto-status,这是一种安装在机器人末端的电动三指自适应夹爪，可通过位置、速度、力度和不同抓取模式控制手指运动，以夹持形状各异的工件。它常用于实验室自动化和机器人系统中的样品、器件或治具的抓取、搬运与定位。,"This is an electric three-finger adaptive robot gripper mounted on a robotic end effector. Its fingers can be controlled by position, speed, force, and grasping mode to handle objects of different shapes. It is commonly used in laboratory automation and robotic systems for grasping, transferring, and positioning samples, parts, or fixtures.",机器人电动夹爪|自适应三指夹爪,实验执行&合成设备|物流/机械|实验室自动化与仪器集成|机器人与移动平台|实验室机械臂自动化与样品搬运|实验室机器人操作与样品转运|机器人电动夹爪|自适应三指夹爪
USB-CAN总线适配器,USB-to-CAN Bus Adapter,gs_usb_bus,gs_usb_bus,2,10,auto-send|auto-shutdown,这是一种通过 USB 连接计算机、并接入 CAN 总线网络的硬件适配器，用于在实验室中与控制器、传感器、执行器或其他采用 CAN 通信的设备进行报文收发、联机调试和系统集成测试。,"This is a hardware adapter that connects a computer to a CAN bus network over USB. In laboratory use, it is used to send and receive CAN messages, debug communication, and integrate or test controllers, sensors, actuators, and other CAN-based equipment.",CAN总线分析仪|USB-CAN总线适配器,实验执行&合成设备|电子与电气测试|实验室自动化与仪器集成|CAN总线通信记录与离线分析|CAN总线分析仪|CAN总线设备调试与集成|USB-CAN总线适配器
Gilson GSIOC 兼容液体处理仪器,Gilson GSIOC-compatible liquid handling instrument,gsioc,gsioc,5,12,auto-bCommand|auto-closeSerial|auto-connect|auto-createSerial|auto-iCommand,采用 GSIOC 串口通信协议的 Gilson 实验室仪器，常见于液体处理、进样、输液或收集类设备。此类仪器通常用于分析化学与自动化实验流程中的样品传输、进样控制和流路操作。,"A Gilson laboratory instrument that uses the GSIOC serial communication protocol, commonly found in devices for liquid handling, sample introduction, pumping, or collection. Such instruments are typically used in analytical chemistry and laboratory automation workflows for sample transfer, injection control, and fluid-path operations.",GSIOC兼容液体处理仪器,备料&前处理设备|实验执行&合成设备|溶液配制与反应|实验室自动化与仪器集成|移液站产品|GSIOC串行仪器控制|GSIOC兼容液体处理仪器
GSIOC兼容实验室仪器,GSIOC-compatible laboratory instrument,gsioc_interface,gsioc_interface,6,15,auto-buffered_command|auto-buffered_command_async|auto-connect|auto-connect_async|auto-immediate_command|auto-immediate_command_async,这类设备是支持 GSIOC 串行通信协议的实验室仪器，通常通过 RS-422/485 总线连接，并可在同一总线上按单元地址进行选择与控制。它们常见于实验室自动化场景，用于样品处理、流体输送或其他需要串行联机控制的仪器系统。,"This device class comprises laboratory instruments that support the GSIOC serial communication protocol, typically over an RS-422/485 bus. They can be addressed and controlled by unit ID on a shared serial bus and are commonly used in lab automation setups for sample handling, fluid transfer, or other instrument control tasks.",GSIOC兼容液体处理仪器,备料&前处理设备|实验执行&合成设备|实验室自动化与仪器集成|移液站产品|GSIOC串行仪器控制|GSIOC兼容液体处理仪器
GSV-3USB传感器测量放大器,GSV-3USB Sensor Measurement Amplifier,gsv3_usb,gsv3_usb,18,28,auto-clear_buffer|auto-clear_maximum|auto-convertValue|auto-get_all|auto-get_firmware_version|auto-get_mode|auto-get_serial_nr|auto-get_special_mode|auto-read_value|auto-save_all|auto-set_bipolar|auto-set_mode|auto-set_offset|auto-set_special_mode|auto-set_unipolar|auto-set_zero|auto-start_transmission|auto-stop_transmission,这是一种通过 USB 连接的传感器测量放大器/信号调理设备，常用于连接应变片式力传感器、称重传感器等，将传感器输出转换为可读取的数字测量值。在实验室中可用于力、重量或相关模拟信号的采集，并支持清零、偏置、量程极性与连续数据传输等操作。,"This is a USB-connected sensor measurement amplifier and signal-conditioning unit, typically used with strain-gauge force sensors, load cells, and similar transducers. It converts sensor output into readable digital measurements for laboratory force, weight, or related analog-signal acquisition, and supports zeroing, offset adjustment, polarity/range selection, and continuous data transmission.",传感器测量放大器,表征设备|传感测量与环境感知|电压监测与传感器信号采集|力与称重传感测量|载荷与应变片信号采集|传感器测量放大器
HDF5实验数据文件后端,HDF5 Experimental Data File Backend,h5_backend,h5_backend,18,87,auto-add_group|auto-close_file|auto-create_carray|auto-create_earray|auto-create_vlarray|auto-define_compression|auto-flush|auto-h5file|auto-has_attr|auto-is_node_in_group|auto-isopen|auto-open_file|auto-read|auto-root|auto-save_file_as|auto-set_attr|auto-walk_groups|auto-walk_nodes,用于实验室测量数据存储、组织与读取的HDF5数据文件组件。它适合将实验结果按层级分组保存，记录节点属性与元数据，并存放定长、可扩展或变长数组数据，常用于实验数据归档与后处理。,"A software component for storing, organizing, and reading laboratory measurement data in HDF5 files. It is used to save experimental results in hierarchical groups, record node attributes and metadata, and store fixed-size, extendable, or variable-length array data for data archiving and post-processing.",HDF5数据存储后端,后处理设备|实验数据管理与记录|实验数据目录存储与资源管理|科学数据存储与归档|HDF5数据存储后端
HDF5数据浏览器,HDF5 Data Browser,h5_browser,h5_browser,19,37,auto-add_comments|auto-add_log|auto-check_version|auto-connect_things|auto-export_data|auto-get_node_and_plot|auto-get_tree_node_path|auto-load_file|auto-populate_tree|auto-quit_fun|auto-save_file|auto-setup_actions|auto-setup_menu|auto-show_about|auto-show_h5_attributes|auto-show_h5_data|auto-show_help|auto-show_log|auto-show_pixmaps,用于实验室数据管理与查看的软件工具，可打开和浏览HDF5（.h5）文件，查看树状数据节点、属性、图像和曲线，并导出选定子数据。,"A software tool for laboratory data inspection and management that opens and browses HDF5 (.h5) files, displays hierarchical data nodes, attributes, images, and plotted data, and exports selected subdatasets.",HDF5数据浏览器,后处理设备|实验数据可视化与分析|实验数据管理与记录|多维实验数据可视化|表格化实验数据导出与归档|HDF5数据浏览与可视化|HDF5数据浏览器
三路直流电源,Triple-Output DC Power Supply,h_pe3631a,h_pe3631a,9,17,auto-channel|auto-channelid|auto-current|auto-mode|auto-output|auto-voltage|auto-voltage_max|auto-voltage_min|auto-voltage_range,HP E3631A 是一款实验室台式三路可编程直流电源，提供 +6 V/5 A、+25 V/1 A 和 -25 V/1 A 三个输出通道。它用于为电子电路、原型系统和实验装置提供稳定的直流电压或电流，并支持恒压/恒流工作方式。,"The HP E3631A is a bench-top triple-output programmable DC power supply with +6 V/5 A, +25 V/1 A, and -25 V/1 A outputs. It is used in laboratories to provide stable DC voltage or current for electronic circuits, prototypes, and experimental setups, with automatic constant-voltage and constant-current operation.",可编程直流电源,实验执行&合成设备|电子与电气测试|电源与电池测试|电子器件供电与台架测试|可编程直流电源
多比特量子控制与读出系统,Multi-qubit Quantum Control and Readout System,hal__shim_mq,hal__shim_mq,10,30,auto-get_correlation_detector|auto-get_input_avg_det|auto-get_int_avg_det|auto-get_int_logging_detector|auto-hal_get_flux_amp_parameter|auto-prepare_fluxing|auto-prepare_for_inspire|auto-prepare_for_timedomain|auto-prepare_readout|auto-prepare_timing,用于超导量子比特实验的组合式电子测控系统，协同任意波形发生器、数字时序控制器、通量控制链路和积分采集读出设备，对多个量子比特进行时序对齐、通量脉冲控制与读出测量。常用于时域实验、单次读出、相关性测量和系统标定。,"A composite electronic control and measurement system for superconducting qubit experiments. It coordinates waveform generators, digital timing controllers, flux-control lines, and integrated readout hardware to align timing, apply flux pulses, and perform qubit readout across multiple qubits. It is commonly used for time-domain experiments, single-shot readout, correlation measurements, and calibration.",量子实验控制器,实验执行&合成设备|表征设备|低温与量子测量|量子比特脉冲控制与读出|瞬态信号采集与同步触发测量|量子实验控制器
通量可调超导量子比特,Flux-tunable superconducting qubit,hal__shim_sq,hal__shim_sq,12,44,auto-get_int_avg_det|auto-hal_acq_spec_mode_off|auto-hal_acq_spec_mode_on|auto-hal_flux_get_parameters|auto-hal_spec_source_off|auto-hal_spec_source_on|auto-prepare_PPC|auto-prepare_characterizing|auto-prepare_for_continuous_wave|auto-prepare_for_fluxing|auto-prepare_for_timedomain|auto-prepare_readout,一种工作于低温量子测量系统中的超导量子比特，可通过微波信号进行驱动与读出，并通过磁通偏置调谐到甜点或反甜点附近。该器件常用于连续波谱测、时域相干实验、磁通扫描、自动表征以及量子读出链优化。,"A superconducting qubit used in low-temperature quantum measurement systems. It is controlled and read out with microwave signals and can be tuned with magnetic flux bias near sweet spots or anti-sweet spots. It is commonly used for continuous-wave spectroscopy, time-domain coherence experiments, flux tuning, automated characterization, and optimization of the qubit readout chain.",超导量子比特器件,器件/细胞设备|表征设备|低温与量子测量|量子比特脉冲控制与读出|超导量子比特器件
滨松 H11890 光子计数头,Hamamatsu H11890 Photon Counting Head,hamamatsu_h11890_device,hamamatsu_h11890_device,16,23,auto-doInitializeDevice|auto-doShutdownDevice|auto-fetchAll|auto-fetchOne|auto-get_high_voltage|auto-get_integration_time|auto-get_repetition|auto-readReply|auto-sendCommand|auto-set_high_voltage|auto-set_integration_time|auto-set_repetition|auto-start_counting|auto-stop_counting|auto-turn_off|auto-turn_on,H11890 是一类用于弱光检测的光子计数头，通常集成光电探测器、高压偏置与计数电子学，可对入射光产生的脉冲进行计数。它适用于荧光、发光、散射及其他低光强实验中的光子计数测量。,"The H11890 is a photon counting head for low-light measurements, typically integrating a photodetector, high-voltage bias supply, and counting electronics to count pulses generated by incident light. It is used for photon counting in fluorescence, luminescence, scattering, and other low-intensity optical experiments.",光子计数探测器,表征设备|光学与光谱实验|弱光探测与光子计数|光子计数探测器
滨松科学相机,Hamamatsu Scientific Camera,hamamatsu_hardware,hamamatsu_hardware,5,12,auto-connect|auto-disconnect|auto-readOnlyWhenOpt|auto-setup|auto-updateCameraSettings,这是一台滨松科学相机，用于实验中的高灵敏图像采集。它支持曝光时间、触发方式、采集模式以及子区域/分区读出设置，适合显微成像、光学测量和其他需要同步触发与快速连续采集的实验。,"This is a Hamamatsu scientific camera used for sensitive image acquisition in laboratory experiments. It supports exposure control, trigger configuration, acquisition modes, and subarray/ROI readout, making it suitable for microscopy, optical measurements, and other experiments requiring synchronized triggering and rapid image capture.",科学相机,表征设备|光学与光谱实验|显微成像与光学显微实验|实验成像与过程监测|科学相机
Hamilton微孔板加热振荡器,Hamilton Microplate Heater Shaker,hamilton_heater_shaker_backend,hamilton_heater_shaker_backend,13,35,auto-deactivate|auto-get_current_temperature|auto-get_edge_temperature|auto-get_is_shaking|auto-lock_plate|auto-send_hhs_command|auto-serialize|auto-set_temperature|auto-shake|auto-stop_shaking|auto-supports_active_cooling|auto-supports_locking|auto-unlock_plate,用于微孔板样品加热与振荡混匀的实验室设备，可设定温度、启动或停止振荡，并可锁定板位以提高运行稳定性。常用于样品孵育、反应混合及自动化液体处理流程中的板上处理。,"A laboratory device for heating and shaking microplates, with controllable temperature, start/stop shaking, and plate locking for stable operation. It is commonly used for sample incubation, reaction mixing, and on-deck plate processing in automated liquid handling workflows.",热混匀仪,备料&前处理设备|实验室自动化与仪器集成|移液站产品|热混匀仪|微孔板样品孵育与混匀
Hamilton 微孔板加热振荡器控制盒,Hamilton Heater Shaker Box,hamilton_heater_shaker_box,hamilton_heater_shaker_box,13,34,auto-deactivate|auto-get_current_temperature|auto-get_edge_temperature|auto-get_is_shaking|auto-lock_plate|auto-send_hhs_command|auto-serialize|auto-set_temperature|auto-shake|auto-stop_shaking|auto-supports_active_cooling|auto-supports_locking|auto-unlock_plate,用于连接和控制 Hamilton 微孔板加热振荡器的控制盒，可执行加热、振荡、锁板/解锁并读取温度信息，常用于微孔板样品的孵育、混匀和自动化实验流程。,"A control box for Hamilton microplate heater-shaker units, used to heat and shake plates, lock or release plates, and read temperature information. It is commonly used for plate incubation, mixing, and automated laboratory workflows.",微孔板加热振荡器控制器,备料&前处理设备|实验室自动化与仪器集成|移液站产品|微孔板样品孵育与混匀|微孔板加热振荡器控制器
汉密尔顿自动化液体处理工作站,Hamilton automated liquid handling workstation,hamilton_tcp_backend,hamilton_tcp_backend,9,24,auto-is_connected|auto-parse_error|auto-read|auto-read_exact|auto-send_command|auto-serialize|auto-setup|auto-stop|auto-write,汉密尔顿自动化液体处理工作站是一类用于实验室自动化移液、分液和样品制备的台式仪器，常见于高通量实验流程。它通常配备移液通道、机械运动平台以及用于板、管等耗材处理的模块，可用于试剂分装、样品转移和标准化液体处理任务。,"A Hamilton automated liquid handling workstation is a benchtop laboratory instrument used for automated pipetting, dispensing, and sample preparation in high-throughput workflows. It typically combines pipetting channels, a robotic motion system, and modules for handling plates, tubes, and other labware, and is used for reagent distribution, sample transfer, and standardized liquid handling tasks.",移液工作站,备料&前处理设备|物流/机械|实验室自动化与仪器集成|移液站产品|移液工作站
Hamilton倾斜模块,Hamilton Tilt Module,hamilton_tilt_module_backend,hamilton_tilt_module_backend,23,33,auto-send_command|auto-set_angle|auto-setup|auto-stop|auto-tilt_go_to_position|auto-tilt_initial_offset|auto-tilt_initialize|auto-tilt_move_to_absolute_step_position|auto-tilt_move_to_relative_step_position|auto-tilt_port_clear_open_collector|auto-tilt_port_set_open_collector|auto-tilt_power_off|auto-tilt_request_error|auto-tilt_request_offset_between_light_barrier_and_init_position|auto-tilt_request_sensor|auto-tilt_set_drain_time|auto-tilt_set_name|auto-tilt_set_speed|auto-tilt_set_temperature|auto-tilt_set_waste_pump_off|auto-tilt_set_waste_pump_on|auto-tilt_switch_encoder|auto-tilt_switch_off_temperature_controller,这是一种用于实验室自动化平台的机械倾斜模块，可按设定角度或位置倾斜样品载具，以辅助液体排空、沉降、分离或处理过程中的姿态控制。根据配置不同，模块还可带有加热、编码器、传感器输入、开集电极输出以及废液泵等功能。,"A mechanical tilting module for laboratory automation platforms that tilts sample carriers to defined angles or positions to support liquid draining, settling, separation, or controlled sample handling. Depending on configuration, the module may also include heating, an encoder, sensor inputs, open-collector outputs, and a waste pump.",实验室倾斜模块,备料&前处理设备|物流/机械|实验室自动化与仪器集成|移液站产品|样品/探针定位与运动控制|实验室倾斜模块
模块化 USB 控制面板手柄,Modular USB Control Console Handle,handle,handle,16,38,auto-bulkRead|auto-bulkWrite|auto-components_connected|auto-controlMsg|auto-initialize_values|auto-input_pressed|auto-input_released|auto-input_rotation_left|auto-input_rotation_right|auto-input_slide_down|auto-input_slide_up|auto-layout_changed|auto-releaseInterface|auto-reset|auto-set_version_core|auto-write_messages,一种通过 USB 连接的模块化实体控制面板，可包含按键、滑条和旋钮等输入部件，用于人工输入、设备控制和实验流程中的交互操作。,"A USB-connected modular physical control console that can include buttons, sliders, and rotary controls, used for manual input, device control, and interactive operation in laboratory workflows.",USB仪器通信接口|模块化实验控制面板,物流/机械|实验室自动化与仪器集成|实验仪器数据采集与联机控制|USB仪器通信接口|人工输入与实验交互控制|模块化实验控制面板
EmStat Pico微型恒电位仪模块,EmStat Pico potentiostat module,hardpotato__instrument,hardpotato__instrument,8,21,auto-abort_and_sync|auto-load_mscript_from_flash|auto-readline|auto-readlines_until_end|auto-run_mscript_from_flash|auto-send_script|auto-write|auto-writelines,这是一款小型电化学测量模块，用于控制电极电位并采集电化学响应，可通过MethodSCRIPT执行测试流程。它常用于实验室电化学实验、传感器开发以及便携式分析仪器集成。,"This is a compact electrochemical measurement module used to control electrode potential and acquire electrochemical responses, with test procedures executed through MethodSCRIPT. It is commonly used for laboratory electrochemistry, sensor development, and integration into portable analyzers.",电化学工作站,实验执行&合成设备|表征设备|电化学测试与分析|电化学表征与阻抗谱测量|电化学工作站
EmStat Pico微型恒电位仪模块,EmStat Pico Miniature Potentiostat Module,hardpotato__serial,hardpotato__serial,0,15,,EmStat Pico是一种小型电化学测量模块，属于恒电位仪类设备，常用于电化学传感器测试、基础电化学实验和便携式分析仪器集成。它通常通过串口与上位机通信，用于控制测量过程并读取电化学实验数据。,"The EmStat Pico is a compact electrochemical measurement module in the potentiostat family. It is commonly used for electrochemical sensor testing, basic electrochemistry experiments, and integration into portable analytical instruments. It typically communicates with a host computer over a serial interface to control measurements and retrieve experimental data.",电化学工作站|串行仪器通信接口,表征设备|电化学测试与分析|电化学表征与阻抗谱测量|实验仪器通信与驱动集成|电化学工作站|串行仪器通信接口
GenICam工业相机,GenICam machine vision camera,harvester,harvester,19,239,auto-add_cti_file|auto-add_file|auto-compose_message|auto-create|auto-create_image_acquirer|auto-cti_files|auto-device_info_list|auto-files|auto-has_revised_device_info_list|auto-image_acquirers|auto-remove_cti_file|auto-remove_cti_files|auto-remove_file|auto-remove_files|auto-reset|auto-timeout_for_update|auto-timer|auto-update|auto-update_device_info_list,符合 GenICam/GenTL 标准的工业相机或成像设备，用于实验室中的图像采集、机器视觉、显微成像和自动化检测。此类设备通常可被枚举、连接，并持续输出二维图像数据流。,"A GenICam/GenTL-compatible machine vision camera or imaging device used in laboratories for image acquisition, machine vision, microscopy, and automated inspection. Such devices can typically be enumerated, connected, and used to stream 2D image data.",工业相机,表征设备|智慧表征与检测中心|实验成像与机器视觉|显微成像与光学显微实验|工业相机
HDAWG高密度任意波形发生器,HDAWG High-Density Arbitrary Waveform Generator,hd_device,hd_device,49,88,auto-awg_dio_snapshot|auto-calibrate_dio_protocol|auto-configure_awg_file|auto-configure_awg_string|auto-connect_device|auto-connect_server|auto-dio_snapshot|auto-dio_testmode|auto-direct|auto-do_get_screenshot|auto-do_single_shot|auto-extclk|auto-features|auto-find|auto-finds|auto-get_channel_data|auto-getd|auto-geti|auto-getv|auto-idn|auto-is_averaging_complete|auto-load_settings|auto-mode|auto-off|auto-on|auto-onOffMultiple|auto-poll|auto-read_scope|auto-reconnect|auto-restart|auto-sampleclk|auto-set_average_count|auto-set_averaging|auto-set_channel_scale|auto-set_format_real|auto-set_maximum_rate|auto-set_time_scale|auto-set_trigger_coupling|auto-set_trigger_ext|auto-set_trigger_level|auto-set_trigger_mode|auto-set_trigger_slope|auto-set_trigger_src|auto-setd|auto-seti|auto-setv|auto-subs|auto-sync|auto-unsubs,这是一种高密度多通道任意波形发生器，可输出高速可编程波形，并通过触发、外部时钟和数字I/O与其他实验设备同步。它常用于量子控制实验、脉冲序列生成、时序联动和精密电子测量。,"This is a high-density multi-channel arbitrary waveform generator that produces high-speed programmable waveforms and synchronizes with other lab instruments through triggers, external clocks, and digital I/O. It is commonly used for quantum control experiments, pulse-sequence generation, timing coordination, and precision electronic measurements.",任意波形发生器,表征设备|低温与量子测量|电子与电气测试|量子比特脉冲控制与读出|脉冲激励与时序控制|任意波形发生器
高密度任意波形发生器,HDAWG High-Density Arbitrary Waveform Generator,hdawg,hdawg,11,21,auto-check_status|auto-compile_sequencer_program|auto-enable_qccs_mode|auto-enable_sequencer|auto-load_from_device|auto-load_sequencer_program|auto-load_validation_schema|auto-read_from_waveform_memory|auto-upload_to_device|auto-wait_done|auto-write_to_waveform_memory,这是一种高性能任意波形发生器，用于输出精确定时的可编程模拟波形，并支持序列控制、波形存储和命令表配置。它常用于量子控制实验、脉冲序列生成以及与PQSC等系统同步的QCCS实验平台。,"This is a high-performance arbitrary waveform generator used to produce precisely timed programmable analog waveforms, with support for sequencing, waveform memory, and command-table-based control. It is commonly used in quantum control experiments, pulse sequence generation, and synchronized operation within QCCS setups together with instruments such as the PQSC.",任意波形发生器,表征设备|低温与量子测量|量子比特脉冲控制与读出|脉冲激励与时序控制|任意波形发生器
HDF5数据文件,HDF5 Data File,hdf5_file_entry,hdf5_file_entry,3,47,auto-close|auto-fp|auto-open,一种用于实验室中保存、组织和交换科学成像与测量数据的 HDF5 数据文件。常用于归档多维数据、元数据及分析结果，便于后续读取、共享和处理。,"An HDF5 data file used in laboratories to store, organize, and exchange scientific imaging and measurement data. It is commonly used to archive multidimensional datasets, metadata, and analysis results for later reading, sharing, and processing.",实验数据集对象,后处理设备|实验数据管理与记录|实验数据目录存储与资源管理|实验数据集对象
HDLC通信编解码器,HDLC Framing Codec,hdlc,hdlc,8,15,auto-collect|auto-encode|auto-encode_byte|auto-fcs16|auto-mkfcstab|auto-read|auto-valiter|auto-write,用于对字节流进行 HDLC 成帧、转义、校验和解码的通信组件。它常用于实验系统中与采用 HDLC 风格链路层协议的仪器或嵌入式设备交换数据包；本体并非独立物理仪器，而是位于数据流接口上的协议处理模块。,"A communication component for HDLC framing, byte escaping, checksum calculation, and packet decoding on a byte stream. It is commonly used in laboratory systems to exchange packets with instruments or embedded devices that use an HDLC-style link layer. It is not a standalone physical instrument, but a protocol-processing element on top of a stream interface.",串行仪器通信接口,实验执行&合成设备|实验室自动化与仪器集成|实验仪器通信与驱动集成|串行仪器通信接口
Heraeus Cytomat自动微孔板培养存储系统,Heraeus Cytomat automated microplate incubator,heraeus_cytomat_backend,heraeus_cytomat_backend,16,27,auto-close_door|auto-deserialize|auto-fetch_plate_to_loading_tray|auto-get_temperature|auto-initialize|auto-open_door|auto-read_plate_detection_xfer|auto-serialize|auto-set_racks|auto-set_temperature|auto-setup|auto-start_shaking|auto-stop|auto-stop_shaking|auto-take_in_plate|auto-wait_for_transfer_station,这是一种用于自动化实验流程的微孔板培养与存储设备，带有温度控制、振荡和传送工位，可在内部板架中存放微孔板，并通过舱门与装载托盘完成进出板。常用于细胞培养、样品孵育以及与机器人联用的高通量实验流程。,"An automated microplate incubator and storage unit for laboratory automation workflows. It provides temperature control, shaking, and a transfer/loading station to move plates between internal racks and external handlers. It is used for microplate incubation, storage, and robotic high-throughput laboratory workflows.",微孔板自动培养存储系统,器件/细胞设备|生命体系|实验室自动化与仪器集成|细胞生物学研究|微孔板样品孵育与混匀|微孔板自动培养存储系统
HP 3325A 合成函数发生器,HP 3325A Synthesizer/Function Generator,hp3325a,hp3325a,12,14,auto-amplitude|auto-amplitude_calibration|auto-amplitude_modulation|auto-assign_zero_phase|auto-frequency|auto-function|auto-high_voltage|auto-marker_frequency|auto-offset|auto-phase|auto-query|auto-query_error,HP 3325A 是一台 20 MHz 台式合成函数发生器，可输出正弦波、方波、三角波和斜坡波，并支持幅度调制、相位调制以及直流偏置。它常用于电子、电路与仪器实验中的激励信号产生、频率响应测试、校准和通用台架测量。,"The HP 3325A is a 20 MHz bench-top synthesizer/function generator that can produce sine, square, triangle, and ramp waveforms, with support for amplitude modulation, phase modulation, and DC offset. It is commonly used in electronics and instrumentation labs for stimulus generation, frequency-response testing, calibration, and general bench measurements.",任意函数发生器,表征设备|电子与电气测试|射频与电子电路测试|任意函数发生器
HP 3456A 六位半台式数字万用表,HP 3456A 6.5-digit Bench Multimeter,hp3456a,hp3456a,23,38,auto-auto_range|auto-autozero|auto-count|auto-delay|auto-fetch|auto-filter|auto-input_range|auto-lower|auto-math_mode|auto-mean|auto-measure|auto-mode|auto-nplc|auto-number_of_digits|auto-number_of_readings|auto-r|auto-relative|auto-trigger|auto-trigger_mode|auto-upper|auto-variance|auto-y|auto-z,这是一台六位半台式数字万用表，用于高精度直流/交流电压、电阻和比值测量，支持二线/四线电阻以及统计、dB/dBm、相对值等数学功能，常用于电子测试、器件表征和校准实验。,"A 6.5-digit bench digital multimeter for precision DC/AC voltage, resistance, and ratio measurements. It supports 2-wire/4-wire resistance and built-in math functions such as statistics, dB/dBm, and relative measurements, making it suitable for electronics testing, device characterization, and calibration work.",数字万用表,表征设备|电子与电气测试|电压测量校准与核查|数字万用表
HP 3488A 开关控制单元,HP 3488A Switch/Control Unit,hp3488_a,hp3488_a,6,17,auto-cards|auto-state|auto-switch|auto-switches|auto-view|auto-viewtext,一款可编程模块化开关控制主机，可安装不同类型的开关卡或继电器卡，在自动化测试与测量系统中用于信号切换、通道复用和仪器/被测件之间的连接路由。,"A programmable modular switch/control mainframe that accepts different switch or relay cards and is used in automated test and measurement systems for signal switching, channel multiplexing, and routing connections between instruments and devices under test.",继电器切换板|开关控制单元,表征设备|电子与电气测试|实验室自动化与仪器集成|实验仪器数据采集与联机控制|继电器切换板|自动化测试信号切换与通道复用|开关控制单元
HP 437B射频功率计,HP 437B RF Power Meter,hp437_b,hp437_b,15,22,auto-calibrate|auto-correctionfactor|auto-discover|auto-displayread|auto-key|auto-lin|auto-measure|auto-message|auto-preset|auto-rangeauto|auto-rangehold|auto-rangemanual|auto-statusmessage|auto-unitslog|auto-zero,HP 437B是一款台式射频/微波功率计，用于配合功率传感器测量射频信号功率。它支持清零、校准、量程控制以及线性/对数单位显示，常用于射频与微波实验中测量信号源输出功率、器件插入损耗和系统功率水平。,"The HP 437B is a benchtop RF/microwave power meter used with power sensors to measure RF signal power. It supports zeroing, calibration, range control, and linear/logarithmic unit display, and is commonly used in RF and microwave labs to measure source output power, insertion loss, and general power levels in test setups.",射频功率计,表征设备|电子与电气测试|射频与电子电路测试|射频功率计
HP 4395A 网络/频谱/阻抗分析仪,HP 4395A Network/Spectrum/Impedance Analyzer,hp4395_a,hp4395_a,12,30,auto-attenuationa|auto-attenuationb|auto-attenuationr|auto-bandwidth|auto-form|auto-paramater|auto-points|auto-sourcepower|auto-start|auto-stop|auto-sweepformat|auto-trace,HP 4395A 是一款台式射频测试仪器，可进行网络分析、频谱分析以及阻抗测量。它常用于电子与射频实验中测量器件或电路的传输/反射特性、扫频响应、源功率相关响应以及阻抗参数。,"The HP 4395A is a benchtop RF test instrument for network analysis, spectrum analysis, and impedance measurement. It is commonly used in electronics and RF labs to measure transmission and reflection characteristics, swept-frequency response, source-power-dependent behavior, and impedance-related parameters of devices and circuits.",矢量网络分析仪|频谱分析仪|阻抗分析仪,表征设备|电子与电气测试|射频与电子电路测试|矢量网络分析仪|频谱分析仪|阻抗分析仪
HP 59501B HP-IB隔离式电源编程器,HP 59501B HP-IB Isolated Power Supply Programmer,hp59501_b,hp59501_b,1,8,auto-set,HP 59501B 是一款通过 HP-IB（GPIB）控制的隔离式 D/A 电源编程器，可将数字指令转换为可编程模拟电压（常见量程 1V/10V，支持单极/双极模式），用于远程设定兼容电源或提供低电平直流编程信号。,The HP 59501B is an HP-IB (GPIB) controlled isolated D/A power-supply programmer. It converts digital commands into programmable analog voltage output (commonly 1 V/10 V ranges with unipolar/bipolar modes) for remote programming of compatible supplies or as a low-level DC programmable source.,电源编程器,实验执行&合成设备|电子与电气测试|电源与电池测试|电子器件供电与台架测试|电源编程器
HP 6624A四路可编程直流电源,HP 6624A Four-Output Programmable DC Power Supply,hp6624a,hp6624a,11,24,auto-channel|auto-channel_count|auto-clear|auto-current|auto-current_sense|auto-mode|auto-query|auto-reset|auto-sendcmd|auto-voltage|auto-voltage_sense,HP 6624A 是一台四路可编程直流电源，可独立设置各输出通道的电压和电流，并测量实际输出电压与电流。它常用于实验室为电子电路、器件样品和多路测试系统提供稳定直流供电与偏置。,"The HP 6624A is a four-output programmable DC power supply that can independently set voltage and current for each output channel and measure the actual output voltage and current. It is commonly used in laboratories to provide stable DC power and biasing for electronic circuits, device samples, and multi-rail test setups.",可编程直流电源,实验执行&合成设备|电子与电气测试|电源与电池测试|电子器件供电与台架测试|可编程直流电源
惠普 6632B 系统直流电源,HP 6632B System DC Power Supply,hp6632b,hp6632b,19,16,auto-abort_output_trigger|auto-check_error_queue|auto-current_sense_range|auto-current_trigger|auto-digital_data|auto-digital_function|auto-display_brightness|auto-display_contrast|auto-init_output_continuous|auto-init_output_trigger|auto-line_frequency|auto-output_dfi|auto-output_dfi_source|auto-output_protection_delay|auto-output_remote_inhibit|auto-sense_sweep_interval|auto-sense_sweep_points|auto-sense_window|auto-voltage_trigger,HP 6632B 是一台可编程系统直流电源，输出范围约为 0–20 V、0–5 A，具备精密低电流测量和低输出噪声特性。它常用于为实验样品或电子电路稳定供电，并在自动化测试中执行受触发的电压、电流和保护相关测试。,"The HP 6632B is a programmable system DC power supply rated for about 0–20 V and 0–5 A, with precision low-current measurement and low output noise. It is commonly used to provide stable power to devices or circuits under test and to perform triggered voltage, current, and protection-related tests in automated lab setups.",可编程直流电源,实验执行&合成设备|电子与电气测试|电源与电池测试|电子器件供电与台架测试|可编程直流电源
惠普 HP6652A 单路可编程直流电源,HP 6652A Single-Output Programmable DC Power Supply,hp6652a,hp6652a,11,13,auto-channel|auto-current|auto-display_text|auto-display_textmode|auto-mode|auto-name|auto-output|auto-overcurrent|auto-overvoltage|auto-reset|auto-voltage,HP 6652A 是一台单路可编程直流台式电源，用于为实验装置、电子电路和原型系统提供稳定的电压与电流输出。它适合实验室中的供电、调试和基础电源测试，并支持输出开关、过压/过流保护以及前面板显示功能。,"The HP 6652A is a single-output programmable bench DC power supply used to provide stable voltage and current to laboratory setups, electronic circuits, and prototype systems. It is suitable for powering, debugging, and basic power testing, and supports output enable control, overvoltage/overcurrent protection, and front-panel display functions.",可编程直流电源,实验执行&合成设备|电子与电气测试|电源与电池测试|电子器件供电与台架测试|可编程直流电源
HP 8116A 波形发生器,HP 8116A waveform generator,hp8116_a,hp8116_a,5,18,auto-amplitude|auto-frequency|auto-offset|auto-shape|auto-state,HP 8116A 是一台最高约 50 MHz 的台式波形/函数信号发生器，可输出正弦波、三角波、方波和直流等信号，并可调节频率、幅度与直流偏置。它常用于电子电路测试、仪器联调和实验室中的激励信号产生。,"The HP 8116A is a benchtop waveform/function generator with output frequencies up to about 50 MHz. It can generate sine, triangle, square, and DC signals, with adjustable frequency, amplitude, and DC offset. It is commonly used in electronics testing, instrument setup, and laboratory signal stimulation.",任意函数发生器,实验执行&合成设备|电子与电气测试|射频与电子电路测试|脉冲激励与时序控制|任意函数发生器
惠普 85645A 跟踪信号源,HP 85645A Tracking Source,hp85645_a,hp85645_a,4,15,auto-OUTPut_COUPling|auto-amplitude|auto-frequency|auto-output,HP 85645A 是用于频谱分析系统的跟踪信号源（Tracking Source），提供约 300 kHz 至 26.5 GHz 的扫频激励输出，常与频谱分析仪配合用于滤波器、放大器、电缆等射频器件的幅频响应与插入损耗测试。,"The HP 85645A is a tracking source for spectrum-analysis setups, providing swept stimulus output from about 300 kHz to 26.5 GHz. It is typically used with a spectrum analyzer for RF component measurements such as frequency response and insertion loss of filters, amplifiers, and cables.",射频信号发生器,实验执行&合成设备|表征设备|电子与电气测试|射频与电子电路测试|射频信号发生器
HP 8657A 射频信号发生器,HP 8657A RF Signal Generator,hp8657_a,hp8657_a,4,15,auto-amplitude|auto-frequency|auto-modulation_basic|auto-output,HP 8657A 是一款射频信号发生器，可在约 100 kHz 到 1040 MHz 范围内输出频率与幅度可调的射频信号，并支持基本调制功能。它常用于通信与电子实验中的器件测试、接收机校准、信号链路调试和一般射频测量。,"The HP 8657A is an RF signal generator that provides frequency- and amplitude-adjustable RF output over approximately 100 kHz to 1040 MHz, with basic modulation capability. It is commonly used for device testing, receiver calibration, signal-chain troubleshooting, and general RF measurements in communications and electronics labs.",射频信号发生器,实验执行&合成设备|电子与电气测试|射频与电子电路测试|射频信号发生器
HP 8714ES 射频网络分析仪,HP 8714ES RF Network Analyzer,hp8714_es_wrapper,hp8714_es_wrapper,26,33,auto-amplitudeOffset|auto-amplitudeReference|auto-amplitudeScale|auto-autoset|auto-bandwidthResolution|auto-bandwidthSweepTime|auto-clear_buffers|auto-frequencyCenter|auto-frequencySpan|auto-frequencyStart|auto-frequencyStop|auto-markerFunction|auto-markerMeasure|auto-markerToggle|auto-markerTracking|auto-peakNext|auto-peakSearch|auto-peakSet|auto-powerAttenuation|auto-powerOutput|auto-powerToggle|auto-reset|auto-sweepMode|auto-sweepPoints|auto-traceAcquire|auto-traceSetup,一台台式射频网络分析仪，用于在设定频率范围内进行扫频测量并观察器件的响应迹线。常用于滤波器、谐振器、电缆及其他射频器件的调试与表征，可设置输出功率、扫频参数、带宽，并利用标记和峰值搜索功能分析测量结果。,"A benchtop RF network analyzer used to sweep frequency and observe response traces of devices under test. It is commonly used to characterize and troubleshoot filters, resonators, cables, and other RF components, with controls for source power, sweep settings, bandwidth, markers, and peak search.",矢量网络分析仪,表征设备|电子与电气测试|射频与电子电路测试|矢量网络分析仪
HP 8901B 调制分析仪,HP 8901B Modulation Analyzer,hp8901_b,hp8901_b,2,10,auto-MeasureAM|auto-MeasureFM,HP 8901B 是一台射频调制分析仪，频率范围约为 150 kHz 至 1.3 GHz。它用于测试通信与射频信号的调制特性，适合在实验室中对信号源、发射机及相关电子设备进行 AM、FM 调制测量与性能评估。,"The HP 8901B is an RF modulation analyzer covering approximately 150 kHz to 1.3 GHz. It is used in laboratories to evaluate the modulation characteristics of communication and RF signals, including AM and FM measurements on signal sources, transmitters, and related electronic equipment.",调制分析仪,表征设备|电子与电气测试|射频与电子电路测试|调制分析仪
HP 8903B 音频分析仪,HP 8903B Audio Analyzer,hp8903_b,hp8903_b,1,7,query,HP 8903B 是一台 20 Hz 至 100 kHz 的台式音频分析仪，用于实验室和电子测试中对音频信号及相关设备进行测量与性能评估。,"The HP 8903B is a bench-top audio analyzer covering 20 Hz to 100 kHz, used in laboratories and electronics test setups to measure and evaluate audio signals and related equipment.",音频分析仪,表征设备|电子与电气测试|音频与声学电子测试|音频分析仪
高重复频率像增强器,High Repetition Rate Image Intensifier,hri,hri,19,29,auto-average_voltage|auto-clamp_voltage|auto-clear|auto-clear_async|auto-enabled|auto-mcp|auto-mode|auto-query|auto-query_expect|auto-remote|auto-revision|auto-rfgain|auto-status|auto-temperature|auto-trigger_ecl_level|auto-trigger_ecl_mode|auto-trigger_edge|auto-trigger_logic|auto-trigger_ttl_termination,这是一种高重复频率、可门控的像增强器，采用微通道板（MCP）进行弱光放大，并支持外部触发、门控模式和增益相关设置。它常用于高速或时间分辨光学实验中，对瞬态发光、激光诱导过程等弱光信号进行同步增强成像。,"A high-repetition-rate gated image intensifier that uses a microchannel plate (MCP) to amplify low-light optical signals, with external triggering, gating modes, and gain-related settings. It is commonly used in high-speed or time-resolved optical experiments to synchronously intensify and image transient emission and other weak-light phenomena.",门控像增强器,表征设备|光学与光谱实验|瞬态信号采集与同步触发测量|时间分辨光学成像|门控像增强器
Go2四足机器人,Go2 Quadruped Robot,http_client,http_client,3,14,auto-close|auto-make_request|auto-send_encrypted_sdp,Go2四足机器人是一种小型腿式移动机器人，具有机动行走与远程通信能力，常用于机器人运动控制、感知导航、巡检和人机交互等实验研究。,"The Go2 quadruped robot is a compact legged mobile robot with agile locomotion and remote communication capabilities. It is commonly used in laboratory research on robot locomotion, perception, navigation, inspection, and human-robot interaction.",四足机器人,物流/机械|机器人与移动平台|足式机器人控制与感知实验|移动机器人与自动驾驶实验|四足机器人
HTTP REST连接适配器,HTTP REST Connection Adapter,http_connection,http_connection,5,33,auto-close_connection|auto-is_connection_open|auto-open_connection|auto-receive|auto-transmit,这不是特定的物理实验设备，而是一个通用的 HTTP/REST 通信连接组件，用于在实验室软件与提供 Web API 的仪器、控制器或自动化系统之间发送请求并接收响应。,"This is not a specific physical lab device, but a generic HTTP/REST communication component used to send requests and receive responses between laboratory software and instruments, controllers, or automation systems that expose a web API.",HTTP REST仪器通信接口,实验执行&合成设备|实验室自动化与仪器集成|实验HTTP远程控制与API集成|实验仪器数据采集与联机控制|HTTP REST仪器通信接口
HTTP规则推送器,HTTP Rule Pusher,http_rule_pusher,http_rule_pusher,3,19,auto-cleanup|auto-fileTasksForFrames|auto-post_rule,用于通过HTTP向实验室数据处理集群提交规则和帧级任务的软件组件，常见于显微成像等实验数据的自动化处理流程中。,"A software component for submitting rules and frame-level tasks over HTTP to a laboratory data-processing cluster, commonly used in automated workflows for microscopy and other experimental data analysis.",分布式实验任务提交器,后处理设备|实验室自动化与仪器集成|实验数据可视化与分析|显微成像与光学显微实验|分布式实验数据处理|分布式实验任务提交器
HTTP任务推送器,HTTP Task Pusher,http_task_pusher,http_task_pusher,2,20,auto-cleanup|auto-fileTasksForFrames,这是一个通过 HTTP 向分布式任务队列提交任务的软件组件，可按帧生成并推送处理任务，常用于显微图像或其他逐帧数据的集群处理流程。,This is a software component that submits tasks to a distributed task queue over HTTP. It can generate and push per-frame processing tasks and is typically used in cluster workflows for microscopy images or other frame-based data.,分布式实验任务提交器,后处理设备|实验室自动化与仪器集成|实验数据可视化与分析|显微成像与光学显微实验|分布式实验数据处理|分布式实验任务提交器
I²C主控制器,I2C Master Controller,i2c,i2c,10,24,auto-init|auto-is_done|auto-read|auto-reset|auto-set_addr|auto-set_address|auto-set_data|auto-set_size|auto-start|auto-write,这是一种I²C总线主控接口模块，用于在实验系统中与各类I²C从设备进行通信。它通常用于向外设写入配置数据、读取寄存器或采集数字数据，适合实验平台中的传感器、存储器及其他低速数字器件联机控制与测试。,"This is an I2C bus master interface module used to communicate with I2C slave devices in laboratory systems. It is typically used to write configuration data to peripherals, read registers, or acquire digital data, and is suitable for controlling and testing sensors, memory devices, and other low-speed digital components in experimental setups.",I²C主控制器,实验执行&合成设备|实验室自动化与仪器集成|实验仪器通信与驱动集成|嵌入式总线通信与外设控制|I²C主控制器
I-7540D CAN总线以太网网关,I-7540D CAN Bus to Ethernet Gateway,i7540d,i7540d,10,29,auto-clear_error|auto-connected|auto-get_can_config|auto-get_status|auto-host|auto-reboot|auto-set_can_config|auto-standard_dataframe_query|auto-standard_dataframe_write|auto-timeout,这是一种将以太网/TCP连接转换为CAN总线通信的网关设备，用于把实验室电脑、测试台或自动化系统接入CAN网络。它适合用于CAN设备联机、总线状态监测、通信参数配置以及标准CAN数据帧的收发。,"This device is a gateway that bridges Ethernet/TCP connections to a CAN bus network. It is used to connect laboratory computers, test benches, or automation systems to CAN-based equipment for bus status monitoring, communication configuration, and transmission and reception of standard CAN data frames.",CAN总线以太网网关,实验执行&合成设备|实验室自动化与仪器集成|过程控制与工业仪表实验|CAN总线设备调试与集成|CAN总线通信记录与离线分析|CAN总线以太网网关
通用USB设备通信后端接口,Generic USB Device Communication Backend Interface,i_backend,i_backend,25,34,auto-attach_kernel_driver|auto-bulk_read|auto-bulk_write|auto-claim_interface|auto-clear_halt|auto-close_device|auto-ctrl_transfer|auto-detach_kernel_driver|auto-enumerate_devices|auto-get_configuration|auto-get_configuration_descriptor|auto-get_device_descriptor|auto-get_endpoint_descriptor|auto-get_interface_descriptor|auto-get_parent|auto-intr_read|auto-intr_write|auto-is_kernel_driver_active|auto-iso_read|auto-iso_write|auto-open_device|auto-release_interface|auto-reset_device|auto-set_configuration|auto-set_interface_altsetting,这是一个面向通用USB设备的通信后端接口，用于在系统中枚举USB设备、读取各类USB描述符、打开与关闭设备连接，并执行控制传输、批量传输、中断传输和等时传输。它常用于实验室软件与各种通过USB连接的仪器、控制器或数据采集设备之间建立底层通信。,"This is a generic communication backend interface for USB devices. It is used to enumerate USB devices on a system, read USB descriptors, open and close device connections, and perform control, bulk, interrupt, and isochronous transfers. It is commonly used as a low-level communication layer between laboratory software and USB-connected instruments, controllers, or data acquisition devices.",USB仪器通信接口,实验执行&合成设备|实验室自动化与仪器集成|实验仪器通信与驱动集成|仪器发现与驱动匹配|USB仪器通信接口
iChrome MLE多激光引擎,iChrome MLE Multi-Laser Engine,i_chrome_mle,i_chrome_mle,1,43,auto-devices,一体化多激光光源系统，可集成多个激光通道并统一控制输出，常用于显微成像、荧光激发及其他需要多波长激光照明的实验。,"An integrated multi-laser light source that combines multiple laser channels in one unit with centralized output control. It is commonly used for microscopy, fluorescence excitation, and other experiments requiring multi-wavelength laser illumination.",实验室激光光源,实验执行&合成设备|光学与光谱实验|显微成像与光学显微实验|激光激发与光谱测量|实验室激光光源
通用数据流接口,Generic Stream Interface,i_stream,i_stream,3,23,auto-close|auto-read|auto-write,这不是可明确识别的单一物理仪器，而是一类通用通信流接口，用于在实验室自动化中通过串口、网络套接字或进程管道与仪器交换原始字节数据，完成数据读取、发送与连接关闭。,"This is not a clearly identifiable single physical instrument, but a generic communication stream interface used in laboratory automation to exchange raw byte data with instruments over serial links, network sockets, or piped processes, including reading, writing, and closing the connection.",串行仪器通信接口|通用字节流仪器通信接口,实验执行&合成设备|表征设备|实验室自动化与仪器集成|实验仪器数据采集与联机控制|实验仪器通信与驱动集成|串行仪器通信接口|通用字节流仪器通信接口
IEEE 488/GPIB 实验仪器,IEEE 488/GPIB laboratory instrument,ieee488,ieee488,7,26,auto-ESE|auto-GTL|auto-OPC|auto-RCL|auto-RST|auto-SAV|auto-SRE,通过 IEEE 488（GPIB）总线连接和控制的台式实验仪器，如万用表、示波器、信号源或电源。此类设备常用于实验室自动化测试、状态查询、触发同步以及保存或恢复仪器配置。,"A bench-top laboratory instrument connected and controlled through the IEEE 488 (GPIB) bus, such as a multimeter, oscilloscope, signal generator, or power supply. Devices in this class are commonly used for automated testing, status monitoring, trigger synchronization, and saving or recalling instrument configurations.",SCPI台式电子仪器|通用接口总线仪器通信接口,实验执行&合成设备|表征设备|电子与电气测试|实验仪器通信与驱动集成|电子器件供电与台架测试|SCPI台式电子仪器|通用接口总线仪器通信接口
IEEE 488.2 通用实验室仪器,Generic IEEE 488.2 Instrument,ieee4882_driver,ieee4882_driver,25,26,auto-clear_status|auto-clear_status_async|auto-event_status_enabled|auto-event_status_reg|auto-fitted_options|auto-idn|auto-poweron_status_clear_enabled|auto-recall_state|auto-recall_state_async|auto-reset|auto-reset_async|auto-save_state|auto-save_state_async|auto-self_test|auto-self_test_async|auto-service_request_enabled|auto-set_operation_complete_bit|auto-set_operation_complete_bit_async|auto-status_byte|auto-trigger|auto-trigger_async|auto-wait|auto-wait_async|auto-wait_operation_complete_bit|auto-wait_operation_complete_bit_async,符合 IEEE 488.2 标准的通用实验室测试仪器，可通过标准公共命令完成设备识别、复位、自检、触发、状态寄存器管理以及仪器状态的保存与恢复。此类设备常见于各类台式电子测量仪器中。,"A generic laboratory test instrument compliant with the IEEE 488.2 standard. It supports standard common commands for identification, reset, self-test, triggering, status register handling, and instrument state save/recall. This device class is commonly found in bench electronic test instruments.",SCPI台式电子仪器|通用接口总线仪器通信接口,实验执行&合成设备|表征设备|电子与电气测试|实验仪器通信与驱动集成|电子器件供电与台架测试|SCPI台式电子仪器|通用接口总线仪器通信接口
GenICam工业相机,GenICam machine vision camera,image_acquirer,image_acquirer,33,239,auto-add_callback|auto-data_streams|auto-destroy|auto-device|auto-fetch|auto-fetch_buffer|auto-interface|auto-is_acquiring|auto-is_acquiring_images|auto-is_armed|auto-is_valid|auto-min_num_buffers|auto-num_buffers|auto-num_filled_buffers_to_hold|auto-num_holding_filled_buffers|auto-remote_device|auto-remove_callback|auto-remove_callbacks|auto-start|auto-start_acquisition|auto-start_image_acquisition|auto-statistics|auto-stop|auto-stop_acquisition|auto-stop_image_acquisition|auto-supported_events|auto-system|auto-thread_image_acquisition|auto-timeout_for_image_acquisition|auto-timeout_on_client_fetch_call|auto-timeout_period_on_client_fetch_call|auto-timeout_period_on_update_event_data_call|auto-try_fetch,一种遵循 GenICam/GenTL 标准进行图像传输的工业相机或机器视觉相机，用于实验室中的显微成像、样品观察、过程记录和自动化视觉检测，可进行单帧或连续图像采集。,"An industrial or machine-vision camera that transfers images through the GenICam/GenTL standard. It is used in laboratories for microscopy imaging, sample observation, process documentation, and automated visual inspection, supporting single-frame or continuous image acquisition.",工业相机,表征设备|智慧表征与检测中心|实验室自动化与仪器集成|显微成像与光学显微实验|实验成像与机器视觉|实验成像与过程监测|工业相机
IMS电机轴,IMS motor axis,ims,ims,40,86,auto-auto_setup|auto-check_limit_switches|auto-check_pmgr|auto-check_value|auto-clear_all_flags|auto-clear_error|auto-clear_limits|auto-clear_powerup|auto-clear_stall|auto-configure|auto-diff_configuration|auto-disable|auto-done_comparator|auto-egu|auto-enable|auto-filter|auto-find_configuration|auto-format_status_info|auto-get_configuration|auto-get_configuration_values|auto-get_current_values|auto-get_high_limit|auto-get_low_limit|auto-home|auto-homed|auto-limits|auto-md|auto-move|auto-msta|auto-reinitialize|auto-screen|auto-set_current_position|auto-set_high_limit|auto-set_low_limit|auto-setup_pmgr|auto-spg_go|auto-spg_pause|auto-spg_stop|auto-stage|auto-subscribe,一种用于实验室和光束线装置中的电动运动轴，通常驱动直线或旋转定位机构，对样品、光学元件或诊断部件进行精密位置调整。该类电机支持回零、限位管理、状态监测和故障清除，适合需要可靠重复定位的实验场景。,"A motorized motion axis used in laboratory and beamline systems to drive linear or rotary positioning mechanisms for precise adjustment of samples, optics, or diagnostics. This type of motor supports homing, limit management, status monitoring, and fault clearing, making it suitable for experiments that require reliable repeatable positioning.",电动运动轴,实验执行&合成设备|精密定位与运动控制|样品/探针定位与运动控制|电动运动轴
自动微孔板培养箱,Automated microplate incubator,incubator,incubator,16,29,auto-close_door|auto-deserialize|auto-fetch_plate_to_loading_tray|auto-find_random_site|auto-find_smallest_site_for_plate|auto-get_num_free_sites|auto-get_site_by_plate_name|auto-get_temperature|auto-open_door|auto-racks|auto-serialize|auto-set_temperature|auto-start_shaking|auto-stop_shaking|auto-summary|auto-take_in_plate,一种用于存放并温控培养微孔板或培养板的自动化实验室培养箱，通常具有多个板位、装载托盘和可开闭门机构，可在设定温度下进行样品孵育，并支持板件取放与振荡混匀。常用于细胞培养、酶反应、样品保温和自动化流程中的板式孵育步骤。,"An automated laboratory incubator for storing and temperature-controlling microplates or assay plates. It typically provides multiple plate sites, a loading tray, and a door mechanism, allowing incubation at a set temperature as well as automated plate transfer and shaking. It is commonly used for cell culture, enzyme reactions, sample holding, and plate incubation steps in lab automation workflows.",微孔板自动培养存储系统,实验执行&合成设备|器件/细胞设备|生命体系|实验室自动化与仪器集成|细胞生物学研究|微孔板样品孵育与混匀|微孔板自动培养存储系统
INHECO孵育振荡器堆叠系统,INHECO Incubator/Shaker Stack,incubator_shaker_stack,incubator_shaker_stack,11,22,auto-close_all|auto-get_all_temperatures|auto-num_units|auto-open_all|auto-request_loading_tray_states|auto-request_shaking_states|auto-request_temperature_control_states|auto-shake|auto-start_all_temperature_control|auto-stop_all_shaking|auto-stop_all_temperature_control,由多个可堆叠孵育振荡单元组成的实验室自动化设备，带有装载托盘，可对样品或微孔板进行温度控制孵育与振荡混匀，常用于自动化培养、反应孵育和样品处理流程。,"A laboratory automation device composed of multiple stackable incubator/shaker units with loading trays, used to provide temperature-controlled incubation and shaking for samples or microplates in automated culture, reaction incubation, and sample-processing workflows.",微孔板恒温振荡器,实验执行&合成设备|器件/细胞设备|生命体系|实验室自动化与仪器集成|细胞生物学研究|微孔板样品孵育与混匀|微孔板恒温振荡器
STX自动微孔板培养箱,STX Automated Microplate Incubator,incubator_stx,incubator_stx,7,38,auto-getClimate|auto-getPresetClimate|auto-inputPlate|auto-is_ready|auto-outputPlate|auto-resetAndActivate|auto-setPresetClimate,一种用于微孔板样品培养与暂存的自动化培养箱，支持温度、湿度、二氧化碳和氮气环境控制，并可通过左右料盒/仓位进行微孔板进出库操作，常用于细胞培养、活细胞实验和自动化生物实验流程。,"An automated incubator for culturing and storing microplates, with control of temperature, humidity, carbon dioxide, and nitrogen atmosphere. It supports plate loading and unloading through left/right cassettes or storage levels, and is commonly used in cell culture, live-cell assays, and automated biological workflows.",微孔板自动培养存储系统,实验执行&合成设备|器件/细胞设备|生命体系|实验室自动化与仪器集成|细胞生物学研究|微孔板样品孵育与混匀|微孔板自动培养存储系统
INHECO堆叠式孵育振荡器,INHECO Incubator Shaker Stack,inheco_incubator_shaker_stack_backend,inheco_incubator_shaker_stack_backend,70,137,auto-close|auto-delete_counter|auto-get_temperature|auto-initialize|auto-is_shaking_enabled|auto-is_temperature_control_enabled|auto-number_of_connected_units|auto-open|auto-perform_self_test|auto-read_whole_shaker_calibration_data|auto-request_calibration_high|auto-request_calibration_low|auto-request_delta_temperature|auto-request_drawer_cycles_performed|auto-request_drawer_status|auto-request_firmware_version|auto-request_incubator_type|auto-request_is_initialized|auto-request_labware_detection_threshold|auto-request_last_calibration_date|auto-request_machine_allocation|auto-request_maximum_allowed_temperature|auto-request_motor_current_limit_anticlockwise|auto-request_motor_current_limit_clockwise|auto-request_motor_power_anticlockwise|auto-request_motor_power_clockwise|auto-request_number_of_connected_machines|auto-request_operation_time_in_hours|auto-request_pid_controller_coefficients|auto-request_plate_in_incubator|auto-request_plate_status_known|auto-request_proportionality_factor|auto-request_serial_number|auto-request_shaker_amplitude_x|auto-request_shaker_amplitude_y|auto-request_shaker_calibration_value|auto-request_shaker_frequency_x|auto-request_shaker_frequency_y|auto-request_shaker_phase_shift|auto-request_target_temperature|auto-request_thermal_calibration_date|auto-request_whole_calibration_data|auto-reset_calibration_data|auto-send_command|auto-set_boost_offset|auto-set_boost_time|auto-set_calibration_high|auto-set_calibration_low|auto-set_cooldown_time_factor|auto-set_heatup_offset|auto-set_heatup_time_factor|auto-set_max_allowed_device_temperature|auto-set_motor_current_limit_anticlockwise|auto-set_motor_current_limit_clockwise|auto-set_motor_power_anticlockwise|auto-set_motor_power_clockwise|auto-set_pid_integration_value|auto-set_pid_proportional_gain|auto-set_proportionality_factor|auto-set_shaker_calibration_value|auto-set_shaker_parameters|auto-set_shaker_pattern|auto-set_shaker_status|auto-setup|auto-shake|auto-start_temperature_control|auto-stop|auto-stop_shaking|auto-stop_temperature_control|auto-wait_for_temperature,这是一种可堆叠的实验室孵育振荡设备，用于微孔板等样品载具的控温孵育与振荡混匀。设备具有装载抽屉或托盘、温度控制和二维振荡功能，适用于细胞培养、样品孵育、反应混匀及自动化工作站中的板式处理流程。,"A stackable laboratory incubator shaker for temperature-controlled incubation and shaking of microplates and similar sample carriers. It includes a loading drawer or tray, temperature regulation, and two-axis shaking, and is used for cell culture, sample incubation, reaction mixing, and plate-based workflows in automated lab systems.",微孔板恒温振荡器,实验执行&合成设备|器件/细胞设备|生命体系|实验室自动化与仪器集成|细胞生物学研究|微孔板样品孵育与混匀|微孔板恒温振荡器
INHECO培养振荡单元,INHECO incubator shaker unit,inheco_incubator_shaker_unit,inheco_incubator_shaker_unit,68,137,auto-close|auto-delete_counter|auto-get_temperature|auto-initialize|auto-is_shaking_enabled|auto-is_temperature_control_enabled|auto-number_of_connected_units|auto-open|auto-perform_self_test|auto-read_whole_shaker_calibration_data|auto-request_calibration_high|auto-request_calibration_low|auto-request_delta_temperature|auto-request_drawer_cycles_performed|auto-request_drawer_status|auto-request_firmware_version|auto-request_incubator_type|auto-request_is_initialized|auto-request_labware_detection_threshold|auto-request_last_calibration_date|auto-request_machine_allocation|auto-request_maximum_allowed_temperature|auto-request_motor_current_limit_anticlockwise|auto-request_motor_current_limit_clockwise|auto-request_motor_power_anticlockwise|auto-request_motor_power_clockwise|auto-request_number_of_connected_machines|auto-request_operation_time_in_hours|auto-request_pid_controller_coefficients|auto-request_plate_in_incubator|auto-request_plate_status_known|auto-request_proportionality_factor|auto-request_serial_number|auto-request_shaker_amplitude_x|auto-request_shaker_amplitude_y|auto-request_shaker_calibration_value|auto-request_shaker_frequency_x|auto-request_shaker_frequency_y|auto-request_shaker_phase_shift|auto-request_target_temperature|auto-request_thermal_calibration_date|auto-request_whole_calibration_data|auto-reset_calibration_data|auto-send_command|auto-set_boost_offset|auto-set_boost_time|auto-set_calibration_high|auto-set_calibration_low|auto-set_cooldown_time_factor|auto-set_heatup_offset|auto-set_heatup_time_factor|auto-set_max_allowed_device_temperature|auto-set_motor_current_limit_anticlockwise|auto-set_motor_current_limit_clockwise|auto-set_motor_power_anticlockwise|auto-set_motor_power_clockwise|auto-set_pid_integration_value|auto-set_pid_proportional_gain|auto-set_proportionality_factor|auto-set_shaker_calibration_value|auto-set_shaker_parameters|auto-set_shaker_pattern|auto-set_shaker_status|auto-shake|auto-start_temperature_control|auto-stop_shaking|auto-stop_temperature_control|auto-wait_for_temperature,一种用于微孔板等实验耗材的培养振荡模块，集成加热控温、平面振荡以及抽屉式装载机构，可作为堆叠系统中的单个单元使用，常用于样品孵育、混匀和温控处理。,"A microplate incubator-shaker module with heating, temperature control, planar shaking, and a drawer-based loading mechanism. It is used as an individual unit in a stacked system for sample incubation, mixing, and temperature-controlled processing.",热混匀仪,实验执行&合成设备|生命体系|实验室自动化与仪器集成|微孔板样品孵育与混匀|热混匀仪
INHECO 温控控制盒,INHECO TEC Control Box,inheco_tec_control_box,inheco_tec_control_box,5,16,auto-reset_action_display|auto-send_command|auto-set_touchscreen|auto-setup|auto-stop,一款用于实验室温度控制模块的热电温控控制盒，可为加热/制冷附件提供控制与状态交互，常用于样品、板位或实验流程中的温度管理。,"A thermoelectric temperature control box for laboratory temperature-control modules. It provides control and device interaction for heating/cooling accessories, and is commonly used for managing sample, plate, or workflow temperatures.",PID过程控制器,实验执行&合成设备|实验室自动化与仪器集成|过程控制与工业仪表实验|外接设备恒温控制|PID过程控制器
INHECO Thermoshake AC恒温振荡器,INHECO Thermoshake AC heater-shaker,inheco_thermoshake_backend,inheco_thermoshake_backend,8,16,auto-lock_plate|auto-set_shaker_shape|auto-set_shaker_speed|auto-shake|auto-start_shaking|auto-stop_shaking|auto-supports_locking|auto-unlock_plate,这是一种实验室恒温振荡器，用于对样品板等容器进行加热与振荡混匀。设备可设置振荡转速和振荡轨迹，部分操作还包括样品板锁定/解锁，常用于样品孵育、混匀及温控处理。,"This is a laboratory heater-shaker used to heat and shake sample plates and similar labware for mixing. It supports setting shaking speed and motion pattern, and some operations include plate locking/unlocking, making it suitable for incubation, mixing, and temperature-controlled sample handling.",热混匀仪,实验执行&合成设备|生命体系|实验室自动化与仪器集成|微孔板样品孵育与混匀|热混匀仪
Innova 300C 系列离子激光器,Innova 300C Series Ion Laser,innova300_c,innova300_c,14,28,auto-baudrate|auto-center_powertrack|auto-center_powertrack_async|auto-current_setpoint|auto-etalon_temperature_setpoint|auto-faults|auto-initialize|auto-is_in_start_delay|auto-magnetic_field_setpoint_high|auto-power_setpoint|auto-powertrack_position|auto-query|auto-recalibrate_powertrack|auto-recalibrate_powertrack_async,Innova 300C 系列是一类实验室用连续波气体离子激光器，常见版本包括氩离子和氪离子型号，用于提供稳定的可见光激光输出。该设备常用于光学实验、光谱测试、荧光激发、光路对准以及其他需要连续激光源的科研场景，并支持通过电流、功率及腔内相关参数进行输出优化。,"The Innova 300C Series is a laboratory continuous-wave gas ion laser family, with common versions including argon-ion and krypton-ion models, used to provide stable visible laser output. It is commonly used in optical experiments, spectroscopy, fluorescence excitation, beam alignment, and other research applications requiring a continuous laser source, with output optimization through current, power, and intracavity-related settings.",实验室激光光源,实验执行&合成设备|表征设备|光学与光谱实验|激光激发与光谱测量|实验室激光光源
通用串口/网络实验仪器,Generic Serial/Socket Laboratory Instrument,instru_socket,instru_socket,2,9,auto-ask|auto-write,这类设备是带有串口或网络 Socket 命令接口的实验室仪器，可通过文本命令进行控制与状态查询。常见于电源、测量仪表、温控器等设备，用于实验自动化、参数设置和数据读取。,"This refers to a laboratory instrument with a serial or network socket command interface that can be controlled and queried using text commands. Such interfaces are commonly found on power supplies, measurement instruments, temperature controllers, and similar devices for lab automation, parameter setting, and data readout.",串行仪器通信接口|SCPI台式电子仪器,实验执行&合成设备|实验室自动化与仪器集成|实验仪器数据采集与联机控制|实验仪器通信与驱动集成|串行仪器通信接口|SCPI台式电子仪器
通用VXI-11实验仪器,Generic VXI-11 Laboratory Instrument,instrument,instrument,2,9,auto-read_raw|auto-write_raw,通过VXI-11协议进行远程通信的通用实验室仪器，通常用于示波器、信号源、频谱分析仪、数字万用表等可编程测试测量设备的控制与数据采集。,"A generic laboratory instrument that communicates over the VXI-11 protocol, typically used for programmable test and measurement devices such as oscilloscopes, signal generators, spectrum analyzers, and digital multimeters for remote control and data acquisition.",SCPI台式电子仪器|网络化数据采集仪,表征设备|电子与电气测试|实验室自动化与仪器集成|实验仪器数据采集与联机控制|实验仪器通信与驱动集成|SCPI台式电子仪器|网络化数据采集仪
实验仪器数据库,Instrument Database,instrument_db,instrument_db,34,46,auto-add_instrument|auto-add_instrument_pvs|auto-add_pv|auto-check_admin_password|auto-check_hostpid|auto-check_version|auto-commit|auto-connect_pvs|auto-create_newdb|auto-get_all_instruments|auto-get_allpvs|auto-get_config|auto-get_instrument|auto-get_instrument_pvs|auto-get_position|auto-get_position_values|auto-get_positionlist|auto-get_positions|auto-get_pv|auto-get_pvtype|auto-get_pvtypes|auto-map_pvtypes|auto-query|auto-remove_instrument|auto-remove_instrument_pv|auto-remove_position|auto-rename_position|auto-restore_complete|auto-restore_position|auto-save_position|auto-set_admin_password|auto-set_config|auto-set_hostpid|auto-set_pvtype,用于实验室自动化的仪器配置数据库组件，主要管理仪器条目、EPICS 过程变量（PV）、配置说明以及已保存的位置状态，并可将相关 PV 恢复到预设值。它更像是实验控制系统中的数据管理服务，而非独立的物理仪器。,"A laboratory automation database component used to manage instrument entries, EPICS process variables (PVs), configuration notes, and saved positions, and to restore related PVs to predefined values. It is a data-management service within an experimental control system rather than a standalone physical instrument.",EPICS仪器服务节点|科学数据分组管理对象,实验执行&合成设备|实验室自动化与仪器集成|实验数据管理与记录|实验数据目录存储与资源管理|科学数据存储与归档|EPICS仪器服务节点|科学数据分组管理对象
是德科技 N777x 可调谐激光模块,Keysight N777x Tunable Laser Module,instrument_drivers__device,instrument_drivers__device,32,46,auto-apply|auto-apply_gui_parameters|auto-call|auto-check_errors|auto-check_key_turned|auto-clear_status|auto-configure|auto-configure_list_mode|auto-configure_trigger_output|auto-deinitialize|auto-initialize|auto-is_laser_on|auto-measure|auto-poweroff|auto-poweron|auto-request_result|auto-reset|auto-set_laser_off|auto-set_laser_on|auto-set_power|auto-set_power_unit|auto-set_sweep_cycles|auto-set_sweep_speed|auto-set_sweep_start|auto-set_sweep_step|auto-set_sweep_stop|auto-set_trigger_configuration|auto-set_wavelength|auto-turn_key|auto-unconfigure|auto-update_gui_parameters|auto-wait_for_sweep_completion,N777x 是一款用于光通信与光子学实验的可调谐激光模块，可在一定波长范围内提供稳定激光输出，并支持功率调节、步进或连续波长扫描以及触发同步，常用于光器件表征、插损测试和扫波测量。,"The N777x is a tunable laser module for optical communications and photonics laboratories. It provides stable laser output over a selectable wavelength range and supports power control, stepped or continuous wavelength sweeps, and trigger synchronization for tasks such as optical component characterization, insertion-loss testing, and swept-wavelength measurements.",实验室激光光源,表征设备|光学与光谱实验|激光激发与光谱测量|实验室激光光源
Keysight N77xx 可调谐激光源模块,Keysight N77xx tunable laser source module,instrument_drivers__not_implemented_wrapper,instrument_drivers__not_implemented_wrapper,0,60,,用于光通信与光子学测试的可调谐激光源模块，可在设定波长范围内输出稳定激光，并支持步进或连续扫波测量，常用于插损、滤波器与器件光谱响应表征。,"A tunable laser source module for photonics and optical communications testing. It provides stable output over a selectable wavelength range and supports step or continuous wavelength sweeps for insertion-loss, filter, and spectral-response characterization.",实验室激光光源,表征设备|光学与光谱实验|激光激发与光谱测量|实验室激光光源
Red Pitaya STEMlab 多功能测试测量平台,Red Pitaya STEMlab multifunction test and measurement platform,instrument_drivers__scpi,instrument_drivers__scpi,1,26,auto-build,Red Pitaya STEMlab 是一类可通过网络进行控制的多功能电子测试测量设备，通常集成信号发生、数据采集和基础示波测量能力，适用于实验室中的波形产生、信号观测、控制实验和自动化测试。,"The Red Pitaya STEMlab is a network-controllable multifunction electronic test and measurement instrument, typically combining signal generation, data acquisition, and basic oscilloscope-style measurement capabilities for laboratory waveform generation, signal observation, control experiments, and automated testing.",数字存储示波器|任意函数发生器|网络化数据采集仪,实验执行&合成设备|表征设备|电子与电气测试|实验仪器数据采集与联机控制|射频与电子电路测试|数字存储示波器|任意函数发生器|网络化数据采集仪
整数编号任务规则,Integer ID Rule,integer_id_rule,integer_id_rule,7,38,auto-bid|auto-inactivate|auto-info|auto-make_range_available|auto-mark_complete|auto-mark_release_complete|auto-poll_timeouts,这是一个用于集群计算工作流的规则对象，而非物理实验设备。它按整数任务编号生成、发布和跟踪任务，常用于显微成像数据分析或配方型数据处理流程中的任务调度、完成状态管理与超时重试控制。,"This is a software workflow rule object rather than a physical laboratory device. It generates, releases, and tracks tasks indexed by integer IDs, and is used in cluster-based microscopy data analysis or recipe-style processing workflows for task scheduling, completion tracking, and timeout/retry handling.",分布式实验任务提交器,表征设备|实验室自动化与仪器集成|分布式实验数据处理|显微成像与光学显微实验|分布式实验任务提交器
内部系统伪设备,Internal system pseudo-device,internal_device,internal_device,14,44,auto-close|auto-closed|auto-end_time|auto-event_delay|auto-host|auto-is_active|auto-load_average|auto-start_time|auto-temperature|auto-usage|auto-utc|auto-value|auto-wait_for_active|auto-wait_for_inactive,一种无独立硬件实体的系统状态伪设备，用于把主机操作系统的内部信息或服务抽象为可监测的逻辑输入，例如网络连通性、处理器温度、系统负载、时钟时间段和磁盘占用。在实验自动化中常用于状态监测、条件触发和联动控制。,"A pseudo-device with no standalone hardware representation, used to expose host operating-system state or services as monitorable logical inputs, such as network reachability, CPU temperature, system load, time-of-day windows, and disk usage. In lab automation, it is commonly used for status monitoring, conditional triggering, and event-driven coordination.",系统状态监测伪设备,实验执行&合成设备|实验室自动化与仪器集成|实验仪器数据采集与联机控制|实验流程状态指示与告警|系统状态监测伪设备
区间图形标注对象,Interval Graphic Annotation,interval_graphic,interval_graphic,17,415,auto-adjust_part|auto-begin_drag|auto-end|auto-end_drag|auto-get_attributes|auto-get_region|auto-interval|auto-mime_data_dict|auto-nudge|auto-read_from_mime_data|auto-read_interval|auto-read_properties_from_dict|auto-reset_position|auto-start|auto-test|auto-validate_interval|auto-write_interval,这不是独立实验硬件，而是用于科学图像、谱图或数据视图中的区间图形标注对象。它通过起点和终点定义一维范围，常用于区域选择、测量、积分范围设定和交互式数据分析。,"This is not a standalone laboratory instrument but a graphical annotation object used in scientific images, spectra, or data views. It defines a one-dimensional range using start and end points and is commonly used for region selection, measurement, integration range definition, and interactive data analysis.",感兴趣区图形标注器,表征设备|实验数据可视化与分析|科学图像区域标注与感兴趣区分析|多维实验数据可视化|感兴趣区图形标注器
区间列表连接,Interval List Connection,interval_list_connection,interval_list_connection,10,58,auto-connected_items|auto-detach|auto-item_inserted|auto-item_removed|auto-reattach|auto-source_registered|auto-source_specifier|auto-target_registered|auto-target_specifier|auto-unregistered,用于科学图像分析流程中的连接对象，将显示中的区间列表单向绑定到线剖面图形的区间描述信息，以保持相关显示元素之间的同步。,"A connection object used in scientific image analysis workflows to bind intervals on a display one-way to the interval descriptors of a line profile graphic, keeping related display elements synchronized.",图形标注同步连接器,表征设备|实验数据可视化与分析|科学图像区域标注与感兴趣区分析|多维实验数据可视化|图形标注同步连接器
串口I/O从控器,Serial I/O Slave Controller,io_slave,io_slave,5,35,auto-GetAnalog|auto-GetTemperature|auto-SetAnalog|auto-SetDigital|auto-SetFlash,一种通过串口通信的通用实验室I/O控制器，可按通道提供数字输出、模拟输出、模拟量读取和温度读取功能。常用于显微镜及其他实验装置中的外设联动、传感器采集和简单执行器控制。,"A general-purpose laboratory I/O controller that communicates over a serial port and provides channel-based digital output, analog output, analog readback, and temperature readout. It is commonly used in microscopes and other experimental setups for peripheral coordination, sensor acquisition, and simple actuator control.",通用数字输入输出外设|串行仪器通信接口,实验执行&合成设备|表征设备|实验室自动化与仪器集成|通用数字输入输出与状态检测|电压监测与传感器信号采集|显微成像与光学显微实验|通用数字输入输出外设|串行仪器通信接口
串口实验I/O控制器,Serial Laboratory I/O Controller,io_slave_always_open,io_slave_always_open,6,35,auto-GetAnalog|auto-GetTemperature|auto-SetAnalog|auto-SetDigital|auto-SetFlash|auto-SetServo,这是一类通过串口通信的通用实验室I/O控制器，可提供数字输出、模拟输出、脉冲/闪烁控制、舵机控制，以及模拟量和温度读取功能。它常用于显微镜和实验装置中的外设联动与自动化控制，例如驱动快门、激光相关部件、振动机构或读取传感器信号。,"This is a general-purpose laboratory I/O controller that communicates over a serial port. It provides digital outputs, analog outputs, flash/pulse-style control, servo control, and analog and temperature readback. It is commonly used for peripheral coordination and automation in microscopes and other lab setups, such as driving shutters, laser-related components, shaking mechanisms, or reading sensor signals.",通用数字输入输出外设|串行仪器通信接口,实验执行&合成设备|表征设备|实验室自动化与仪器集成|显微成像与光学显微实验|通用数字输入输出与状态检测|激光激发与光谱测量|通用数字输入输出外设|串行仪器通信接口
网络摄像机,IP Camera,ip_camera_capture,ip_camera_capture,11,24,auto-discover|auto-enable_auto_exposure|auto-get_config_schema|auto-get_exposure|auto-get_gain|auto-get_latest_frame|auto-set_exposure|auto-set_frame_size|auto-set_gain|auto-start_async|auto-stop,网络摄像机是一种通过以太网或局域网输出视频流的成像设备，可用于实验过程远程观察、样品与装置状态监控、图像记录以及实时帧采集。,"An IP camera is an imaging device that streams video over Ethernet or a local network. In laboratories it is used for remote observation of experiments, monitoring samples and instruments, recording visual status, and acquiring live image frames.",工业相机,表征设备|传感测量与环境感知|实验室自动化与仪器集成|实验成像与机器视觉|实验成像与过程监测|工业相机
Accurion EP4 成像椭偏仪,Accurion EP4 Imaging Ellipsometer,ip_connection,ip_connection,1,15,auto-close,Accurion EP4 是一类用于薄膜、表面与界面光学表征的成像椭偏仪，可用于测量样品的椭偏信号并进行成像分析，常见于材料、涂层和界面研究实验。,"The Accurion EP4 is an imaging ellipsometer for optical characterization of thin films, surfaces, and interfaces. It is used in laboratories to measure ellipsometric signals and perform imaging-based analysis of materials, coatings, and interfacial samples.",椭偏仪,表征设备|表面/薄膜体系|智慧表征与检测中心|涂层材料|物化表征测试中心|椭偏仪
IQ波形文件转换工具,IQ Waveform File Converter,iq,iq,8,19,auto-main|auto-readIqTar|auto-readIqw|auto-readWv|auto-writeIqTar|auto-writeIqw|auto-writeWv|auto-writeXml,用于读写和打包 IQW、WV、IQ.tar 等 IQ 基带波形文件的软件工具，常用于实验室中矢量信号发生器或其他射频仪器的离线波形准备、数据交换与文件格式转换。,"A software utility for reading, writing, and packaging IQ baseband waveform files such as IQW, WV, and IQ.tar. It is commonly used in laboratories for offline waveform preparation, data exchange, and file format conversion for vector signal generators and related RF instruments.",实验数据文件读写器,备料&前处理设备|电子与电气测试|射频与电子电路测试|实验数据文件读写器
isCAN CAN总线接口适配器,isCAN CAN Bus Interface Adapter,iscan_bus,iscan_bus,2,13,auto-send|auto-shutdown,isCAN 是一种 CAN 总线接口适配器，用于将计算机连接到 CAN 网络，实现报文收发与总线通信。在实验室中，它常用于嵌入式控制器、工业设备或仪器子系统的联机测试、调试与数据交换。,"The isCAN is a CAN bus interface adapter that connects a computer to a CAN network for message transmission and reception. In laboratory use, it is commonly used for testing, debugging, and data exchange with embedded controllers, industrial equipment, or instrument subsystems that communicate over CAN.",USB-CAN总线适配器,实验执行&合成设备|电子与电气测试|CAN总线设备调试与集成|CAN总线通信记录与离线分析|USB-CAN总线适配器
ISEG高压电源,ISEG High-Voltage Power Supply,iseg_hv,iseg_hv,61,75,auto-I_MAX|auto-SOFTWARE_REL|auto-UNIT_NUMBER|auto-V_MAX|auto-answer_delay|auto-autostart|auto-channel|auto-current|auto-current_trip|auto-get_answer_delay|auto-get_autostart|auto-get_current|auto-get_current_channel|auto-get_current_limit|auto-get_current_trip|auto-get_hardware_voltage_limit|auto-get_high_voltage|auto-get_identifier|auto-get_module_description|auto-get_module_status|auto-get_on|auto-get_polarity|auto-get_ramp_speed|auto-get_source_voltage|auto-get_status_description|auto-get_status_word|auto-get_voltage|auto-get_voltage_limit|auto-hv_off|auto-hv_on|auto-identifier|auto-init|auto-module_description|auto-module_msg|auto-module_status|auto-off|auto-on|auto-polarity|auto-query|auto-ramp_speed|auto-read|auto-set_answer_delay|auto-set_autostart|auto-set_current|auto-set_current_channel|auto-set_current_trip|auto-set_high_voltage|auto-set_ramp_speed|auto-set_voltage|auto-set_voltage_limit|auto-set_voltage_range|auto-soruce_volt|auto-source_current|auto-start_voltage_ramp|auto-status_description|auto-status_word|auto-v_lim|auto-voltage|auto-voltage_limit|auto-voltage_target|auto-write,这是一类可编程高压电源或高压电源模块，可为探测器、光电倍增管及其他需要偏置高压的实验器件提供稳定高压输出。设备通常支持多通道控制、电压斜坡、限流或过流跳闸、极性与状态监测，常用于核探测、粒子探测和通用实验室偏置供电。,"This is a programmable high-voltage power supply or HV module used to provide stable bias voltage for detectors, photomultiplier tubes, and other laboratory devices that require high voltage. It typically supports multi-channel control, voltage ramping, current limiting or trip protection, polarity reporting, and status monitoring for nuclear, particle, and general laboratory biasing applications.",高压电源,表征设备|电子与电气测试|X射线与辐射能谱测量|弱光探测与光子计数|探测器偏置与高压供电|高压电源
西门子 S7 可编程逻辑控制器,Siemens S7 Programmable Logic Controller,isotcp_connection,isotcp_connection,5,24,auto-check_connection|auto-connect|auto-disconnect|auto-receive_data|auto-send_data,这是一类工业可编程逻辑控制器（PLC），常用于实验室自动化、测试台控制、设备联锁、数据采集与顺序控制。该设备通常通过以太网使用 ISO on TCP / S7 通信协议与上位机交换控制命令和过程数据。,"This is an industrial programmable logic controller (PLC) commonly used for laboratory automation, test stand control, equipment interlocks, data acquisition, and sequence control. It typically communicates with host systems over Ethernet using the ISO on TCP / S7 protocol to exchange control commands and process data.",PLC控制器,实验执行&合成设备|物流/机械|实验室自动化与仪器集成|过程控制与工业仪表实验|PLC控制与设备联锁|实验仪器数据采集与联机控制|PLC控制器
IT63XX系列多通道可编程直流电源,IT63XX Series Multi-Channel Programmable DC Power Supply,it63_xx,it63_xx,7,14,auto-beep|auto-channel_off|auto-channel_on|auto-meas_current|auto-meas_voltage|auto-set_current|auto-set_voltage,一款多通道可编程直流电源，可为电子电路、器件或原型系统提供可调直流电压与电流输出，并支持分通道开关与输出测量，常用于实验室台式供电、电路调试、性能测试和器件表征。,"A multi-channel programmable DC power supply that provides adjustable DC voltage and current output for electronic circuits, devices, and prototypes. It supports per-channel output control and output measurement, and is commonly used for bench power, circuit debugging, performance testing, and device characterization in laboratories.",可编程直流电源,表征设备|电子与电气测试|电源与电池测试|电子器件供电与台架测试|可编程直流电源
IT8500系列直流电子负载,IT8500 Series DC Electronic Load,it8500,it8500,10,18,auto-initialize|auto-lock_front_panel|auto-measure_current|auto-measure_voltage|auto-remote_sense|auto-set_current|auto-set_cv_voltage|auto-set_mode_current|auto-set_mode_voltage|auto-toggle_output,IT8500系列是一类可编程直流电子负载，用于对电源、电池、适配器和直流变换器施加受控负载并测量电压、电流等参数。该设备支持恒流与恒压等工作方式，可用于电源性能测试、老化测试和实验室台式直流源评估。,"The IT8500 Series is a programmable DC electronic load used to apply controlled loading to power supplies, batteries, adapters, and DC converters while measuring voltage and current. It supports operating modes such as constant current and constant voltage for power characterization, burn-in, and general laboratory evaluation of DC sources.",电子负载,表征设备|电子与电气测试|电源与电池测试|电子负载
Keithley 2400/2182 I-V测量系统,Keithley 2400/2182 I-V Measurement System,iv__combined__backend,iv__combined__backend,5,13,auto-configure_source|auto-connect_instruments|auto-measure_point|auto-run_sweep|auto-shutdown,由Keithley 2400源表与2182纳伏表组成的精密电学测量系统，用于向样品施加电流并测量微弱电压信号，常用于I-V扫描、电阻表征和低噪声电输运实验。,"A precision electrical measurement system combining a Keithley 2400 SourceMeter and a 2182 nanovoltmeter. It is used to source current into a sample and measure very small voltage signals for I-V sweeps, resistance characterization, and low-noise transport experiments.",源测单元模块|纳伏表,表征设备|电子与电气测试|源测单元模块|I-V扫描与电输运测量|纳伏表
基于IVVI的电流源,IVVI-based current source,ivvi_current_source,ivvi_current_source,5,14,auto-ItomV|auto-mVtoI|auto-measureR|auto-measurei|auto-seti,一种利用IVVI电压输出经转换电路产生可调电流的实验室偏置源，常用于为低温电子学、纳米器件或量子器件提供稳定电流偏置，并可通过换算或测量评估输出电流与负载电阻。,"A laboratory bias source that uses an IVVI voltage output with a conversion circuit to generate adjustable current. It is commonly used to provide stable current bias for cryogenic electronics, nanodevices, or quantum devices, and to estimate or measure output current and load resistance.",精密电流源,实验执行&合成设备|表征设备|低温与量子测量|电子与电气测试|低温电子学与量子器件偏置|精密电流源
奥林巴斯 IX2 倒置显微镜机身,Olympus IX2 inverted microscope body,ix2,ix2,8,22,auto-idn|auto-init_origin|auto-lamp_status|auto-move_relative|auto-movement_status|auto-query|auto-soft_limits|auto-z,奥林巴斯 IX2 是实验室用倒置显微镜机身，用于承载物镜、照明与调焦机构，并对样品进行显微观察。该类设备常用于细胞培养、活体样品观察、荧光成像及常规生物显微实验中的 Z 轴调焦和机身状态控制。,"The Olympus IX2 is an inverted microscope body used in laboratories to support the objective turret, illumination, and focusing mechanisms for microscopic sample observation. It is commonly used for cell culture work, live-sample observation, fluorescence imaging, and general biological microscopy involving Z-axis focusing and microscope body status control.",普通光学显微镜,表征设备|生命体系|显微成像与光学显微实验|细胞生物学研究|普通光学显微镜
奥林巴斯 IX/BX 显微镜机身,Olympus IX/BX microscope body,ixbx,ixbx,10,22,auto-idn|auto-init_origin|auto-lamp_status|auto-move_relative|auto-move_relative_async|auto-movement_status|auto-query|auto-soft_limits|auto-stop|auto-z,奥林巴斯 IX/BX 系列研究级显微镜机身，可管理照明状态并控制物镜/对焦机构的 Z 轴运动与限位，用于实验室样品观察、对焦和显微成像。,"A research-grade Olympus IX/BX microscope body that manages illumination status and controls objective/focus Z-axis motion and limits for laboratory sample observation, focusing, and microscopy imaging.",普通光学显微镜,表征设备|智慧表征与检测中心|显微成像与光学显微实验|普通光学显微镜
罗德与施瓦茨网络测试仪器,Rohde & Schwarz networked test instrument,ja_socket,ja_socket,7,14,auto-close|auto-open|auto-query|auto-read_raw|auto-timeout|auto-write|auto-write_raw,通过以太网 Socket/VISA 接口通信的罗德与施瓦茨电子测试仪器。该类设备通常用于实验室中的远程配置、状态查询、数据读取和自动化测量，常见于射频与通用电子测试场景。,"A Rohde & Schwarz electronic test instrument that communicates through an Ethernet socket/VISA interface. Such instruments are commonly used in laboratories for remote configuration, status queries, data readout, and automated measurements in RF and general electronic test setups.",SCPI台式电子仪器,表征设备|电子与电气测试|实验室自动化与仪器集成|射频与电子电路测试|实验仪器通信与驱动集成|SCPI台式电子仪器
罗德与施瓦茨测试仪器,Rohde & Schwarz Test Instrument,ja_visa,ja_visa,8,15,auto-close|auto-open|auto-query|auto-read_raw|auto-reslist|auto-timeout|auto-write|auto-write_raw,这是一类支持 VISA/SCPI 远程控制的罗德与施瓦茨电子测试仪器，可通过 TCP/IP 等接口接入实验室自动化系统。常见用途包括远程参数设置、触发测量、读取波形或测量结果，以及进行自动化测试与数据采集。,"This refers to a Rohde & Schwarz electronic test instrument that supports remote control through VISA/SCPI, typically connected over interfaces such as TCP/IP. In laboratories, such instruments are used for automated setup, triggering measurements, reading waveforms or measurement results, and collecting data in test workflows.",SCPI台式电子仪器,表征设备|电子与电气测试|实验室自动化与仪器集成|射频与电子电路测试|实验仪器通信与驱动集成|实验仪器数据采集与联机控制|SCPI台式电子仪器
Julabo Magio MS-1000F 冷却恒温循环器,Julabo Magio MS-1000F recirculating chiller,julabo1000_f,julabo1000_f,15,22,auto-get_mode|auto-get_power|auto-get_set_power|auto-get_set_temp|auto-get_status|auto-get_temp|auto-get_version|auto-init|auto-read|auto-set_mode|auto-set_power|auto-set_temp|auto-start_chiller|auto-stop_chiller|auto-write,Julabo Magio MS-1000F 是一款实验室用冷却/恒温循环器，通过循环温控液为外部设备或实验流程提供稳定的制冷与加热能力。它常用于仪器冷却、夹套反应器温控、样品环境温度控制以及其他需要精确循环温度管理的实验场景。,"The Julabo Magio MS-1000F is a laboratory recirculating chiller and temperature control unit that circulates thermal fluid to provide stable cooling and heating for external equipment or experimental processes. It is commonly used for instrument cooling, jacketed reactor temperature control, sample environment conditioning, and other applications requiring precise circulating temperature management.",冷热水机,实验执行&合成设备|溶液配制与反应|环境控制与稳定性测试|外接设备恒温控制|冷热水机
JULABO F32-HD循环冷却器,JULABO F32-HD recirculating chiller,julabo_f32_hd,julabo_f32_hd,7,14,auto-get_identifier|auto-get_status|auto-init|auto-read|auto-start_thermostat|auto-stop_thermostat|auto-write,JULABO F32-HD 是一款实验室循环冷却器/恒温设备，通过循环冷却液为外部仪器或实验装置提供稳定的温度控制，适用于需要持续散热和恒温运行的实验系统。,The JULABO F32-HD is a laboratory recirculating chiller/thermostatic unit that provides stable temperature control to external instruments or experimental setups by circulating coolant. It is used in lab systems that require continuous heat removal and controlled operating temperature.,冷热水机,实验执行&合成设备|环境控制与稳定性测试|外接设备恒温控制|冷热水机
Julabo FP50 恒温循环冷却器,Julabo FP50 Recirculating Chiller,julabo_fp50,julabo_fp50,11,18,auto-get_set_temp|auto-get_status|auto-get_temp|auto-get_version|auto-init|auto-read|auto-set_power|auto-set_temp|auto-start_chiller|auto-stop_chiller|auto-write,Julabo FP50 是一款实验室用恒温循环冷却器，可通过循环液体为外部设备或实验过程提供稳定的冷却与温度控制。它适用于需要维持恒定工作温度的仪器、样品或装置。,"The Julabo FP50 is a laboratory recirculating chiller that provides stable cooling and temperature control to external equipment or experimental processes through circulating fluid. It is used where instruments, samples, or setups need a controlled operating temperature.",冷热水机,实验执行&合成设备|环境控制与稳定性测试|外接设备恒温控制|冷热水机
Keithley 2015数字万用表,Keithley 2015 Digital Multimeter,k2015,k2015,6,13,auto-beep|auto-read|auto-resistance|auto-serialASK|auto-serialWrite|auto-setresistance,这是一台台式数字万用表，可用于实验室中的电阻等电学参数测量，并支持通过计算机进行自动化读数与测量模式切换。适合电子测试、器件表征和常规电学实验。,"This is a bench digital multimeter used in laboratories for measuring electrical quantities such as resistance, with support for computer-controlled automated readings and measurement mode switching. It is suitable for electronics testing, device characterization, and general electrical lab work.",数字万用表,表征设备|电子与电气测试|电子器件供电与台架测试|数字万用表
KA系列可编程直流电源,KA Series Programmable DC Bench Power Supply,kaxxxxp,kaxxxxp,9,17,auto-initialize|auto-lock_commands|auto-measure_current|auto-measure_power|auto-measure_voltage|auto-remote_sense|auto-set_current|auto-set_voltage|auto-toggle_output,KA系列台式可编程直流稳压电源，可设定输出电压与电流限值，并测量输出电压、电流和功率，常用于电子电路供电、器件测试、实验教学以及台式研发调试。,"A KA-series programmable bench DC power supply used to provide regulated DC power with configurable voltage and current limit, and to measure output voltage, current, and power. It is commonly used for circuit powering, device testing, teaching labs, and bench-top R&D troubleshooting.",可编程直流电源,实验执行&合成设备|表征设备|电子与电气测试|电源与电池测试|电子器件供电与台架测试|可编程直流电源
Keithley 195 数字万用表,Keithley 195 Digital Multimeter,keithley195,keithley195,9,20,auto-auto_range|auto-get_status_word|auto-input_range|auto-measure|auto-mode|auto-parse_status_word|auto-relative|auto-trigger|auto-trigger_mode,Keithley 195 是一台 5 位半自动量程数字万用表，用于实验室台式电学测量。基础型号可进行直流电压和电阻测量，配合相应选件还可支持交流电压、直流电流和交流电流测量，适合器件表征、通用电参数测试和精密读数采集。,"The Keithley 195 is a 5.5-digit auto-ranging digital multimeter for bench-top electrical measurements in the lab. The base instrument measures DC voltage and resistance, and with suitable options it can also support AC voltage, DC current, and AC current measurements. It is suited for device characterization, general electrical testing, and precision readout tasks.",数字万用表,表征设备|电子与电气测试|电子器件供电与台架测试|数字万用表
Keithley 485 皮安计,Keithley 485 Picoammeter,keithley485,keithley485,9,25,auto-auto_range|auto-eoi_mode|auto-get_status|auto-input_range|auto-log|auto-measure|auto-relative|auto-trigger_mode|auto-zero_check,Keithley 485 是一款4位半分辨率、自动量程的皮安计，用于测量极低电流，量程覆盖约 0.1 pA 到 2 mA。它适合实验室中的微弱电流检测，如器件漏电流、传感器输出电流和光电探测电流测量。,"The Keithley 485 is a 4.5-digit autoranging picoammeter for measuring very low currents, covering roughly 0.1 pA to 2 mA. It is used in laboratories for weak-current measurements such as device leakage current, sensor output current, and photocurrent measurements.",皮安计,表征设备|电子与电气测试|电子器件供电与台架测试|微弱电流与漏电流测量|皮安计
Keithley 580 微欧计,Keithley 580 Micro-ohmmeter,keithley580,keithley580,17,31,auto-auto_range|auto-drive|auto-dry_circuit_test|auto-get_status_word|auto-input_range|auto-measure|auto-operate|auto-parse_measurement|auto-parse_status_word|auto-polarity|auto-query|auto-relative|auto-sendcmd|auto-set_calibration_value|auto-store_calibration_constants|auto-trigger|auto-trigger_mode,Keithley 580 是一台4位半分辨率的自动量程微欧计，用于测量约 10 µΩ 到 200 kΩ 的低电阻。它适合实验室和电子测试中的精密低阻测量，如接触电阻、导线、电阻元件及其他低阻样品的表征，并支持相对测量、干电路测试以及触发测量操作。,"The Keithley 580 is a 4.5-digit autoranging micro-ohmmeter for measuring low resistance from about 10 µΩ to 200 kΩ. It is used in laboratories and electronics testing for precise low-resistance characterization of contacts, wires, resistive components, and other low-ohmic samples, with support for relative measurements, dry-circuit testing, and triggered operation.",微欧计,表征设备|电子与电气测试|电子器件供电与台架测试|低阻与接触电阻测量|微欧计
Keithley 6220精密恒流源,Keithley 6220 Precision Current Source,keithley6220,keithley6220,4,11,auto-channel|auto-current|auto-disable|auto-voltage,Keithley 6220是一款单通道精密恒流源，用于输出稳定、可控的恒定电流。它适合器件电学表征、低电流偏置、材料测试和传感器测量等实验场景，主要用于电流激励而非传统多功能电源输出。,"The Keithley 6220 is a single-channel precision current source designed to deliver stable, controllable constant current. It is used in laboratory applications such as electrical characterization, low-current biasing, materials testing, and sensor measurements, where current excitation is needed rather than a general-purpose power supply output.",精密恒流源,实验执行&合成设备|表征设备|电子与电气测试|电子器件供电与台架测试|精密电流激励与偏置|精密恒流源
Keithley 6514 静电计,Keithley 6514 Electrometer,keithley6514,keithley6514,11,17,auto-arm_source|auto-auto_config|auto-auto_range|auto-fetch|auto-input_range|auto-mode|auto-read_measurements|auto-trigger_mode|auto-unit|auto-zero_check|auto-zero_correct,Keithley 6514 是一款高灵敏度静电计，可进行微弱电流、电荷、电压和电阻测量。它常用于低电平电学测试、漏电流表征、绝缘材料评估以及需要高输入阻抗和高分辨率的实验测量。,"The Keithley 6514 is a high-sensitivity electrometer for measuring very small currents, charge, voltage, and resistance. It is commonly used for low-level electrical measurements, leakage current characterization, insulation testing, and experiments requiring high input impedance and high resolution.",静电计,表征设备|电子与电气测试|电子器件供电与台架测试|高阻/电荷/微电流测量|静电计
Keithley 7999-6 开关设备,Keithley 7999-6 Switch Instrument,keithley79996,keithley79996,1,7,query,Keithley 7999-6 是一款可编程电信号开关/切换设备，用于实验室自动化测试中在不同通道、仪器和被测件之间进行信号路由与切换，适合多路复用和测量切换场景。,"The Keithley 7999-6 is a programmable electrical switching instrument used in laboratory automation to route and switch signals between channels, instruments, and devices under test. It is suited for multiplexing and measurement switching applications.",开关控制单元,表征设备|电子与电气测试|自动化测试信号切换与通道复用|开关控制单元
KEL10X 直流电子负载,KEL10X DC Electronic Load,kel10_x,kel10_x,11,19,auto-initialize|auto-lock_front_panel|auto-measure_current|auto-measure_power|auto-measure_voltage|auto-remote_sense|auto-set_current|auto-set_cv_voltage|auto-set_mode_current|auto-set_mode_voltage|auto-toggle_output,KEL10X 是一类可编程直流电子负载，用于吸收电源、充电器、电池或电源模块输出的电能，并对被测设备进行带载测试。根据现有证据，该设备支持恒流与恒压工作模式、远端感测、面板锁定以及电压、电流、功率测量，适合实验室中的电源性能验证与基础负载测试。,"The KEL10X is a programmable DC electronic load used to sink power from supplies, chargers, batteries, or power modules during load testing. Based on the available evidence, it supports constant-current and constant-voltage modes, remote sense, front-panel lock, and measurement of voltage, current, and power, making it suitable for laboratory power characterization and basic load testing.",电子负载,表征设备|电子与电气测试|电源与电池测试|电子负载
Kepco BOP 20-20M 双极性可编程电源/电流源,Kepco BOP 20-20M Bipolar Programmable Power Supply / Current Source,kepco_bop_20_20_m,kepco_bop_20_20_m,4,15,auto-measureR|auto-measurei|auto-measurev|auto-seti,Kepco BOP 20-20M 是一款双极性可编程电源，可作为受控电流源使用，并支持测量电流、电压及电阻等量。在实验室中常用于为器件提供正负双向激励、进行电学表征和 I-V/R 测量。,"The Kepco BOP 20-20M is a bipolar programmable power supply that can be used as a controlled current source and can measure current, voltage, and resistance-related quantities. In the lab it is commonly used to apply positive and negative electrical excitation to devices and for electrical characterization such as I-V and resistance measurements.",可编程直流电源,实验执行&合成设备|表征设备|电子与电气测试|I-V扫描与电输运测量|电子器件供电与台架测试|可编程直流电源
计算机键盘,Computer Keyboard,keyboard_listener,keyboard_listener,4,13,auto-run|auto-run_keyboard|auto-start|auto-stop,标准计算机键盘，用于实验室控制计算机上的人工输入。它可让操作人员通过按键、快捷键或简单命令触发实验流程、设备控制或界面交互。,"A standard computer keyboard used for manual input on a laboratory control computer. It allows an operator to trigger experiment workflows, device control, or interface interactions through key presses, hotkeys, or simple commands.",键盘输入设备,实验执行&合成设备|实验室自动化与仪器集成|人工输入与实验交互控制|键盘输入设备
是德科技示波器,Keysight Oscilloscope,keysight,keysight,44,56,auto-DVMisEnabled|auto-annotate|auto-annotateColor|auto-annotateOff|auto-channelLabel|auto-channelLabelOff|auto-enableDVM|auto-hardcopy|auto-measureBitRate|auto-measureBurstWidth|auto-measureCounterFrequency|auto-measureDVMacrms|auto-measureDVMdc|auto-measureDVMdcrms|auto-measureDVMfreq|auto-measureFallEdgeCount|auto-measureFallPulseCount|auto-measureFallTime|auto-measureFrequency|auto-measureNegDutyCycle|auto-measureNegPulseWidth|auto-measureOvershoot|auto-measurePeriod|auto-measurePosDutyCycle|auto-measurePosPulseWidth|auto-measurePreshoot|auto-measureRiseEdgeCount|auto-measureRisePulseCount|auto-measureRiseTime|auto-measureTblCall|auto-measureTblUnits|auto-measureVoltAmplitude|auto-measureVoltAverage|auto-measureVoltBase|auto-measureVoltMax|auto-measureVoltMin|auto-measureVoltPP|auto-measureVoltRMS|auto-measureVoltTop|auto-modeRun|auto-modeSingle|auto-modeStop|auto-setupAutoscale|auto-waveformData,台式电子示波器，用于采集、显示和分析电信号随时间变化的波形。常用于实验室中观察电压波形、测量频率、周期、上升沿、下降沿、占空比、脉宽、过冲及峰峰值等参数，并可导出波形数据和屏幕截图；部分机型还支持数字电压表功能。,"A benchtop electronic oscilloscope used to acquire, display, and analyze electrical waveforms over time. It is commonly used in laboratories to observe voltage signals and measure frequency, period, rise time, fall time, duty cycle, pulse width, overshoot, and peak-to-peak voltage, and can export waveform data and screen images; some models also support digital voltmeter functions.",数字存储示波器,表征设备|电子与电气测试|瞬态信号采集与同步触发测量|数字存储示波器
是德科技 DSOX2024A 数字示波器,Keysight DSOX2024A Digital Oscilloscope,keysight_dsox2024_a_wrapper,keysight_dsox2024_a_wrapper,20,29,auto-autoscale|auto-channel_coupling|auto-channel_info|auto-channel_invert|auto-channel_offset|auto-channel_position|auto-channel_probe|auto-channel_scale|auto-channel_toggle|auto-clear_buffers|auto-horizontal_offset|auto-horizontal_scale|auto-measure|auto-measure_setup|auto-reset|auto-trace|auto-trigger_channel|auto-trigger_level|auto-trigger_mode|auto-trigger_slope,一台台式数字示波器，用于观察、采集和测量电压信号随时间变化的波形。它支持多通道输入、触发控制、时基与垂直量程调节，以及自动测量功能，常用于电子电路调试、信号时域分析和实验室波形记录。,"A benchtop digital oscilloscope used to view, acquire, and measure voltage waveforms over time. It supports multi-channel inputs, trigger control, timebase and vertical scaling adjustments, and automated measurements, making it suitable for electronics debugging, time-domain signal analysis, and laboratory waveform capture.",数字存储示波器,表征设备|电子与电气测试|瞬态信号采集与同步触发测量|数字存储示波器
FieldFox 手持式矢量网络分析仪,FieldFox Handheld Vector Network Analyzer,keysight_field_fox,keysight_field_fox,11,26,auto-bandwidth|auto-display|auto-format|auto-points|auto-readFormatted|auto-readRI|auto-sparameter|auto-start|auto-stop|auto-sweep|auto-trigger,FieldFox 是一类便携式射频/微波矢量网络分析仪，用于对器件和网络进行扫频测量并获取 S 参数响应。它常用于实验室和现场测试中的滤波器、放大器、传输线及其他射频微波部件表征。,"FieldFox is a portable RF/microwave vector network analyzer used to sweep frequency and measure S-parameter responses of devices and networks. It is commonly used in laboratories and field testing to characterize filters, amplifiers, transmission lines, and other RF/microwave components.",矢量网络分析仪,表征设备|电子与电气测试|射频与电子电路测试|矢量网络分析仪
是德科技 InfiniiVision X 系列示波器,Keysight InfiniiVision X Series Oscilloscope,keysight_infinii_vision_x,keysight_infinii_vision_x,5,13,auto-channels|auto-displayed|auto-get_traces_from_displayed_channels|auto-screenshot|auto-trace,一类台式数字/混合信号示波器，用于实验室中观察、采集和分析电子信号波形，测量电压随时间的变化，检查各通道显示状态，并导出屏幕图像和波形数据。,"A bench-top digital/mixed-signal oscilloscope used in laboratories to view, capture, and analyze electronic waveforms, measure voltage-versus-time behavior, check channel display status, and export screen images and waveform data.",数字存储示波器,表征设备|电子与电气测试|瞬态信号采集与同步触发测量|数字存储示波器
是德科技 N90xxB X 系列信号分析仪,Keysight N90xxB X-Series Signal Analyzer,keysight_n90nn_b,keysight_n90nn_b,29,54,auto-NDIVision|auto-PDIVision|auto-clear_spectrum_state|auto-continuous|auto-detector|auto-external_gain|auto-feed|auto-input_attenuator|auto-input_attenuator_auto|auto-reference_level|auto-reference_level_offset|auto-reference_level_offset_state|auto-reference_output|auto-resolution_bandwidth|auto-resolution_bandwidths|auto-screenshot|auto-select|auto-sweep_points|auto-sweep_points_max|auto-sweep_time|auto-trace|auto-trace_data|auto-trace_iq_fcap|auto-trace_iq_fcap_context|auto-trace_sa|auto-trace_type|auto-unit_power|auto-video_bandwidth|auto-view_range,这是一类台式射频信号/频谱分析仪，用于观察和测量信号的频谱分布、功率电平、带宽、杂散、噪声及相关射频特性。它常用于射频与微波实验、通信信号测试、器件表征和频谱扫频测量，并支持分辨率带宽、视频带宽、检波器、输入衰减、参考电平、轨迹读取及部分 IQ 采集相关功能。,"This is a benchtop RF signal/spectrum analyzer used to view and measure signal spectra, power levels, bandwidth, spurs, noise, and related RF characteristics. It is commonly used in RF and microwave labs for communication signal testing, device characterization, and swept spectrum measurements, with support for resolution bandwidth, video bandwidth, detector selection, input attenuation, reference level control, trace readout, and some IQ capture-related functions.",频谱分析仪,表征设备|电子与电气测试|射频与电子电路测试|频谱分析仪
Kvaser CAN总线接口适配器,Kvaser CAN Bus Interface,kvaser_bus,kvaser_bus,4,27,auto-flash|auto-flush_tx_buffer|auto-send|auto-shutdown,这是一种用于将计算机连接到CAN总线网络的硬件接口设备，可用于发送和接收CAN报文、监测总线通信，以及在实验室中对基于CAN的控制器、仪器或嵌入式设备进行联调、测试与诊断。,"This is a hardware interface device that connects a computer to a CAN bus network. It is used to transmit and receive CAN messages, monitor bus traffic, and support laboratory integration, testing, and diagnostics of CAN-based controllers, instruments, and embedded systems.",USB-CAN总线适配器,实验执行&合成设备|电子与电气测试|CAN总线设备调试与集成|CAN总线通信记录与离线分析|USB-CAN总线适配器
LabJack多功能数据采集模块,LabJack multifunction DAQ module,labjack_device,labjack_device,8,15,auto-configuration|auto-doInitializeDevice|auto-doShutdownDevice|auto-getAnalogVoltage|auto-getDigitalValue|auto-setAnalogVoltage|auto-setConfiguration|auto-setDigitalValue,LabJack多功能数据采集模块是一种带模拟与数字输入输出接口的实验室数据采集和控制设备，可用于读取传感器电压信号、输出模拟控制电压，以及控制或监测数字开关量，常用于通用自动化、仪器联动和实验数据采集。,"A LabJack multifunction DAQ module is a laboratory data acquisition and control device with analog and digital I/O. It is used to read sensor voltages, output analog control voltages, and control or monitor digital logic signals in general automation, instrument integration, and experimental data acquisition.",数据采集与控制接口|模拟输入数据采集模块,实验执行&合成设备|表征设备|实验室自动化与仪器集成|实验仪器数据采集与联机控制|电压监测与传感器信号采集|数据采集与控制接口|模拟输入数据采集模块
Lake Shore 336低温温度控制器,Lake Shore Model 336 Cryogenic Temperature Controller,lakeshore336,lakeshore336,2,10,auto-sensor|auto-temperature,Lake Shore 336是一款多传感器低温温度控制器，用于连接并读取多个温度传感器，在低温实验和低温系统中进行温度监测与控制。,The Lake Shore Model 336 is a multi-sensor cryogenic temperature controller used to connect to and read multiple temperature sensors for temperature monitoring and control in cryogenic experiments and low-temperature systems.,温度控制器,实验执行&合成设备|表征设备|低温与量子测量|低温实验温控与制冷|温度控制器
Lake Shore 340低温温度控制器,Lake Shore 340 Cryogenic Temperature Controller,lakeshore340,lakeshore340,2,10,auto-sensor|auto-temperature,这是一款多传感器低温温度控制器，用于连接并读取低温传感器，在低温实验中进行温度监测与控温。,A multi-sensor cryogenic temperature controller used to connect to and read cryogenic sensors for temperature monitoring and control in low-temperature experiments.,温度控制器,实验执行&合成设备|表征设备|低温与量子测量|低温实验温控与制冷|温度控制器
350型多通道温度控制器,Lake Shore Model 350 Temperature Controller,lakeshore350,lakeshore350,8,23,auto-close|auto-get_heater_output|auto-get_temperature|auto-reset_and_clear|auto-set_heater_range|auto-set_setpoint|auto-setup_heater|auto-setup_ramp,一款多通道温度控制器，可读取多个温度传感器输入并驱动加热器输出，用于温度设定值保持、按斜坡升降温以及加热功率调节，常用于实验中的样品温度监测与稳定控制。,"A multi-channel temperature controller that reads multiple temperature sensor inputs and drives heater outputs for setpoint regulation, ramped temperature changes, and heater power control. It is commonly used for sample temperature monitoring and stabilization in laboratory experiments.",温度控制器,实验执行&合成设备|表征设备|环境控制与稳定性测试|外接设备恒温控制|温度控制器
370型多通道交流电阻桥,Model 370 Multi-Channel AC Resistance Bridge,lakeshore370,lakeshore370,2,10,auto-channel|auto-resistance,这是一台用于低温实验的多通道交流电阻桥，常见于稀释制冷机系统中。它可对多个通道的电阻进行高灵敏度测量，常用于低温电阻温度计读出以及低温样品电阻测量。,"This is a multi-channel AC resistance bridge for low-temperature experiments, commonly used in dilution refrigerator setups. It provides sensitive resistance measurements on multiple channels and is commonly used for cryogenic resistive thermometry readout and low-temperature sample resistance measurements.",交流电阻桥,表征设备|低温与量子测量|低温电阻测量与电阻温度计读出|交流电阻桥
Sutter Lambda 10-3多滤光轮控制器,Sutter Lambda 10-3 multi-filter wheel controller,lambda103,lambda103,10,16,auto-flush|auto-motorsON|auto-motorsON_async|auto-open_A|auto-position|auto-remote|auto-reset|auto-reset_async|auto-status|auto-status_async,Sutter Lambda 10-3 是用于显微成像等光学实验的高性能多滤光轮控制器，可同步控制最多 3 个滤光轮及快门，实现快速滤光片切换与激发/发射通道管理。,The Sutter Lambda 10-3 is a high-performance multi-filter wheel controller for microscopy and optical imaging workflows. It supports synchronized control of up to three filter wheels and shutters for rapid filter switching and excitation/emission path management.,电动滤光片转轮,表征设备|光学与光谱实验|显微成像与光学显微实验|电动滤光片转轮
电动激光功率控制器,Motorized Laser Power Controller,laser_power_control,laser_power_control,7,14,auto-execute_home_search|auto-get_lower_bound|auto-get_position|auto-get_upper_bound|auto-move_abs|auto-terminate_connection|auto-unit_transformer,一种通过电动旋转机构调节光学元件角度来控制激光输出功率的装置。它通常用于在实验中连续、可重复地调节激光强度，便于进行功率扫描、光路对准和样品照射强度控制。,"A device that controls laser output power by motorized rotation of an optical element. It is typically used in laboratory experiments for continuous, repeatable laser intensity adjustment, enabling power sweeps, optical alignment, and controlled sample illumination.",电动光衰减器,实验执行&合成设备|光学与光谱实验|激光激发与光谱测量|激光功率监测与能量校准|电动光衰减器
晶格图形标注对象,Lattice Graphic Overlay,lattice_graphic,lattice_graphic,10,415,auto-adjust_part|auto-begin_drag|auto-end_drag|auto-label_position|auto-mime_data_dict|auto-radius|auto-read_from_mime_data|auto-test|auto-u_pos|auto-v_pos,这不是独立实验硬件，而是显微图像或衍射图分析界面中的晶格图形标注对象，用于在图像上定义周期性晶格区域、掩膜或测量参考，并可交互调整 u、v 方向位置与半径。,"This is not a standalone laboratory instrument but a lattice graphic overlay used in microscopy or diffraction image analysis interfaces. It is used to define periodic lattice regions, masks, or measurement references on images, with interactive control of the u position, v position, and radius.",感兴趣区图形标注器,表征设备|实验数据可视化与分析|科学图像区域标注与感兴趣区分析|感兴趣区图形标注器
LCC25液晶控制器,LCC25 Liquid Crystal Controller,lcc25,lcc25,17,14,auto-default|auto-dwell|auto-enable|auto-extern|auto-frequency|auto-get_settings|auto-increment|auto-max_voltage|auto-min_voltage|auto-mode|auto-name|auto-remote|auto-save|auto-set_settings|auto-test_mode|auto-voltage1|auto-voltage2,Thorlabs LCC25 是一款用于驱动液晶模块的电子控制器，可设置两个输出电压，并按设定重复频率在两者之间切换；还可配置驻留时间、扫描增量和设置存储。它常用于实验室中对液晶器件进行稳定的电压驱动与动态切换控制。,"The Thorlabs LCC25 is an electronic controller for liquid crystal modules. It can set two output voltages and alternate between them at a defined repetition rate, with related settings such as dwell time, sweep increment, and stored configurations. It is used in laboratories to drive and switch liquid crystal devices under controlled electrical conditions.",液晶驱动控制器,实验执行&合成设备|电子与电气测试|电子器件供电与台架测试|脉冲激励与时序控制|液晶驱动控制器
通用I2C字符液晶显示屏,Generic I2C Character LCD,lcd__generic,lcd__generic,6,13,auto-lcd_backlight|auto-lcd_byte|auto-lcd_init|auto-lcd_string_write|auto-lcd_toggle_enable|auto-lcd_write_lines,这是一种带有 I2C 转接背板的字符液晶显示模块，常见规格为 16x2 或 20x4。它通常安装在实验装置、控制箱或测量系统上，用于显示传感器读数、设备状态、菜单信息、提示文本或报警信息。,"This is a character LCD module with an I2C backpack, commonly in 16x2 or 20x4 formats. It is typically used on laboratory instruments, control panels, or measurement systems to display sensor readings, device status, menu text, prompts, or alarm messages.",字符液晶显示屏,实验执行&合成设备|实验室自动化与仪器集成|过程控制与工业仪表实验|实验流程状态指示与告警|人工输入与实验交互控制|字符液晶显示屏
Grove 16×2 RGB背光字符液晶屏,Grove 16x2 RGB Backlight Character LCD,lcd__grove_lcd_rgb,lcd__grove_lcd_rgb,13,20,auto-clearDisplay|auto-display_backlight_color|auto-lcd_backlight|auto-lcd_byte|auto-lcd_init|auto-lcd_string_write|auto-lcd_toggle_enable|auto-lcd_write_lines|auto-setCursor|auto-setRGB|auto-setText|auto-writeCommand|auto-writeData,这是一款 Grove 接口的 I2C 16×2 字符液晶显示模块，带 RGB 或单色背光，可用于在实验系统中显示传感器读数、设备状态、菜单和提示信息。,"This is a Grove I2C 16x2 character LCD module with RGB or monochrome backlight, used in laboratory setups to display sensor readings, device status, menus, and user prompts.",字符液晶显示模块,实验执行&合成设备|实验室自动化与仪器集成|实验流程状态指示与告警|字符液晶显示模块
Keysight E4980A 精密LCR表,Keysight E4980A Precision LCR Meter,lcr__backend,lcr__backend,12,35,auto-close_instrument|auto-create_console_frame|auto-create_graph_frame|auto-create_info_frame|auto-create_input_frame|auto-create_widgets|auto-initialize_instrument|auto-log|auto-perform_measurement|auto-setup_styles|auto-start_sweep|auto-stop_sweep,这是一台台式精密LCR表，可在设定交流测试条件和直流偏压下测量电容、电感、电阻及阻抗相关参数。它常用于电子元件、半导体器件和材料样品的C-V表征与阻抗分析。,"This is a benchtop precision LCR meter used to measure capacitance, inductance, resistance, and related impedance parameters under defined AC test conditions and DC bias. It is commonly used for C-V characterization and impedance analysis of electronic components, semiconductor devices, and material samples.",阻抗分析仪,表征设备|电子与电气测试|阻抗分析仪|阻抗分析与LCR参数测量
LEONI光纤开关,LEONI Fiber Switch,leoni_switch,leoni_switch,6,13,auto-close|auto-get_active_channel|auto-get_firmware_rev|auto-get_num_channels|auto-ping|auto-set_active_channel,一种多通道光纤切换设备，用于在多个光纤通道之间选择当前连通的通路，常用于光学实验、光路切换和自动化测试系统中的信号路由。,"A multi-channel fiber switch used to select the active connection among multiple fiber channels. It is commonly used in optical experiments, light-path switching, and automated test setups for signal routing.",光纤开关,实验执行&合成设备|光学与光谱实验|光路切换与多通道光纤路由|光纤开关
Tecan Freedom EVO 自动化液体处理工作站,Tecan Freedom EVO automated liquid handling workstation,li_ha,li_ha,59,88,auto-action_move_vector_coordinate_position|auto-aspirate|auto-aspirate96|auto-can_pick_up_tip|auto-discard_disposable_tip_high|auto-dispense|auto-dispense96|auto-drop_resource|auto-drop_tips|auto-drop_tips96|auto-get_disposable_tip|auto-grip_plate|auto-initialize_plunger|auto-liha_connected|auto-mca_connected|auto-move_absolute_z|auto-move_detect_liquid|auto-move_picked_up_resource|auto-move_plunger_relative|auto-move_tracking_relative|auto-num_channels|auto-parse_response|auto-pick_up_resource|auto-pick_up_tips|auto-pick_up_tips96|auto-pnp_connected|auto-position_absolute_all_axis|auto-position_absolute_g|auto-position_initialization_x|auto-position_valve_logical|auto-report_g_param|auto-report_number_tips|auto-report_r_param|auto-report_x_param|auto-report_y_param|auto-report_z_param|auto-roma_connected|auto-send_command|auto-serialize|auto-set_detection_mode|auto-set_end_speed_plunger|auto-set_fast_speed_r|auto-set_fast_speed_x|auto-set_fast_speed_y|auto-set_fast_speed_z|auto-set_gripper_params|auto-set_search_retract_distance|auto-set_search_speed|auto-set_search_submerge|auto-set_search_z_max|auto-set_search_z_start|auto-set_slow_speed_z|auto-set_smooth_move_x|auto-set_stop_speed_plunger|auto-set_target_window_class|auto-set_tracking_distance_z|auto-set_vector_coordinate_position|auto-set_z_travel_height|auto-setup_arm,一款用于实验室自动移液与板件搬运的台式自动化工作站，通常配备多通道 LiHa 液体处理臂，可完成吸液、分液、液面探测、一次性吸头装卸及多轴定位，并可结合 96 通道或板搬运模块执行样品制备、微孔板加样和高通量实验流程。,"A benchtop automated liquid handling workstation for laboratory pipetting and plate movement. It typically includes a multichannel LiHa liquid handling arm for aspirating, dispensing, liquid level detection, disposable tip handling, and multi-axis positioning, and may work with 96-channel or plate-handling modules for sample preparation, microplate filling, and high-throughput workflows.",移液工作站,备料&前处理设备|实验执行&合成设备|生命体系|实验室自动化与仪器集成|移液站产品|移液工作站
FTDI USB转串口适配器,FTDI USB-to-Serial Adapter,lib_ftdi,lib_ftdi,36,41,auto-baudrate|auto-bytesize|auto-cbus_read|auto-cbus_setup|auto-cbus_write|auto-close|auto-dsrdtr|auto-flush|auto-flushInput|auto-flushOutput|auto-getBaudrate|auto-getByteSize|auto-getDsrDtr|auto-getParity|auto-getRtsCts|auto-getStopbits|auto-getTimeout|auto-getWriteTimeout|auto-getXonXoff|auto-parity|auto-read|auto-rtscts|auto-setBaudrate|auto-setByteSize|auto-setDsrDtr|auto-setParity|auto-setRtsCts|auto-setStopbits|auto-setTimeout|auto-setWriteTimeout|auto-setXonXoff|auto-stopbits|auto-timeout|auto-write|auto-writeTimeout|auto-xonxoff,基于 FTDI/FT232 芯片的 USB 转串口接口设备，用于在计算机与采用 UART/TTL 串行通信的实验仪器、微控制器或自制电子模块之间传输数据。部分型号还可通过 CBUS 引脚实现简单的数字输出与输入读取，常用于实验室中的串口通信、设备调试和基础 I/O 控制。,"A USB-to-serial interface device based on FTDI/FT232 chips, used to transfer data between a computer and laboratory instruments, microcontrollers, or custom electronics that communicate over UART/TTL serial links. Some models also expose CBUS pins for simple digital output and input reading, making them useful for serial communications, instrument debugging, and basic I/O control in the lab.",USB仪器通信接口|串行仪器通信接口,实验执行&合成设备|实验室自动化与仪器集成|实验仪器通信与驱动集成|USB仪器通信接口|串行仪器通信接口
CTypes库仪器驱动基类,ctypes Library Instrument Driver Base,library_driver,library_driver,3,32,auto-argtypes|auto-restype|auto-value,这是一个通过动态链接库（如 DLL）与实验仪器通信的通用软件驱动基类。本身未对应到某一特定物理仪器，而是用于为各类提供厂商库接口的实验设备建立调用接口与数据类型映射。,"This is a generic software driver base for communicating with laboratory instruments through a dynamic library such as a DLL. It does not correspond to a specific physical instrument by itself; instead, it is used to build call interfaces and data type mappings for devices that provide vendor libraries.",动态链接库仪器驱动,实验执行&合成设备|实验室自动化与仪器集成|实验仪器通信与驱动集成|动态链接库仪器驱动
数字微镜图案投影器,DLP Light Pattern Projector,light_crafter,light_crafter,22,36,auto-AdvancePatternSeq|auto-Close|auto-Connect|auto-GenHex|auto-GenStartMetadata|auto-GenVDCLines|auto-SetCalibrationPattern|auto-SetDisplayMode|auto-SetImage|auto-SetLeds|auto-SetLineIllumination|auto-SetMask|auto-SetPattern|auto-SetPatternDefs|auto-SetScanningHex|auto-SetScanningVDC|auto-SetSpot|auto-SetStatic|auto-SetStoredMask|auto-SetTestPattern|auto-SetVDCLines|auto-StartPatternSeq,这是一种基于数字微镜器件（DLP/DMD）的可编程光图案投影设备，可通过红绿蓝发光二极管与微镜阵列输出静态图像、掩模、线条、光斑及时序图案。在实验室中常用于结构光照明、掩模投影、扫描照明、系统标定和显微成像中的图案化激发。,"This is a programmable light pattern projector based on a digital micromirror device (DLP/DMD). Using RGB LEDs and a micromirror array, it can project static images, masks, lines, spots, and timed pattern sequences. In the lab it is commonly used for structured illumination, mask projection, scanning illumination, system calibration, and patterned excitation in microscopy.",数字微镜空间光调制器,实验执行&合成设备|光学与光谱实验|结构光照明与图案投影|显微成像与光学显微实验|数字微镜空间光调制器
LightField科研探测相机,LightField Scientific Detector Camera,light_field_detector_cam,light_field_detector_cam,1,8,query,用于科研实验的面阵探测相机/探测器，可采集二维图像或光谱相关信号，常见于光谱测量、低光成像和实验室光学检测。,"A scientific area detector camera used to acquire 2D images or spectroscopy-related signals, commonly used in laboratory optical measurements, low-light imaging, and spectroscopic experiments.",科学相机|面阵探测器,表征设备|光学与光谱实验|光谱采集与检测|科学相机|面阵探测器
线段图形标注对象,Line Graphic Annotation,line_type_graphic,line_type_graphic,20,415,auto-adjust_part|auto-angle|auto-begin_drag|auto-end|auto-end_arrow_enabled|auto-end_drag|auto-end_x|auto-end_y|auto-length|auto-mime_data_dict|auto-nudge|auto-read_from_mime_data|auto-read_properties_from_dict|auto-reset_position|auto-start|auto-start_arrow_enabled|auto-start_x|auto-start_y|auto-test|auto-vector,这不是独立物理仪器，而是科学成像软件中的线段/箭头图形标注对象，用于在实验图像或数据视图上定义起点、终点、长度、角度和方向，并支持拖拽、微调与区域交互，常用于显微图像或其他科研数据的标记与测量辅助。,"This is not a standalone physical instrument but a line/arrow graphic annotation object used in scientific imaging software. It defines a start point, end point, length, angle, and direction on experimental images or data views, and supports dragging, nudging, and interactive region editing for marking and measurement assistance in microscopy or other research datasets.",感兴趣区图形标注器,表征设备|实验数据可视化与分析|科学图像区域标注与感兴趣区分析|感兴趣区图形标注器
Tecan自动液体处理工作站,Tecan automated liquid handling workstation,liquid_classes,liquid_classes,58,139,auto-actions|auto-add|auto-add_labware|auto-add_new_labware|auto-add_type|auto-autoselect|auto-clearSelection|auto-create|auto-create_labware|auto-create_series|auto-fill|auto-find_free_wells|auto-find_new_tips|auto-get_DITI_series|auto-get_current_labware|auto-get_labware|auto-grid_carrier_line|auto-init_wells|auto-log|auto-moveParallel|auto-newOffset|auto-newPosition|auto-offset|auto-offsetAtParallelMove|auto-offsetFromName|auto-parallelOrder|auto-parse_file|auto-parse_worktable_file|auto-pick_up|auto-posAtParallelMove|auto-position|auto-put|auto-reagent|auto-refill_next_rack|auto-remove|auto-replace_with_new|auto-retire_labware|auto-retire_new_tips|auto-select|auto-selectAll|auto-selectOnly|auto-selected|auto-selected_wells|auto-set_DITI_counter|auto-set_back|auto-set_current|auto-set_current_next_to|auto-set_def_DiTi|auto-set_first_pos|auto-set_next|auto-show_next|auto-show_next_to|auto-size|auto-to_name|auto-vol|auto-waste|auto-wellSelectionStr|auto-write,这是一类用于实验室自动移液和样品处理的液体处理工作站。设备在工作台甲板上放置载架、孔板、试剂槽、比色皿、磁力模块和一次性吸头架，并通过自动吸液、分液、换头和废弃处理完成样品制备、试剂分装、PCR体系构建等流程。,"This is an automated liquid handling workstation used for laboratory pipetting and sample processing. The instrument arranges carriers, microplates, reagent troughs, cuvettes, magnetic modules, and disposable tip racks on a deck, and performs aspiration, dispensing, tip changes, and waste handling for tasks such as sample preparation, reagent distribution, and PCR setup.",移液工作站,备料&前处理设备|实验执行&合成设备|生命体系|溶液配制与反应|移液站产品|移液工作站
液位传感器,Liquid Level Sensor,liquid_level,liquid_level,5,12,auto-close|auto-execute|auto-getlevel|auto-open|auto-setdebug,用于检测容器、储液槽或流体处理系统中液体液位的实验室设备，可用于监测试剂余量、避免吸空或溢出，并支持自动化流体处理过程中的液位确认。,"A laboratory device used to detect the liquid level in containers, reservoirs, or fluid-handling systems. It is used to monitor reagent volume, prevent running dry or overflow, and confirm liquid presence in automated fluid-handling workflows.",液位传感器,备料&前处理设备|实验执行&合成设备|实验室自动化与仪器集成|传感测量与环境感知|移液站产品|实验仪器数据采集与联机控制|液位传感器
实时绘图客户端,Live Plot Client,live_plot_client,live_plot_client,13,20,auto-append_xy|auto-append_y|auto-append_z|auto-clear|auto-close|auto-disconnect_received|auto-hide|auto-label|auto-plot_xy|auto-plot_y|auto-plot_z|auto-remove|auto-send_to_plotter,用于实验室测量过程中的实时数据可视化客户端，可显示一维曲线、XY 曲线和二维伪彩图/热图，并支持追加数据、清空、隐藏、移除和文本标注等操作，便于在线监测实验信号与扫描结果。,"A real-time data visualization client for laboratory measurements. It displays 1D traces, XY curves, and 2D pseudocolor/heatmap data, and supports appending data, clearing, hiding, removing, and adding text labels for live monitoring of signals and scan results.",实验控制仪表板,表征设备|后处理设备|实验数据可视化与分析|多维实验数据可视化|实验仪器数据采集与联机控制|实验控制仪表板
Ondax SureLock VHG稳频激光二极管模块,Ondax SureLock VHG-stabilized laser diode module,lm,lm,15,47,auto-current|auto-enabled|auto-firmware|auto-maximum_current|auto-off|auto-off_time|auto-on|auto-on_time|auto-power|auto-reset|auto-save|auto-serial_number|auto-status|auto-target|auto-temperature,这是一款采用体全息光栅（VHG）稳频的半导体激光模块，可调节激光二极管电流、温度和光功率，并控制激光发射启停。它通常作为实验室中的稳定激光光源，用于光谱测量及其他光学实验。,"A VHG-stabilized semiconductor laser module with adjustable laser diode current, temperature, and optical power, plus control of laser emission enable/disable state. It is typically used as a stable laboratory laser source for spectroscopy and other optical experiments.",二极管激光器|实验室激光光源,表征设备|光学与光谱实验|激光激发与光谱测量|二极管激光器|实验室激光光源
实验数据加载与绘图工具,Experimental Data Loader and Plotter,loader_plotter,loader_plotter,13,24,auto-average_axis|auto-clear_viewers|auto-connect_double_clicked|auto-data|auto-group_0D_data|auto-h5saver|auto-load_data|auto-load_plot_data|auto-prepare_viewers|auto-remove_navigation_axes|auto-set_data_to_viewers|auto-show_data|auto-viewers,用于从 HDF5 实验数据文件中读取多维测量数据、进行筛选、平均和维度整理，并将结果显示到对应视图中的实验数据后处理软件组件。常用于实验结果浏览、快速检查和基础可视化。,"A post-processing software component that loads multidimensional measurement data from HDF5 experimental data files, applies filtering, averaging, and dimension handling, and displays the results in appropriate viewers. It is used for browsing, quick inspection, and basic visualization of experimental results.",HDF5数据浏览器,后处理设备|实验数据可视化与分析|实验数据管理与记录|HDF5数据浏览与可视化|多维实验数据可视化|HDF5数据浏览器
本地/远程文件与命令客户端,Local/Remote File and Command Client,local_client,local_client,4,25,auto-download|auto-prepare_download|auto-run_command|auto-upload,这不是特定的物理仪器，而是实验室自动化中用于访问本地或远程控制计算机的软件客户端，可进行文件上传、下载准备、文件下载以及命令执行，常用于部署实验脚本、传输数据和触发控制任务。,"This is not a specific physical instrument but a software client used in laboratory automation to access a local or remote control computer. It supports file upload, download preparation, file retrieval, and command execution, and is commonly used to deploy experiment scripts, transfer data, and trigger control tasks.",文件与命令远程客户端,实验执行&合成设备|实验室自动化与仪器集成|实验主机远程访问与文件传输|文件与命令远程客户端
无人车本地网页控制器,Local Web Controller for Robotic Car,local_web_controller,local_web_controller,5,37,auto-run|auto-run_threaded|auto-shutdown|auto-update|auto-update_wsclients,一种面向小型无人车或智能车实验的浏览器控制与监视终端，用于显示前视摄像头画面、发送转向和油门指令、切换驾驶模式，并支持校准和记录状态查看。,"A browser-based control and monitoring interface for small robotic or autonomous car experiments. It is used to display the forward camera view, send steering and throttle commands, switch drive modes, and support calibration and recording status display.",实验控制仪表板,物流/机械|机器人与移动平台|移动机器人与自动驾驶实验|实验控制仪表板
定位分析规则,Localization Analysis Rule,localisation_rule,localisation_rule,2,66,auto-on_data_complete|auto-prepare,这不是物理实验仪器，而是一个用于显微成像数据处理的软件规则对象。它用于监视采集帧和事件数据，准备结果文件与元数据，并在数据采集完成后触发或推进定位分析流程，常见于显微镜图像的定位重建或集群分析任务中。,"This is not a physical lab instrument but a software rule object for microscopy data processing. It monitors incoming frames and event data, prepares result files and metadata, and triggers or advances localization analysis once data acquisition is complete, typically in microscope image localization or cluster-based analysis workflows.",定位分析工作流规则,后处理设备|实验数据可视化与分析|显微成像与光学显微实验|显微定位重建与集群分析|定位分析工作流规则
EPICS过程变量记录器,EPICS Process Variable Logger,logged_pv,logged_pv,8,29,auto-flush|auto-onChanges|auto-onConnect|auto-save_current_value|auto-set_desc|auto-set_mdel|auto-write|auto-write_data,一种用于实验控制系统的监测与记录软件组件，用来跟踪EPICS过程变量（PV）的连接状态、数值变化、描述信息和时间戳，并将这些数据写入日志或数据队列，便于实验运行记录、状态审计和后续分析。,"A monitoring and logging software component for laboratory control systems that tracks EPICS process variables (PVs), including connection status, value changes, descriptions, and timestamps, and writes them to logs or data queues for run records, status auditing, and later analysis.",系统状态监测伪设备,实验执行&合成设备|后处理设备|实验数据管理与记录|实验室自动化与仪器集成|追加式实验记录与索引访问|实验仪器数据采集与联机控制|系统状态监测伪设备
西门子 LOGO! 可编程逻辑控制器,Siemens LOGO! programmable logic controller,logo,logo,3,11,auto-connect|auto-read|auto-write,西门子 LOGO! 是一类紧凑型可编程逻辑控制器/智能继电器，常用于小型自动化控制系统。实验室中可用于读取开关量状态、保存简单变量和模拟量数值，并控制继电器、指示灯、泵阀等基础设备。,"The Siemens LOGO! is a compact programmable logic controller / smart relay commonly used in small automation systems. In laboratories, it can be used to read digital states, store simple variables and analog values, and control basic equipment such as relays, indicator lamps, pumps, and valves.",PLC控制器,实验执行&合成设备|物流/机械|过程控制与工业仪表实验|实验室自动化与仪器集成|PLC控制与设备联锁|PLC控制器
回环通信器,Loopback Communicator,loopback_communicator,loopback_communicator,9,21,auto-address|auto-close|auto-flush_input|auto-read_raw|auto-seek|auto-tell|auto-terminator|auto-timeout|auto-write_raw,一种用于仪器通信测试的虚拟回环通信接口，通过标准输入/输出模拟原始数据读写。在未连接实际仪器时，可用于单元测试、接口探索以及开发调试。,"A virtual loopback communication interface for instrument communication testing. It simulates raw data read/write through standard input and output, and is used for unit testing, API exploration, and development debugging when no physical instrument is connected.",通用字节流仪器通信接口|调试回显设备,实验执行&合成设备|实验室自动化与仪器集成|实验仪器通信与驱动集成|通用字节流仪器通信接口|调试回显设备
Lumiloop LSProbe 激光供电电场探头,Lumiloop LSProbe Laser-Powered E-Field Probe,lumiloop_ls_probe,lumiloop_ls_probe,4,14,auto-frequency|auto-magnitude|auto-magnitude_all|auto-mode,Lumiloop LSProbe 是用于 EMC/RF 测试的激光供电电场探头，支持宽频段电场强度测量与高速采样。,"Lumiloop LSProbe is a laser-powered electric-field probe for EMC/RF testing, supporting wideband field-strength measurement and high-speed sampling.",电磁场强度探头,表征设备|电子与电气测试|电磁兼容与辐射场测试|电磁场强度探头
Luminos Axis 位移台轴控制,Luminos Axis Stage-Axis Control,luminos_axis,luminos_axis,30,90,auto-arc_second_per_step|auto-disable_anti_backlash_routine|auto-disable_anti_sticktion_routine|auto-disable_circular_phase_microstepping|auto-disable_manual_move_reply|auto-disable_motor_knob|auto-disable_move_tracking|auto-enable_anti_backlash_routine|auto-enable_anti_sticktion_routine|auto-enable_circular_phase_microstepping|auto-enable_manual_move_reply|auto-enable_motor_knob|auto-enable_move_tracking|auto-flash_leds|auto-get_acceleration|auto-get_device_mode_bit_status|auto-get_microstep_resolution|auto-get_speed|auto-home|auto-move_abs|auto-move_rel|auto-nm_per_step|auto-set_acceleration|auto-set_computer_mode|auto-set_default_settings|auto-set_manual_mode|auto-set_microstep_resolution|auto-set_speed|auto-turn_leds_off|auto-turn_leds_on,Luminos 位移台系统中的轴控制模块，用于线性/旋转轴的精密运动控制。,An axis-control module in Luminos positioning systems for precision motion on linear or rotational axes.,电动运动轴,实验执行&合成设备|精密定位与运动控制|光学与光谱实验|样品/探针定位与运动控制|电动运动轴
Luminos Pitch 俯仰轴控制,Luminos Pitch-Axis Control,luminos_axis_pitch,luminos_axis_pitch,30,90,auto-arc_second_per_step|auto-disable_anti_backlash_routine|auto-disable_anti_sticktion_routine|auto-disable_circular_phase_microstepping|auto-disable_manual_move_reply|auto-disable_motor_knob|auto-disable_move_tracking|auto-enable_anti_backlash_routine|auto-enable_anti_sticktion_routine|auto-enable_circular_phase_microstepping|auto-enable_manual_move_reply|auto-enable_motor_knob|auto-enable_move_tracking|auto-flash_leds|auto-get_acceleration|auto-get_device_mode_bit_status|auto-get_microstep_resolution|auto-get_speed|auto-home|auto-move_abs|auto-move_rel|auto-nm_per_step|auto-set_acceleration|auto-set_computer_mode|auto-set_default_settings|auto-set_manual_mode|auto-set_microstep_resolution|auto-set_speed|auto-turn_leds_off|auto-turn_leds_on,Luminos 位移台系统中的俯仰（Pitch）旋转轴控制模块，用于精密角度调节。,A pitch-axis control module in Luminos positioning systems for precise angular adjustment.,电动运动轴,实验执行&合成设备|精密定位与运动控制|光学与光谱实验|样品/探针定位与运动控制|电动运动轴
Luminos Roll 翻滚轴控制,Luminos Roll-Axis Control,luminos_axis_roll,luminos_axis_roll,30,90,auto-arc_second_per_step|auto-disable_anti_backlash_routine|auto-disable_anti_sticktion_routine|auto-disable_circular_phase_microstepping|auto-disable_manual_move_reply|auto-disable_motor_knob|auto-disable_move_tracking|auto-enable_anti_backlash_routine|auto-enable_anti_sticktion_routine|auto-enable_circular_phase_microstepping|auto-enable_manual_move_reply|auto-enable_motor_knob|auto-enable_move_tracking|auto-flash_leds|auto-get_acceleration|auto-get_device_mode_bit_status|auto-get_microstep_resolution|auto-get_speed|auto-home|auto-move_abs|auto-move_rel|auto-nm_per_step|auto-set_acceleration|auto-set_computer_mode|auto-set_default_settings|auto-set_manual_mode|auto-set_microstep_resolution|auto-set_speed|auto-turn_leds_off|auto-turn_leds_on,Luminos 位移台系统中的翻滚（Roll）旋转轴控制模块，用于精密角度调节。,A roll-axis control module in Luminos positioning systems for precise angular adjustment.,电动运动轴,实验执行&合成设备|精密定位与运动控制|光学与光谱实验|样品/探针定位与运动控制|显微成像与光学显微实验|电动运动轴
Luminos Rotate 旋转轴控制,Luminos Rotation-Axis Control,luminos_axis_rotate,luminos_axis_rotate,30,90,auto-arc_second_per_step|auto-disable_anti_backlash_routine|auto-disable_anti_sticktion_routine|auto-disable_circular_phase_microstepping|auto-disable_manual_move_reply|auto-disable_motor_knob|auto-disable_move_tracking|auto-enable_anti_backlash_routine|auto-enable_anti_sticktion_routine|auto-enable_circular_phase_microstepping|auto-enable_manual_move_reply|auto-enable_motor_knob|auto-enable_move_tracking|auto-flash_leds|auto-get_acceleration|auto-get_device_mode_bit_status|auto-get_microstep_resolution|auto-get_speed|auto-home|auto-move_abs|auto-move_rel|auto-nm_per_step|auto-set_acceleration|auto-set_computer_mode|auto-set_default_settings|auto-set_manual_mode|auto-set_microstep_resolution|auto-set_speed|auto-turn_leds_off|auto-turn_leds_on,Luminos 位移台系统中的旋转轴控制模块，用于连续或定角度旋转定位。,A rotation-axis control module in Luminos positioning systems for continuous or indexed rotational positioning.,电动运动轴,实验执行&合成设备|精密定位与运动控制|光学与光谱实验|样品/探针定位与运动控制|电动运动轴
Luminos X 轴线性位移控制,Luminos X-Axis Linear Motion Control,luminos_axis_x,luminos_axis_x,30,90,auto-arc_second_per_step|auto-disable_anti_backlash_routine|auto-disable_anti_sticktion_routine|auto-disable_circular_phase_microstepping|auto-disable_manual_move_reply|auto-disable_motor_knob|auto-disable_move_tracking|auto-enable_anti_backlash_routine|auto-enable_anti_sticktion_routine|auto-enable_circular_phase_microstepping|auto-enable_manual_move_reply|auto-enable_motor_knob|auto-enable_move_tracking|auto-flash_leds|auto-get_acceleration|auto-get_device_mode_bit_status|auto-get_microstep_resolution|auto-get_speed|auto-home|auto-move_abs|auto-move_rel|auto-nm_per_step|auto-set_acceleration|auto-set_computer_mode|auto-set_default_settings|auto-set_manual_mode|auto-set_microstep_resolution|auto-set_speed|auto-turn_leds_off|auto-turn_leds_on,Luminos 位移台系统中的 X 轴线性运动控制模块，用于光学对准中的横向精密位移。,An X-axis linear motion control module in Luminos positioning systems for precision lateral translation in optical alignment.,电动直线位移台,实验执行&合成设备|精密定位与运动控制|光学与光谱实验|样品/探针定位与运动控制|电动直线位移台
Luminos Y 轴线性位移控制,Luminos Y-Axis Linear Motion Control,luminos_axis_y,luminos_axis_y,30,90,auto-arc_second_per_step|auto-disable_anti_backlash_routine|auto-disable_anti_sticktion_routine|auto-disable_circular_phase_microstepping|auto-disable_manual_move_reply|auto-disable_motor_knob|auto-disable_move_tracking|auto-enable_anti_backlash_routine|auto-enable_anti_sticktion_routine|auto-enable_circular_phase_microstepping|auto-enable_manual_move_reply|auto-enable_motor_knob|auto-enable_move_tracking|auto-flash_leds|auto-get_acceleration|auto-get_device_mode_bit_status|auto-get_microstep_resolution|auto-get_speed|auto-home|auto-move_abs|auto-move_rel|auto-nm_per_step|auto-set_acceleration|auto-set_computer_mode|auto-set_default_settings|auto-set_manual_mode|auto-set_microstep_resolution|auto-set_speed|auto-turn_leds_off|auto-turn_leds_on,Luminos 位移台系统中的 Y 轴线性运动控制模块，用于光学对准中的横向精密位移。,A Y-axis linear motion control module in Luminos positioning systems for precision lateral translation in optical alignment.,电动直线位移台,实验执行&合成设备|精密定位与运动控制|光学与光谱实验|样品/探针定位与运动控制|电动直线位移台
Luminos Yaw 偏航轴控制,Luminos Yaw-Axis Control,luminos_axis_yaw,luminos_axis_yaw,30,90,auto-arc_second_per_step|auto-disable_anti_backlash_routine|auto-disable_anti_sticktion_routine|auto-disable_circular_phase_microstepping|auto-disable_manual_move_reply|auto-disable_motor_knob|auto-disable_move_tracking|auto-enable_anti_backlash_routine|auto-enable_anti_sticktion_routine|auto-enable_circular_phase_microstepping|auto-enable_manual_move_reply|auto-enable_motor_knob|auto-enable_move_tracking|auto-flash_leds|auto-get_acceleration|auto-get_device_mode_bit_status|auto-get_microstep_resolution|auto-get_speed|auto-home|auto-move_abs|auto-move_rel|auto-nm_per_step|auto-set_acceleration|auto-set_computer_mode|auto-set_default_settings|auto-set_manual_mode|auto-set_microstep_resolution|auto-set_speed|auto-turn_leds_off|auto-turn_leds_on,Luminos 位移台系统中的偏航（Yaw）旋转轴控制模块，用于精密角度调节。,A yaw-axis control module in Luminos positioning systems for precise angular adjustment.,电动运动轴,实验执行&合成设备|精密定位与运动控制|光学与光谱实验|样品/探针定位与运动控制|电动运动轴
Luminos Z 轴线性位移控制,Luminos Z-Axis Linear Motion Control,luminos_axis_z,luminos_axis_z,30,90,auto-arc_second_per_step|auto-disable_anti_backlash_routine|auto-disable_anti_sticktion_routine|auto-disable_circular_phase_microstepping|auto-disable_manual_move_reply|auto-disable_motor_knob|auto-disable_move_tracking|auto-enable_anti_backlash_routine|auto-enable_anti_sticktion_routine|auto-enable_circular_phase_microstepping|auto-enable_manual_move_reply|auto-enable_motor_knob|auto-enable_move_tracking|auto-flash_leds|auto-get_acceleration|auto-get_device_mode_bit_status|auto-get_microstep_resolution|auto-get_speed|auto-home|auto-move_abs|auto-move_rel|auto-nm_per_step|auto-set_acceleration|auto-set_computer_mode|auto-set_default_settings|auto-set_manual_mode|auto-set_microstep_resolution|auto-set_speed|auto-turn_leds_off|auto-turn_leds_on,Luminos 位移台系统中的 Z 轴线性运动控制模块，用于光学系统的轴向精密定位。,A Z-axis linear motion control module in Luminos positioning systems for precision axial positioning in optical setups.,电动直线位移台,实验执行&合成设备|精密定位与运动控制|光学与光谱实验|样品/探针定位与运动控制|显微成像与光学显微实验|电动直线位移台
Luminos精密电动定位台,Luminos Precision Motorized Positioning Stage,luminos_stage,luminos_stage,30,90,auto-arc_second_per_step|auto-disable_anti_backlash_routine|auto-disable_anti_sticktion_routine|auto-disable_circular_phase_microstepping|auto-disable_manual_move_reply|auto-disable_motor_knob|auto-disable_move_tracking|auto-enable_anti_backlash_routine|auto-enable_anti_sticktion_routine|auto-enable_circular_phase_microstepping|auto-enable_manual_move_reply|auto-enable_motor_knob|auto-enable_move_tracking|auto-flash_leds|auto-get_acceleration|auto-get_device_mode_bit_status|auto-get_microstep_resolution|auto-get_speed|auto-home|auto-move_abs|auto-move_rel|auto-nm_per_step|auto-set_acceleration|auto-set_computer_mode|auto-set_default_settings|auto-set_manual_mode|auto-set_microstep_resolution|auto-set_speed|auto-turn_leds_off|auto-turn_leds_on,Luminos 精密电动定位台是一类用于实验室精密定位与光学对准的电动平台，可配置线性轴和旋转轴，用于调整样品、探针、光纤或光学元件的位置与姿态。设备支持回零、相对/绝对移动，以及速度、加速度和微步等运动参数设置，也可在计算机控制与手动旋钮操作之间切换。,"The Luminos precision motorized positioning stage is a laboratory motion platform for precise positioning and optical alignment. It can include linear and rotary axes for adjusting the position and orientation of samples, probes, fibers, or optical components. The device supports homing, relative and absolute moves, and motion settings such as speed, acceleration, and microstep resolution, with both computer-controlled and manual knob operation.",电动定位台,实验执行&合成设备|表征设备|精密定位与运动控制|光学与光谱实验|样品/探针定位与运动控制|电动定位台
束线狭缝,Beamline Slits,lusi_slits,lusi_slits,17,47,auto-block|auto-calc_lightpath_state|auto-close|auto-current_aperture|auto-egu|auto-format_status_info|auto-inserted|auto-move|auto-open|auto-position|auto-remove|auto-removed|auto-set|auto-stage|auto-subscribe|auto-unstage|auto-y_states,用于X射线束线中的机械狭缝装置，通过调节水平和垂直方向的开口宽度与中心位置来限定束斑尺寸、调整束流通过区域，并可在需要时关闭或完全阻挡光束。该类设备常用于束流整形、对准、光路管理和实验站前的束流控制。,"A mechanical slit device used on X-ray beamlines to define the beam aperture by adjusting the horizontal and vertical opening widths and center positions. It is used to shape the beam, control the transmitted region, align the beam path, and close or fully block the beam when needed for lightpath control and experiment setup.",X射线束线狭缝,表征设备|智慧表征与检测中心|X射线束线光路与衰减控制|X射线束线狭缝
Jubilee 模块化自动换工具运动平台,Jubilee modular tool-changing motion platform,machine,machine,38,63,auto-active_tool_index|auto-axis_limits|auto-configured_axes|auto-configured_tools|auto-connect|auto-delay_time|auto-disconnect|auto-download_file|auto-dwell|auto-gcode|auto-get_position|auto-home_all|auto-home_e|auto-home_in_place|auto-home_u|auto-home_v|auto-home_x|auto-home_xyu|auto-home_y|auto-home_z|auto-load_deck|auto-load_labware|auto-load_tool|auto-move|auto-move_to|auto-park_tool|auto-pickup_tool|auto-pop_machine_state|auto-position|auto-push_machine_state|auto-reload_tool|auto-reset|auto-safe_z_movement|auto-set_tool_offset|auto-split_response_objects|auto-tool_lock|auto-tool_unlock|auto-tool_z_offsets,Jubilee 是一台用于实验室自动化的台式多轴运动平台，支持自动换工具与甲板式工作区配置。它可在 X/Y/Z/U 等轴上精确移动，并配合移液、注射或其他末端工具执行定位、取放工具、装载 labware、样品转移等任务，适用于通用实验室自动化和液体处理流程。,"Jubilee is a benchtop multi-axis motion platform for laboratory automation with automatic tool changing and deck-based workspace configuration. It can move precisely along axes such as X/Y/Z/U and work with pipetting, syringe, or other end tools for positioning, tool pickup and parking, labware placement, and sample-handling tasks in general lab automation workflows.",台式多轴自动换工具平台,物流/机械|实验室自动化与仪器集成|实验室机器人操作与样品转运|移液站产品|台式多轴自动换工具平台
Pololu Maestro 多通道舵机控制器,Pololu Maestro Servo Controller,maestro,maestro,6,90,auto-readline|auto-set_brake|auto-set_headlight|auto-set_pulse|auto-set_turn_left|auto-set_turn_right,这是一种可通过串口或 USB 控制的多通道舵机控制板，用于输出精确的 PWM/脉冲信号来驱动 RC 舵机及其他脉宽控制负载。在实验室和机器人、小车原型中，常用于转向机构、简单执行器以及灯光、制动等辅助通道控制。,"This is a multi-channel servo controller board that can be controlled over serial or USB to generate precise PWM/pulse signals for RC servos and other pulse-controlled loads. In labs and robotics or vehicle prototypes, it is commonly used for steering mechanisms, simple actuators, and auxiliary channels such as lights and brake-related outputs.",多通道舵机控制器,物流/机械|机器人与移动平台|移动机器人与自动驾驶实验|多通道舵机控制器
AMI超导磁体,AMI Superconducting Magnet,magnet,magnet,4,12,auto-BtoI|auto-ItoB|auto-measure_field|auto-step_magfield_to_value,AMI超导磁体用于实验中产生和稳定控制磁场，通常由磁体电源驱动，并基于电流与磁场换算关系进行设定与调节。该类设备常用于低温物理、量子器件与材料表征等需要高稳定外加磁场的场景。,"An AMI superconducting magnet used to generate and stably control magnetic fields in experiments, typically driven by a magnet power supply and configured through a current-to-field conversion relationship. It is commonly used in scenarios requiring stable external fields, including cryogenic physics, quantum-device experiments, and materials characterization.",超导磁体系统|实验室磁体系统,实验执行&合成设备|表征设备|低温与量子测量|智慧表征与检测中心|超导磁体与低温磁场控制|磁场施加与扫描测量|超导磁体系统|实验室磁体系统
Marconi 203N系列射频信号发生器,Marconi 203N Series RF Signal Generator,marconi_instruments203_n,marconi_instruments203_n,8,20,auto-SystemErrorQueue|auto-amplitude|auto-frequency|auto-modulation|auto-modulation_disable|auto-modulation_enable|auto-modulation_output|auto-output,Marconi 203N系列是一类台式射频/微波信号发生器，可在约10 kHz到1.35 GHz、2.7 GHz或5.4 GHz范围内输出可调频率与幅度的测试信号，并支持多种调制方式。该类仪器常用于射频电路、通信设备和微波实验中的信号注入、链路测试、接收机校准与一般电子测量。,"The Marconi 203N series is a benchtop RF/microwave signal generator that provides adjustable-frequency, adjustable-amplitude test signals from about 10 kHz up to 1.35 GHz, 2.7 GHz, or 5.4 GHz depending on model, with support for multiple modulation modes. It is commonly used for signal injection, receiver calibration, communications testing, and general RF/microwave laboratory measurements.",射频信号发生器,表征设备|电子与电气测试|射频与电子电路测试|射频信号发生器
Masterflex L/S 蠕动泵,Masterflex L/S Peristaltic Pump,masterflex_backend,masterflex_backend,7,15,auto-halt|auto-run_continuously|auto-run_revolutions|auto-send_command|auto-serialize|auto-setup|auto-stop,一款实验室蠕动泵，通过滚轮挤压软管实现液体输送，可连续运行或按设定转数运行，常用于试剂传输、循环、灌装和一般流体处理。,"A laboratory peristaltic pump that moves liquid by compressing flexible tubing. It can run continuously or for a specified number of revolutions, and is commonly used for reagent transfer, recirculation, dispensing, and general fluid handling.",蠕动泵,备料&前处理设备|实验执行&合成设备|溶液配制与反应|液体输送与定量分配|蠕动泵
Masterflex 蠕动泵,Masterflex peristaltic pump,masterflex_serial,masterflex_serial,31,45,auto-addr|auto-batch_count|auto-connected|auto-disable|auto-dispense_status|auto-enable|auto-get_software_version|auto-get_version__model|auto-is_valid_integer|auto-off_time_full|auto-on_time_decisecond|auto-on_time_full|auto-on_time_hr|auto-on_time_min|auto-protocol|auto-reset_batch|auto-reset_cumulative|auto-restore_configs|auto-set_addr|auto-set_dir|auto-set_dispense_mode|auto-set_panel_active|auto-speed_percent|auto-speed_rpm|auto-start|auto-status|auto-stop|auto-store_configs|auto-unit_index|auto-volume|auto-volume_rev,一种可通过串口通信控制的实验室蠕动泵，用于连续输液、定时分配和批量加液。该设备可控制启停、转速、转向、分配模式和运行时间，并可记录体积与批次数，常用于试剂输送、流路控制和自动化液体处理。,"A laboratory peristaltic pump that can be controlled through serial communication for continuous pumping, timed dispensing, and batch liquid delivery. It supports control of start/stop, speed, direction, dispense mode, and run time, and can track volume and batch counts for reagent transfer, fluid-path control, and automated liquid handling.",蠕动泵,备料&前处理设备|实验执行&合成设备|溶液配制与反应|实验室自动化与仪器集成|液体输送与定量分配|移液站产品|蠕动泵
MATLAB兼容HDF5文件导出器,MAT-Compatible HDF5 File Exporter,mat_compatible_h5,mat_compatible_h5,11,21,auto-batch_complex_write|auto-batch_write|auto-close_file|auto-create_complex_dataset|auto-create_dataset|auto-create_file|auto-create_group|auto-open_file|auto-reopen|auto-write_complex_data|auto-write_data,用于创建和写入与 MATLAB 兼容的 HDF5 数据文件的软件组件，适合实验数据归档、批量保存及复数数据记录。,"A software component for creating and writing MATLAB-compatible HDF5 data files, suitable for experiment data archiving, batch data saving, and recording complex-valued data.",HDF5数据存储后端,后处理设备|实验数据管理与记录|科学数据存储与归档|HDF5数据存储后端
MatchBox紧凑型激光器,MatchBox Compact Laser,matchbox_laser,matchbox_laser,6,13,auto-GetPower|auto-IsOn|auto-SetPower|auto-TurnOff|auto-TurnOn|auto-getOutputPowerDAC,一种紧凑型激光模块，用于为实验中的光学激发、荧光照明、对准和一般激光光源需求提供稳定输出。常见于显微成像、光学实验和仪器集成场景。,"A compact laser module used to provide stable optical excitation for fluorescence illumination, alignment, and general laser source needs in laboratory setups. It is commonly used in microscopy, optical experiments, and instrument integration.",二极管激光器|实验室激光光源,表征设备|光学与光谱实验|激光激发与光谱测量|显微成像与光学显微实验|二极管激光器|实验室激光光源
Teledyne LeCroy MAUI示波器,Teledyne LeCroy MAUI Oscilloscope,maui,maui,50,77,auto-absolute|auto-average|auto-channel|auto-clear_sweeps|auto-current_setting|auto-delete|auto-derivative|auto-difference|auto-envelope|auto-eres|auto-fft|auto-floor|auto-force_trigger|auto-integral|auto-invert|auto-math|auto-measurement|auto-name|auto-number_channels|auto-number_functions|auto-number_measurements|auto-offset|auto-operator|auto-product|auto-query|auto-ratio|auto-read_waveform|auto-reciprocal|auto-ref|auto-rescale|auto-roof|auto-run|auto-scale|auto-self_test|auto-sendcmd|auto-set_parameter|auto-show_id|auto-show_options|auto-sinx|auto-square|auto-square_root|auto-statistics|auto-stop|auto-sum|auto-time_div|auto-trend|auto-trigger_delay|auto-trigger_source|auto-trigger_state|auto-trigger_type,这是一类采用 MAUI 用户界面的中高端数字示波器，用于采集、显示和分析电信号波形。它通常用于电子、电路、通信和实验室测试中，对触发、时基、通道波形、数学运算和自动测量进行观察与分析。,"This is a family of medium- to high-end digital oscilloscopes using the MAUI user interface. It is used to acquire, display, and analyze electrical waveforms in electronics, circuits, communications, and laboratory testing, with support for triggering, timebase control, waveform viewing, math processing, and automated measurements.",数字存储示波器,表征设备|电子与电气测试|瞬态信号采集与同步触发测量|数字存储示波器
maxon EPOS2数字运动控制器,maxon EPOS2 Digital Positioning Controller,maxon_epos2,maxon_epos2,14,46,auto-calc_motor_acc|auto-get_error_code|auto-get_motor_pos_from_wavelength|auto-get_position_profile|auto-get_state|auto-get_velocity_nm_s|auto-get_wavelength_from_motor_pos|auto-get_wavelength_m|auto-set_default_settings|auto-set_position_profile|auto-set_velocity_nm_s|auto-set_wavelength_m|auto-stop_move|auto-update_motor_position,这是一款用于直流/无刷电机闭环控制的数字运动控制器，可通过 CANopen、USB 或 RS232 进行通信。它支持位置、速度与电流控制，常用于实验与自动化系统中的精密位移和执行机构控制。,"This is a digital motion controller for closed-loop control of DC and brushless motors, with communication over CANopen, USB, or RS232. It supports position, velocity, and current control and is commonly used for precision positioning and actuator control in laboratory and automation systems.",位置控制器,实验执行&合成设备|精密定位与运动控制|光学与光谱实验|样品/探针定位与运动控制|激光激发与光谱测量|位置控制器
MC1电机控制器,MC1 Motor Controller,mc1,mc1,13,20,auto-center|auto-firmware|auto-increment|auto-inertia|auto-internal_position|auto-is_centering|auto-lower_limit|auto-move|auto-move_timeout|auto-reset|auto-setting|auto-step_size|auto-upper_limit,MC1是一种用于驱动和定位线性执行器的电机控制器，可设置步进增量、行程上下限，并执行居中、复位和定点移动等操作。在实验室中，它可用于对位置进行重复扫描与调整，常见于配合线性执行器进行Hong–Ou–Mandel（HOM）干涉谷测量等实验。,"The MC1 is a motor controller used to drive and position a linear actuator. It supports step increment control, travel limits, centering, reset, and point-to-point motion. In the lab, it is used for repeatable position scanning and adjustment, such as operating a linear actuator for Hong–Ou–Mandel (HOM) dip measurements.",位置控制器,实验执行&合成设备|精密定位与运动控制|量子光学与光子测量|样品/探针定位与运动控制|单光子探测与符合计数|位置控制器
MC2000电动显微镜载物台控制器,MC2000 motorized microscope stage controller,mc2000,mc2000,11,18,auto-GetChannelObject|auto-GetChannelPhase|auto-GetControlReady|auto-GetId|auto-GetMax|auto-GetMin|auto-GetPos|auto-JoyOff|auto-JoyOn|auto-MoveTo|auto-addMenuItems,MC2000是一类用于控制显微镜电动载物台或多轴位移台的运动控制设备，通常支持X/Y/Z通道的位置读取、目标位置移动以及摇杆手动控制。在实验室中可用于显微成像时的样品精确定位、扫描和重复定位。,"The MC2000 is a motion controller for a motorized microscope stage or multi-axis translation stage, typically supporting X/Y/Z position readback, moves to target positions, and joystick-based manual control. In the lab it is used for precise sample positioning, scanning, and reproducible repositioning during microscopy.",电动位移台控制器,表征设备|精密定位与运动控制|显微成像与光学显微实验|样品/探针定位与运动控制|电动位移台控制器
MDSnC 声光可调滤波器射频合成器,MDSnC AOTF RF Synthesizer,md_sn_c,md_sn_c,5,12,auto-enabled|auto-frequency|auto-main_enabled|auto-power|auto-powerdb,MDSnC 是用于驱动声光可调滤波器（AOTF）的多通道射频合成器。它通过为各通道提供可调的射频频率和功率来控制 AOTF 的工作状态，常用于光谱、显微成像和激光实验中的波长选择与光强调节。,"The MDSnC is a multi-channel RF synthesizer used to drive an acousto-optic tunable filter (AOTF). It controls AOTF operation by supplying adjustable RF frequency and power to individual channels, and is commonly used for wavelength selection and light intensity control in spectroscopy, microscopy, and laser experiments.",射频信号发生器,实验执行&合成设备|光学与光谱实验|激光激发与光谱测量|显微成像与光学显微实验|可调光谱照明与光照实验|射频信号发生器
Teledyne LeCroy MAUI数字示波器,Teledyne LeCroy MAUI Digital Oscilloscope,measurement,measurement,47,78,auto-absolute|auto-average|auto-channel|auto-clear_sweeps|auto-current_setting|auto-delete|auto-derivative|auto-difference|auto-envelope|auto-eres|auto-fft|auto-floor|auto-force_trigger|auto-integral|auto-invert|auto-math|auto-measurement|auto-name|auto-number_channels|auto-number_functions|auto-number_measurements|auto-offset|auto-operator|auto-product|auto-query|auto-ratio|auto-read_waveform|auto-reciprocal|auto-ref|auto-rescale|auto-roof|auto-scale|auto-self_test|auto-sendcmd|auto-set_parameter|auto-show_id|auto-show_options|auto-sinx|auto-square|auto-square_root|auto-statistics|auto-sum|auto-time_div|auto-trend|auto-trigger_delay|auto-trigger_source|auto-trigger_type,这是一类配备 MAUI 用户界面的中高端数字示波器，用于采集、显示和分析高速电信号波形。它通常支持多通道输入、触发控制、自动测量、统计分析、数学运算和参考波形管理，常用于电子电路、通信、嵌入式系统和通用实验室调试测试。,"This is a family of medium- to high-end digital oscilloscopes with the MAUI user interface, used to capture, display, and analyze high-speed electrical waveforms. They typically support multi-channel acquisition, trigger control, automatic measurements, statistical analysis, math functions, and reference waveform handling for electronics, communications, embedded systems, and general laboratory debugging and test work.",数字存储示波器,表征设备|电子与电气测试|瞬态信号采集与同步触发测量|射频与电子电路测试|数字存储示波器
内存持久化存储系统,Memory Persistent Storage System,memory_persistent_storage_system,memory_persistent_storage_system,2,192,auto-close|auto-set_library_properties,一种用于实验数据管理软件的内存型持久化存储组件，用于保存项目数据、数据项属性、对象关系和库设置。它主要用于测试或临时数据管理，不对应独立的物理实验仪器。,"An in-memory persistent storage component for scientific data-management software, used to hold project data, data item properties, relationships, and library settings. It is mainly intended for testing or temporary data handling rather than a standalone physical laboratory instrument.",内存实验项目存储后端,表征设备|实验数据管理与记录|科学数据存储与归档|实验项目数据缓存与临时持久化|内存实验项目存储后端
内存项目存储系统,Memory Project Storage System,memory_project_storage_system,memory_project_storage_system,2,192,auto-data_item_created|auto-get_identifier,用于实验软件中临时保存项目与数据项信息的内存存储组件，可存放数据项属性、关联关系及相关数据，常用于测试、会话期间缓存或不写入磁盘的项目管理。,"An in-memory storage component for temporarily holding project and data-item information in laboratory software. It stores data-item properties, relationships, and associated data, and is typically used for testing, session caching, or project management without writing to disk.",内存实验项目存储后端,表征设备|实验数据管理与记录|科学数据存储与归档|实验项目数据缓存与临时持久化|内存实验项目存储后端
Mercury精密运动控制器,Mercury Precision Motion Controller,mercury,mercury,15,24,auto-LL|auto-abort|auto-find_edge|auto-get_board_number|auto-get_channel|auto-get_position|auto-go_home|auto-init|auto-motor_off|auto-motor_on|auto-move_relative|auto-read|auto-set_home|auto-set_position|auto-write,这是一款用于精密定位系统的运动控制器，可通过RS-232串口控制实验室中的电机位移台或其他运动机构。它支持电机使能、回零、绝对与相对移动、位置读取以及边缘搜索等功能，常用于光学实验、精密对准和自动化位移控制。,"This is a motion controller for precision positioning systems, used to control motorized stages or other motion assemblies in the lab via RS-232 serial communication. It supports motor enable/disable, homing, absolute and relative moves, position readback, and edge finding, and is commonly used for optical experiments, precision alignment, and automated positioning.",位置控制器,实验执行&合成设备|精密定位与运动控制|光学与光谱实验|样品/探针定位与运动控制|位置控制器
Mercury步进电机多轴运动控制器,Mercury Stepper Motor Multi-Axis Motion Controller,mercury_stepper,mercury_stepper,20,35,auto-Cleanup|auto-GetChannelObject|auto-GetChannelPhase|auto-GetControlReady|auto-GetLastPos|auto-GetMax|auto-GetMin|auto-GetPos|auto-GetVelocity|auto-IsMoving|auto-IsOnTarget|auto-MoveTo|auto-ReInit|auto-RefreshPos|auto-SetJoystick|auto-SetSoftLimits|auto-SetVelocity|auto-query|auto-run_cmd|auto-set,这是一种用于驱动和控制多轴步进电机定位平台的精密运动控制器，常与电动样品台、显微镜位移台或其他线性/旋转轴配合使用。它支持位置移动、位置与运动状态读取、速度设置、软件限位以及摇杆手动控制，常用于显微成像、精密定位和自动化实验平台。,"This is a precision multi-axis motion controller for driving and controlling stepper-motor positioning stages. It is commonly used with motorized sample stages, microscope translation stages, or other linear/rotary axes. It supports position moves, position and motion-status readback, velocity setting, software travel limits, and joystick manual control, making it useful in microscopy, precision positioning, and laboratory automation setups.",步进电机控制器|电动位移台控制器,实验执行&合成设备|表征设备|精密定位与运动控制|显微成像与光学显微实验|样品/探针定位与运动控制|步进电机控制器|电动位移台控制器
VISA消息式实验仪器,VISA Message-Based Laboratory Instrument,message_based_driver,message_based_driver,12,23,auto-finalize|auto-initialize|auto-parse_query|auto-query|auto-read|auto-via_gpib|auto-via_serial|auto-via_tcpip|auto-via_tcpip_socket|auto-via_usb|auto-via_usb_raw|auto-write,可通过USB、USB RAW、串口、TCP/IP或GPIB进行文本命令通信的通用实验室仪器，如电子测量仪表、源表、电源或分析仪。此类设备通常在实验室中用于远程控制、参数配置、状态读取和测量数据采集。,"A generic laboratory instrument that communicates through text-based commands over USB, USB RAW, serial, TCP/IP, or GPIB, such as electronic test instruments, source meters, power supplies, or analyzers. These devices are commonly used in laboratories for remote control, parameter configuration, status readback, and measurement data acquisition.",SCPI台式电子仪器,实验执行&合成设备|表征设备|实验室自动化与仪器集成|实验仪器数据采集与联机控制|实验仪器通信与驱动集成|SCPI台式电子仪器
晶圆探针台,Wafer Prober,message_server_interface,message_server_interface,0,19,,用于半导体晶圆电学测试的探针台，可精确定位晶圆与探针，在测试仪器配合下对晶圆上器件进行接触和测量，常用于参数表征、工艺开发与失效分析。,"A wafer prober used for semiconductor wafer electrical testing. It precisely positions the wafer and probe needles so instruments can contact and measure on-wafer devices, commonly for device characterization, process development, and failure analysis.",晶圆探针台,表征设备|器件/细胞设备|电子与电气测试|智慧表征与检测中心|半导体晶圆电学测试|晶圆探针台
通用VISA消息式仪器,Generic VISA Message-Based Instrument,message_visa_driver,message_visa_driver,5,17,auto-finalize|auto-initialize|auto-is_open|auto-raw_recv|auto-raw_send,具有串口、GPIB、USB或TCP接口，并通过消息或文本命令进行控制的通用实验室仪器。此类设备常用于实验室中的测量、控制与数据采集，典型对象包括可编程电源、万用表、示波器及各类控制器等。,"A generic laboratory instrument that exposes a message- or text-based control interface over serial, GPIB, USB, or TCP. Such devices are commonly used in labs for measurement, control, and data acquisition, including programmable power supplies, multimeters, oscilloscopes, and controllers.",通用字节流仪器通信接口|串行仪器通信接口|USB仪器通信接口|通用接口总线仪器通信接口|VISA消息式仪器,表征设备|实验执行&合成设备|实验室自动化与仪器集成|实验仪器数据采集与联机控制|实验仪器通信与驱动集成|通用字节流仪器通信接口|串行仪器通信接口|USB仪器通信接口|通用接口总线仪器通信接口|VISA消息式仪器
MeterCare Lite 测量仪表,MeterCare Lite Meter,meter_care_lite,meter_care_lite,1,8,auto-serialASK,一款通过串口通信的实验室测量仪表。根据现有证据，可确定其支持串口查询与应答，用于在实验环境中读取仪表状态或测量结果；具体测量对象和量程未在证据中明确。,"A laboratory measurement instrument that communicates over a serial interface. Based on the available evidence, it supports serial query/response operation for reading instrument status or measurement results in lab setups, but the exact measurement type and range are not مشخصified in the evidence.",串口测量仪表,表征设备|实验室自动化与仪器集成|实验仪器通信与驱动集成|仪表读数与状态监测|串口测量仪表
质量流量控制器,Mass Flow Controller,mfc,mfc,4,30,auto-ChangeAddress|auto-QueryFlow|auto-QueryOpMode|auto-SetFlow,质量流量控制器用于精确设定和测量气体的质量流量，常用于实验室气体输送、反应气氛配比、管式炉进气控制和一般过程流量调节。,"A mass flow controller is used to precisely set and measure gas mass flow. It is commonly used in laboratories for gas delivery, reaction atmosphere mixing, tube furnace gas inlet control, and general process flow regulation.",气体质量流量控制器,实验执行&合成设备|气体输送与过程控制|过程控制与工业仪表实验|气体供给与混气控制|气体质量流量控制器
MFLI 锁相放大器,MFLI Lock-in Amplifier,mfli,mfli,1,8,auto-get_idn,MFLI 是一款数字锁相放大器，用于在强噪声背景下提取微弱交流信号的幅值和相位信息，常用于电学表征、输运测量、扫描探针实验以及其他需要相敏检测的实验室测量。,"The MFLI is a digital lock-in amplifier used to extract the amplitude and phase of weak AC signals in noisy environments. It is commonly used for electrical characterization, transport measurements, scanning probe experiments, and other laboratory measurements requiring phase-sensitive detection.",锁相放大器,表征设备|电子与电气测试|智慧表征与检测中心|锁相放大与相敏检测|锁相放大器
MGT508高速瞬态数据采集器,MGT508 High-Speed Transient Data Acquisition Unit,mgt508,mgt508,2,145,auto-pull|auto-set_capture_length,MGT508是一种高速瞬态数据采集设备，可将实验中的快速电信号捕获到板载存储中，并在采集后将数据回传到主机。它适用于脉冲过程、瞬态波形和其他需要短时高速记录的测量场景。,"The MGT508 is a high-speed transient data acquisition instrument that captures fast electrical signals into onboard memory and returns the recorded data to a host after acquisition. It is suited to pulsed processes, transient waveform recording, and other experiments requiring short-duration high-speed capture.",高速数据采集系统,表征设备|电子与电气测试|瞬态信号采集与同步触发测量|高速数据采集系统
ACQ400 模块化高速数据采集系统,ACQ400 Modular High-Speed Data Acquisition System,mgt_dram_pull_client,mgt_dram_pull_client,49,144,chan2volts|clear_counters|close|data_size|demux_status|elapsed_samples|fetch_all_calibration|get_aggregator_sites|get_aggregator_svc_list|get_blocks|get_elapsed|get_post|get_pre|get_state|get_sys_info|get_total|init_site_client|load_awg|load_dio482pg|load_dpg|load_gpg|load_segments|load_stl|load_wrpg|make_sa_sd_aliases|nchan|post_samples|pre_samples|read|read_chan|read_decims|read_transient_timebase|run_service|samples|scale_raw|set_DO|set_mb_clk|set_segment|set_sync_routing|set_sync_routing_master|set_sync_routing_slave|show_segments|st_monitor|state|uut_demux_enabled|wait_armed|wait_event|wait_state_changed|wait_stopped,一种机箱式模块化高速数据采集与瞬态记录设备，可集成多通道模拟/数字采集模块、触发与同步功能以及板载存储，用于实验中的高速波形采集、事件记录、校准换算和时序控制。,"A chassis-based modular high-speed data acquisition and transient recording system that can integrate multi-channel analog/digital I/O, trigger and synchronization features, and onboard memory for laboratory waveform capture, event recording, calibration-based scaling, and timing control.",模块化高速数据采集机箱|高速数据采集系统,表征设备|实验执行&合成设备|电子与电气测试|实验室自动化与仪器集成|瞬态信号采集与同步触发测量|模块化高速数据采集机箱|高速数据采集系统
铭禾 MHS-5200A 双通道函数发生器,Minghe MHS-5200A Dual-Channel Function Generator,mhs5200,mhs5200,8,27,auto-channel|auto-duty_cycle|auto-enable|auto-frequency|auto-function|auto-offset|auto-phase|auto-serial_number,MHS-5200A 是一款低成本双通道函数发生器，可输出常见测试波形，用于电子实验、教学演示、信号注入和台式电路调试。它适合为被测电路提供可调频率、相位、偏置和占空比的激励信号。,"The MHS-5200A is a low-cost dual-channel function generator that outputs common test waveforms for electronics experiments, teaching, signal injection, and bench-top circuit debugging. It is used to provide adjustable excitation signals with controllable frequency, phase, offset, and duty cycle.",任意函数发生器,实验执行&合成设备|表征设备|电子与电气测试|射频与电子电路测试|脉冲激励与时序控制|任意函数发生器
MI6960 光功率计,MI6960 Optical Power Meter,mi6960,mi6960,8,21,auto-averages|auto-calfactor|auto-calibrate|auto-linearityfactor|auto-offset|auto-power|auto-reference|auto-settings,MI6960 光功率计用于实验室中测量激光或其他光源的输出功率。它支持自动校准与归零，并可设置校准因子、偏置、线性修正、平均次数和参考值等测量参数。,"The MI6960 optical power meter is used in laboratories to measure the output power of lasers or other light sources. It supports automatic calibration and zeroing, and allows configuration of measurement parameters such as calibration factor, offset, linearity correction, averaging, and reference level.",激光功率/能量计,表征设备|光学与光谱实验|激光功率监测与能量校准|激光功率/能量计
MI-WAVE 5nn系列微波可调衰减器,MI-WAVE 5nn Series Variable Microwave Attenuator,mi_wave5nn,mi_wave5nn,1,10,auto-attenuation,这是一种可调微波/射频衰减器，用于在实验与测试链路中精细控制信号功率、电平匹配和保护后级器件，常见于微波测量、器件表征和自动化射频测试系统。,"This is a variable microwave/RF attenuator used to precisely control signal power, match levels, and protect downstream components in laboratory and test signal chains. It is commonly used in microwave measurements, device characterization, and automated RF test setups.",微波可调衰减器,表征设备|电子与电气测试|射频与电子电路测试|微波可调衰减器
微型FPGA时序控制器,Micro FPGA Timing Controller,micro_fpga,micro_fpga,40,51,auto-get_analog_state|auto-get_camera_exposure|auto-get_camera_pulse|auto-get_camera_readout|auto-get_camera_state|auto-get_camera_state_ms|auto-get_duration_us|auto-get_id|auto-get_laser_delay|auto-get_laser_state|auto-get_mode_state|auto-get_number_analogs|auto-get_number_lasers|auto-get_number_pwms|auto-get_number_servos|auto-get_number_ttls|auto-get_pwm_state|auto-get_sequence_state|auto-get_servo_state|auto-get_ttl_state|auto-is_active_sync|auto-is_camera_running|auto-is_connected|auto-set_active_sync|auto-set_camera_exposure|auto-set_camera_pulse|auto-set_camera_readout|auto-set_camera_state|auto-set_camera_state_ms|auto-set_duration_us|auto-set_laser_delay|auto-set_laser_state|auto-set_mode_state|auto-set_passive_sync|auto-set_pwm_state|auto-set_sequence_state|auto-set_servo_state|auto-set_ttl_state|auto-start_camera|auto-stop_camera,这是一种基于FPGA的实验时序与触发控制器，通常通过USB连接，用于显微成像和光学实验中的相机、激光器及其他外设同步。它可提供激光触发控制、相机触发时序、TTL/PWM/舵机输出以及模拟量输入采集，适合需要精确微秒级同步的实验系统。,"This is an FPGA-based laboratory timing and trigger controller, typically connected over USB, for synchronizing cameras, lasers, and other peripherals in microscopy and optical experiments. It provides laser trigger control, camera timing generation, TTL/PWM/servo outputs, and analog input readback, making it suitable for setups that require precise microsecond-level synchronization.",数字命令序列控制器|数据采集与控制接口,实验执行&合成设备|实验室自动化与仪器集成|光学与光谱实验|显微成像与光学显微实验|脉冲激励与时序控制|数字命令序列控制器|数据采集与控制接口
透射电子显微镜（TEM/STEM）,Transmission Electron Microscope (TEM/STEM),microscope,microscope,72,82,auto-acquire|auto-get_beam_blanked|auto-get_beam_shift|auto-get_beam_tilt|auto-get_camera_param|auto-get_cameras|auto-get_column_valves_open|auto-get_condenser_mode|auto-get_condenser_stigmator|auto-get_convergence_angle|auto-get_dark_field_mode|auto-get_defocus|auto-get_diffraction_shift|auto-get_family|auto-get_illuminated_area|auto-get_illumination_mode|auto-get_image_shift|auto-get_indicated_camera_length|auto-get_indicated_magnification|auto-get_instrument_mode|auto-get_intensity|auto-get_magnification_index|auto-get_microscope_id|auto-get_objective_excitation|auto-get_objective_stigmator|auto-get_probe_defocus|auto-get_projection_mode|auto-get_projection_mode_string|auto-get_projection_sub_mode|auto-get_screen_current|auto-get_screen_position|auto-get_spot_size_index|auto-get_stage_holder|auto-get_stage_limits|auto-get_stage_position|auto-get_stage_status|auto-get_stem_acquisition_param|auto-get_stem_detector_param|auto-get_stem_detectors|auto-get_stem_magnification|auto-get_stem_rotation|auto-get_vacuum|auto-get_version|auto-get_voltage|auto-is_stem_available|auto-normalize|auto-set_beam_blanked|auto-set_beam_shift|auto-set_beam_tilt|auto-set_camera_param|auto-set_column_valves_open|auto-set_condenser_mode|auto-set_condenser_stigmator|auto-set_convergence_angle|auto-set_dark_field_mode|auto-set_defocus|auto-set_diffraction_shift|auto-set_illuminated_area|auto-set_illumination_mode|auto-set_image_shift|auto-set_instrument_mode|auto-set_intensity|auto-set_magnification_index|auto-set_objective_stigmator|auto-set_probe_defocus|auto-set_projection_mode|auto-set_screen_position|auto-set_spot_size_index|auto-set_stem_acquisition_param|auto-set_stem_detector_param|auto-set_stem_magnification|auto-set_stem_rotation,这是一类高真空电子显微镜，可在透射电子显微镜和扫描透射电子显微镜模式下工作，用于样品的高分辨成像、电子衍射和相关检测。设备通常包含电子枪、镜筒与真空系统、载物台、荧光屏、相机以及 STEM 探测器，可调节电子束偏转、束斑、会聚角、放大倍率、焦距和像散等参数，常用于材料、纳米结构和薄样品分析。,"This is a high-vacuum electron microscope that operates in transmission electron microscopy and scanning transmission electron microscopy modes for high-resolution imaging, electron diffraction, and related detection of specimens. The instrument typically includes an electron column with vacuum system, stage, viewing screen, cameras, and STEM detectors, and allows control of beam deflection, spot size, convergence angle, magnification, focus, and stigmation for materials, nanostructure, and thin-sample analysis.",透射电子显微镜,表征设备|智慧表征与检测中心|真空系统与高真空实验|物化表征测试中心|透射电镜与冷冻电镜成像|透射电子显微镜
Mighty Mini注射泵,Mighty Mini Syringe Pump,mighty_mini,mighty_mini,3,26,auto-infuse|auto-setflowrate|auto-stop,一款实验室用小型注射泵，用于以设定流速精确输送液体并进行持续输注。常用于微流控、化学加液、样品处理和生物实验中的定量给液。,"A compact laboratory syringe pump used to deliver liquids at a defined flow rate for precise, continuous infusion. It is commonly used for microfluidics, reagent addition, sample handling, and other experiments requiring accurate liquid dosing.",注射泵,实验执行&合成设备|溶液配制与反应|液体输送与定量分配|注射泵
MiniLas Evo 激光器,MiniLas Evo Laser,mini_las_evo,mini_las_evo,15,24,auto-available_features|auto-control_mode|auto-emission_wavelenght|auto-enabled|auto-idn|auto-initialize|auto-maximum_power|auto-operating_hours|auto-power|auto-query|auto-software_version|auto-status|auto-temperature|auto-temperature_max|auto-temperature_min,一款紧凑型实验室激光光源，用于光学对准、样品激发、照明和一般激光实验。设备支持功率调节，并可读取发射波长、温度、状态和累计运行时间等信息。,"A compact laboratory laser source used for optical alignment, sample excitation, illumination, and general laser experiments. The device supports power adjustment and provides information such as emission wavelength, temperature, status, and total operating hours.",实验室激光光源,实验执行&合成设备|光学与光谱实验|激光激发与光谱测量|实验室激光光源
微量液体泵,Microfluidic Pump,minipump,minipump,5,12,auto-primePump|auto-read|auto-readPump|auto-runPump|auto-stopPump,一种用于输送微升级液体的实验室泵，可按设定体积、流速和方向推动液体通过管路。常用于微流控、样品传输、试剂加样和流路预充等实验操作。,"A laboratory pump for moving microliter-scale liquids through tubing with defined volume, flow rate, and direction. It is commonly used for microfluidics, sample transfer, reagent delivery, and priming fluid lines.",微流控液体泵,实验执行&合成设备|溶液配制与反应|液体输送与定量分配|微流控液体泵
Minitel 终端,Minitel terminal,minitel,minitel,24,34,auto-appeler|auto-bip|auto-close|auto-configurer_clavier|auto-couleur|auto-curseur|auto-debut_ligne|auto-definir_mode|auto-definir_vitesse|auto-deviner_vitesse|auto-echo|auto-efface|auto-effet|auto-envoyer|auto-identifier|auto-insere|auto-position|auto-recevoir|auto-recevoir_sequence|auto-redefinir|auto-repeter|auto-semigraphique|auto-supprime|auto-taille,Minitel 是一种带显示屏和键盘的法国语音视频文本终端，可通过 TTL 串口与计算机通信。它适用于显示文本与简单图形、接收键盘输入、切换工作模式以及进行复古终端交互、通信协议演示和人机界面实验。,"A Minitel is a French videotex terminal with a screen and keyboard that communicates with a computer over a TTL serial link. It is used to display text and simple graphics, accept keyboard input, switch operating modes, and support retro terminal interaction, communication protocol demonstrations, and human-machine interface experiments.",串行文本终端,实验执行&合成设备|人工输入与实验交互控制|串行通信与人机交互|串行终端显示与键盘交互|串行文本终端
Modbus ADU报文解码器,Modbus ADU Message Decoder,modbus_adu,modbus_adu,12,43,auto-add_data|auto-calc_crc|auto-check_crc|auto-close|auto-half_word|auto-parse_diagnostics|auto-parse_mask_write_register|auto-parse_not_implemented|auto-parse_write_single_coil|auto-parse_write_single_register|auto-puti|auto-putl,用于解析 Modbus 应用数据单元（ADU）报文的软件工具，常用于实验室或工业通信调试中分析串口/RTU 数据流、校验 CRC，并识别写单线圈、写单寄存器、诊断等功能码消息。,"A software tool for decoding Modbus Application Data Unit (ADU) messages. It is commonly used in laboratory or industrial communication troubleshooting to analyze serial/RTU traffic, verify CRC values, and identify messages such as write single coil, write single register, and diagnostics.",工业协议报文解析器,表征设备|实验室自动化与仪器集成|过程控制与工业仪表实验|Modbus协议调试与报文分析|工业协议报文解析器
Modbus ADU 客户端到服务器报文解析器,Modbus ADU Client-to-Server Message Decoder,modbus_adu_cs,modbus_adu_cs,6,42,auto-parse|auto-parse_read_data_command|auto-parse_read_file_record|auto-parse_read_write_registers|auto-parse_single_byte_request|auto-parse_write_multiple,这是一个用于解析 Modbus 协议中客户端发往服务器的应用数据单元（ADU）报文的软件协议解析组件，而非特定物理仪器。它可用于实验室或工业现场的串口/总线通信分析，帮助识别读寄存器、写多线圈、写多寄存器、读文件记录等 Modbus 请求帧。,"This is a software protocol parsing component for Modbus client-to-server Application Data Unit (ADU) messages rather than a specific physical instrument. It is used in laboratory or industrial serial/bus communication analysis to identify Modbus request frames such as register reads, multiple coil writes, multiple register writes, and file record reads.",工业协议报文解析器,表征设备|实验室自动化与仪器集成|过程控制与工业仪表实验|Modbus协议调试与报文分析|工业协议报文解析器
Modbus TCP客户端,Modbus TCP Client,modbus_client,modbus_client,27,63,auto-auto_close|auto-auto_open|auto-close|auto-custom_request|auto-host|auto-is_open|auto-last_error|auto-last_error_as_txt|auto-last_except|auto-last_except_as_full_txt|auto-last_except_as_txt|auto-on_tx_rx|auto-open|auto-port|auto-read_coils|auto-read_device_identification|auto-read_discrete_inputs|auto-read_holding_registers|auto-read_input_registers|auto-timeout|auto-unit_id|auto-version|auto-write_multiple_coils|auto-write_multiple_registers|auto-write_read_multiple_registers|auto-write_single_coil|auto-write_single_register,用于通过 Modbus TCP 协议连接并访问兼容设备的通用通信客户端。它常用于实验室自动化中接入 PLC、远程 I/O、传感器网关、电源或过程控制仪表，以读取线圈、离散输入和寄存器数据，并写入控制命令。,"A general-purpose communication client for connecting to and accessing Modbus TCP compatible devices. It is commonly used in laboratory automation to interface with PLCs, remote I/O modules, sensor gateways, power supplies, or process instruments, allowing coil, discrete input, and register data to be read and control values to be written.",Modbus TCP客户端,实验执行&合成设备|实验室自动化与仪器集成|过程控制与工业仪表实验|实验仪器数据采集与联机控制|PLC控制与设备联锁|Modbus TCP客户端
Modbus串口通信接口,Modbus Serial Communication Interface,modbus_serial_client,modbus_serial_client,13,58,auto-get_baudrate|auto-get_bytesize|auto-get_parity|auto-get_port|auto-get_serial_settings|auto-get_stopbits|auto-get_timeout|auto-set_baudrate|auto-set_bytesize|auto-set_parity|auto-set_port|auto-set_stopbits|auto-set_timeout,一种通过串行端口与支持Modbus协议的实验设备进行通信的接口装置，常见于RS-232或RS-485连接。实验中可用于配置通信参数，并与传感器、控制器、仪表等设备建立数据链路。,"A serial interface used to communicate with laboratory instruments that support the Modbus protocol, typically over RS-232 or RS-485. In laboratory use, it is used to configure communication parameters and establish data links with sensors, controllers, meters, and other instruments.",串行仪器通信接口,实验执行&合成设备|实验室自动化与仪器集成|过程控制与工业仪表实验|实验仪器通信与驱动集成|串行仪器通信接口
Modbus RTU串口网关,Modbus RTU Serial Gateway,modbus_serial_worker,modbus_serial_worker,2,16,auto-loop|auto-srv_engine_entry,一种通过串口总线（常见为 RS-485）与 Modbus RTU 从站设备通信的工业网关或接口设备。在实验室中常用于把上位机、服务器或控制系统连接到仪表、控制器、远程 I/O 模块和传感器，实现串行现场总线上的数据转发与设备接入。,"An industrial gateway or interface device that communicates with Modbus RTU slave devices over a serial bus, commonly RS-485. In laboratories, it is used to connect a host computer, server, or control system to instruments, controllers, remote I/O modules, and sensors, enabling data exchange and device integration on a serial fieldbus.",串行仪器通信接口|Modbus RTU串口网关,实验执行&合成设备|实验室自动化与仪器集成|过程控制与工业仪表实验|实验仪器通信与驱动集成|PLC控制与设备联锁|串行仪器通信接口|Modbus RTU串口网关
Modbus TCP服务器,Modbus TCP Server,modbus_server,modbus_server,17,94,auto-add_pack|auto-build_except|auto-clear|auto-except_code|auto-func_code|auto-handle|auto-is_except|auto-is_run|auto-is_valid|auto-new_request|auto-raw|auto-server_running|auto-set_response_mbap|auto-srv_info|auto-start|auto-stop|auto-unpack,这是一个基于网络的 Modbus TCP 服务器组件，不对应特定厂商的实体仪器。它通常用于实验室自动化系统中提供或模拟 Modbus 通信接口，使上位机、PLC 或测试程序能够与实验设备进行寄存器级数据交换与联调。,"This is a network-based Modbus TCP server component rather than a specific physical instrument from a known manufacturer. It is typically used in laboratory automation to provide or simulate a Modbus communication interface so that host software, PLCs, or test systems can exchange register-level data with laboratory equipment during integration and testing.",Modbus TCP服务器,实验执行&合成设备|实验室自动化与仪器集成|过程控制与工业仪表实验|实验仪器通信与驱动集成|PLC控制与设备联锁|Modbus TCP服务器
Modbus TCP从站设备,Modbus TCP slave device,modbus_tcp_client,modbus_tcp_client,32,58,change_ascii_input_delimiter|clear_counters|clear_overrun_count|force_listen_only_mode|get_clear_modbus_plus|get_com_event_counter|get_com_event_log|mask_write_register|read_coils|read_device_information|read_discrete_inputs|read_exception_status|read_holding_registers|read_input_registers|readwrite_registers|report_slave_id|restart_comm_option|return_bus_com_error_count|return_bus_exception_error_count|return_bus_message_count|return_diagnostic_register|return_iop_overrun_count|return_query_data|return_slave_bus_char_overrun_count|return_slave_busy_count|return_slave_message_count|return_slave_no_ack_count|return_slave_no_response_count|write_coil|write_coils|write_register|write_registers,支持 Modbus TCP 协议的工业现场设备，如 PLC、远程 I/O 模块、仪表或控制器。实验室中常通过以太网读取线圈、离散输入和寄存器数据，并写入控制位或设定值，用于设备监测、数据采集、联机调试和自动化控制实验。,"An industrial field device that supports the Modbus TCP protocol, such as a PLC, remote I/O module, meter, or controller. In laboratory use, it is commonly accessed over Ethernet to read coils, discrete inputs, and registers, and to write control bits or setpoints for equipment monitoring, data acquisition, integration testing, and automation experiments.",Modbus TCP现场设备,实验执行&合成设备|实验室自动化与仪器集成|过程控制与工业仪表实验|实验仪器数据采集与联机控制|PLC控制与设备联锁|Modbus TCP现场设备
ISEG高压电源模块,ISEG high-voltage power supply module,module,module,47,65,auto-adjustment|auto-channel|auto-channels|auto-clear_all_event_status_registers|auto-clear_module_event_status_bits|auto-enter_configuration_mode|auto-exit_configuration_mode|auto-filter_averaging_steps|auto-firmware_name|auto-firmware_release|auto-goto_local|auto-id_string|auto-instruction_set|auto-kill_enable|auto-local_lockout|auto-module_can_address|auto-module_can_bitrate|auto-module_control_register|auto-module_current_limit|auto-module_current_ramp_speed|auto-module_event_channel_mask_register|auto-module_event_channel_status_register|auto-module_event_mask_register|auto-module_event_status_register|auto-module_status|auto-module_status_register|auto-module_supply_voltage|auto-module_supply_voltage_n12v|auto-module_supply_voltage_n24v|auto-module_supply_voltage_p12v|auto-module_supply_voltage_p24v|auto-module_supply_voltage_p3v|auto-module_supply_voltage_p5v|auto-module_temperature|auto-module_voltage_limit|auto-module_voltage_ramp_speed|auto-number_of_channels|auto-reset_module_event_status|auto-reset_to_save_values|auto-serial_baud_rate|auto-serial_echo_disabled|auto-serial_echo_enable|auto-serial_echo_enabled|auto-set_command_set|auto-set_serial_echo_disabled|auto-set_serial_echo_enabled|auto-setvalue_changes_counter,这是一种多通道高压电源模块，用于为实验中的探测器、光电倍增管等器件提供和监测稳定高压。设备支持通道管理、限压限流、斜坡速度、状态寄存器、事件寄存器以及温度和内部供电监测，常用于核物理、粒子探测和其他需要精密高压偏置的实验系统。,"This is a multi-channel high-voltage power supply module used to provide and monitor stable high voltage for laboratory devices such as detectors and photomultiplier tubes. It supports channel management, voltage and current limits, ramp speed settings, status and event registers, and monitoring of temperature and internal supply rails, making it suitable for nuclear physics, particle detection, and other experiments requiring precise HV biasing.",高压电源,实验执行&合成设备|电子与电气测试|探测器偏置与高压供电|高压电源
Molecular Devices 多功能酶标仪,Molecular Devices Multimode Microplate Reader,molecular_devices_backend,molecular_devices_backend,19,50,auto-clear_error_log|auto-close|auto-get_firmware_version|auto-get_status|auto-get_temperature|auto-open|auto-read_absorbance|auto-read_error_log|auto-read_fluorescence|auto-read_fluorescence_polarization|auto-read_luminescence|auto-read_time_resolved_fluorescence|auto-send_command|auto-serialize|auto-set_temperature|auto-setup|auto-start_shake|auto-stop|auto-stop_shake,这是一种用于读取微孔板样品信号的多功能酶标仪，可进行吸光度、荧光、化学发光、荧光偏振和时间分辨荧光检测。设备通常用于生化分析、细胞实验、免疫检测、酶活性测定和高通量筛选，并支持控温与振荡等板上实验条件控制。,"A multimode microplate reader used to measure signals from samples in microplates. It supports absorbance, fluorescence, luminescence, fluorescence polarization, and time-resolved fluorescence measurements. The instrument is commonly used for biochemical assays, cell-based experiments, immunoassays, enzyme activity measurements, and high-throughput screening, with support for temperature control and plate shaking.",酶标仪,表征设备|器件/细胞设备|生命体系|细胞生物学研究|微孔板检测与高通量筛选|微孔板样品孵育与混匀|酶标仪
单色仪,Monochromator,monochromator,monochromator,16,32,auto-calibrate_wavelength|auto-close|auto-close_shutter|auto-configuration|auto-initialize|auto-is_busy|auto-is_initialized|auto-is_open|auto-move_to_target_wavelength|auto-open|auto-open_shutter|auto-set_filter_wheel_position|auto-set_mirror_position|auto-set_slit_position|auto-set_slit_step_position|auto-set_turret_grating,用于将复色光按波长分散并选出窄带光的光学单色仪。该设备通常包含光栅转塔、狭缝、滤光轮、反射镜和快门，可在光谱测量与其他光学实验中进行波长扫描、带宽调节和光路切换。,"An optical monochromator that disperses polychromatic light and selects a narrow wavelength band. The device typically includes a grating turret, slits, filter wheels, mirrors, and shutters, and is used in spectroscopy and other optical experiments for wavelength scanning, bandwidth adjustment, and beam-path selection.",单色仪,表征设备|光学与光谱实验|光谱采集与检测|可调光谱照明与光照实验|单色仪
多轴电动位移台,Multi-axis Motorized Translation Stage,motor_control,motor_control,11,18,auto-define_home|auto-end_session|auto-execute_motor|auto-find_axis|auto-get_position|auto-go_home|auto-move_abs|auto-move_rel|auto-send_command|auto-set_units|auto-start_session,一种带电机驱动的多轴精密位移装置，可进行绝对/相对移动、回零、设定原点和单位切换，常用于显微镜物镜或样品的精密定位、扫描和对准。,"A motor-driven multi-axis precision translation device that supports absolute/relative motion, homing, defining a home position, and unit selection. It is commonly used for precise positioning, scanning, and alignment of microscope objectives or samples.",电动定位台|电动直线位移台,实验执行&合成设备|精密定位与运动控制|样品/探针定位与运动控制|显微成像与光学显微实验|电动定位台|电动直线位移台
MP-285三轴电动位移台,MP-285 3-Axis Motorized Stage,mp285,mp285,15,22,auto-close|auto-connect_to_serial|auto-convert_microns_to_microsteps|auto-convert_microsteps_to_microns|auto-disconnect_from_serial|auto-get_controller_status|auto-get_current_position|auto-interrupt_move|auto-move_to_specified_position|auto-read_response|auto-refresh_display|auto-reset_controller|auto-send_command|auto-set_absolute_mode|auto-set_resolution_and_velocity,MP-285 是一款三轴电动位移台/微操纵定位系统，可在 X、Y、Z 三个方向进行精密移动。它通常用于显微实验中对样品、探针或光学部件进行微米级定位与重复定位，并配有控制器进行速度、分辨率和运动模式设置。,"The MP-285 is a 3-axis motorized positioning stage/micromanipulation system that provides precise motion in X, Y, and Z. It is commonly used in microscopy-based laboratory setups to position samples, probes, or optical components with micron-scale control and repeatability, with a controller for setting speed, resolution, and motion mode.",电动定位台|电动直线位移台,实验执行&合成设备|精密定位与运动控制|样品/探针定位与运动控制|显微成像与光学显微实验|电动定位台|电动直线位移台
MP71025X可编程直流电源,MP71025X Programmable DC Power Supply,mp71025_x,mp71025_x,9,17,auto-initialize|auto-lock_commands|auto-measure_current|auto-measure_power|auto-measure_voltage|auto-remote_sense|auto-set_current|auto-set_voltage|auto-toggle_output,MP71025X是一款实验室用可编程直流电源，用于为电子电路、器件和样品提供可调直流电压与电流，并支持输出开关、远端感测以及电压、电流、功率测量，适合台式测试、器件表征和一般电子实验。,"The MP71025X is a laboratory programmable DC power supply used to provide adjustable DC voltage and current to electronic circuits, devices, and samples. It supports output on/off control, remote sensing, and measurement of voltage, current, and power for benchtop testing, device characterization, and general electronics lab work.",可编程直流电源,实验执行&合成设备|电子与电气测试|电源与电池测试|电子器件供电与台架测试|可编程直流电源
MPB连续波激光器,MPB Continuous-Wave Laser,mpbcw_laser,mpbcw_laser,9,17,auto-Close|auto-GetPower|auto-GetRealPower|auto-IsOn|auto-SetPower|auto-TurnOff|auto-TurnOn|auto-check_on|auto-query,这是一台由MPB Communications生产的连续波激光器，可提供稳定的连续激光输出。实验中常用于荧光激发、光学对准、显微成像以及其他需要可调激光功率的光学测量任务。,"This is a continuous-wave laser made by MPB Communications, providing stable continuous laser output. In laboratories, it is commonly used for fluorescence excitation, optical alignment, microscopy, and other optical measurements that require adjustable laser power.",实验室激光光源,实验执行&合成设备|光学与光谱实验|激光激发与光谱测量|显微成像与光学显微实验|实验室激光光源
MPI SENTIO晶圆探针台,MPI SENTIO wafer prober,mpi_sentio_prober,mpi_sentio_prober,50,69,auto-has_scope_xyz|auto-has_scope_z|auto-light_off_at_contact|auto-light_on_at_separation|auto-loader_scan_station|auto-map_die_get_current_index|auto-map_die_get_current_subsite|auto-map_get_die_seq|auto-map_get_grid_origin|auto-map_get_num_cols|auto-map_get_num_dies|auto-map_get_num_rows|auto-map_get_prop|auto-map_path_get_die|auto-map_step_die|auto-map_step_die_seq|auto-map_step_next_die|auto-map_step_previous_die|auto-map_subsite_get_num|auto-map_subsite_step|auto-move_chuck_center|auto-move_chuck_contact|auto-move_chuck_home|auto-move_chuck_load|auto-move_chuck_separation|auto-move_positioner_xy|auto-read|auto-set_chuck_separation_gap|auto-set_chuck_speed|auto-set_soft_contact|auto-set_vacuum|auto-siph_fast_alignment|auto-siph_get_alignment|auto-siph_get_intensity|auto-siph_gradient_search|auto-siph_move_hover|auto-siph_move_origin|auto-siph_move_separation|auto-siph_power_calibration|auto-siph_set_alignment|auto-status_get_chuck_temp|auto-status_get_machine_id|auto-status_get_machine_status|auto-status_get_prop|auto-status_get_version|auto-status_set_prop|auto-status_show_message|auto-stop_chuck_theta|auto-stop_chuck_xyz|auto-write,这是一类用于半导体晶圆测试的自动或半自动探针台系统，可对晶圆卡盘进行XY、Z和旋转定位，并支持接触/分离高度控制、真空吸附、晶圆地图步进与可选热卡盘功能。该设备常用于晶圆级电学测量、器件表征、失效分析以及带有自动装载、显微镜或硅光子对准模块的测试流程。,"This is an automatic or semi-automatic wafer prober used for semiconductor wafer testing. It provides XY, Z, and rotational chuck positioning, contact/separation height control, vacuum holding, wafer map stepping, and optional thermal chuck capability. It is commonly used for wafer-level electrical measurements, device characterization, failure analysis, and test workflows with optional auto-loading, microscope, or silicon photonics alignment modules.",晶圆探针台,表征设备|智慧表征与检测中心|电子与电气测试|半导体晶圆电学测试|样品/探针定位与运动控制|晶圆探针台
MQTT 客户端,MQTT Client,mqtt_client,mqtt_client,20,34,auto-clientLoop|auto-client_down|auto-daemon_kill|auto-getRefreshRate|auto-on_connect|auto-on_disconnect|auto-on_message|auto-poll|auto-publish_avail|auto-publish_avail_topics|auto-publish_hass|auto-publish_state|auto-publish_state_topics|auto-setupClientTopics|auto-setupDevice|auto-setupHassDiscoveryConfigs|auto-setupInitValues|auto-setupSubscribeTopics|auto-startup_client|auto-subsribe_topics,通用 MQTT 客户端组件，用于通过 MQTT 代理发布设备状态、订阅控制主题，并支持 Home Assistant 自动发现配置。它常用于将实验室设备、传感器或执行器接入消息总线，实现远程监控与集成。,"A generic MQTT client component used to publish device states, subscribe to control topics, and support Home Assistant discovery configuration through an MQTT broker. It is commonly used to connect lab equipment, sensors, or actuators to a message bus for remote monitoring and integration.",MQTT仪器消息客户端,实验执行&合成设备|实验室自动化与仪器集成|实验仪器数据采集与联机控制|实验仪器通信与驱动集成|MQTT仪器消息客户端
混合信号示波器,Mixed-Signal Oscilloscope,mso5k,mso5k,19,26,auto-autoscale|auto-freq|auto-getChannelAtte|auto-getChannelScale|auto-getScreenshoot|auto-getTimebaseScale|auto-phase|auto-saveChanneltoFile|auto-setAcquire|auto-setAverageTimes|auto-setChannelAtte|auto-setChannelCouple|auto-setChannelOffet|auto-setChannelScale|auto-setChannelUnit|auto-setTimebaseScale|auto-setTriggerChannel|auto-setTriggerLevel|auto-voltage,这是一类台式混合信号示波器，用于采集和显示电压波形，并测量频率、相位等时域参数。它常用于电子实验与调试中观察模拟或数字信号、设置触发条件、调整时基与垂直量程，以及保存波形数据和屏幕截图。,"This is a bench-top mixed-signal oscilloscope used to acquire and display voltage waveforms and to measure time-domain parameters such as frequency and phase. It is commonly used in electronics labs for observing analog or digital signals, setting trigger conditions, adjusting timebase and vertical scale, and saving waveform data or screen captures.",数字存储示波器,表征设备|电子与电气测试|射频与电子电路测试|瞬态信号采集与同步触发测量|数字存储示波器
MSO-X 混合信号示波器,MSO-X Mixed Signal Oscilloscope,msox,msox,1,21,auto-measureStatistics,台式混合信号示波器，用于采集和显示电路中的模拟与数字时域信号。常用于电子实验中的波形观察、时序分析、信号完整性检查，以及电压、频率、脉宽等参数的自动测量与统计。,"A bench-top mixed signal oscilloscope used to acquire and display analog and digital time-domain signals in electronic circuits. It is commonly used in laboratories for waveform observation, timing analysis, signal integrity checks, and automatic measurement/statistics of parameters such as voltage, frequency, and pulse width.",数字存储示波器,表征设备|电子与电气测试|射频与电子电路测试|瞬态信号采集与同步触发测量|数字存储示波器
是德科技 MSO-X/DSO-X 3000A 系列示波器,Keysight MSO-X/DSO-X 3000A Series Oscilloscope,msox3000,msox3000,41,51,auto-annotate|auto-annotateColor|auto-annotateOff|auto-channelLabel|auto-channelLabelOff|auto-hardcopy|auto-measureBitRate|auto-measureBurstWidth|auto-measureCounterFrequency|auto-measureDVMacrms|auto-measureDVMdc|auto-measureDVMdcrms|auto-measureDVMfreq|auto-measureFallEdgeCount|auto-measureFallPulseCount|auto-measureFallTime|auto-measureFrequency|auto-measureNegDutyCycle|auto-measureNegPulseWidth|auto-measureOvershoot|auto-measurePeriod|auto-measurePosDutyCycle|auto-measurePosPulseWidth|auto-measurePreshoot|auto-measureRiseEdgeCount|auto-measureRisePulseCount|auto-measureRiseTime|auto-measureStatistics|auto-measureVoltAmplitude|auto-measureVoltAverage|auto-measureVoltBase|auto-measureVoltMax|auto-measureVoltMin|auto-measureVoltPP|auto-measureVoltRMS|auto-measureVoltTop|auto-polish|auto-setupAutoscale|auto-setupLoad|auto-setupSave|auto-waveform,台式数字/混合信号示波器，用于采集、显示和分析电信号波形。它常用于实验室中的电路调试、时序分析、脉冲与频率测量、上升下降时间评估、占空比分析以及屏幕截图、波形导出和仪器设置保存。,"A benchtop digital or mixed-signal oscilloscope used to capture, display, and analyze electrical waveforms. It is commonly used in laboratories for circuit debugging, timing analysis, pulse and frequency measurements, rise/fall time evaluation, duty-cycle analysis, as well as saving screenshots, exporting waveform data, and storing instrument setups.",数字存储示波器,表征设备|电子与电气测试|射频与电子电路测试|瞬态信号采集与同步触发测量|数字存储示波器
BACnet MS/TP总线通信接口,BACnet MS/TP Bus Communication Interface,mstp_director,mstp_director,17,34,auto-actor_error|auto-add_actor|auto-atexit_handler|auto-close_socket|auto-confirmation|auto-del_actor|auto-get_actor|auto-handle_close|auto-handle_connect|auto-handle_error|auto-handle_read|auto-handle_write|auto-indication|auto-readable|auto-sap_confirmation|auto-sap_indication|auto-writable,一种用于BACnet MS/TP现场总线通信的接口或网络节点，通常连接楼宇自动化控制器、传感器和执行器，在RS-485类总线上收发并转发报文。实验室中可用于楼宇自控网络联调、设备发现、属性读写和总线通信测试。,"A communication interface or network node for BACnet MS/TP fieldbus networks, typically linking building automation controllers, sensors, and actuators while sending, receiving, and forwarding messages on an RS-485-style bus. In the lab, it can be used for building automation network integration, device discovery, property read/write testing, and bus communication validation.",BACnet MS/TP通信接口,实验执行&合成设备|过程控制与工业仪表实验|实验室自动化与仪器集成|楼宇环境监测与HVAC联动|BACnet现场总线通信与设备集成|BACnet MS/TP通信接口
BACnet MS/TP 多路复用器,BACnet MS/TP Multiplexer,mstp_multiplexer,mstp_multiplexer,17,34,auto-actor_error|auto-add_actor|auto-atexit_handler|auto-close_socket|auto-confirmation|auto-del_actor|auto-get_actor|auto-handle_close|auto-handle_connect|auto-handle_error|auto-handle_read|auto-handle_write|auto-indication|auto-readable|auto-sap_confirmation|auto-sap_indication|auto-writable,用于 BACnet MS/TP（主从/令牌传递）串行总线的通信多路复用组件，负责在总线接口与上层应用之间转发、分发和管理报文。常用于楼宇自动化及实验室集成场景中，对 BACnet 现场控制器、传感器和执行器的总线通信进行接入、调试与测试。,"A communication multiplexer for BACnet MS/TP (Master-Slave/Token-Passing) serial networks. It forwards, distributes, and manages protocol messages between the bus interface and higher-level applications. It is commonly used in building automation and laboratory integration setups for connecting, testing, and debugging BACnet field controllers, sensors, and actuators.",BACnet MS/TP多路复用器,实验执行&合成设备|过程控制与工业仪表实验|实验室自动化与仪器集成|楼宇环境监测与HVAC联动|BACnet现场总线通信与设备集成|BACnet MS/TP多路复用器
梅特勒-托利多实验室天平,Mettler Toledo laboratory balance,mtsics,mtsics,12,25,auto-clear_tare|auto-mt_sics|auto-mt_sics_commands|auto-name|auto-query|auto-reset|auto-serial_number|auto-tare|auto-tare_value|auto-weight|auto-weight_mode|auto-zero,实验室电子天平，用于对样品、试剂或容器进行高精度称量。该类天平通常支持去皮、清零和读取重量，适用于分析称量、配液配样及常规质量测量。,"An electronic laboratory balance used for precise weighing of samples, reagents, and containers. This type of balance typically supports tare, zeroing, and weight readout, and is used for analytical weighing, sample preparation, and routine mass measurements in the lab.",电子天平,备料&前处理设备|溶液配制与反应|电子天平|分析称量与配样
Elveflow MUX 1/12 微流控分配阀,Elveflow MUX 1/12 Microfluidic Distributor Valve,mu_xelve,mu_xelve,7,16,auto-close|auto-get_valve|auto-home|auto-loadDLL|auto-open|auto-set_valve|auto-wait_for_valve_movement,这是一台用于微流控与液路切换的 1 进 12 出分配阀/多路选择器，可将单一路流体依次切换到多个通道或样品路径。它常用于微流控实验、自动化注液、试剂分配、样品切换和多通道流路管理。,"This is a 1-to-12 microfluidic distributor/selector valve used to route a single fluid line to multiple channels or sample paths. It is commonly used in microfluidics experiments, automated reagent delivery, sample switching, and multi-line fluid path management.",多通阀,实验执行&合成设备|溶液配制与反应|实验室自动化与仪器集成|液体输送与定量分配|多通阀
多维数据维度选择器,Multi-Dimension Selector,multi_dimension_selector,multi_dimension_selector,13,35,auto-addNodeWidget|auto-addNodeWidgetsFromFlowchart|auto-closeEvent|auto-connectNode|auto-emitSelection|auto-getSelected|auto-loadSnapshot|auto-restart_widget|auto-setDefaultStyle|auto-setDimensions|auto-setSelected|auto-signalDimensionSelection|auto-spinValueChanged,这是一个用于实验数据可视化与分析界面的软件组件，不是物理仪器。它通过列表框或下拉框帮助用户从数据集中选择一个或多个维度、坐标轴或因变量，常用于实验测量数据的浏览、绘图和流程图节点配置。,"This is a software UI component rather than a physical instrument. It helps users select one or more dimensions, axes, or dependent variables from a dataset using list or combo-box based controls, typically for laboratory data browsing, plotting, and flowchart node configuration.",维度选择控件,后处理设备|实验数据可视化与分析|多维实验数据可视化|维度选择控件
多通道 xMAP 多道分析系统,Multi-channel xMAP MCA system,multi_mca_detector,multi_mca_detector,30,45,auto-ContinuousMode|auto-MCAMode|auto-NDArrayMode|auto-ROIMode|auto-SCAMode|auto-ScalerMode|auto-SpectraMode|auto-arm|auto-config_filesaver|auto-connect_counters|auto-disarm|auto-file_write_complete|auto-finish_capture|auto-finish_pixels|auto-getCurrentPixel|auto-get_calib|auto-get_next_filename|auto-get_numcaptured|auto-get_rois|auto-next_pixel|auto-post_scan|auto-pre_scan|auto-readmca|auto-restore_rois|auto-roi_calib_info|auto-save_arraydata|auto-save_calibration|auto-set_dwelltime|auto-start|auto-stop,基于 xMAP/DXP 电子学的多通道多道分析器（MCA）能谱采集系统，可同时处理多个探测通道的计数率、ROI 积分和完整能谱数据，常用于 X 射线荧光能谱、扫描测量和面扫描实验。,"A multi-channel MCA spectroscopy system based on xMAP/DXP electronics, used to acquire count rates, ROI integrals, and full spectra from multiple detector channels simultaneously. It is commonly used for X-ray fluorescence spectroscopy, scanning measurements, and mapping experiments.",多道分析器|数字脉冲处理器,表征设备|智慧表征与检测中心|X射线与辐射能谱测量|同步计数与探测器通道监测|多道分析器|数字脉冲处理器
SocketCAN 多速率周期发送任务,SocketCAN Multi-Rate Cyclic Send Task,multi_rate_cyclic_send_task,multi_rate_cyclic_send_task,3,39,modify_data|start|stop,这是一个基于 SocketCAN 的 CAN 总线周期发送任务，用于按固定周期或多速率方式重复发送 CAN 报文。它支持设置发送持续时间、在任务运行中修改报文数据，以及停止后再次启动，常用于实验设备之间的 CAN 通信测试、自动控制和报文注入。,"This is a SocketCAN-based CAN bus cyclic transmission task used to repeatedly send CAN messages at a fixed cycle or multiple rates. It supports setting a transmission duration, modifying message data while configured, and stopping then restarting the task. It is commonly used for CAN communication testing, automated control, and message injection between laboratory devices.",CAN总线报文发生器,实验执行&合成设备|实验室自动化与仪器集成|电子与电气测试|CAN总线设备调试与集成|CAN总线报文发生器
XIA xMAP多通道数字脉冲处理器,XIA xMAP Multi-Channel Digital Pulse Processor,multi_xmap,multi_xmap,43,62,auto-FileCaptureOff|auto-FileCaptureOn|auto-FileWriteComplete|auto-MCAMode|auto-SCAMode|auto-SpectraMode|auto-Write_CurrentConfig|auto-add_roi|auto-center|auto-clear|auto-clear_rois|auto-del_roi|auto-fileGet|auto-filePut|auto-finish_pixels|auto-getFileName|auto-getFileNameByIndex|auto-getFileNumber|auto-getFilePath|auto-getFileTemplate|auto-getLastFileName|auto-get_calib|auto-get_counts|auto-get_energy|auto-get_rois|auto-net|auto-nextFileNumber|auto-next_pixel|auto-readmca|auto-restore_rois|auto-roi_calib_info|auto-setFileName|auto-setFileNumCapture|auto-setFileNumber|auto-setFilePath|auto-setFileTemplate|auto-setFileWriteMode|auto-set_rois|auto-start|auto-stop|auto-sum|auto-total|auto-width,这是一种用于辐射探测器读出的多通道数字脉冲处理与多道分析电子学设备，可采集能谱、进行ROI区域统计、执行逐像素mapping，并将测量数据保存为文件。常用于X射线荧光、能谱分析及同步扫描实验。,"This is a multi-channel digital pulse processing and multichannel analysis instrument for radiation detector readout. It acquires spectra, performs ROI-based counting, supports pixel-by-pixel mapping, and saves measurement data to files. It is commonly used for X-ray fluorescence, spectral analysis, and scanning experiments.",数字脉冲处理器|多道分析器,表征设备|智慧表征与检测中心|X射线与辐射能谱测量|同步计数与探测器通道监测|数字脉冲处理器|多道分析器
数字万用表校准系统,Digital Multimeter Calibration System,multimeter_calibration_app,multimeter_calibration_app,6,13,auto-calibrate_multimeter|auto-check_calibration|auto-connect_calibrated_multimeter|auto-connect_multimeter_to_calibrate|auto-connect_power_supply|auto-init_ui,用于数字万用表校准与核查的实验室测试系统，通常由待校万用表、已校准的参考万用表以及电源或激励源组成，用于施加已知电信号并比较测量结果，从而完成校准和精度检查。,"A laboratory test system for calibrating and verifying digital multimeters. It typically consists of the multimeter under test, a calibrated reference multimeter, and a power supply or stimulus source used to apply known electrical signals and compare readings for calibration and accuracy checks.",电压表校准系统,表征设备|电子与电气测试|电压测量校准与核查|电压表校准系统
是德科技 MXRxx4A 四通道示波器,Keysight MXRxx4A 4-Channel Oscilloscope,mx_rxx4_a,mx_rxx4_a,2,12,auto-measureStatistics|auto-setupAutoscale,MXRxx4A 是一类台式四通道数字示波器，用于采集、显示和分析电子信号波形。它适合实验室中的电路调试、时序分析、信号完整性检查以及通用电子测量。,"The MXRxx4A is a benchtop 4-channel digital oscilloscope used to capture, display, and analyze electrical waveforms. It is suited for laboratory tasks such as circuit debugging, timing analysis, signal integrity checks, and general electronic measurements.",数字存储示波器,表征设备|电子与电气测试|射频与电子电路测试|瞬态信号采集与同步触发测量|数字存储示波器
是德科技 MXRxx8A 八通道示波器,Keysight MXRxx8A 8-Channel Oscilloscope,mx_rxx8_a,mx_rxx8_a,2,12,auto-measureStatistics|auto-setupAutoscale,一款台式八通道数字示波器，用于采集、显示和分析电子信号波形。适合实验室中的电路调试、时序观察、波形测量和统计分析。,"A benchtop 8-channel digital oscilloscope for capturing, displaying, and analyzing electronic signal waveforms. It is used in laboratories for circuit debugging, timing observation, waveform measurement, and statistical analysis.",数字存储示波器,表征设备|电子与电气测试|射频与电子电路测试|瞬态信号采集与同步触发测量|数字存储示波器
Rheodyne MXII 多通切换阀,Rheodyne MXII multiport valve,mx_valve,mx_valve,8,16,auto-change_port|auto-get_port|auto-message_builder|auto-read_message|auto-response_interpret|auto-stripped_hex|auto-wait_ready|auto-write_message,这是一种电动多通切换阀，用于在多个液路端口之间切换流体通道。实验室中常用于色谱、流动分析及自动化液路系统中的流路选择、样品切换和溶剂导向。该证据表明驱动面向 Rheodyne MXII 系列阀，并已在 MXX778-605 十口阀上测试。,"This is a motorized multiport valve used to switch fluid flow between multiple ports. In laboratories it is commonly used for flow-path selection, sample switching, and solvent routing in chromatography, flow analysis, and automated fluidic systems. The evidence indicates support for the Rheodyne MXII valve family and testing on the MXX778-605 10-port valve.",多通阀,实验执行&合成设备|溶液配制与反应|流动化学|液体输送与定量分配|多通阀
MXR系列示波器,MXR Series Oscilloscope,mxr,mxr,2,13,auto-measureStatistics|auto-setupAutoscale,MXR系列示波器是一类多通道数字示波器，用于采集、显示和分析电压随时间变化的波形。它适合电子电路调试、通用波形观测、自动量测与统计分析，以及在实验室中对多路信号进行快速自动缩放和比较。,"The MXR Series is a family of multi-channel digital oscilloscopes used to acquire, display, and analyze voltage waveforms over time. It is suited for electronics debugging, general waveform observation, automatic measurements and statistical analysis, and quick autoscaling and comparison of multiple signals in laboratory work.",数字存储示波器,表征设备|电子与电气测试|射频与电子电路测试|瞬态信号采集与同步触发测量|数字存储示波器
MYTHEN一维微条带X射线探测器,MYTHEN 1D Microstrip X-ray Detector,mythen,mythen,19,26,auto-acquire|auto-canMonitor|auto-canStopCount|auto-changeTime|auto-finish|auto-getValue|auto-isCounting|auto-readFlatfield|auto-readFlip|auto-readout|auto-setCountTime|auto-setFlatfield|auto-setFlip|auto-setPresetValue|auto-settings|auto-startCount|auto-stopCount|auto-wait|auto-waitFinish,MYTHEN是一种一维位置敏感微条带X射线探测器，可快速记录衍射强度随角度或通道的分布，常用于粉末X射线衍射、同步辐射束线实验和其他需要高速读出的X射线探测测量。,"MYTHEN is a one-dimensional position-sensitive microstrip X-ray detector that rapidly records diffraction intensity versus angle or channel. It is commonly used for powder X-ray diffraction, synchrotron beamline experiments, and other X-ray measurements requiring fast readout.",位置敏感X射线探测器,表征设备|智慧表征与检测中心|X射线衍射与材料表征|X射线成像与束线探测|位置敏感X射线探测器
N8700系列可编程直流电源,N8700 Series Programmable DC Power Supply,n8700,n8700,10,18,auto-initialize|auto-lock_front_panel|auto-measure_current|auto-measure_power|auto-measure_voltage|auto-remote_sense|auto-select_channel|auto-set_current|auto-set_voltage|auto-toggle_output,N8700系列是一类可编程直流电源，用于为实验装置、电子模块或测试样品提供稳定的直流电压和电流输出，并支持输出开关、前面板锁定以及电压、电流、功率测量。在实验室和自动化测试中，常用于器件供电、负载测试和系统集成供电。,"The N8700 series is a programmable DC power supply used to provide stable DC voltage and current to experimental setups, electronic modules, or test samples. It supports output on/off control, front-panel lockout, and measurement of voltage, current, and power. In laboratories and automated test systems, it is commonly used for DUT powering, load testing, and integrated system power delivery.",可编程直流电源,实验执行&合成设备|电子与电气测试|电源与电池测试|电子器件供电与台架测试|可编程直流电源
Keysight N9020B MXA信号分析仪,Keysight N9020B MXA Signal Analyzer,n9020b,n9020b,29,36,auto-close|auto-query_mark_delta_x|auto-query_mark_x_freq|auto-query_mark_y_power|auto-save_png|auto-set_auto_tune|auto-set_cal_all|auto-set_cont|auto-set_freq|auto-set_freq_cent|auto-set_freq_span|auto-set_freq_span_max|auto-set_freq_start|auto-set_freq_stop|auto-set_mark_all_off|auto-set_mark_del_freq|auto-set_mark_delt_on|auto-set_mark_to_cf|auto-set_marker_freq|auto-set_mode_spectrum_analyzer|auto-set_next_peak|auto-set_peak_search|auto-set_peak_search_continuous_on|auto-set_rbw|auto-set_rbw_auto|auto-set_ref_level|auto-set_single|auto-set_vbw|auto-set_vbw_auto,这是一台台式射频/微波信号分析仪，可在频谱分析模式下测量信号的频率分布、功率电平和峰值位置。它常用于实验室中的射频链路调试、信号源与放大器表征、杂散与谐波观察，以及频谱扫描和标记测量。,"This is a benchtop RF/microwave signal analyzer used in spectrum analysis mode to measure signal frequency distribution, power level, and peak locations. It is commonly used in laboratories for RF chain debugging, source and amplifier characterization, spurious and harmonic observation, spectrum sweeps, and marker-based measurements.",频谱分析仪,表征设备|电子与电气测试|射频与电子电路测试|频谱分析仪
NanoScan压电Z轴定位台,NanoScan Piezo Z Positioning Stage,nano_scan,nano_scan,21,28,auto-closePort|auto-getCmd|auto-getMovingState|auto-getPositionAbs|auto-getPositionRel|auto-getStep|auto-getTravelRange|auto-getVersion|auto-isPortOpen|auto-moveAbsolutePosition|auto-moveDown|auto-moveRelativePosition|auto-moveUp|auto-moveZeroPosition|auto-openPort|auto-resetStage|auto-sendCmd|auto-setCmd|auto-setPosition|auto-setStep|auto-setTravelRange,NanoScan是一种压电驱动的Z轴纳米定位台或显微镜对焦平台，用于在微米至亚微米尺度上精确调节样品或物镜的轴向位置。它常用于显微成像、自动对焦、Z轴扫描、表面形貌测量及需要快速精密焦点控制的实验。,"The NanoScan is a piezo-driven Z-axis nanopositioning stage or microscope focus stage used to precisely adjust the axial position of a sample or objective over micrometer-scale travel. It is commonly used for microscopy, autofocus, Z-scanning, surface profiling, and other experiments requiring fast and precise focus control.",电动直线位移台|电动定位台,表征设备|精密定位与运动控制|显微成像与光学显微实验|样品/探针定位与运动控制|电动直线位移台|电动定位台
NanoScanZ显微镜Z轴纳米定位台,NanoScanZ microscope Z nanopositioning stage,nano_scan_hw,nano_scan_hw,15,22,auto-connect|auto-disconnect|auto-getPositionABS|auto-getPositionHW|auto-getTravelRangeHW|auto-moveAbsolutePositionHW|auto-moveDownHW|auto-moveRelativePositionHW|auto-moveUpHW|auto-moveZeroPositionHW|auto-resetStageHW|auto-setPositionHW|auto-setPostionZeroHW|auto-setup|auto-updateHardware,这是一种用于显微镜Z轴精密调焦和高度定位的纳米定位台，可进行绝对位移、相对位移、回零与位置读取，并可显示当前行程范围与单位。它常用于显微成像中的焦点扫描、样品高度调整和自动对焦相关实验。,"This is a precision microscope Z-axis nanopositioning stage for fine focusing and height positioning. It supports absolute and relative motion, zeroing, and position readback, and can report travel range and motion units. It is commonly used for focus scans, sample height adjustment, and autofocus-related microscopy experiments.",电动直线位移台|电动定位台,表征设备|精密定位与运动控制|显微成像与光学显微实验|样品/探针定位与运动控制|电动直线位移台|电动定位台
NanoScanZ 纳米调焦压电Z轴平台,NanoScanZ Nano Focusing Piezo Stage,nano_scan_z,nano_scan_z,15,23,auto-baudrate|auto-idn|auto-move_absolute|auto-move_absolute_async|auto-move_relative|auto-move_relative_async|auto-moving|auto-position|auto-query|auto-read|auto-software_version|auto-step|auto-write|auto-zero_position|auto-zero_position_async,这是一种用于显微镜或精密定位系统的压电驱动Z轴纳米调焦平台，可在垂直方向进行高分辨率升降与精密对焦，适用于显微成像、焦点扫描和样品的精细Z向定位。,"A piezo-driven Z-axis nano focusing stage for microscopes or precision positioning systems. It provides high-resolution vertical motion and fine focus control for microscopy, focus scanning, and precise sample positioning along the Z axis.",电动直线位移台|电动定位台,表征设备|精密定位与运动控制|显微成像与光学显微实验|样品/探针定位与运动控制|电动直线位移台|电动定位台
通用控制台通信接口,Generic Console Communication Interface,nanocom,nanocom,6,19,auto-close|auto-join|auto-reader|auto-start|auto-stop|auto-writer,这是一个通用的控制台式通信接口，用于在实验室中通过文本命令或流式数据通道与仪器进行交互。它适合管理读写通信会话，例如启动、停止、关闭连接，以及处理输入输出数据流。,"This is a generic console-style communication interface used in laboratories to interact with instruments through text commands or streaming data channels. It is suited for managing read/write communication sessions, including starting, stopping, closing connections, and handling input/output data streams.",通用字节流仪器通信接口|串行仪器通信接口,实验执行&合成设备|实验室自动化与仪器集成|实验仪器通信与驱动集成|通用字节流仪器通信接口|串行仪器通信接口
Nanonis扫描探针显微镜控制器,Nanonis scanning probe microscope controller,nanonis_tcp,nanonis_tcp,15,23,auto-check_error|auto-close_connection|auto-float32_to_hex|auto-float64_to_hex|auto-hex_to_float32|auto-hex_to_float64|auto-hex_to_int16|auto-hex_to_int32|auto-hex_to_uint16|auto-hex_to_uint32|auto-make_header|auto-receive_response|auto-send_command|auto-string_to_hex|auto-to_hex,这是一类用于扫描探针显微镜实验的控制器与控制电子学设备，常见于扫描隧道显微镜和原子力显微镜平台。它用于连接主机与显微镜系统，执行实验控制、扫描过程协调以及测量数据交互，适合实验室中的自动化显微测量与仪器联动。,"This is a controller and control-electronics unit used in scanning probe microscopy experiments, commonly paired with STM and AFM platforms. It connects the host computer to the microscope system and is used for experiment control, scan coordination, and measurement data exchange in automated laboratory microscopy workflows.",显微镜自动化控制器|扫描采集控制模块,表征设备|实验室自动化与仪器集成|智慧表征与检测中心|实验仪器数据采集与联机控制|显微镜自动化控制器|扫描采集控制模块
Narda 601 场强仪,Narda 601 Field Strength Meter,narda601,narda601,5,13,auto-binarytoVm|auto-decode_example|auto-query|auto-readback|auto-returnstr,Narda 601 是一类用于测量电磁场强度的场强仪/探头设备，可读出电场强度等场强数据，常用于射频与电磁环境测试、设备辐射评估以及实验室场强监测。,"The Narda 601 is a field strength meter/probe used to measure electromagnetic field strength, including electric field intensity readings. It is commonly used for RF and electromagnetic environment testing, radiation assessment, and laboratory field monitoring.",电磁场强度探头,表征设备|电子与电气测试|射频与电子电路测试|电磁兼容与辐射场测试|电磁场强度探头
树莓派 GPIO 引脚,Raspberry Pi GPIO Pins,native_pin,native_pin,11,59,auto-close|auto-export|auto-exported|auto-gpio_base|auto-path|auto-path_dir|auto-path_edge|auto-path_value|auto-unexport|auto-unwatch|auto-watch,这是树莓派单板计算机上的通用输入输出引脚接口，可用于数字输入、数字输出和边沿检测。实验中常用来连接 LED、按键、继电器以及简单传感器，实现设备开关控制、状态采集和基础自动化联动。,"These are the general-purpose input/output pins on a Raspberry Pi single-board computer, used for digital input, digital output, and edge detection. In laboratory setups they are commonly used to connect LEDs, buttons, relays, and simple sensors for switch control, state sensing, and basic automation tasks.",通用数字输入输出外设,实验执行&合成设备|实验室自动化与仪器集成|通用数字输入输出与状态检测|通用数字输入输出外设
内存多维图像数据集存储,In-Memory Multidimensional Image Dataset Storage,ndram_dataset_java,ndram_dataset_java,6,15,auto-add_available_axes|auto-close|auto-has_image|auto-is_finished|auto-read_image|auto-read_metadata,这是一个用于显微成像采集流程的软件数据存储组件，在 RAM 中保存多维图像及其元数据，并按通道、Z 层、时间点、位置、行列等坐标建立索引，便于实验过程中快速判断图像是否存在、读取图像内容以及读取对应元数据。,"This is a software data storage component for microscopy acquisition workflows. It stores multidimensional images and their metadata in RAM and indexes them by coordinates such as channel, z, time, position, row, and column for fast checking, retrieval of image data, and retrieval of metadata during experiments.",内存实验项目存储后端|实验数据集对象,表征设备|实验数据管理与记录|显微成像与光学显微实验|实验项目数据缓存与临时持久化|内存实验项目存储后端|实验数据集对象
Andor Neo科学CMOS相机,Andor Neo sCMOS Camera,neo,neo,10,18,auto-clock_rate|auto-exposure_time|auto-fan_peed|auto-initialize|auto-pixel_encoding|auto-roi|auto-sensor_size|auto-sensor_temp|auto-take_image|auto-take_image_async,Andor Neo是一款科学级CMOS相机，用于实验室中的低噪声、高灵敏度二维成像。它常用于显微成像、光学检测和需要可调曝光、传感器读出与区域选取的科学图像采集实验。,"The Andor Neo is a scientific CMOS camera for low-noise, high-sensitivity 2D imaging in laboratories. It is commonly used for microscopy, optical measurements, and scientific image acquisition experiments that require adjustable exposure, sensor readout settings, and region-of-interest selection.",科学相机,表征设备|光学与光谱实验|显微成像与光学显微实验|实验成像与机器视觉|科学相机
Intrepid neoVI CAN总线接口,Intrepid neoVI CAN Bus Interface,neo_vi_bus,neo_vi_bus,2,26,auto-send|auto-shutdown,Intrepid neoVI 系列车载网络接口设备，用于 CAN/CAN FD 等总线通信、采集与诊断。,"Intrepid neoVI family in-vehicle network interfaces for CAN/CAN FD communication, data logging, and diagnostics.",CAN总线分析仪|CAN总线日志记录器,实验执行&合成设备|表征设备|电子与电气测试|CAN总线通信记录与离线分析|CAN总线设备调试与集成|CAN总线分析仪|CAN总线日志记录器
Neousys CAN总线接口,Neousys CAN Bus Interface,neousys_bus,neousys_bus,2,13,auto-send|auto-shutdown,Neousys 平台的 CAN 总线通信接口/适配层，用于在工业或车载场景接入 CAN 网络。,A CAN bus communication interface/adapter layer for Neousys platforms in industrial and in-vehicle applications.,CAN总线分析仪,实验执行&合成设备|表征设备|电子与电气测试|过程控制与工业仪表实验|CAN总线设备调试与集成|CAN总线通信记录与离线分析|CAN总线分析仪
网络套接字客户端,Network Socket Client,netclient,netclient,7,31,auto-addr|auto-close|auto-closeall|auto-has_data|auto-port|auto-receive_message|auto-send,通用网络客户端组件，用于建立并保持到指定地址与端口的 Socket 连接。,A generic network client component that opens and maintains a socket connection to a target address and port.,通用字节流仪器通信接口,实验执行&合成设备|实验室自动化与仪器集成|实验仪器数据采集与联机控制|实验仪器通信与驱动集成|通用字节流仪器通信接口
New Scale MPM微运动控制器,New Scale MPM Micro Motion Controller,new_scale_mpm,new_scale_mpm,6,16,auto-axes|auto-capabilities|auto-monitor|auto-positionUpdatesPerSecond|auto-quit|auto-stop,用于 New Scale 微型线性执行器/位移台的运动控制接口，支持精密定位与多轴控制场景。,"A motion-control interface for New Scale micro linear actuators/stages, supporting precision positioning and multi-axis control workflows.",压电步进位移台控制器|电动位移台控制器,实验执行&合成设备|精密定位与运动控制|样品/探针定位与运动控制|显微成像与光学显微实验|压电步进位移台控制器|电动位移台控制器
Newport仪器通信接口,Newport Instrument Interface,newport,newport,3,13,auto-get_spectrum|auto-off|auto-on,面向 Newport 仪器的通用通信驱动接口，用于实验系统中的设备连接与控制。,"A general communication driver interface for Newport instruments, used for device connectivity and control in lab systems.",通用字节流仪器通信接口,实验执行&合成设备|表征设备|光学与光谱实验|实验仪器通信与驱动集成|光谱采集与检测|通用字节流仪器通信接口
Newport 2832-C双通道光功率计,Newport 2832-C Dual-Channel Optical Power Meter,newport2832c,newport2832c,25,39,auto-clear_data_buffer|auto-get_analogue_current_A|auto-get_data_buffer_counts|auto-get_data_buffer_sample|auto-get_data_buffer_samples|auto-get_data_buffer_size|auto-get_data_buffer_units|auto-get_data_store|auto-get_external_trigger|auto-get_external_trigger_edge|auto-get_max_current_A|auto-get_range|auto-get_responsivity_A_W|auto-get_rs232_echo|auto-get_wavelength_m|auto-set_data_buffer_size|auto-set_data_buffer_units|auto-set_data_store|auto-set_external_trigger|auto-set_external_trigger_edge|auto-set_rs232_echo|auto-set_wavelength_m|auto-start_data_acquisition|auto-stop_data_acquisition|auto-verify_channel,Newport 2832-C 双通道高精度光功率计，用于光学信号功率测量与测试。,The Newport 2832-C is a dual-channel high-precision optical power meter for optical power measurement and test workflows.,激光功率/能量计,表征设备|光学与光谱实验|激光功率监测与能量校准|激光功率/能量计
Newport ESP301三轴运动控制器,Newport ESP301 3-Axis Motion Controller,newport_esp301,newport_esp301,57,107,auto-abort_motion|auto-acceleration|auto-acceleration_feed_forward|auto-axis|auto-axis_id|auto-current|auto-deceleration|auto-define_program|auto-derivative_gain|auto-desired_position|auto-desired_velocity|auto-disable|auto-enable|auto-encoder_position|auto-encoder_resolution|auto-error_threshold|auto-estop_deceleration|auto-execute_bulk_command|auto-feedback_configuration|auto-full_step_resolution|auto-get_status|auto-hardware_limit_configuration|auto-home|auto-homing_velocity|auto-integral_gain|auto-integral_saturation_gain|auto-is_motion_done|auto-jerk|auto-jog_high_velocity|auto-jog_low_velocity|auto-left_limit|auto-max_acceleration|auto-max_base_velocity|auto-max_deceleration|auto-max_velocity|auto-microstep_factor|auto-motor_type|auto-move|auto-move_indefinitely|auto-move_to_hardware_limit|auto-position|auto-position_display_resolution|auto-proportional_gain|auto-read_setup|auto-reset|auto-right_limit|auto-run_program|auto-search_for_home|auto-setup_axis|auto-stop_motion|auto-trajectory|auto-units|auto-velocity|auto-voltage|auto-wait_for_motion|auto-wait_for_position|auto-wait_for_stop,Newport ESP301 集成三轴运动控制器/驱动器，用于精密位移平台和执行机构控制。,The Newport ESP301 is an integrated 3-axis motion controller/driver for precision stages and actuators.,电动位移台控制器|位置控制器,实验执行&合成设备|精密定位与运动控制|样品/探针定位与运动控制|电动位移台控制器|位置控制器
Newport XPS高性能运动控制器,Newport XPS High-Performance Motion Controller,newport_xps,newport_xps,49,59,auto-abort_group|auto-arm_trajectory|auto-check_error|auto-clean_folders|auto-connect|auto-define_array_trajectory|auto-define_line_trajectories|auto-define_line_trajectories_general|auto-delete_script|auto-disable_group|auto-disconnect|auto-download_script|auto-download_trajectory|auto-enable_group|auto-execute_script|auto-get_group_status|auto-get_hardware_status|auto-get_positioner_errors|auto-get_stage_position|auto-get_trajectory|auto-get_tuning|auto-home_allgroups|auto-home_group|auto-initialize_allgroups|auto-initialize_group|auto-kill_group|auto-list_scripts|auto-move_group|auto-move_stage|auto-move_to_trajectory_start|auto-read_and_save|auto-read_gathering|auto-read_script|auto-read_stage_position|auto-read_systemini|auto-reboot|auto-run_line_trajectory_general|auto-run_trajectory|auto-save_gathering_file|auto-save_stagesini|auto-save_systemini|auto-set_trajectory_group|auto-set_tuning|auto-set_velocity|auto-status_report|auto-upload_script|auto-upload_stagesini|auto-upload_systemini|auto-upload_trajectory,Newport XPS 系列通用高性能多轴运动控制平台，支持复杂轨迹和同步控制。,Newport XPS is a universal high-performance multi-axis motion control platform for complex trajectory and synchronized control tasks.,电动位移台控制器|位置控制器,实验执行&合成设备|精密定位与运动控制|样品/探针定位与运动控制|电动位移台控制器|位置控制器
Next Generation注射泵,Next Generation Syringe Pump,next_gen_pump,next_gen_pump,17,33,auto-clear_faults|auto-current_conditions|auto-current_state|auto-flowrate|auto-flowrate_compensation|auto-keypad_disable|auto-keypad_enable|auto-lower_pressure_limit|auto-pump_info|auto-read_faults|auto-reset|auto-run|auto-set_leak_mode|auto-solvent|auto-stop|auto-upper_pressure_limit|auto-zero_seal,面向 Next Generation 系列注射泵的串口通信驱动，用于流体输注与程序化给液控制。,"A serial communication driver for Next Generation syringe pumps, used in fluid infusion and programmable dispensing control.",注射泵,实验执行&合成设备|溶液配制与反应|过程控制与工业仪表实验|液体输送与定量分配|注射泵
NI计数器输出设备,NI Counter Output Device,ni_co_device,ni_co_device,14,21,auto-close|auto-create_task|auto-set_high_time1|auto-set_high_time2|auto-set_initial_delay_chan1|auto-set_initial_delay_chan2|auto-set_low_time1|auto-set_period2|auto-set_trigger|auto-set_trigger_edge|auto-set_trigger_source|auto-start_task|auto-stop_task|auto-update_task,基于 NI-DAQmx 的计数器输出设备接口，主要用于脉冲/时序信号生成与触发控制。,An NI-DAQmx counter-output device interface mainly used for pulse/timing signal generation and trigger control.,数据采集与控制接口,实验执行&合成设备|实验室自动化与仪器集成|电子与电气测试|脉冲激励与时序控制|瞬态信号采集与同步触发测量|数据采集与控制接口
NI计数器输出模块,NI Counter Output Module,ni_co_hw,ni_co_hw,15,22,auto-connect|auto-disconnect|auto-get_high_time1|auto-get_high_time2|auto-get_initial_delay_chan1|auto-get_initial_delay_chan2|auto-get_low_time1|auto-get_period2|auto-get_trigger|auto-get_trigger_edge|auto-get_trigger_source|auto-setup|auto-start|auto-stop|auto-update_channels,这是一类美国国家仪器（NI）的数据采集计数器/定时器输出硬件，用于产生可设定延时、高电平时间、低电平时间和周期的脉冲序列，并可配置外部触发源与触发沿。它常用于实验中的时序控制、同步触发、脉冲信号产生以及与其他仪器的联动。,"This is a National Instruments data acquisition counter/timer output device used to generate pulse sequences with configurable initial delay, high time, low time, and period, with support for external trigger source and trigger edge selection. It is commonly used in laboratories for timing control, synchronization, trigger generation, and coordination with other instruments.",计数器/定时器输出模块,实验执行&合成设备|实验室自动化与仪器集成|脉冲激励与时序控制|瞬态信号采集与同步触发测量|计数器/定时器输出模块
NI数字输出设备,NI Digital Output Device,ni_do_device,ni_do_device,4,11,auto-Task|auto-close|auto-stop_task|auto-write,这是一类美国国家仪器的数字输出数据采集设备，用于输出开关量或TTL电平信号，在实验中常用于触发其他仪器、控制继电器或快门、切换外部电路状态，以及实现时序同步控制。,"This is a National Instruments digital output data acquisition device used to generate digital or TTL-level signals. In laboratory setups, it is commonly used to trigger other instruments, control relays or shutters, switch external circuit states, and provide timing synchronization.",通用数字输入输出外设,实验执行&合成设备|实验室自动化与仪器集成|通用数字输入输出与状态检测|脉冲激励与时序控制|通用数字输入输出外设
NI数字输出设备,NI Digital Output Device,ni_do_hw,ni_do_hw,5,12,auto-connect|auto-disconnect|auto-setup|auto-update_channels|auto-write_value,这是一类美国国家仪器公司的数字输出数据采集设备或板卡，可通过多个数字通道输出高低电平信号，用于实验室中的TTL控制、设备触发、开关量控制和自动化联动。,"This is a National Instruments digital output data acquisition device or board that provides multiple digital channels for outputting logic high/low signals, commonly used in laboratories for TTL control, instrument triggering, on/off switching, and automation interlocks.",通用数字输入输出外设,实验执行&合成设备|实验室自动化与仪器集成|通用数字输入输出与状态检测|脉冲激励与时序控制|通用数字输入输出外设
NI-XNET CAN总线接口,NI-XNET CAN bus interface,ni_xne_tcan_bus,ni_xne_tcan_bus,3,13,auto-reset|auto-send|auto-shutdown,用于将计算机连接到CAN/CAN FD网络的总线接口设备，常用于实验室中的汽车电子、ECU与工业控制通信测试、报文收发和总线故障排查。,"A bus interface device that connects a computer to a CAN/CAN FD network. It is commonly used in labs for automotive electronics, ECU and industrial communication testing, message transmission and reception, and bus troubleshooting.",CAN总线接口,实验执行&合成设备|电子与电气测试|CAN总线设备调试与集成|CAN总线通信记录与离线分析|CAN总线接口
NI CAN总线接口,NI CAN Bus Interface,nican_bus,nican_bus,3,15,auto-reset|auto-send|auto-shutdown,这是一类由美国国家仪器提供的CAN总线接口硬件，用于将计算机或测试系统连接到CAN网络，实现报文收发、总线监测与通信控制。常用于汽车电子、工业控制和仪器联调中的设备通信、ECU测试与总线数据采集。,"This is a CAN bus interface device from National Instruments used to connect a computer or test system to a CAN network for message transmission, bus monitoring, and communication control. It is commonly used in automotive electronics, industrial control, and lab test setups for ECU testing, device communication, and CAN data acquisition.",CAN总线接口,实验执行&合成设备|电子与电气测试|CAN总线设备调试与集成|CAN总线通信记录与离线分析|CAN总线接口
Nobø Ecohub 供暖控制集线器,Nobø Ecohub heating control hub,nobo,nobo,40,54,auto-async_add_week_profile|auto-async_connect_hub|auto-async_create_override|auto-async_discover_hubs|auto-async_remove_week_profile|auto-async_send_command|auto-async_update_week_profile|auto-async_update_zone|auto-close|auto-connect|auto-connect_hub|auto-create_override|auto-deregister_callback|auto-discover_hubs|auto-get_current_component_temperature|auto-get_current_zone_mode|auto-get_current_zone_temperature|auto-get_response|auto-get_week_profile_status|auto-get_zone_override_mode|auto-has_temp_sensor|auto-is_valid_datetime|auto-keep_alive|auto-model_id|auto-name|auto-reconnect_hub|auto-register_callback|auto-requires_control_panel|auto-response_handler|auto-send_command|auto-socket_receive|auto-start|auto-stop|auto-supports_comfort|auto-supports_eco|auto-time_is_quarter|auto-type|auto-update_zone|auto-validate_temperature|auto-validate_week_profile,用于 Nobø 电采暖系统的网络集线器，可在局域网中发现并连接供暖分区与组件，管理周程序、舒适/节能/离家等覆盖模式，并读取分区或组件温度，适合实验室房间供暖与环境温度管理。,"A network-connected hub for Nobø electric heating systems. It can discover and connect heating zones and components on a local network, manage weekly schedules and comfort/eco/away overrides, and read zone or component temperatures for room heating and environmental temperature management in labs.",暖通控制集线器,物流/机械|环境控制与稳定性测试|楼宇环境监测与HVAC联动|暖通控制集线器
计算节点服务器,Compute Node Server,node_server,node_server,1,28,auto-stop,用于实验室分布式计算或数据处理集群的节点服务器软件，通常运行在联网计算机上，用于发现任务分发端、申请处理任务并可被停止或关闭。,"A node server used in laboratory distributed computing or data-processing clusters. It typically runs on a networked computer to discover a task distributor, request work, and be stopped or shut down when needed.",分布式计算节点,后处理设备|分布式实验数据处理|实验计算与数据处理|分布式计算节点
非持久模式磁体线圈,Non-persistent Magnet Coil,non__persistent__coil,non__persistent__coil,5,12,auto-curr_to_field|auto-field_to_curr|auto-get_field|auto-set_field|auto-step_field_to_value,一种在非持久模式下工作的磁体线圈，用于在实验中产生和调节磁场。此类线圈通常通过外部电流源连续供电，常见于低温测量、量子器件表征及其他需要可控磁场偏置的实验。,"A magnet coil operated in non-persistent mode, used to generate and adjust magnetic fields in laboratory experiments. This type of coil is typically driven continuously by an external current source and is commonly used in cryogenic measurements, quantum device characterization, and other setups requiring a controllable magnetic field bias.",实验室磁体系统,实验执行&合成设备|低温与量子测量|超导磁体与低温磁场控制|磁场施加与扫描测量|实验室磁体系统
海洋光学光谱仪,Ocean Optics spectrometer,not_implemented_wrapper,not_implemented_wrapper,39,59,auto-close_spectrometer|auto-get_electric_dark_pixel_indices|auto-get_formatted_spectrum|auto-get_formatted_spectrum_length|auto-get_light_source_count|auto-get_min_integration_time_microsec|auto-get_model|auto-get_serial_number|auto-get_unformatted_spectrum|auto-get_unformatted_spectrum_length|auto-get_wavelengths|auto-has_continuous_strobe_feature|auto-has_eeprom_feature|auto-has_irrad_calibration_feature|auto-has_irrad_collection_area|auto-has_lamp_feature|auto-has_light_source_feature|auto-has_nonlinearity_coeffs_feature|auto-has_shutter_feature|auto-has_spectrometer_feature|auto-has_stray_light_feature|auto-has_tec_feature|auto-open_spectrometer|auto-read_eeprom_slot|auto-read_irrad_calibration|auto-read_irrad_collection_area|auto-read_tec_temperature|auto-set_continuous_strobe_period_microsec|auto-set_integration_time_microsec|auto-set_light_source_enable|auto-set_light_source_intensity|auto-set_shutter_open|auto-set_tec_enable|auto-set_tec_fan_enable|auto-set_tec_temperature|auto-set_trigger_mode|auto-write_eeprom_slot|auto-write_irrad_calibration|auto-write_irrad_collection_area,一类紧凑型实验室光谱仪，用于测量光强随波长的分布，常用于吸收、透射、反射、荧光和光源表征等光学实验。部分型号可带快门、内置光源、辐照度校准、热电制冷和电子存储等功能。,"A family of compact laboratory spectrometers used to measure light intensity as a function of wavelength. They are commonly used for optical measurements such as absorption, transmission, reflection, fluorescence, and light-source characterization. Some models may include features such as a shutter, built-in light source, irradiance calibration, thermoelectric cooling, and onboard memory.",光谱仪,表征设备|光学与光谱实验|光谱采集与检测|光谱仪
CAN总线消息通知器,CAN Bus Notifier,notifier,notifier,7,23,auto-add_bus|auto-add_listener|auto-bus|auto-find_instances|auto-remove_listener|auto-stop|auto-stopped,这不是可明确识别的物理仪器，而是一个用于 CAN 总线的消息通知与分发组件。在实验室自动化或设备集成场景中，它用于监听一个或多个 CAN 总线上的报文，并将新到达的消息分发给已注册的监听器。,"This is not a clearly identifiable physical instrument, but a CAN bus message notification and dispatch component. In laboratory automation or instrument-integration workflows, it is used to monitor one or more CAN buses and distribute newly received messages to registered listeners.",CAN总线消息通知器,实验执行&合成设备|实验室自动化与仪器集成|CAN总线设备调试与集成|CAN总线消息通知器
数字示波器,Digital Oscilloscope,o_scope,o_scope,18,29,auto-autoscale|auto-burst|auto-chk|auto-delay|auto-measureCurr|auto-measureVolt|auto-off|auto-on|auto-pulseWave|auto-rampWave|auto-screenShot|auto-selfSetup|auto-setCurr|auto-setVolt|auto-sinWave|auto-sqrWave|auto-sweep|auto-waveGen,数字示波器是用于观察和测量电信号随时间变化的台式电子测试仪器，常用于波形捕获、幅度/频率/时序分析以及电路调试。根据配置，设备还可支持屏幕截图和内置信号发生器输出。,"A digital oscilloscope is a benchtop electronic test instrument used to view and measure how electrical signals change over time. It is commonly used for waveform capture, amplitude, frequency, and timing analysis, as well as circuit debugging. Depending on the configuration, the instrument may also support screen capture and a built-in waveform generator.",数字存储示波器,表征设备|电子与电气测试|射频与电子电路测试|瞬态信号采集与同步触发测量|数字存储示波器
Elveflow OB1‑Mk4 微流控压力控制器,Elveflow OB1-Mk4 microfluidic pressure controller,ob1elve,ob1elve,20,36,auto-addSensor|auto-close|auto-getFlowUniversal|auto-getPressure|auto-getPressureUniversal|auto-getSensorData|auto-loadCallibration|auto-loadDLL|auto-open|auto-performCallibration|auto-remoteAddPID|auto-remoteChangePID|auto-remoteGetData|auto-remotePausePID|auto-remoteResetPID|auto-remoteSetTarget|auto-remoteStartPID|auto-setPressure|auto-startRemote|auto-stopRemote,这是一款用于微流控实验的多通道压力控制器，可为芯片、储液器或流体回路提供精密气压驱动。设备可读取各压力通道数据，并可接入流量或压力传感器进行监测、校准与闭环 PID 控制，常用于稳定微流量输送、液滴生成和微流控芯片流路调节。,"This device is a multi-channel pressure controller for microfluidic experiments, providing precise pneumatic actuation for chips, reservoirs, and fluidic circuits. It can read pressure on each channel and work with flow or pressure sensors for monitoring, calibration, and closed-loop PID control, making it suitable for stable low-flow delivery, droplet generation, and microfluidic flow regulation.",微流控压力控制器,实验执行&合成设备|溶液配制与反应|液体输送与定量分配|微流控与流体操控|微流控压力驱动与流路控制|微流控压力控制器
OBIS 激光器,OBIS Laser,obis_laser,obis_laser,6,24,auto-get_is_on|auto-get_status|auto-initialize|auto-set_trigger|auto-trigger_mode|auto-trigger_type,OBIS 激光器是一种实验室激光光源，常用于显微成像和其他光学实验中的受控照明与激发。它可作为显微镜光源使用，提供稳定激光输出，并支持开关状态与触发方式控制。,"An OBIS laser is a laboratory laser light source commonly used for controlled illumination and excitation in microscopy and other optical experiments. It serves as a microscope light source, providing stable laser output with controllable on/off state and trigger behavior.",实验室激光光源,表征设备|光学与光谱实验|显微成像与光学显微实验|激光激发与光谱测量|实验室激光光源
光纤光谱仪,Fiber Optic Spectrometer,ocean,ocean,4,11,auto-close|auto-loadFile|auto-open|auto-readSpectrum,这是一种用于采集光谱信号的光纤光谱仪，可在设定积分时间后测量样品或光源的强度随波长分布。实验室中常用于发射光谱、吸收光谱、荧光光谱及一般光学表征。,"This is a fiber optic spectrometer used to acquire optical spectra by measuring intensity as a function of wavelength with a configurable integration time. In laboratories it is commonly used for emission, absorption, fluorescence, and general optical characterization.",光谱仪,表征设备|光学与光谱实验|光谱采集与检测|光谱仪
海洋光谱仪,Ocean spectrometer,ocean_device,ocean_device,3,12,auto-acquire_data|auto-connect|auto-scans_to_average,海洋光谱仪是一类用于测量光强随波长分布的实验室光谱设备，常用于采集样品的发射、透射、反射或其他光学光谱信号。该类仪器适合基础光谱测量、过程监测和通用光学实验。,"An ocean spectrometer is a laboratory optical spectrometer used to measure light intensity as a function of wavelength. It is commonly used to acquire emission, transmission, reflection, or other optical spectra from samples in general spectroscopy experiments and routine measurement workflows.",光谱仪,表征设备|光学与光谱实验|光谱采集与检测|光谱仪
Odin探测器采集系统,Odin detector acquisition system,odin,odin,3,15,auto-collect_stream_docs|auto-get_indices_written|auto-observe_indices_written,用于实验中高速探测器数据读出与写入的采集系统，负责接收探测器输出并将连续帧写入数据流或文件，常见于同步辐射、成像和其他高通量测量场景。,"A data acquisition and writing system for high-speed detectors, used to receive detector output and write sequential frames to data streams or files. It is commonly used in synchrotron, imaging, and other high-throughput measurement setups.",高速数据采集系统,表征设备|智慧表征与检测中心|实验数据管理与记录|X射线成像与束线探测|瞬态信号采集与同步触发测量|高速数据采集系统
Odin探测器数据写出节点,Odin detector data writer node,odin_writer,odin_writer,5,15,auto-close|auto-collect_stream_docs|auto-get_indices_written|auto-observe_indices_written|auto-open,Odin探测器数据写出节点是与高速科学探测器配套的数据采集与存储单元，用于在实验过程中接收连续曝光产生的帧数据，按采集顺序写出并跟踪已写入索引，便于后续流式处理与分析。,"An Odin detector data writer node is a data acquisition and storage unit used with high-speed scientific detectors. During experiments it receives frame data from successive exposures, writes them in acquisition order, and tracks written indices for downstream streaming and analysis.",数据采集流水线处理节点|实验扫描数据写入器,表征设备|智慧表征与检测中心|实验数据管理与记录|X射线成像与束线探测|瞬态信号采集与同步触发测量|数据采集流水线处理节点|实验扫描数据写入器
Ocean Insight 光纤光谱仪,Ocean Insight fiber-optic spectrometer,oi_spectrometer,oi_spectrometer,16,45,auto-doInitializeDevice|auto-doShutdownDevice|auto-flushEndpoints|auto-getCalibration|auto-getIntegrationTime|auto-getParameter|auto-getSerialNumber|auto-getSpectrum|auto-getSpectrumData|auto-getStatus|auto-isSpectrumReady|auto-isSpectrumRequested|auto-readReply|auto-requestSpectrum|auto-sendCommand|auto-setIntegrationTime,一种通过 USB 连接的紧凑型光纤光谱仪，用于测量不同波长处的光强分布。实验室中常用于光源与样品的光谱表征，例如透射、反射或发射测量，并可通过调节积分时间适配不同信号强度。,"A compact USB-connected fiber-optic spectrometer used to measure light intensity as a function of wavelength. In laboratories it is commonly used for spectral characterization of light sources and samples, such as transmission, reflection, or emission measurements, with adjustable integration time for different signal levels.",光谱仪,表征设备|光学与光谱实验|光谱采集与检测|光谱仪
奥林巴斯IX81卤素灯,Olympus IX81 Halogen Lamp,olympus_ix81_halogen_lamp,olympus_ix81_halogen_lamp,3,11,auto-IsOn|auto-TurnOff|auto-TurnOn,用于奥林巴斯 IX81 倒置显微镜的卤素照明光源，为样品观察提供可见光照明，常用于明场或透射照明下的常规显微成像与对焦。,"A halogen illumination source for the Olympus IX81 inverted microscope, providing visible-light illumination for sample observation and commonly used for routine microscopy and focusing in brightfield or transmitted-light imaging.",显微镜卤素照明光源,表征设备|光学与光谱实验|显微成像与光学显微实验|显微镜卤素照明光源
在线测量显示组件,Online Measurement Display,online_display,online_display,4,20,auto-close|auto-processingLoop|auto-setMinimumSendInterval|auto-stopProcessingLoop,这是一种非物理的软件显示组件，用于在实验进行过程中实时显示测量数据。它从测量设备的数据接收对象获取数据，并将时间、电压、电流等轨迹发送到独立的绘图进程中进行在线可视化，常用于电化学/恒电位仪测量过程的实时曲线监看。,"This is a non-physical software display component for showing measurement data live during an experiment. It receives data from a measurement device's data receiver and forwards time, voltage, current, and related traces to a separate plotting process for online visualization, typically for real-time monitoring of electrochemical/potentiostat measurements.",实验控制仪表板|在线测量曲线显示器,表征设备|电化学测试与分析|实验数据可视化与分析|电化学表征与阻抗谱测量|仪表读数与状态监测|实验控制仪表板|在线测量曲线显示器
OpenBCI生物电采集板,OpenBCI biosensing board,open_bci_board,open_bci_board,20,31,auto-check_connection|auto-disable_filters|auto-disconnect|auto-enable_filters|auto-find_port|auto-getNbAUXChannels|auto-getNbEEGChannels|auto-getSampleRate|auto-openbci_id|auto-print_bytes_in|auto-print_incoming_text|auto-print_packets_in|auto-print_register_settings|auto-reconnect|auto-run|auto-set_channel|auto-start_streaming|auto-stop|auto-test_signal|auto-warn,这是一种多通道开源生物电信号采集板，主要用于采集脑电信号，并可提供辅助通道输入。设备可通过扩展模块增加通道数，适合用于脑机接口实验、神经信号记录、教学演示以及一般生理电信号采集。,"This is a multi-channel open-source biosensing board mainly used to acquire EEG signals, with additional auxiliary input channels. It can expand channel count with a daisy module and is commonly used for brain-computer interface experiments, neural signal recording, teaching, and general physiological signal acquisition.",模拟输入数据采集模块|生物电信号采集板,表征设备|生命体系|传感测量与环境感知|模拟输入数据采集模块|脑机接口与生理电信号采集|生物电信号采集板
通用摄像头,Generic Camera,open_cv_camera,open_cv_camera,6,23,auto-availableCameras|auto-doCaptureFrame|auto-doInitializeDevice|auto-doShutdownDevice|auto-isCompatibleWith|auto-openCVProperties,通用可见光摄像头，可用于采集实验过程中的图像帧，适合样品观察、装置对准、过程监控和基础视觉记录等实验室场景。,"A general-purpose visible-light camera used to capture image frames in laboratory workflows, suitable for sample observation, instrument alignment, process monitoring, and basic visual recording.",工业相机,表征设备|传感测量与环境感知|实验成像与机器视觉|实验成像与过程监测|工业相机
OpenFlexure 电动位移台,OpenFlexure motorized translation stage,open_flexure_stage,open_flexure_stage,14,30,auto-backlash|auto-focus_rel|auto-gain|auto-home|auto-list_modules|auto-move_abs|auto-move_rel|auto-n_axes|auto-print_help|auto-query|auto-release_motors|auto-scan_linear|auto-scan_z|auto-test_mode,一种通过串口控制的电动位移台，通常由步进电机驱动，用于多轴样品或光学部件定位。它可执行相对/绝对移动、Z 轴对焦扫描、线性扫描以及基于限位的回零，常用于显微成像、样品定位和重复扫描实验。,"A serial-controlled motorized translation stage, typically driven by stepper motors, for multi-axis positioning of samples or optical components. It supports relative/absolute motion, Z-axis focus scans, linear scans, and endstop-based homing, and is commonly used in microscopy, sample positioning, and repeatable scanning experiments.",电动定位台|电动直线位移台,表征设备|精密定位与运动控制|样品/探针定位与运动控制|显微成像与光学显微实验|电动定位台|电动直线位移台
OpenPLC 可编程逻辑控制系统,OpenPLC programmable logic control system,open_plc_role_ruleset,open_plc_role_ruleset,9,26,auto-check_validity|auto-cleanup|auto-create_trust_store|auto-generate_server_certificate|auto-get_security_settings|auto-initialize_security|auto-setup_certificate_validation|auto-setup_server_security|auto-validate_client_certificate,一种用于工业与实验室自动化的可编程逻辑控制系统，可运行控制逻辑并通过 OPC UA 与 SCADA、HMI 或上位机通信，适合教学平台、测试台和小型自动化实验集成。,"A programmable logic control system for industrial and laboratory automation that runs control logic and communicates with SCADA, HMI, or supervisory software over OPC UA. It is suitable for teaching setups, test benches, and small automation integrations.",PLC控制器,物流/机械|实验室自动化与仪器集成|过程控制与工业仪表实验|PLC控制与设备联锁|OPC-UA服务器建模与地址空间管理|PLC控制器
Opentrons 温度模块,Opentrons Temperature Module,opentrons_temperature_module_usb_backend,opentrons_temperature_module_usb_backend,6,16,auto-deactivate|auto-get_current_temperature|auto-serial|auto-serialize|auto-set_temperature|auto-supports_active_cooling,Opentrons 温度模块是一种用于实验室自动化平台的温控附件，可对样品板或其他小型实验容器进行加热或冷却并维持设定温度，常用于样品孵育、试剂保冷及温度敏感实验流程。,"The Opentrons Temperature Module is a temperature-control accessory for laboratory automation platforms. It heats or cools microplates or other small lab containers and maintains a set temperature for sample incubation, reagent cooling, and other temperature-sensitive workflows.",微孔板温控模块,备料&前处理设备|实验执行&合成设备|生命体系|实验室自动化与仪器集成|外接设备恒温控制|微孔板样品孵育与混匀|微孔板温控模块
Opentrons PCR热循环仪,Opentrons Thermocycler,opentrons_thermocycler_backend,opentrons_thermocycler_backend,20,30,auto-close_lid|auto-deactivate_block|auto-deactivate_lid|auto-get_block_current_temperature|auto-get_block_status|auto-get_block_target_temperature|auto-get_current_cycle_index|auto-get_current_step_index|auto-get_hold_time|auto-get_lid_current_temperature|auto-get_lid_open|auto-get_lid_status|auto-get_lid_target_temperature|auto-get_total_cycle_count|auto-get_total_step_count|auto-open_lid|auto-run_protocol|auto-serialize|auto-set_block_temperature|auto-set_lid_temperature,用于PCR等热循环实验的台式热循环仪模块，配有可开合的加热盖和可精确控温的样品块，可按预设程序执行多步升降温循环。常用于DNA扩增、酶反应孵育和分子生物学样品热处理。,"A benchtop thermocycler module for PCR and other thermal cycling workflows, featuring an openable heated lid and a temperature-controlled sample block. It runs programmed multi-step temperature profiles for DNA amplification, enzymatic incubations, and molecular biology sample heating.",普通PCR仪,实验执行&合成设备|生命体系|实验室自动化与仪器集成|基因编辑、分子生物学与育种|普通PCR仪
Opentrons GEN-1/GEN-2 PCR热循环仪,Opentrons GEN-1/GEN-2 Thermocycler,opentrons_thermocycler_usb_backend,opentrons_thermocycler_usb_backend,25,39,auto-close_lid|auto-deactivate_block|auto-deactivate_lid|auto-get_block_current_temperature|auto-get_block_status|auto-get_block_target_temperature|auto-get_current_cycle_index|auto-get_current_step_index|auto-get_device_info|auto-get_hold_time|auto-get_lid_current_temperature|auto-get_lid_open|auto-get_lid_status|auto-get_lid_target_temperature|auto-get_total_cycle_count|auto-get_total_step_count|auto-jog_lid|auto-lift_plate|auto-open_lid|auto-run_protocol|auto-set_block_temperature|auto-set_lid_temperature|auto-set_ramp_rate|auto-setup|auto-stop,一款用于PCR扩增的实验室热循环仪，配有可精确控温的样品块和加热上盖，可对PCR板中的样品执行变性、退火和延伸等温度循环步骤，适用于自动化分子生物学实验流程。,"A laboratory thermocycler for PCR amplification, featuring a precisely controlled sample block and a heated lid. It performs denaturation, annealing, and extension temperature cycles on PCR plates and is suited for automated molecular biology workflows.",普通PCR仪,实验执行&合成设备|生命体系|实验室自动化与仪器集成|基因编辑、分子生物学与育种|普通PCR仪
横河 AQ6370 光学频谱分析仪,Yokogawa AQ6370 Optical Spectrum Analyzer,optical_spectrum_analyzer,optical_spectrum_analyzer,7,20,auto-bandwidth|auto-channel|auto-data|auto-start_sweep|auto-start_wl|auto-stop_wl|auto-wavelength,这是一种台式光学频谱分析仪，用于测量光信号随波长变化的功率或强度分布。实验室中常用于激光器、光纤器件和光通信光源的光谱表征，以及中心波长、谱宽和谱线形状分析。,"This is a benchtop optical spectrum analyzer used to measure the power or intensity distribution of optical signals versus wavelength. In laboratories, it is commonly used for spectral characterization of lasers, fiber-optic components, and optical communication sources, including center wavelength, spectral width, and lineshape analysis.",光谱仪,表征设备|智慧表征与检测中心|光学与光谱实验|光谱采集与检测|激光激发与光谱测量|光谱仪
数字示波器,Digital Oscilloscope,oscilloscope,oscilloscope,11,18,auto-autoscale|auto-chanAllValidList|auto-chanAnaValidList|auto-getBestClass|auto-polish|auto-series|auto-setupLoad|auto-setupSave|auto-waveform|auto-waveformSaveCSV|auto-waveformSaveNPZ,数字示波器是一种电子测试仪器，用于采集、显示和分析电压随时间变化的波形。它通常支持多通道输入，可用于电路调试、时域信号观测、脉冲与噪声分析，以及保存波形数据和仪器设置以便实验记录与重复测试。,"A digital oscilloscope is an electronic test instrument used to acquire, display, and analyze voltage waveforms over time. It typically supports multiple input channels and is used for circuit debugging, time-domain signal observation, pulse and noise analysis, and saving waveform data and instrument setups for lab records and repeatable testing.",数字存储示波器,表征设备|电子与电气测试|电压监测与传感器信号采集|瞬态信号采集与同步触发测量|数字存储示波器
数字示波器,Digital Oscilloscope,oscilloscope_device,oscilloscope_device,14,22,auto-displayWaveforms|auto-doGetStatusUserInfo|auto-doGetTektronikError|auto-doGetTektronikStatus|auto-doInitializeDevice|auto-doReadBinaryBlock|auto-doSendCommand|auto-doSendFloatQuery|auto-doSendIntQuery|auto-doSendQuery|auto-doShutdownDevice|auto-getWaveform|auto-showHelp|auto-wait,数字示波器是一种用于采集、显示和分析电信号随时间变化波形的台式测量仪器，常见于电子电路调试、脉冲与时序信号观察、故障诊断以及教学实验中。该设备通常支持多通道输入，并可导出波形数据用于进一步分析。,"A digital oscilloscope is a bench-top instrument used to acquire, display, and analyze electrical waveforms as they vary over time. It is commonly used for electronics debugging, pulse and timing analysis, fault diagnosis, and laboratory teaching. Such instruments typically support multiple input channels and can export waveform data for further analysis.",数字存储示波器,表征设备|电子与电气测试|电压监测与传感器信号采集|瞬态信号采集与同步触发测量|数字存储示波器
OWIS PS10 电机定位控制器,OWIS PS10 Motor Positioning Controller,owis,owis,6,13,auto-activate|auto-configure|auto-getPos|auto-isMoving|auto-move|auto-setCurrents,这是一种用于驱动电动位移机构或步进电机轴的运动控制器，可对电机进行激活、参数配置、按位置计数移动，并读取运动状态与当前位置。它常用于实验室中的精密位移调节，如光学元件、样品台或旋转/线性平台的自动定位。,"This is a motion controller for driving motorized positioning devices or stepper-motor axes. It can activate motors, configure motion-related parameters, move to a target position in counts, and report motion status and current position. It is commonly used in laboratories for precise positioning of optical components, sample stages, and linear or rotary translation assemblies.",步进电机控制器|电动位移台控制器,实验执行&合成设备|精密定位与运动控制|样品/探针定位与运动控制|步进电机控制器|电动位移台控制器
牛津仪器 ITC503 温度控制器,Oxford Instruments ITC503 Temperature Controller,oxford_itc503,oxford_itc503,2,10,auto-sensor|auto-temperature,ITC503 是一款多传感器温度控制器，用于实验室中对一个或多个温度传感器进行读数，并对实验装置的温度进行监测与控制，常见于低温或环境温度稳定实验。,"The ITC503 is a multi-sensor temperature controller used in laboratories to read one or more temperature sensors and to monitor and control the temperature of experimental apparatus, commonly in cryogenic or temperature-stabilized setups.",温度控制器,实验执行&合成设备|低温与量子测量|环境控制与稳定性测试|低温实验温控与制冷|外接设备恒温控制|温度控制器
Oxxius 激光器控制器,Oxxius Laser Controller,oxxius_controller,oxxius_controller,27,34,auto-Disconnect|auto-LaserOFF|auto-LaserOn|auto-Open|auto-Read|auto-Send|auto-Set|auto-activateLaser|auto-getAnalogModulation|auto-getBaseTemperature|auto-getCurrent|auto-getCurrentSetPoint|auto-getDigitalModulation|auto-getDiodeTemperature|auto-getFault|auto-getInterlock|auto-getLaserInfo|auto-getMode|auto-getOperatingStatus|auto-getPower|auto-getPowerSetPoint|auto-isOpen|auto-setAnalogModulation|auto-setCurrent|auto-setDigitalModulation|auto-setMode|auto-setPower,用于控制和监测 Oxxius 实验室激光器的控制单元，可切换恒功率或恒电流模式，设置激光电流与输出功率，控制模拟/数字调制，并读取温度、联锁、故障和设备信息，常用于实验室激光光源的集成与运行监测。,"A control unit for Oxxius laboratory lasers. It supports constant-power or constant-current operation, current and output power control, analog and digital modulation, and monitoring of temperatures, interlock, faults, and device information. It is commonly used for laboratory laser source integration and operational monitoring.",激光器控制器,实验执行&合成设备|光学与光谱实验|激光激发与光谱测量|激光器控制器
参数控制模块,Parameter Control Module,parameter_control_module,parameter_control_module,4,45,auto-connect_leco|auto-connect_tcp_ip|auto-process_tcpip_cmds|auto-value_changed,用于实验控制软件中管理参数、响应设置变更，并通过 TCP/IP 或 LECO 与远端仪器或服务通信的通用控制模块。本证据不足以对应到某一台明确的物理实验设备。,"A general control module used in laboratory control software to manage parameters, react to setting changes, and communicate with remote instruments or services over TCP/IP or LECO. The evidence does not support identification of a specific physical laboratory device.",数据采集与控制接口|通用字节流仪器通信接口,实验执行&合成设备|实验室自动化与仪器集成|实验仪器数据采集与联机控制|实验仪器通信与驱动集成|数据采集与控制接口|通用字节流仪器通信接口
S7通信伙伴节点,S7 Communication Partner,partner,partner,21,40,auto-as_b_send|auto-b_recv|auto-b_send|auto-check_as_b_recv_completion|auto-check_as_b_send_completion|auto-create|auto-destroy|auto-get_last_error|auto-get_param|auto-get_recv_data|auto-get_stats|auto-get_status|auto-get_times|auto-set_param|auto-set_recv_callback|auto-set_send_callback|auto-set_send_data|auto-start|auto-start_to|auto-stop|auto-wait_as_b_send_completion,一种基于西门子 S7 通信协议的工业通信节点，用于在 PLC、工业控制器或上位机之间通过工业以太网进行点对点数据交换。该类设备或通信端点可工作在主动连接或被动监听模式，适合实验室自动化与工业集成场景中的异步数据收发、联机状态监测和参数配置。,"An industrial communication endpoint based on the Siemens S7 protocol, used for peer-to-peer data exchange between PLCs, industrial controllers, or supervisory computers over Industrial Ethernet. This type of device or communication node can operate in active or passive connection modes and is suitable for lab automation and industrial integration tasks involving asynchronous data transfer, connection status monitoring, and parameter configuration.",PLC控制器|工业以太网PLC通信节点,物流/机械|实验室自动化与仪器集成|过程控制与工业仪表实验|PLC控制与设备联锁|PLC控制器|工业以太网PLC通信节点
PCAN CAN总线接口适配器,PCAN CAN Bus Interface Adapter,pcan_basic,pcan_basic,14,21,auto-FilterMessages|auto-GetErrorText|auto-GetStatus|auto-GetValue|auto-Initialize|auto-InitializeFD|auto-LookUpChannel|auto-Read|auto-ReadFD|auto-Reset|auto-SetValue|auto-Uninitialize|auto-Write|auto-WriteFD,PCAN 是一种用于将计算机连接到 CAN 或 CAN FD 总线网络的硬件接口设备。它常用于实验室和工程环境中，与嵌入式控制器、车辆电子节点、工业设备或自研仪器进行报文收发、总线监听、调试、参数配置和通信测试。,"A PCAN device is a hardware interface that connects a computer to a CAN or CAN FD bus network. It is commonly used in laboratories and engineering environments to exchange messages with embedded controllers, vehicle electronics, industrial equipment, or custom instruments for bus monitoring, debugging, parameter configuration, and communication testing.",CAN总线分析仪|CAN总线接口适配器,表征设备|电子与电气测试|CAN总线设备调试与集成|CAN总线通信记录与离线分析|CAN总线分析仪|CAN总线接口适配器
PCAN CAN 总线接口适配器,PCAN CAN Bus Interface Adapter,pcan_bus,pcan_bus,14,26,auto-bits|auto-check_api_version|auto-fd|auto-flash|auto-get_api_version|auto-get_device_number|auto-reset|auto-send|auto-set_device_number|auto-shutdown|auto-state|auto-status|auto-status_is_ok|auto-status_string,这是一类用于将计算机连接到 CAN 或 CAN FD 网络的 PCAN 硬件接口适配器，常见形式包括 USB、PCI 或其他 PCAN 通道设备。它可用于实验室中与工业控制器、汽车电子节点、机器人部件或其他基于 CAN 的仪器通信，执行报文发送、总线监听、状态诊断、设备识别和总线恢复等任务。,"This is a PCAN hardware interface adapter used to connect a computer to a CAN or CAN FD network, commonly provided as USB, PCI, or other PCAN channel devices. In laboratories it is used to communicate with industrial controllers, automotive electronics, robotic subsystems, or other CAN-based instruments for message transmission, bus monitoring, status diagnostics, device identification, and bus recovery.",CAN总线分析仪|CAN总线接口适配器,表征设备|电子与电气测试|CAN总线设备调试与集成|CAN总线通信记录与离线分析|CAN总线分析仪|CAN总线接口适配器
微孔板揭膜机,Microplate Peeler,peeler,peeler,2,9,auto-peel|auto-restart,用于自动剥离微孔板顶部封膜或粘性封板膜的实验室设备，常用于样品处理和自动化工作流中，在后续移液、读板或分析前打开微孔板。,"A laboratory device used to automatically remove sealing films or adhesive seals from microplates. It is commonly used in sample-processing and automated workflows to open plates before pipetting, plate reading, or analysis.",撕膜仪,备料&前处理设备|生命体系|实验室自动化与仪器集成|移液站产品|撕膜仪|微孔板揭膜与开板
珀金埃尔默面阵探测器,PerkinElmer area detector,perkin_elmer_detector_cam,perkin_elmer_detector_cam,1,8,query,一种用于实验室二维成像测量的面阵探测器，常见于X射线成像、散射或衍射实验中，用于采集连续图像帧并记录样品的二维信号分布。,"An area detector for laboratory 2D imaging measurements, commonly used in X-ray imaging, scattering, or diffraction experiments to acquire image frames and record the two-dimensional signal distribution from a sample.",面阵探测器,表征设备|智慧表征与检测中心|X射线成像与束线探测|X射线衍射与材料表征|面阵探测器
超导持久磁体线圈,Persistent superconducting magnet coil,persistent__coil,persistent__coil,17,24,auto-bring_source_to_field|auto-check_for_quench|auto-compensate_for_drift|auto-curr_to_field|auto-fake_folder|auto-field_to_curr|auto-get_all|auto-get_field|auto-get_heater_current|auto-get_source_current|auto-get_switch_state|auto-measure_field|auto-set_field|auto-set_heater_current|auto-set_source_current|auto-set_switch_state|auto-step_field_to_value,这是一种带持久开关与加热器的超导磁体线圈，用于低温与量子器件实验中产生稳定磁场。实验时通常先由外部电流源给线圈充电，再切换到持久模式以在断开电源后维持磁场，并可进行失超检查、电流与磁场换算以及磁场缓慢扫场控制。,"This is a superconducting magnet coil with a persistent switch and heater, used in cryogenic and quantum-device experiments to generate stable magnetic fields. The coil is typically energized by an external current source and then switched into persistent mode so the field can be maintained after disconnecting the source. It supports quench checking, current-field conversion, and controlled field ramping.",超导磁体系统|实验室磁体系统,实验执行&合成设备|低温与量子测量|超导磁体与低温磁场控制|磁场施加与扫描测量|超导磁体系统|实验室磁体系统
AMI 持久模式超导磁体线圈,AMI Persistent-Mode Superconducting Magnet Coil,persistent__coil_ami,persistent__coil_ami,17,24,auto-bring_source_to_field|auto-check_for_quench|auto-compensate_for_drift|auto-curr_to_field|auto-fake_folder|auto-field_to_curr|auto-get_all|auto-get_field|auto-get_source_field|auto-get_switch_state|auto-heater_enabled|auto-measure_field|auto-set_field|auto-set_source_field|auto-set_switch_state|auto-step_field_to_value|auto-turn_on_heater,这是一种带持久开关加热器的超导磁体线圈，可由 AMI 磁体电源励磁，并在持久模式下维持稳定磁场。它常用于低温物理、量子器件和精密电学实验中，为样品提供稳定的直流磁场偏置。,"A superconducting magnet coil with a persistent switch heater, intended to be energized by an AMI magnet power supply and then operated in persistent mode to maintain a stable magnetic field. It is commonly used in low-temperature physics, quantum-device experiments, and precision electrical measurements to provide a stable DC magnetic bias field.",超导磁体系统,实验执行&合成设备|低温与量子测量|电子与电气测试|超导磁体与低温磁场控制|磁场施加与扫描测量|超导磁体系统
持久化对象,Persistent Object,persistent_object,persistent_object,64,176,auto-about_to_be_inserted|auto-about_to_be_removed|auto-append_item|auto-begin_reading|auto-change_relationship_item_uuid|auto-clear_property|auto-close|auto-close_items|auto-close_relationships|auto-container|auto-create_item_proxy|auto-create_item_reference|auto-deepcopy_from|auto-define_item|auto-define_property|auto-define_relationship|auto-define_root_context|auto-define_type|auto-destroy_item_reference|auto-enter_write_delay|auto-exit_write_delay|auto-extend_items|auto-finish_reading|auto-get_item|auto-get_item_by_uuid|auto-get_relationship_items|auto-get_storage_properties|auto-insert_item|auto-insert_model_item|auto-is_write_delayed|auto-item_count|auto-item_index|auto-item_names|auto-item_set|auto-item_specifier|auto-key_names|auto-load_item|auto-lookup_id|auto-modified|auto-modified_count|auto-persistent_object_context|auto-persistent_object_context_changed|auto-persistent_storage|auto-property_changed|auto-property_names|auto-read_external_data|auto-read_from_dict|auto-relationship_names|auto-remove_item|auto-remove_model_item|auto-reserve_external_data|auto-resolve_item_specifier|auto-rewrite|auto-set_item|auto-set_storage_system|auto-type|auto-undefine_items|auto-undefine_properties|auto-undefine_relationships|auto-unload_item|auto-update_item_context|auto-update_storage_system|auto-write_external_data|auto-write_to_dict,这是一个软件持久化数据模型组件，不是物理实验仪器。它用于实验室软件中保存结构化对象、属性、子项及对象关系，并支持字典读写、UUID 引用、外部数据存取和延迟写入，适合实验数据模型、分析结果和元数据的长期保存。,"This is a software persistence model component rather than a physical laboratory instrument. It is used in laboratory software to store structured objects, properties, child items, and object relationships, with support for dictionary serialization, UUID references, external data access, and delayed writing. It is suitable for long-term storage of experiment data models, analysis results, and metadata.",持久化对象模型组件,后处理设备|实验数据管理与记录|实验数据目录存储与资源管理|科学数据存储与归档|持久化对象模型组件
持久化属性,Persistent Property,persistent_property,persistent_property,7,175,auto-close|auto-get_comparable_string|auto-is_equal|auto-json_value|auto-read_from_dict|auto-set_value|auto-write_to_dict,用于实验软件中保存配置、元数据或对象状态的持久化属性组件。它可管理单个属性值，并在普通值、JSON 表示和字典存储格式之间转换，常用于实验记录、参数保存和对象状态持久化；不对应特定物理仪器。,"A persistent property component used in laboratory software to store configuration, metadata, or object state. It manages a single property value and converts between native values, JSON representations, and dictionary-based storage formats. It is commonly used for experiment records, parameter saving, and state persistence, rather than representing a specific physical instrument.",持久化属性组件,后处理设备|实验数据管理与记录|科学数据存储与归档|持久化属性组件
持久化存储系统,Persistent Storage System,persistent_storage_system,persistent_storage_system,26,192,auto-clear_property|auto-close|auto-enter_transaction|auto-enter_write_delay|auto-exit_transaction|auto-exit_write_delay|auto-insert_relationship_item|auto-is_write_delayed|auto-load_component_item|auto-load_properties|auto-load_relationship_item|auto-migrate_to_latest|auto-prune|auto-read_external_data|auto-read_project_properties|auto-remove_relationship_item|auto-reserve_external_data|auto-reset|auto-restore_item|auto-rewrite_item|auto-set_component_item|auto-set_property|auto-set_root_item|auto-unload_item|auto-unload_relationship_item|auto-write_external_data,这是一个用于科研数据管理软件的持久化存储组件，而非独立物理仪器。它用于将实验项目、数据项属性、项目关系以及外部数据保存到文件或内存中，支持加载、迁移、恢复、事务处理和存储清理等操作。,"This is a persistent storage component for scientific data management software rather than a standalone physical instrument. It is used to store experiment projects, data item properties, item relationships, and external data in files or memory, with support for loading, migration, restoration, transactions, and storage cleanup.",科研数据持久化存储后端,后处理设备|实验数据管理与记录|科学数据存储与归档|实验数据目录存储与资源管理|科研数据持久化存储后端
Huber Petite Fleur循环冷却器,Huber Petite Fleur recirculating chiller,petite_fleur_chiller,petite_fleur_chiller,13,27,auto-check_errors|auto-clear_errors|auto-initialize_device|auto-interpret_status|auto-is_connected|auto-is_idle|auto-ramp_temperature|auto-set_circulator_control|auto-set_temperature|auto-start_temp_ctrl|auto-start_temperature_regulation|auto-stop_temperature_regulation|auto-temp_transform,这是一台台式循环冷却与恒温控制设备，通过循环传热液体为浴槽或外部实验装置提供稳定的温度控制。实验中常用于维持设定温度、监测浴液温度，并按设定程序或斜坡方式改变温度。,"A benchtop recirculating chiller and temperature-control unit that circulates heat-transfer fluid to provide stable temperature control for a bath or external laboratory equipment. It is commonly used in labs to maintain a set temperature, monitor bath temperature, and change temperature using ramps or control programs.",冷热水机,实验执行&合成设备|环境控制与稳定性测试|外接设备恒温控制|冷热水机
Pfeiffer 真空泵（RS-485 串口）,Pfeiffer Vacuum Pump (RS-485 Serial),pfeiffer_rs485_serial,pfeiffer_rs485_serial,3,12,auto-close|auto-nextMessage|auto-serialReadNextLine,Pfeiffer 的真空泵或其配套控制单元，可通过 RS-485 串行总线进行通信。该类设备常用于实验室真空系统中，用于接收设备消息并进行运行状态监测与远程通信。,A Pfeiffer vacuum pump or associated control unit that communicates over an RS-485 serial link. This type of device is used in laboratory vacuum systems to receive device messages and support operation monitoring and remote communication.,真空泵,实验执行&合成设备|真空系统与高真空实验|高真空/超高真空腔体与仪器配套|真空泵
PHD2000注射泵,PHD2000 Syringe Pump,phd2000,phd2000,2,27,auto-settargetvolume|auto-stop,PHD2000是一款实验室注射泵，用于驱动注射器进行精确的液体注入或回抽。它适合需要按设定体积输送液体的实验场景，如样品输送、流体控制和常规实验室给液。,"The PHD2000 is a laboratory syringe pump used to drive a syringe for precise liquid infusion or withdrawal. It is suited to experiments that require delivery of a defined liquid volume, such as sample delivery, fluid handling, and general laboratory dosing.",注射泵,实验执行&合成设备|溶液配制与反应|液体输送与定量分配|注射泵
Phidget热电偶温度传感器,Phidget Thermocouple Sensor,phidget_tc,phidget_tc,3,10,auto-connect|auto-disconnect|auto-rcv_vals,用于通过热电偶测量温度的传感器设备，可用于实验装置、样品或环境的温度采集与连续监测。,"A thermocouple-based temperature sensing device used to measure and continuously monitor the temperature of experimental setups, samples, or the environment.",温度传感器,表征设备|传感测量与环境感知|热管理与温升监测|温度传感器
PhoxX 二极管激光器,PhoxX diode laser,phoxx_laser,phoxx_laser,8,23,auto-Close|auto-GetOutputmW|auto-GetPower|auto-GetStatusText|auto-IsOn|auto-SetPower|auto-TurnOff|auto-TurnOn,PhoxX 是 Omicron-Laserage 的 OEM 二极管激光器系列，可提供可调激光输出并支持高速调制，常用于显微成像、荧光激发和光学检测系统。,"PhoxX is an OEM diode-laser series from Omicron-Laserage, offering controllable laser output and high-speed modulation for microscopy, fluorescence excitation, and optical instrumentation.",二极管激光器|实验室激光光源,实验执行&合成设备|光学与光谱实验|激光激发与光谱测量|显微成像与光学显微实验|二极管激光器|实验室激光光源
通用实验室物理设备,Generic Physical Device,physical_device,physical_device,20,28,auto-any|auto-anyDevice|auto-backgroundStatusUpdates|auto-commandHelp|auto-connectedDevices|auto-doGetStatusUserInfo|auto-doInitializeDevice|auto-doShutdownDevice|auto-initializeDevice|auto-initializeIfNeeded|auto-isAbstractClass|auto-isCompatibleWith|auto-isDebugClass|auto-isMonitoring|auto-sendCommand|auto-shutdownDevice|auto-startBackgroundStatusUpdates|auto-stopBackgroundStatusUpdates|auto-uniqueDevice|auto-vidpids,用于表示可连接到计算机的通用实验室硬件设备，通常可通过 USB 标识进行发现，并支持初始化、命令发送、设备匹配和后台状态监测。该证据未指向具体仪器型号，更像是适用于多类实验设备的通用物理设备抽象。,"A generic representation of a computer-connected laboratory hardware device, typically discoverable by USB identifiers and supporting initialization, command transfer, device matching, and background status monitoring. The evidence does not indicate a specific instrument model and instead points to a general physical-device abstraction for multiple kinds of lab equipment.",通用实验设备占位器,实验执行&合成设备|实验室自动化与仪器集成|实验仪器通信与驱动集成|仪器发现与驱动匹配|通用实验设备占位器
X-Spectrum LAMBDA 750K探测器相机接口,X-Spectrum LAMBDA 750K Detector Camera Interface,pi_cam_detector_cam,pi_cam_detector_cam,1,8,query,用于 X-Spectrum LAMBDA 750K 探测器成像链路的相机/采集接口驱动组件，面向实验场景下的图像采集与数据读取。,"A camera/acquisition interface driver component for the X-Spectrum LAMBDA 750K detector imaging chain, used for laboratory image acquisition and data readout.",科学相机|面阵探测器,表征设备|智慧表征与检测中心|光学与光谱实验|光谱采集与检测|实验成像与过程监测|科学相机|面阵探测器
离散PI控制器,Discrete PI Controller,pi_controler,pi_controler,6,21,auto-controler_output|auto-is_connected|auto-quit|auto-read_probes|auto-reset|auto-update,一种执行比例-积分反馈调节的数字控制单元，根据设定值与测量反馈之间的偏差计算控制输出，并带有积分防饱和处理。可用于实验室中的温度、位置、光功率或其他过程量的闭环稳定控制。,"A digital control unit that performs proportional-integral feedback control. It computes a control output from the error between a setpoint and a measured feedback value, with anti-windup handling for the integral term. It is suitable for closed-loop stabilization of temperature, position, optical power, or other process variables in laboratory setups.",PID过程控制器,实验执行&合成设备|过程控制与工业仪表实验|实验室自动化与仪器集成|外接设备恒温控制|样品/探针定位与运动控制|激光功率监测与能量校准|PID过程控制器
树莓派GPIO接口,Raspberry Pi GPIO Interface,pi_gpio_factory,pi_gpio_factory,9,66,auto-close|auto-closed|auto-connection|auto-host|auto-port|auto-spi|auto-ticks|auto-ticks_diff|auto-transfer,树莓派是一种带有通用输入输出（GPIO）引脚的单板计算机平台，可用于读取数字信号、控制开关量输出、产生PWM信号，并通过SPI连接传感器、模数转换器及其他外设。它常用于实验室自动化、仪器联动、原型开发和远程控制实验装置。,"A Raspberry Pi is a single-board computer platform with general-purpose input/output (GPIO) pins. It can be used to read digital signals, control digital outputs, generate PWM signals, and communicate with sensors, ADCs, and other peripherals over SPI. It is commonly used in laboratory automation, instrument interfacing, prototyping, and remote experiment control.",通用数字输入输出外设,实验执行&合成设备|实验室自动化与仪器集成|过程控制与工业仪表实验|通用数字输入输出与状态检测|嵌入式总线通信与外设控制|通用数字输入输出外设
树莓派硬件SPI接口,Raspberry Pi Hardware SPI Interface,pi_gpio_hardware_spi,pi_gpio_hardware_spi,9,67,auto-close|auto-closed|auto-connection|auto-host|auto-port|auto-spi|auto-ticks|auto-ticks_diff|auto-transfer,树莓派板载的硬件 SPI 总线接口，通过 GPIO 排针与支持 SPI 的外设进行同步串行通信，常用于实验室原型开发、传感器与 ADC/DAC 连接，以及小型仪器控制与数据采集。,"The onboard hardware SPI bus interface of a Raspberry Pi, exposed through the GPIO header for synchronous serial communication with SPI peripherals. It is commonly used in labs for prototyping, connecting sensors and ADCs/DACs, and for small instrument control and data acquisition.",硬件SPI主接口,实验执行&合成设备|实验室自动化与仪器集成|嵌入式总线通信与外设控制|通用数字输入输出与状态检测|硬件SPI主接口
树莓派 GPIO 软件 SPI 接口,Raspberry Pi GPIO Software SPI Interface,pi_gpio_software_spi,pi_gpio_software_spi,9,67,auto-close|auto-closed|auto-connection|auto-host|auto-port|auto-spi|auto-ticks|auto-ticks_diff|auto-transfer,基于树莓派 GPIO 引脚实现的软件 SPI 通信接口，通过位操作模拟 SPI 总线与外部器件交换数据。适合实验室原型开发、嵌入式测试和自动化装置中连接 SPI 传感器、模数/数模转换器及其他低速 SPI 外设。,"A software-implemented SPI communication interface using Raspberry Pi GPIO pins to emulate an SPI bus by bit-banging. It is suitable for laboratory prototyping, embedded testing, and automation setups that connect SPI sensors, ADC/DAC devices, and other low-speed SPI peripherals.",软件SPI主接口,实验执行&合成设备|实验室自动化与仪器集成|嵌入式总线通信与外设控制|通用数字输入输出与状态检测|软件SPI主接口
树莓派 PiOLED 显示屏,PiOLED Display,pi_oled_circuitpython,pi_oled_circuitpython,3,10,auto-lcd_backlight|auto-lcd_init|auto-lcd_write_lines,一款用于树莓派的小型单色 OLED 显示屏，可在实验装置上本地显示运行状态、传感器读数和简短提示信息。,"A small monochrome OLED display for Raspberry Pi, used to show local system status, sensor readings, and short messages on laboratory setups.",小型OLED状态显示屏,实验执行&合成设备|实验室自动化与仪器集成|实验流程状态指示与告警|仪表读数与状态监测|小型OLED状态显示屏
PICA 启动器应用,PICA Launcher App,pica_launcher_app,pica_launcher_app,13,39,auto-create_launcher_panel|auto-create_resource_panel|auto-create_widgets|auto-launch_script|auto-log|auto-open_license|auto-open_manual_file|auto-open_readme|auto-open_repo|auto-open_script_folder|auto-open_updates|auto-run_gpib_test|auto-setup_styles,用于实验软件资源访问与脚本启动的非实体桌面应用。它提供图形界面来创建启动器与资源面板、打开说明文档和仓库链接、定位脚本目录、启动相关脚本、输出日志，并可运行 GPIB 测试工具，适合在实验环境中集中入口管理各类实用程序。,"A non-physical desktop application for accessing experiment-related resources and launching scripts. It provides a GUI to build launcher and resource panels, open documentation and repository links, locate script folders, run related scripts, display logs, and start a GPIB test utility, serving as a central entry point for lab utilities.",实验室软件启动器,实验执行&合成设备|实验室自动化与仪器集成|实验计算与数据处理|实验软件启动与资源导航|实验仪器通信与驱动集成|实验室软件启动器
Newport 8742 皮米电机控制器,Newport 8742 Picomotor Controller,pico_motor_controller8742,pico_motor_controller8742,34,72,auto-abort_motion|auto-acceleration|auto-axis|auto-controller_address|auto-controller_configuration|auto-dhcp_mode|auto-error_code|auto-error_code_and_message|auto-firmware_version|auto-gateway|auto-home_position|auto-hostname|auto-ip_address|auto-is_stopped|auto-mac_address|auto-motor_check|auto-motor_type|auto-move_absolute|auto-move_indefinite|auto-move_relative|auto-multiple_controllers|auto-name|auto-netmask|auto-position|auto-purge|auto-query|auto-recall_parameters|auto-reset|auto-save_settings|auto-scan|auto-scan_controllers|auto-scan_done|auto-sendcmd|auto-velocity,这是一款用于驱动 Newport Picomotor 微位移电机的多轴运动控制器，可通过以太网或 USB 连接，并支持 RS-485 多控制器组网。它常用于光学平台、精密定位机构和对准系统中的高分辨率位置调节与微小位移控制。,"This is a multi-axis motion controller for Newport Picomotor actuators. It can communicate over Ethernet or USB and supports RS-485 multi-controller networking. It is commonly used for high-resolution positioning and fine alignment in optical setups, precision positioning assemblies, and adjustment systems.",电动位移台控制器|位置控制器,实验执行&合成设备|精密定位与运动控制|样品/探针定位与运动控制|电动位移台控制器|位置控制器
Newport Picomotor精密位移台,Newport Picomotor Precision Stage,picomotor_stage,picomotor_stage,7,47,auto-get_controllers_scan|auto-get_home_position|auto-get_product_id|auto-resolve_address_conflicts|auto-set_home_position|auto-wait_motor_moved|auto-wait_scan_done,一种由 Newport Picomotor 微型执行器驱动的多轴精密位移台，用于对光学元件、样品或探针进行高分辨率微调定位。常见于光学对准、光纤耦合、显微实验和精密机械定位等实验场景。,"A multi-axis precision positioning stage driven by Newport Picomotor actuators, used for fine high-resolution adjustment of optical components, samples, or probes. It is commonly used in optical alignment, fiber coupling, microscopy, and other precision positioning tasks in the lab.",电动定位台,实验执行&合成设备|精密定位与运动控制|样品/探针定位与运动控制|电动定位台
MPD PSD-MOD 皮秒延时模块,MPD PSD-MOD Picosecond Delayer Module,picosecond_delayer,picosecond_delayer,21,39,auto-Disable|auto-Enable|auto-GenStartMetadata|auto-GetDelay|auto-GetEdge|auto-GetFrequencyDivider|auto-GetIO|auto-GetMaxDelay|auto-GetPulseWidth|auto-GetTemperature|auto-GetTriggerLevel|auto-delay|auto-echo_mode|auto-edge|auto-frequency_divider|auto-high_speed_mode|auto-io|auto-pulse_width|auto-register|auto-send_command|auto-trigger_level,用于触发/脉冲时序整形的皮秒延时模块，可相对输入沿生成可编程延时与脉宽的 TTL/NIM 输出，适用于高时间分辨实验。,"A picosecond delay module for trigger and pulse timing shaping, generating programmable-delay and programmable-width TTL/NIM outputs relative to an input edge for high time-resolution experiments.",皮秒延时发生器,实验执行&合成设备|电子与电气测试|光学与光谱实验|脉冲激励与时序控制|瞬态信号采集与同步触发测量|皮秒延时发生器
PI C-867双轴压电定位台,PI C-867 Two-Axis Piezo Positioning Stage,piezo_c867,piezo_c867,15,46,auto-GetChannelObject|auto-GetChannelPhase|auto-GetControlReady|auto-GetFirmwareVersion|auto-GetMax|auto-GetMin|auto-GetPos|auto-GetPosXY|auto-GetVelocity|auto-MoveRel|auto-MoveTo|auto-MoveToXY|auto-ReInit|auto-SetServo|auto-SetVelocity,用于控制PI C-867相关的双轴压电/纳米定位平台，可进行XY位置读取、绝对与相对移动、速度设置、伺服开关和参考初始化，常用于显微成像中的精密扫描、样品对准和纳米级定位。,"A PI C-867-based two-axis piezo/nanopositioning stage used for XY position readout, absolute and relative motion, velocity setting, servo control, and reference initialization. It is typically used for precision scanning, sample alignment, and nanometer-scale positioning in microscopy.",压电定位器,表征设备|精密定位与运动控制|智慧表征与检测中心|显微成像与光学显微实验|样品/探针定位与运动控制|压电定位器
PI C-867双轴压电定位平台控制器,PI C-867 Dual-Axis Piezo Positioning Controller,piezo_c867_t,piezo_c867_t,18,46,auto-GetChannelObject|auto-GetChannelPhase|auto-GetControlReady|auto-GetFirmwareVersion|auto-GetMax|auto-GetMin|auto-GetPos|auto-GetPosXY|auto-GetVelocity|auto-MoveInDir|auto-MoveTo|auto-MoveToXY|auto-OnTarget|auto-ReInit|auto-SetServo|auto-SetVelocity|auto-StopMove|auto-close,该设备是用于双轴压电定位平台的运动控制器，可通过串口设置伺服、回参考、设定速度并执行X/Y精密移动与位置读取，常用于显微成像等实验中的样品精密扫描与对准。,"This device is a motion controller for a dual-axis piezo positioning stage. It communicates over serial commands to enable servo control, perform referencing, set velocity, execute precise X/Y motion, and read back position, commonly for sample scanning and alignment in microscopy and other precision lab experiments.",位置控制器|压电定位控制器,表征设备|精密定位与运动控制|智慧表征与检测中心|显微成像与光学显微实验|样品/探针定位与运动控制|位置控制器|压电定位控制器
Thorlabs APT 压电运动控制通道,Thorlabs APT Piezo Motion Channel,piezo_channel,piezo_channel,31,55,auto-backlash_correction|auto-change_position_control_mode|auto-channel|auto-destination|auto-drive_op_parameters|auto-enabled|auto-enabled_multi|auto-enabled_single|auto-go_home|auto-home_parameters|auto-identify|auto-jog_parameters|auto-led_intensity|auto-max_travel|auto-model_number|auto-motion_timeout|auto-motor_model|auto-move|auto-move_abs|auto-move_jog|auto-move_jog_stop|auto-n_channels|auto-name|auto-output_position|auto-position|auto-position_control_closed|auto-position_count|auto-position_encoder|auto-serial_number|auto-set_scale|auto-status_bits,用于 Thorlabs APT 压电设备控制器的单通道控制对象，可控制压电位移台或压电惯性执行器通道的使能、驱动参数、点动参数、位置读取以及绝对移动、点动和回零等实验定位操作。,"A single-channel control interface for Thorlabs APT piezo device controllers, used to operate piezo stages or piezo inertia actuator channels, including enable control, drive and jog parameter configuration, position readback, absolute moves, jog motion, and homing for laboratory positioning tasks.",压电运动控制通道,实验执行&合成设备|精密定位与运动控制|样品/探针定位与运动控制|压电运动控制通道
E-255压电定位器,E-255 Piezo Positioner,piezo_e255,piezo_e255,7,14,auto-GetChannelObject|auto-GetChannelPhase|auto-GetControlReady|auto-GetMax|auto-GetMin|auto-GetPos|auto-MoveTo,用于显微实验中的高精度压电定位设备，可按通道移动到指定位置并读取当前位置、行程上下限、控制就绪状态以及部分通道信息，常用于精密调焦或纳米级位移控制。,"A high-precision piezo positioning device for microscopy experiments. It can move a channel to a target position and report current position, travel limits, controller ready status, and channel-related information. It is typically used for fine focus or nanometer-scale motion control.",压电定位器,表征设备|精密定位与运动控制|智慧表征与检测中心|显微成像与光学显微实验|样品/探针定位与运动控制|压电定位器
E-662压电定位控制器,E-662 Piezo Positioning Controller,piezo_e662,piezo_e662,7,14,auto-GetChannelObject|auto-GetChannelPhase|auto-GetControlReady|auto-GetMax|auto-GetMin|auto-GetPos|auto-MoveTo,用于控制压电定位通道的硬件控制器，可将指定通道移动到目标位置、读取当前位置，并查询控制就绪状态、通道对象、通道相位以及位置上下限。常用于显微镜精密对焦和纳米级位移定位。,"A hardware controller for piezo positioning channels. It can move a selected channel to a target position, read the current position, and query control readiness, channel object, channel phase, and position limits. It is commonly used for precision microscope focusing and nanoscale positioning.",位置控制器|压电定位控制器,表征设备|精密定位与运动控制|智慧表征与检测中心|显微成像与光学显微实验|样品/探针定位与运动控制|位置控制器|压电定位控制器
PI E-709 压电纳米定位控制器,PI E-709 Piezo Nanopositioning Controller,piezo_e709,piezo_e709,11,37,auto-GetChannelObject|auto-GetChannelPhase|auto-GetControlReady|auto-GetFirmwareVersion|auto-GetMax|auto-GetMin|auto-GetPos|auto-MoveRel|auto-MoveTo|auto-ReInit|auto-SetServo,用于驱动压电纳米定位器的运动控制器，可进行绝对/相对位移、伺服开关、位置读取以及控制状态与固件信息查询，常用于显微镜精密调焦与高分辨定位实验。,"A motion controller for piezo nanopositioners, supporting absolute/relative moves, servo enable control, position readback, and queries of control status and firmware information. It is commonly used for precision microscope focusing and high-resolution positioning experiments.",位置控制器|压电定位控制器,表征设备|精密定位与运动控制|智慧表征与检测中心|显微成像与光学显微实验|样品/探针定位与运动控制|位置控制器|压电定位控制器
PI E-709压电定位控制器,PI E-709 Piezo Positioning Controller,piezo_e709_t,piezo_e709_t,17,37,auto-GetChannelObject|auto-GetChannelPhase|auto-GetControlReady|auto-GetFirmwareVersion|auto-GetMax|auto-GetMin|auto-GetPos|auto-GetPosXY|auto-GetTargetPos|auto-MoveInDir|auto-MoveRel|auto-MoveTo|auto-OnTarget|auto-ReInit|auto-SetServo|auto-StopMove|auto-close,用于控制双通道或XY压电定位平台的运动控制器，可执行绝对/相对移动、伺服闭环控制、位置读取、到位判断和参考初始化，常用于显微成像中的纳米级定位与扫描。,"A motion controller for dual-channel or XY piezo positioning stages. It supports absolute/relative moves, closed-loop servo control, position readback, on-target checks, and reference initialization, commonly used for nanoscale positioning and scanning in microscopy.",位置控制器|压电定位控制器,表征设备|精密定位与运动控制|智慧表征与检测中心|显微成像与光学显微实验|样品/探针定位与运动控制|位置控制器|压电定位控制器
PI E-816压电定位控制器,PI E-816 Piezo Positioning Controller,piezo_e816,piezo_e816,7,14,auto-GetChannelObject|auto-GetChannelPhase|auto-GetControlReady|auto-GetMax|auto-GetMin|auto-GetPos|auto-MoveTo,用于控制压电位移台或压电执行器进行精密定位的控制器。该设备支持将通道移动到目标位置、读取当前位置，并查询控制就绪状态、通道相关状态以及位置上下限，常用于显微镜对焦和纳米级定位实验。,"A controller for precision positioning of a piezo stage or piezo actuator. It supports moving a channel to a target position, reading the current position, and querying control readiness, channel-related status, and motion limits. It is commonly used for microscope focusing and nanoscale positioning experiments.",位置控制器|压电定位控制器,表征设备|精密定位与运动控制|智慧表征与检测中心|显微成像与光学显微实验|样品/探针定位与运动控制|位置控制器|压电定位控制器
PI E-816压电定位控制器,PI E-816 Piezo Positioning Controller,piezo_e816_t,piezo_e816_t,16,39,auto-GetChannelObject|auto-GetChannelPhase|auto-GetControlReady|auto-GetFirmwareVersion|auto-GetMax|auto-GetMin|auto-GetPos|auto-GetPosXY|auto-GetTargetPos|auto-MoveInDir|auto-MoveRel|auto-MoveTo|auto-OnTarget|auto-ReInit|auto-SetDriftCompensation|auto-close,用于驱动压电定位平台或压电执行器的精密运动控制器。该设备通过串口进行位置查询与运动控制，支持单通道或XY通道的位置读取、绝对/相对移动、到位状态检查、漂移补偿、行程范围查询和固件版本读取，常用于显微镜纳米定位、对焦或样品精密扫描。,"A precision motion controller for driving a piezo positioning stage or piezo actuator. It communicates over a serial interface and supports position readback, absolute and relative moves, XY motion, on-target status checks, drift compensation, travel range queries, and firmware version retrieval. It is commonly used for microscope nanopositioning, focus control, and fine sample scanning.",位置控制器|压电定位控制器,表征设备|精密定位与运动控制|智慧表征与检测中心|显微成像与光学显微实验|样品/探针定位与运动控制|位置控制器|压电定位控制器
PI E-816B 压电定位控制器,PI E-816B Piezo Positioning Controller,piezo_e816b,piezo_e816b,7,14,auto-GetChannelObject|auto-GetChannelPhase|auto-GetControlReady|auto-GetMax|auto-GetMin|auto-GetPos|auto-MoveTo,用于控制压电定位器或压电位移台的精密位置移动与读回，提供绝对移动、当前位置查询和行程范围查询，适合显微成像、精密扫描与对焦定位等实验场景。,"A piezo positioning controller used to drive and read back a piezo actuator or piezo stage. It supports absolute moves, current position queries, and travel-range queries for microscopy, precision scanning, and focus positioning experiments.",位置控制器|压电定位控制器,表征设备|精密定位与运动控制|智慧表征与检测中心|显微成像与光学显微实验|样品/探针定位与运动控制|位置控制器|压电定位控制器
光束剖面强度监视器,Profile Intensity Monitor,pim,pim,10,24,auto-format_status_info|auto-infer_prefix|auto-insert|auto-inserted|auto-prefix_start|auto-remove|auto-removed|auto-stage|auto-unstage|auto-y_states,用于束线诊断的光束剖面强度监视器。该设备通过Y向插入/移出机构将YAG靶或二极管送入光路，并结合变焦机构和面阵探测器来观察光束形貌与强度分布；部分变体还带有调焦或LED照明功能。,"A beam diagnostics profile intensity monitor. It inserts or retracts a YAG target or diode into the beam path via a Y-axis mechanism, and uses zoom optics with an area detector to observe beam profile and intensity distribution; some variants also include focus control or LED illumination.",面阵探测器|电动直线位移台,表征设备|智慧表征与检测中心|X射线成像与束线探测|实验成像与过程监测|面阵探测器|电动直线位移台
rLINE电动移液器,rLINE electronic pipette,pipette_controller,pipette_controller,16,23,auto-aspirate|auto-blowout|auto-check_connection|auto-clear_and_reset|auto-disconnect_pipette|auto-dispense|auto-eject|auto-eject_and_home|auto-initiate_rline|auto-parseError|auto-readFeedback|auto-reset|auto-sendCmd|auto-tellLevel|auto-tellPosition|auto-waitAck,用于控制 rLINE 电动移液器进行吸液、分液、吹出、退吸头、回零和复位，并读取位置与级别反馈，适合实验室自动化液体处理流程。,"Controls an rLINE electronic pipette for aspiration, dispensing, blowout, tip ejection, homing, and reset, while reading position and level feedback for automated laboratory liquid-handling workflows.",移液器|串行仪器通信接口,备料&前处理设备|实验室自动化与仪器集成|溶液配制与反应|移液站产品|液体输送与定量分配|移液器|串行仪器通信接口
被控对象仿真组件,Plant Simulation Component,plant,plant,8,21,auto-controler_output|auto-is_connected|auto-quit|auto-read_probes|auto-reset|auto-run|auto-start|auto-update,一个非物理的软件组件，用作控制实验中的被控对象/示例仪器。它以线程方式运行，可持续读取“探针”数值、更新内部状态，并配合离散 PI 控制示例进行测试、教学或算法验证，而不是直接控制特定实验硬件。,"A non-physical software component representing a plant or example instrument for control experiments. It runs in its own thread, continuously reads probe values, updates internal state, and can be used with a discrete PI control example for testing, teaching, or algorithm validation rather than direct control of a specific lab instrument.",虚拟被控对象仿真器,实验执行&合成设备|过程控制与工业仪表实验|控制回路仿真与算法验证|虚拟被控对象仿真器
多功能酶标仪,Microplate Reader,plate_reader,plate_reader,8,15,auto-assign_child_resource|auto-close|auto-get_plate|auto-open|auto-read_absorbance|auto-read_fluorescence|auto-read_luminescence|auto-serialize,用于读取微孔板中各孔的吸光度、荧光和发光信号的实验仪器，常用于生化分析、细胞实验和板式检测流程。,"An instrument used to read absorbance, fluorescence, and luminescence signals from wells in a microplate, commonly used for biochemical assays, cell-based experiments, and plate-based analytical workflows.",酶标仪,表征设备|生命体系|智慧表征与检测中心|微孔板检测与高通量筛选|细胞生物学研究|酶标仪
可编程逻辑控制器（PLC）,Programmable Logic Controller (PLC),plc,plc,14,73,auto-Close|auto-ConnectionSize|auto-Discover|auto-GetDeviceProperties|auto-GetModuleProperties|auto-GetPLCTime|auto-GetProgramTagList|auto-GetProgramsList|auto-GetTagList|auto-Message|auto-Read|auto-ReceiveMessage|auto-SetPLCTime|auto-Write,用于实验室自动化、联锁和设备集成的可编程逻辑控制器，可通过 EtherNet/IP 读取和写入标签、同步控制器时钟、查询程序与模块信息，并发送自定义 CIP 消息。,"A programmable logic controller used for laboratory automation, interlocks, and equipment integration. It is accessed over EtherNet/IP to read and write tags, synchronize the controller clock, query program and module information, and send custom CIP messages.",PLC控制器,实验执行&合成设备|实验室自动化与仪器集成|过程控制与工业仪表实验|PLC控制与设备联锁|PLC控制器
Thorlabs PM100USB 光功率计,Thorlabs PM100USB Optical Power Meter,pm100_usb,pm100_usb,10,19,auto-averaging_count|auto-cache_units|auto-calibration_message|auto-flags|auto-measurement_configuration|auto-name|auto-read|auto-sensor|auto-serial_number|auto-type,一款通过 USB 连接并使用 SCPI 指令控制的光功率计，用于配合已连接的光学传感器读取当前测量配置下的光功率等测量值。该设备支持设置平均采样次数、查询传感器信息以及读取校准相关信息，适合实验室中的激光与光学功率测量。,"A USB-connected, SCPI-controlled optical power meter used with a connected optical sensor to read optical power and related measurements under the current measurement configuration. It supports averaging setup, sensor information queries, and calibration-related information retrieval for laboratory laser and optical power measurements.",激光功率/能量计|SCPI台式电子仪器,表征设备|光学与光谱实验|智慧表征与检测中心|激光功率监测与能量校准|激光功率/能量计|SCPI台式电子仪器
点图形标注组件,Point Graphic Annotation Component,point_type_graphic,point_type_graphic,9,415,auto-adjust_part|auto-begin_drag|auto-end_drag|auto-mime_data_dict|auto-nudge|auto-position|auto-read_from_mime_data|auto-reset_position|auto-test,用于科学成像与实验数据界面的点状图形标注对象。这是一个非物理软件组件，源自 Nion Swift 图形模型，用于在图像或数据视图中表示单点标记，并支持位置管理、命中测试、拖拽编辑、微调以及基于 MIME 的序列化/复制交换，常用于交互式选点、特征标注和区域定义。,"A point-style graphical annotation object for scientific imaging and experimental data interfaces. This is a non-physical software component from the Nion Swift graphics model, used to represent a single point marker in an image or data view. It supports position management, hit testing, drag editing, nudging, and MIME-based serialization or copy/transfer, commonly for interactive point selection, feature marking, and region definition.",感兴趣区图形标注器,表征设备|实验数据可视化与分析|科学图像区域标注与感兴趣区分析|感兴趣区图形标注器
轮询式内部伪设备,Polled Internal Pseudo-Device,polled_internal_device,polled_internal_device,14,44,auto-close|auto-closed|auto-end_time|auto-event_delay|auto-host|auto-is_active|auto-load_average|auto-start_time|auto-temperature|auto-usage|auto-utc|auto-value|auto-wait_for_active|auto-wait_for_inactive,这是一个非物理的软件组件，用于以后台轮询方式监测操作系统或主机内部状态，并将结果表现为可触发激活/失活事件的“伪设备”。它适合在实验自动化中把网络连通性、CPU 温度、系统负载、时间窗口或磁盘占用等内部条件，作为控制其他真实实验设备或流程逻辑的触发信号。,"This is a non-physical software component that polls operating-system or host-internal state in the background and exposes it as a pseudo-device with active/inactive events. It is useful in lab automation for turning internal conditions such as network reachability, CPU temperature, system load, time windows, or disk usage into triggers for controlling real instruments or experimental workflows.",系统状态监测伪设备,实验执行&合成设备|实验室自动化与仪器集成|实验流程状态指示与告警|系统状态监测伪设备
Thorlabs APT通信端口,Thorlabs APT Communication Port,port,port,8,25,auto-channel_count|auto-create|auto-fileno|auto-get_stages|auto-recv_message|auto-run|auto-send_message|auto-serial_number,用于Thorlabs APT位移台/控制器通信的非物理软件组件。它负责通过串口样式端口发送和接收消息、运行消息处理循环、提供文件描述符访问，并读取控制器序列号、通道数量及已连接平台信息，适合在实验自动化中管理单控制器或卡槽式控制器的通信连接。,"A non-physical software component for communicating with Thorlabs APT motion-stage controllers. It sends and receives protocol messages over a serial-style port, runs the message-processing loop, exposes the file descriptor, and retrieves controller serial number, channel count, and connected stage information for automation workflows involving single-controller or card-slot controllers.",串行仪器通信接口,实验执行&合成设备|实验室自动化与仪器集成|精密定位与运动控制|实验仪器通信与驱动集成|样品/探针定位与运动控制|串行仪器通信接口
端口读出组件,Port Reader Helper,port_reader,port_reader,5,12,auto-clear_array|auto-close_PortReader|auto-takeNpArray|auto-takeReadout|auto-thread_foo,一个非物理的软件组件，用于在实验流程中从通用通信端口读取数据、缓存读数，并以普通读出或 NumPy 数组形式提供结果。,"A non-physical software component for reading data from a generic communication port in laboratory workflows, buffering readouts, and providing results as standard readouts or NumPy arrays.",通用字节流仪器通信接口,表征设备|实验计算与数据处理|实验室自动化与仪器集成|实验仪器数据采集与联机控制|通用字节流仪器通信接口
Wi‑Fi连接配置模型,Wi-Fi Connection Configuration Model,post_wifi_connection,post_wifi_connection,9,26,auto-address|auto-device|auto-dns|auto-gateway|auto-netmask|auto-security|auto-ssid|auto-to_dict|auto-to_str,这是一个非物理的软件数据模型，用于在 MiR100 相关客户端/API 中表示或提交 Wi‑Fi 连接参数。它保存 SSID、安全方式、设备名、IP 地址、网关、子网掩码和 DNS 等网络配置，适合实验室移动机器人或自动化系统的网络接入配置场景，本身不直接控制硬件。,"This is a non-physical software data model used in a MiR100-related client/API to represent or submit Wi-Fi connection settings. It stores network configuration such as SSID, security mode, device name, IP address, gateway, netmask, and DNS for network setup of laboratory mobile robots or automation systems, but does not directly control hardware.",Wi-Fi连接配置模型,物流/机械|机器人与移动平台|实验室自动化与仪器集成|移动机器人与自动驾驶实验|无线网络接入与设备联网配置|Wi-Fi连接配置模型
Wi‑Fi连接配置模型,Wi-Fi Connection Configuration Model,post_wifi_connections,post_wifi_connections,9,26,auto-address|auto-device|auto-dns|auto-gateway|auto-netmask|auto-security|auto-ssid|auto-to_dict|auto-to_str,一个非物理的软件数据模型，用于表示和组织设备或系统的 Wi‑Fi 连接参数，如 SSID、安全方式、IP 地址、网关、DNS、网卡名称和子网掩码，常用于实验室设备或移动平台的网络配置提交与序列化。,"A non-physical software data model used to represent and organize Wi-Fi connection parameters for a device or system, such as SSID, security mode, IP address, gateway, DNS, interface name, and netmask. It is typically used for network configuration submission and serialization in lab devices or mobile platforms.",Wi-Fi连接配置模型,物流/机械|实验室自动化与仪器集成|机器人与移动平台|移动机器人与自动驾驶实验|无线网络接入与设备联网配置|Wi-Fi连接配置模型
Newport 1830C 光功率计,Newport 1830C Optical Power Meter,power_meter1830c,power_meter1830c,16,32,auto-attenuator|auto-autocalibration|auto-autocalibration_async|auto-beeper|auto-data|auto-echo|auto-filter|auto-go|auto-keypad|auto-lockout|auto-range|auto-store_reference|auto-store_reference_async|auto-units|auto-wavelength|auto-zero,用于测量光信号功率的台式光功率计，可进行波长补偿、量程设置、零点扣除、参考值存储和自动校准，适合激光与光学实验中的功率监测与定量测量。,"A benchtop optical power meter for measuring optical signal power. It supports wavelength compensation, range selection, zero subtraction, reference storage, and auto calibration, making it suitable for power monitoring and quantitative measurements in laser and optics experiments.",激光功率/能量计,表征设备|光学与光谱实验|激光功率监测与能量校准|激光激发与光谱测量|激光功率/能量计
可编程直流电源,Programmable DC Power Supply,power_supply_device,power_supply_device,1,9,auto-initialize,基于 VISA 接口的通用可编程直流电源设备，用于实验中为被测对象提供受控电压或电流输出。现有证据仅支持其为通用电源类仪器，未显示具体型号或更细的硬件能力。,"A generic VISA-controlled programmable DC power supply used in laboratory experiments to provide controlled voltage or current output to a device under test. The available evidence supports only a general power-supply instrument classification, without a specific model or more detailed hardware capabilities.",可编程直流电源|VISA消息式仪器,实验执行&合成设备|表征设备|电子与电气测试|电源与电池测试|电子器件供电与台架测试|可编程直流电源|VISA消息式仪器
Newport 1830C光功率计,Newport 1830C Optical Power Meter,powermeter1830c,powermeter1830c,17,34,auto-attenuator|auto-autocalibration|auto-autocalibration_async|auto-beeper|auto-data|auto-echo|auto-filter|auto-go|auto-initialize|auto-keypad|auto-lockout|auto-range|auto-store_reference|auto-store_reference_async|auto-units|auto-wavelength|auto-zero,这是一款用于测量光功率的台式光功率计，可通过串口进行远程控制，读取功率数据，并设置波长、量程、平均滤波、归零、参考值以及前面板相关参数，适用于激光与光学实验中的功率监测和校准。,"This is a benchtop optical power meter for measuring optical power. It supports remote serial control to read power data and configure wavelength, measurement range, averaging filter, zeroing, reference level, and front-panel settings, making it suitable for power monitoring and calibration in laser and optical experiments.",激光功率/能量计|串口测量仪表,表征设备|光学与光谱实验|激光功率监测与能量校准|激光激发与光谱测量|激光功率/能量计|串口测量仪表
PQSC量子系统控制器,PQSC Programmable Quantum System Controller,pqsc,pqsc,8,16,auto-arm|auto-arm_and_run|auto-check_ref_clock|auto-check_zsync_connection|auto-find_zsync_worker_port|auto-run|auto-stop|auto-wait_done,苏黎世仪器的PQSC是一种量子系统控制器，用于在量子测控实验中统一产生和分发触发信号，通过ZSync协调多台已连接仪器，并检查参考时钟锁定与端口连接状态。,"The Zurich Instruments PQSC is a quantum system controller used in quantum measurement and control setups to generate and distribute triggers, coordinate multiple connected instruments over ZSync, and verify reference clock lock and port connectivity.",量子实验控制器,实验执行&合成设备|低温与量子测量|量子比特脉冲控制与读出|脉冲激励与时序控制|量子实验控制器
压力变送器,Pressure Transducer,pressure_trans,pressure_trans,2,30,auto-QueryPressure|auto-ReportStatus,用于实验系统中压力测量的压力变送器，可通过串口查询当前压力，并检查设备是否在线。证据指向 Omega PX409-485 压力变送器。,A pressure transducer used for pressure measurement in a laboratory system. It supports serial querying of the current pressure and checking whether the device is online. The evidence points to an Omega PX409-485 pressure transducer.,串行过程仪表|压力变送器,表征设备|过程控制与工业仪表实验|传感测量与环境感知|仪表读数与状态监测|串行过程仪表|压力监测与过程状态测量|压力变送器
Prior 电动 XY 载物台,Prior Motorized XY Stage,prior,prior,9,18,auto-MoveAbs|auto-MoveRelX|auto-MoveRelY|auto-MoveTo|auto-checkhardlimits|auto-checksoftlimit|auto-checksoftlimitAbs|auto-error|auto-getPosition,用于显微镜或实验平台样品定位的电动二维平移载物台，可读取当前位置，并执行 X/Y 方向微米级相对移动与指定坐标绝对移动，同时检查软限位和硬限位以避免超程。,"A motorized 2D translation stage for sample positioning on microscopes or laboratory platforms. It can report the current position, perform micron-scale relative motion in X and Y, move to specified coordinates, and check soft and hard travel limits to avoid overtravel.",电动定位台,表征设备|精密定位与运动控制|光学与光谱实验|样品/探针定位与运动控制|显微成像与光学显微实验|电动定位台
Prior Lumen显微照明光源,Prior Lumen Illumination Source,prior_lumen,prior_lumen,3,11,auto-IsOn|auto-TurnOff|auto-TurnOn,用于显微成像系统的照明光源，驱动中主要提供光源开关与状态查询功能。代码说明其借用激光器界面控件进行操作，但实际对象更像是可开关的显微照明光源而非激光器。,"An illumination source used in a microscopy imaging system. The driver mainly provides on/off control and state query. The code notes that it pretends to be a laser only to reuse laser GUI controls, but the controlled object is better described as a switchable microscopy light source rather than a laser.",显微照明光源,表征设备|光学与光谱实验|显微成像与光学显微实验|显微照明光源
Prior弧光灯快门,Prior Arc Lamp Shutter,priorarclampshutter,priorarclampshutter,4,11,auto-GetName|auto-IsOn|auto-TurnOff|auto-TurnOn,用于控制Prior弧光灯照明光路的快门，在显微和光学实验中实现照明的开启、关闭与状态查询，以便允许或阻断光线照射样品。,"A shutter used to control the illumination path of a Prior arc lamp. In microscopy and optical experiments, it is used to enable or block lamp light and to query the shutter state.",显微照明快门,表征设备|光学与光谱实验|显微成像与光学显微实验|显微照明快门
Prior ProScan III 显微镜附件控制器,Prior ProScan III Microscope Accessory Controller,pro_scan_iii,pro_scan_iii,1,28,auto-devices,用于显微镜系统的物理控制器，可管理连接到 ProScan III 的附件设备；从当前证据看，主要包括最多三个滤轮接口。它用于在实验中统一协调已连接滤轮等附件的通信与设备发现。,"A physical controller for microscope systems that manages accessories connected to the ProScan III; based on the available evidence, this mainly includes up to three filter wheel connections. It is used in laboratory microscopy setups to coordinate communication with attached accessories and to discover managed devices.",显微镜自动化控制器,表征设备|智慧表征与检测中心|实验室自动化与仪器集成|显微成像与光学显微实验|仪器发现与驱动匹配|显微镜自动化控制器
属性连接组件,Property Connection,property_connection,property_connection,5,58,auto-close|auto-source_property|auto-source_specifier|auto-target_property|auto-target_specifier,一个非物理的软件连接组件，用于将两个对象的属性绑定在一起。在实验软件模型或界面中，它可用于维护源对象与目标对象之间的属性同步，并记录源/目标对象标识及对应的属性名。,"A non-physical software connection component that binds the properties of two objects together. In experiment software models or user interfaces, it is used to maintain synchronization between a source object's property and a target object's property, while storing the source/target specifiers and property names.",属性连接组件,实验执行&合成设备|实验室自动化与仪器集成|实验软件对象模型与属性同步|属性连接组件
PLC控制粗抽真空泵,PLC-Controlled Roughing Pump,proplc,proplc,5,19,auto-egu|auto-info|auto-off|auto-on|auto-pressure,用于真空系统前级抽气的粗抽真空泵，通过PLC接口进行启停控制，并提供状态信息和压力读回。常用于在高真空泵投入运行前，先将腔体抽至低真空范围。,"A roughing pump for the foreline stage of a vacuum system, controlled through a PLC interface with start/stop control and status and pressure readback. It is typically used to bring a chamber down to the low-vacuum range before high-vacuum pumps are brought online.",真空泵,实验执行&合成设备|真空系统与高真空实验|过程控制与工业仪表实验|高真空/超高真空腔体与仪器配套|PLC控制与设备联锁|真空泵
远程代理组件,Remote Proxy Component,proxy,proxy,1,16,auto-unpack_result,用于实验控制软件中的非物理远程代理组件。它负责解析远程调用返回结果，并在服务器端出错时以通用远程异常形式上报，适合分布式实验控制或跨进程仪器访问场景。,"A non-physical remote proxy component used in laboratory control software. It parses results returned from remote calls and reports server-side failures as generic remote exceptions, suitable for distributed experiment control or cross-process instrument access.",远程代理组件,实验执行&合成设备|实验室自动化与仪器集成|分布式实验控制与远程过程调用|远程代理组件
Delta Elektronika 单通道可编程直流电源,Delta Elektronika single-channel programmable DC power supply,psc_eth,psc_eth,12,15,auto-current|auto-current_limit|auto-current_max|auto-name|auto-recall|auto-reset|auto-save|auto-set_current_limit|auto-set_voltage_limit|auto-voltage|auto-voltage_limit|auto-voltage_max,通过 PSC-ETH-2 以太网接口通信的单通道可编程直流电源，可用于实验中提供和调节输出电压、电流，并配置电压/电流限制以及保存、调用设备设置。,"A single-channel programmable DC power supply accessed via the PSC-ETH-2 Ethernet interface. It is used in laboratory setups to source and adjust output voltage and current, configure voltage/current limits, and save or recall instrument settings.",可编程直流电源,实验执行&合成设备|电子与电气测试|电源与电池测试|电子器件供电与台架测试|可编程直流电源
伪时钟时序调度组件,Pseudoclock Timing Scheduler,pseudoclock,pseudoclock,13,30,auto-add_device|auto-clock_limit|auto-collect_change_times|auto-do_checks|auto-expand_change_times|auto-generate_clock|auto-generate_code|auto-get_outputs_by_clockline|auto-is_master_pseudoclock|auto-minimum_clock_high_time|auto-offset_instructions_from_trigger|auto-set_initial_trigger_time|auto-trigger,用于实验时序编排的非物理软件组件。它负责汇总各时钟线输出的变化时刻，展开伪时钟节拍，处理触发与停止时间约束，并生成供下游实验设备使用的时序数据与代码。,"A non-physical software component for experiment timing orchestration. It collects output change times across clock lines, expands pseudoclock ticks, handles trigger and stop-time constraints, and generates timing data and code for downstream lab devices.",数字命令序列控制器,实验执行&合成设备|实验室自动化与仪器集成|脉冲激励与时序控制|数字命令序列控制器
PTC PCR热循环仪,PTC PCR Thermal Cycler,ptc,ptc,19,29,auto-cancel|auto-clearbesr|auto-close|auto-erase|auto-execute|auto-folders|auto-geterrors|auto-getlidstatus|auto-getstatus|auto-gettemp|auto-lidclose|auto-lidopen|auto-program|auto-programs|auto-run|auto-setdebug|auto-setlidforce|auto-update|auto-version,用于PCR温度循环实验的热循环仪，可读取温度与运行状态，控制热盖开合与压力，并管理、运行和删除仪器中的程序。,"A PCR thermal cycler used for temperature cycling experiments. It can report temperature and run status, control heated-lid open/close and lid force, and manage, run, and delete onboard programs.",普通PCR仪,实验执行&合成设备|生命体系|基因编辑、分子生物学与育种|普通PCR仪
Pulsar任意波形发生器协调控制器,Pulsar AWG Orchestration Controller,pulsar,pulsar,8,30,auto-AWG_obj|auto-channel_opt|auto-clock|auto-define_channel|auto-program_awgs|auto-update_AWG5014_settings|auto-update_channel_settings|auto-used_AWGs,一个非物理的软件组件，用于在实验中统一管理、配置和编程一台或多台任意波形发生器（AWG）。它维护通道定义、查询时钟、协调主从AWG启动，并将序列与波形元素下发到受支持的AWG，证据显示其主要面向 Tektronix AWG5014，并部分支持 Zurich Instruments UHFLI。,"A non-physical software component for centrally managing, configuring, and programming one or more arbitrary waveform generators (AWGs) in experiments. It keeps channel definitions, queries clock rates, coordinates master/slave AWG startup, and uploads sequences and waveform elements to supported AWGs. The evidence indicates primary support for the Tektronix AWG5014 and partial support for the Zurich Instruments UHFLI.",任意波形发生器协调控制器,实验执行&合成设备|实验室自动化与仪器集成|电子与电气测试|脉冲激励与时序控制|任意波形发生器协调控制器
光学脉冲选择器,Optical Pulse Picker,pulse_picker,pulse_picker,6,20,auto-burst|auto-close|auto-flipflop|auto-follower|auto-open|auto-reset,用于按事件码控制光束脉冲通断的脉冲选择器。设备可在打开、关闭及多种工作模式之间切换，以选择性放行特定脉冲并阻挡其余脉冲，常用于光学束线或激光实验中的脉冲选通与时序控制。,"A pulse picker used to gate beam pulses based on event codes. The device can switch between open, closed, and several operating modes to pass selected pulses while blocking others, commonly for pulse gating and timing control in optical beamlines or laser experiments.",光学脉冲选择器,实验执行&合成设备|光学与光谱实验|激光激发与光谱测量|脉冲激励与时序控制|光学脉冲选择器
哈佛注射泵（Pump 11/PHD2000）,Harvard syringe pump (Pump 11/PHD2000),pump,pump,9,27,auto-infuse|auto-read|auto-setdiameter|auto-setflowrate|auto-settargetvolume|auto-stop|auto-waituntiltarget|auto-withdraw|auto-write,用于精密液体输送的注射泵，可通过串口按地址控制单台或串接泵，设置注射器直径、流速和目标体积，并执行注液、回抽与停止操作，适用于微流控、定量加液和连续流实验。,"A precision syringe pump for liquid delivery, controllable over a serial connection with pump addressing on a daisy chain. It supports setting syringe diameter, flow rate, and target volume, and performing infusion, withdrawal, and stop operations for microfluidics, metered dispensing, and flow experiments.",注射泵,备料&前处理设备|实验执行&合成设备|溶液配制与反应|微流控与流体操控|流动化学|液体输送与定量分配|注射泵
FTP上传组件,FTP Upload Component,put_ftp,put_ftp,2,11,auto-close|auto-uploadFile,用于将本地实验数据文件通过FTP上传到远程服务器的非物理软件组件，主要负责文件传输流程与连接调用。,"A non-physical software component that uploads local experiment data files to a remote server over FTP, focusing on transfer flow and connection calls.",文件与命令远程客户端,后处理设备|实验数据管理与记录|实验主机远程访问与文件传输|科学数据存储与归档|文件与命令远程客户端
PV日志目录管理组件,PV Log Folder Manager,pv_log_folder,pv_log_folder,7,32,auto-parse_logfiles|auto-read_all_logs_text|auto-read_folder|auto-read_logfile|auto-read_motor_events|auto-reset_new_logfiles|auto-start_next_process,用于组织和管理过程变量（PV）日志目录结构的非物理软件组件，服务于实验数据归档与检索。,A non-physical software component that manages process-variable (PV) log folder structures for experiment data archiving and retrieval.,目录资源集合管理器,后处理设备|实验数据管理与记录|实验数据目录存储与资源管理|追加式实验记录与索引访问|目录资源集合管理器
PV日志记录组件,PV Logger,pv_logger,pv_logger,9,30,auto-add_pv|auto-connect_pvs|auto-finish|auto-look_for_exit_signal|auto-look_for_new_pvs|auto-make_pvlog_folder|auto-on_exit|auto-read_configfile|auto-run,用于采集并记录过程变量（PV）随时间变化数据的非物理软件组件，支持实验运行监测与追溯分析。,A non-physical software component that records time-series data of process variables (PVs) for experiment monitoring and traceability analysis.,过程变量日志记录器,实验执行&合成设备|后处理设备|实验数据管理与记录|实验室自动化与仪器集成|追加式实验记录与索引访问|过程变量监测与日志记录|过程变量日志记录器
PV位置控制组件,PV Positioner Component,pv_positioner,pv_positioner,9,33,auto-check_value|auto-done_comparator|auto-egu|auto-limits|auto-move|auto-moving|auto-put_complete|auto-report|auto-stop,用于通过过程变量接口执行位置设定与状态读写的非物理控制组件，可作为上层运动控制的抽象接口。,"A non-physical control component that sets positions and reads/writes status through process-variable interfaces, acting as an abstraction for higher-level motion control.",位置控制器,实验执行&合成设备|精密定位与运动控制|实验室自动化与仪器集成|样品/探针定位与运动控制|位置控制器
PVCAM探测相机,PVCAM Detector Camera,pvcam_detector_cam,pvcam_detector_cam,1,8,query,基于PVCAM生态的科学探测相机设备条目，用于实验成像采集与相机参数控制。,"A scientific detector camera entry in the PVCAM ecosystem, used for experimental image acquisition and camera parameter control.",科学相机|面阵探测器,表征设备|智慧表征与检测中心|实验成像与机器视觉|科学相机|面阵探测器
PVI设备连接组件,PVI Device Connector,pvi_device_connector,pvi_device_connector,3,15,auto-connect_mock|auto-connect_real|auto-create_children_from_annotations,用于建立与维护PVI设备通信会话的非物理连接组件，负责连接状态管理与接口转发。,"A non-physical connector component that establishes and maintains communication sessions with PVI devices, handling connection state and interface forwarding.",实验室仪器枚举器|结构化过程变量设备连接器,实验执行&合成设备|实验室自动化与仪器集成|实验仪器通信与驱动集成|仪器发现与驱动匹配|实验室仪器枚举器|结构化过程变量设备连接器
PWM输出控制组件,PWM Output Control Component,pwm_output_device,pwm_output_device,35,112,auto-active_high|auto-angle|auto-backward|auto-blink|auto-blue|auto-close|auto-closed|auto-color|auto-detach|auto-forward|auto-frame_width|auto-frequency|auto-green|auto-is_active|auto-max|auto-max_angle|auto-max_pulse_width|auto-max_tone|auto-mid|auto-mid_tone|auto-min|auto-min_angle|auto-min_pulse_width|auto-min_tone|auto-octaves|auto-off|auto-on|auto-play|auto-pulse|auto-pulse_width|auto-red|auto-reverse|auto-toggle|auto-tone|auto-value,用于生成与下发PWM控制信号的控制组件，可为外部执行机构提供占空比驱动输出。,"A control component that generates and outputs PWM control signals, providing duty-cycle drive output for external actuators.",PWM输出驱动器,实验执行&合成设备|过程控制与工业仪表实验|PWM信号输出与执行器驱动|PWM输出驱动器
PWM转向控制组件,PWM Steering Control Component,pwm_steering,pwm_steering,4,90,auto-run|auto-run_threaded|auto-shutdown|auto-update,用于输出转向通道PWM信号的控制组件，服务于移动平台或车辆类系统的方向控制。,"A control component for steering-channel PWM output, used for direction control in mobile platforms or vehicle-like systems.",PWM转向控制器,实验执行&合成设备|机器人与移动平台|移动机器人与自动驾驶实验|PWM转向控制器
PWM油门控制组件,PWM Throttle Control Component,pwm_throttle,pwm_throttle,4,90,auto-run|auto-run_threaded|auto-shutdown|auto-update,用于输出油门通道PWM信号的控制组件，常用于速度或推进功率控制。,"A control component for throttle-channel PWM output, typically used for speed or propulsion power control.",PWM油门控制器,实验执行&合成设备|机器人与移动平台|移动机器人与自动驾驶实验|PWM油门控制器
Opticon套接字客户端组件,Opticon Socket Client Component,py_opticon_socket_client,py_opticon_socket_client,6,15,auto-close|auto-do_confirm|auto-do_eval|auto-do_exec|auto-get_field|auto-set_field,用于通过套接字协议与Opticon设备进行通信的非物理客户端软件组件，负责命令与数据收发。,"A non-physical socket client component for communicating with Opticon devices, responsible for command and data exchange.",实验仪表板套接字客户端,实验执行&合成设备|实验室自动化与仪器集成|分布式实验控制与远程过程调用|实验仪表板远程交互与界面控制|实验仪表板套接字客户端
SPEC服务器客户端,SPEC Server Client,py_spec_client,py_spec_client,9,19,auto-block_for_count|auto-block_for_ready|auto-cd|auto-count|auto-get_counter|auto-get_motor|auto-get_variable|auto-mkdir|auto-run_cmd,用于连接实验站 SPEC 服务器的非实体软件组件。它可向远程 SPEC 会话发送命令、切换和创建目录、访问变量/电机/计数器对象，并等待系统就绪或计数完成，常用于束线或实验控制流程中的自动化脚本协调。,"A non-physical software component for connecting to a beamline SPEC server. It sends commands to a remote SPEC session, changes or creates directories, accesses variables, motors, and counters, and waits for readiness or counting to complete. It is typically used to coordinate experiment automation workflows.",远程实验控制客户端,表征设备|实验室自动化与仪器集成|实验仪器数据采集与联机控制|实验仪器通信与驱动集成|同步计数与探测器通道监测|远程实验控制客户端
pyUVVIS紫外-可见光谱采集软件,pyUVVIS UV-Vis Acquisition Application,py_uvvis,py_uvvis,37,44,auto-OnQuit|auto-OnRTBAvgDec|auto-OnRTBAvgInc|auto-OnRTBExpDec|auto-OnRTBExpInc|auto-OnRTBGainDec|auto-OnRTBGainInc|auto-OnTBAuto|auto-OnTBAvgDec|auto-OnTBAvgInc|auto-OnTBDark|auto-OnTBDelete|auto-OnTBExpDec|auto-OnTBExpInc|auto-OnTBGainDec|auto-OnTBGainInc|auto-OnTBLoad|auto-OnTBMode|auto-OnTBRecord|auto-OnTBSave|auto-OnTBStart|auto-OnUpdate|auto-addLine|auto-camClose|auto-camSetExp|auto-camSetGain|auto-camSupportsExp|auto-camSupportsGain|auto-connectCamera|auto-connectOO|auto-connectUC480|auto-createPlotWnd|auto-createTB|auto-createUI|auto-getWlAxis|auto-readCamera|auto-refreshPlot,一个非物理的桌面图形软件组件，用于实验中的紫外-可见光谱采集与显示。它可连接 UC480 相机或 Ocean Optics 光谱输入设备，执行实时读数、波长轴处理、曝光与增益调节、暗背景扣除、平均记录、曲线绘图，以及数据保存和加载。,"A non-physical desktop GUI software component for UV-Vis spectral acquisition and display in laboratory experiments. It can connect to UC480 cameras or Ocean Optics spectral input devices, perform real-time readout, wavelength-axis handling, exposure and gain adjustment, dark subtraction, averaging/recording, curve plotting, and data save/load operations.",紫外-可见分光光谱仪|光谱仪|科学相机,表征设备|光学与光谱实验|实验数据可视化与分析|光谱采集与检测|实验仪器数据采集与联机控制|紫外-可见分光光谱仪|光谱仪|科学相机
Pylon 通信组件,Pylon Communication Component,pylon_com,pylon_com,2,10,auto-GetReply|auto-close,这是一个非物理的软件通信组件，用于向 Pylon 相关接口发送请求、获取指定类型的回复，并在实验软件流程中关闭通信连接。它更像是实验系统中的通信辅助模块，而不是直接控制某台具体硬件仪器的设备。,"This is a non-physical software communication component used to send requests to a Pylon-related interface, obtain replies of a specified type, and close the communication connection within laboratory software workflows. It appears to be a communication helper module rather than direct control of a specific hardware instrument.",通用字节流仪器通信接口,实验执行&合成设备|实验室自动化与仪器集成|实验仪器通信与驱动集成|通用字节流仪器通信接口
派能储能电池模组,Pylontech battery module,pylontech,pylontech,12,30,auto-get_frame_checksum|auto-get_info_length|auto-get_management_info|auto-get_manufacturer_info|auto-get_module_serial_number|auto-get_protocol_version|auto-get_system_parameters|auto-get_values|auto-get_values_single|auto-read_frame|auto-scan_for_batteries|auto-send_cmd,用于与派能储能锂电池模组或其电池管理系统通信，扫描总线上的电池模块，并读取协议版本、厂商信息、系统参数、管理信息、序列号及运行数值，适合实验室储能系统监测与集成。,"Used to communicate with Pylontech energy storage battery modules or their battery management interface, scan battery modules on the bus, and read protocol version, manufacturer information, system parameters, management information, serial numbers, and operating values for laboratory energy storage monitoring and integration.",储能电池模组,器件/细胞设备|表征设备|电子与电气测试|电源与电池测试|仪表读数与状态监测|储能电池模组
Pylontech RS485 通信协议组件,Pylontech RS485 Protocol Component,pylontech_rs485,pylontech_rs485,7,22,auto-clear_rx_buffer|auto-close|auto-get_chk_sum|auto-receive|auto-reconnect|auto-send|auto-verbose,这是一个非实体的通信协议组件，用于通过 USB 转 RS-485 串口适配器与 Pylontech 协议设备进行报文收发。它负责数据包的前后缀处理、校验和计算与校验、接收超时处理，以及串口连接与接收缓冲区管理，适合在实验系统中作为底层串口通信辅助模块使用。,"This is a non-physical communication/protocol component for sending and receiving packets to Pylontech-protocol devices through a USB-to-RS485 serial adapter. It handles packet prefix/suffix framing, checksum calculation and validation, receive timeouts, and serial connection and RX buffer management, making it suitable as a low-level serial communication helper in laboratory systems.",串行仪器通信接口|通用字节流仪器通信接口,实验执行&合成设备|实验室自动化与仪器集成|实验仪器通信与驱动集成|串行仪器通信接口|通用字节流仪器通信接口
Timepix/SPIDR像素探测器采集系统,Timepix/SPIDR Pixel Detector Acquisition System,pymepix_connection,pymepix_connection,14,31,auto-biasVoltage|auto-chanAddress|auto-dataCallback|auto-data_thread|auto-enablePolling|auto-getDevice|auto-isAcquiring|auto-numDevices|auto-poll|auto-pollBufferLength|auto-start|auto-start_recording|auto-stop|auto-stop_recording,用于连接SPIDR并初始化、控制一个或多个Timepix像素探测器的采集系统，可设置偏置电压、启动或停止采集、通过轮询或回调接收数据，并将采集数据记录到文件。,"An acquisition system for connecting to SPIDR and initializing and controlling one or more Timepix pixel detectors. It supports bias voltage control, starting and stopping acquisition, receiving data by polling or callback, and recording acquired data to files.",面阵探测器,表征设备|智慧表征与检测中心|实验仪器数据采集与联机控制|面阵探测器|像素探测器采集与读出
FireSting光学氧测量仪,FireSting optical oxygen meter,pyro_io,pyro_io,46,111,auto-blink|auto-calibrate_air|auto-calibrate_zero|auto-clear_background|auto-connect|auto-disconnect|auto-load_from_flash|auto-measure_background|auto-read|auto-read_all_cal_registers|auto-read_all_result_registers|auto-read_all_settings_registers|auto-read_ambient_light|auto-read_bkgd_amp|auto-read_bkgd_dphi|auto-read_cal_register_by_name|auto-read_calibration_register|auto-read_dphi|auto-read_multiple_registers|auto-read_pressure|auto-read_register|auto-read_result_register|auto-read_result_register_by_name|auto-read_sample_temperature|auto-read_signal_intensity|auto-read_status|auto-read_unique_id|auto-save_to_flash|auto-send|auto-trigger_humidity_measurement|auto-trigger_oxygen_measurement|auto-trigger_pressure_measurement|auto-trigger_temperature_measurement|auto-write|auto-write_amplification_setting|auto-write_bkgd_amp|auto-write_bkgd_dphi|auto-write_calibration_register_by_name|auto-write_fiber_type_setting|auto-write_frequency_setting|auto-write_intensity_setting|auto-write_measure_time_setting|auto-write_pressure_setting|auto-write_register|auto-write_salinity_setting|auto-write_temperature_setting,PyroScience FireSting 系列光学氧测量仪，用于连接光纤或探针式氧传感器，执行氧测量、零点/空气校准、背景校正，并读取温度、压力、湿度及测量结果寄存器，适用于溶解氧或气相氧实验监测。,"A PyroScience FireSting series optical oxygen meter for fiber-optic or probe-based oxygen sensors. It performs oxygen measurements, zero/air calibration, background correction, and reads temperature, pressure, humidity, and result registers for dissolved-oxygen or gas-phase oxygen experiments.",光学氧测量仪,表征设备|传感测量与环境感知|溶液配制与反应|溶解氧与气体氧监测|实验仪器数据采集与联机控制|光学氧测量仪
热释电测量后端,Pyroelectric Measurement Backend,pyroelectric_backend,pyroelectric_backend,15,42,auto-close_instruments|auto-create_console_frame|auto-create_graph_frame|auto-create_header|auto-create_info_frame|auto-create_input_frame|auto-create_widgets|auto-get_measurement|auto-initialize_instruments|auto-log|auto-setup_styles|auto-start_measurement|auto-start_ramp|auto-start_stabilization|auto-stop_measurement,用于热释电实验的非物理软件组件，负责协调 Lake Shore 350 温度控制器与 Keithley 6517B 的连接和初始配置，执行起始温度稳定、温度斜坡控制，并读取温度与电流测量数据，同时为图形界面提供日志、输入区和曲线显示等支持。,"A non-physical software component for pyroelectric experiments. It coordinates connection and initial configuration of a Lake Shore 350 temperature controller and a Keithley 6517B, performs start-temperature stabilization and temperature ramp control, acquires temperature and current readings, and supports GUI functions such as logging, input panels, and graph display.",静电计|温度控制器,表征设备|实验执行&合成设备|电子与电气测试|实验室自动化与仪器集成|微弱电流与漏电流测量|外接设备恒温控制|实验仪器数据采集与联机控制|静电计|温度控制器
相机抽象控制组件,Abstract Camera Control Component,python_microscopy__camera,python_microscopy__camera,0,85,,这是一个非物理的相机软件组件，用于显微实验采集中统一表示相机对象，并为相机映射、多视图成像等功能提供通用接口。现有证据更支持其为相机控制的抽象基类或辅助模块，而不是某一台具体相机硬件。,This is a non-physical camera software component that provides a common abstraction for camera objects in microscopy acquisition and supports features such as camera mapping and multiview imaging. The evidence supports it being an abstract base/helper module for camera control rather than a specific camera instrument.,科学相机|多维显微图像数据源,表征设备|光学与光谱实验|显微成像与光学显微实验|科学相机|多维显微图像数据源
集群数据流传输组件,Cluster Data Streaming Component,python_microscopy__streamer,python_microscopy__streamer,2,19,auto-start|auto-stop,这是一个非物理的软件组件，用于在实验数据采集过程中以异步、非阻塞方式将文件或数据持续传输到集群节点或单个服务器，并保持与各节点的持久连接，适合显微成像等实验中的数据后台流式写入与分发。,This is a non-physical software component for asynchronously and non-blockingly streaming files or data to a single server or multiple cluster nodes during experiments. It maintains persistent connections to nodes and is suited for background data spooling and distribution in workflows such as microscopy data acquisition.,实验数据流传输器,表征设备|实验数据管理与记录|实验计算与数据处理|分布式实验数据处理|科学数据存储与归档|显微成像与光学显微实验|实验数据流传输器
微米级位移测量仪,Micrometer-Scale Displacement Meter,pytuyo,pytuyo,7,20,auto-check_resp|auto-get_device_info|auto-get_reading|auto-request_device_info|auto-request_read|auto-send_cmd|auto-set_unit_scale,一种通过命令通信获取测量值和设备信息的位移测量设备，支持设置读数单位缩放，适合实验中读取位移、距离或类似单值尺寸信号。,"A displacement measurement instrument accessed through command-based communication, supporting reading retrieval, device information queries, and unit scaling. It is suitable for laboratory measurement of displacement, distance, or similar single-value dimensional signals.",位移测量仪,表征设备|传感测量与环境感知|距离测量与接近感知|位移测量仪
QDevil QDAC-II 多通道精密电压源,QDevil QDAC-II Multi-Channel Precision Voltage Source,q_dac2,q_dac2,80,248,auto-abort|auto-actual_values_V|auto-actual_voltages|auto-add_correction|auto-allocate_trace|auto-allocate_trigger|auto-append|auto-arbitrary_wave|auto-arrange|auto-ask|auto-ask_channel|auto-available_A|auto-channel|auto-channel_numbers|auto-clear|auto-clear_measurements|auto-clear_read_queue|auto-connect_external_trigger|auto-contact_names|auto-correction_matrix|auto-currents_A|auto-cycles_remaining|auto-dc_list|auto-dc_sweep|auto-end_marker|auto-error|auto-errors|auto-free_all_triggers|auto-free_trigger|auto-get_recorded_scpi_commands|auto-get_trigger_by_name|auto-initiate_correction|auto-leakage|auto-mac|auto-measurement|auto-n_available|auto-n_channels|auto-n_cycles_remaining|auto-n_errors|auto-n_external_inputs|auto-n_external_outputs|auto-n_triggers|auto-name|auto-number|auto-output_mode|auto-peek_A|auto-period_end_marker|auto-period_start_marker|auto-points|auto-remove_traces|auto-reset|auto-set_virtual_voltage|auto-set_virtual_voltages|auto-shape|auto-sine_wave|auto-size|auto-square_wave|auto-start_V|auto-start_all|auto-start_marker|auto-start_on|auto-start_on_external|auto-start_recording_scpi|auto-step_end_marker|auto-step_start_marker|auto-stop_V|auto-time_s|auto-traces|auto-triangle_wave|auto-value|auto-values_V|auto-virtual_detune|auto-virtual_sweep|auto-virtual_sweep2d|auto-virtual_voltage|auto-waveform|auto-write|auto-write_channel|auto-write_channel_floats|auto-write_floats,QDevil QDAC-II 是一款面向量子器件与低温实验的多通道精密电压源，可输出直流偏置、列表扫描和多种波形，并支持内部/外部触发、虚拟栅校正及电流测量，常用于门电压控制、参数扫描和同步实验。,"The QDevil QDAC-II is a multi-channel precision voltage source for quantum-device and cryogenic experiments. It can generate DC biases, list sweeps, and multiple waveform types, and supports internal/external triggering, virtual-gate correction, and current measurement for gate control, parameter sweeps, and synchronized experiments.",可编程直流电源|多通道精密电压源,实验执行&合成设备|低温与量子测量|低温电子学与量子器件偏置|脉冲激励与时序控制|可编程直流电源|多通道精密电压源
量子中央控制器,Quantum Central Controller (QCC),qcc,qcc,11,35,auto-add_additional_parameters|auto-add_standard_parameters|auto-calibrate_dio_protocol|auto-getOperationComplete|auto-get_idn|auto-get_operation_complete|auto-output_dio_calibration_data|auto-print_control_store|auto-print_qisa_opcodes|auto-print_qisa_with_control_store|auto-print_readable_idn,用于量子比特实验控制的硬件控制器。该设备通过 SCPI 接口与上位机通信，可管理控制参数、处理 QISA 指令与控制存储内容，并支持数字 I/O 协议校准，用于协调量子实验中的时序与触发。,"A hardware controller for qubit experiment control. It communicates with host software through SCPI, manages control parameters, handles QISA instructions and control-store contents, and supports digital I/O protocol calibration for coordinating timing and triggering in quantum experiments.",量子实验控制器,实验执行&合成设备|低温与量子测量|量子比特脉冲控制与读出|脉冲激励与时序控制|量子实验控制器
QICK量子控制软件组件,QICK Quantum Control Software Component,qick_instrument,qick_instrument,3,11,auto-cycles2sec_tproc|auto-get_idn|auto-sec2cycles_tproc,这是一个非物理的软件组件，用于实验控制程序中表示与QICK量子控制平台相关的仪器对象。根据现有证据，它主要提供 tProc 时钟周期与秒之间的时间换算，以及读取设备标识信息，适合在量子控制实验的软件流程中做时序参数处理与基本识别。,"This is a non-physical software component representing an instrument object associated with the QICK quantum control platform in experiment-control software. Based on the available evidence, it mainly provides time conversion between tProc clock cycles and seconds, plus retrieval of identification information, for timing parameter handling and basic device identification in quantum-control workflows.",量子控制软件组件,实验执行&合成设备|低温与量子测量|实验室自动化与仪器集成|量子比特脉冲控制与读出|脉冲激励与时序控制|量子控制软件组件
QuTech量子控制箱,QuTech Control Box,qu_tech__control_box,qu_tech__control_box,28,120,auto-add_params|auto-convert_arrary_to_signed|auto-convert_to_signed|auto-create_message|auto-create_timing_tape_entry|auto-decode_message|auto-enable_dac|auto-get_all|auto-get_dac_offset|auto-get_input_avg_results|auto-get_integrated_avg_results|auto-get_integration_log_results|auto-get_qubit_state_log_counters|auto-get_qubit_state_log_results|auto-get_streaming_results|auto-init_params|auto-restart_awg_tape|auto-run_test_suite|auto-send_stop_streaming|auto-serial_read|auto-serial_write|auto-set_averaging_parameters|auto-set_awg_lookuptable|auto-set_conditional_tape|auto-set_dac_offset|auto-set_ecc_truthtable|auto-set_segmented_tape|auto-upload_standard_weights,用于量子比特实验的200 MS/s控制与读出电子学设备。该控制箱通过串行协议进行通信，可配置AWG查找表、DAC使能与偏置、分段/条件时序带，并读取输入平均、积分平均、积分日志、量子态日志及流式采集结果，常用于量子测控与读出实验。,"A 200 MS/s control and readout electronics unit for qubit experiments. The control box communicates over a serial protocol and supports configuring AWG lookup tables, DAC enable and offsets, segmented/conditional timing tapes, and reading input-average, integrated-average, integration-log, qubit-state-log, and streaming acquisition results for quantum control and readout experiments.",量子实验控制器,实验执行&合成设备|表征设备|低温与量子测量|量子比特脉冲控制与读出|脉冲激励与时序控制|量子实验控制器
QuTech 控制箱 v3,QuTech Control Box v3,qu_tech__control_box_v3,qu_tech__control_box_v3,5,29,auto-add_params|auto-get_master_controller_params|auto-init_params|auto-load_instructions|auto-run_test_suite,QuTech 控制箱 v3 是一台可编程实验控制电子设备，用于向内部控制核心下发指令、读取主控制器参数，并支持设备参数初始化与功能测试，适合需要确定性时序与固件级控制的实验场景。,"The QuTech Control Box v3 is a programmable experimental control instrument used to load instructions into its internal control core, read master-controller parameters, and support parameter initialization and functional testing. It is suited for experiments requiring deterministic timing and firmware-level control.",量子实验控制器,实验执行&合成设备|低温与量子测量|量子比特脉冲控制与读出|脉冲激励与时序控制|量子实验控制器
QuTech双工器,QuTech Duplexer,qu_tech__duplexer,qu_tech__duplexer,7,16,auto-add_parameter|auto-add_parameters|auto-calculate_attenuation|auto-get_scaling_increment|auto-set_all_attenuations_to|auto-set_all_phases_to|auto-set_all_switches_to,这是一台用于微波实验的多通道双工器，可对通道开关状态、相位和衰减进行统一设置，并支持与衰减标定相关的计算。,"A multi-channel duplexer for microwave experiments, supporting bulk control of switch states, phase, and attenuation, as well as attenuation-related scaling calculations.",开关控制单元|微波双工器,实验执行&合成设备|电子与电气测试|射频与电子电路测试|自动化测试信号切换与通道复用|开关控制单元|微波信号切换与相位/衰减控制|微波双工器
QuTech QWG任意波形发生器模块,QuTech QWG Arbitrary Waveform Generator Module,qu_tech_awg__module,qu_tech_awg__module,22,59,auto-JSON_parser|auto-add_parameter|auto-add_parameters|auto-calibrate_dio_protocol|auto-createWaveformReal|auto-deleteWaveform|auto-detect_underdrive|auto-dio_calibrate|auto-dio_calibration|auto-dio_calibration_rapport|auto-getErrors|auto-getWaveformDataFloat|auto-getWaveformLength|auto-getWaveformType|auto-loadWaveformOrSequence|auto-newWaveformReal|auto-sendWaveformDataReal|auto-setSeqElemLoopInfiniteOn|auto-setSeqLength|auto-snapshot_base|auto-start|auto-stop,QuTech QWG 是一款面向量子实验的任意波形发生器模块，可输出多通道控制波形、管理波形与序列、支持基于 DIO 的 codeword 触发与校准，常用于量子比特控制和读出实验。,"The QuTech QWG is an arbitrary waveform generator module for quantum experiments. It outputs multi-channel control waveforms, manages waveform and sequence memory, supports DIO codeword triggering and calibration, and is commonly used for qubit control and readout setups.",任意波形发生器,实验执行&合成设备|低温与量子测量|量子比特脉冲控制与读出|脉冲激励与时序控制|任意波形发生器
QuTech SPI S4g通量电流源,QuTech SPI S4g Flux Current Source,qu_tech_spi_s4g__flux_current,qu_tech_spi_s4g__flux_current,2,13,auto-print_overview|auto-set_dacs_zero,一款多通道通量电流源，用于实验中为通量偏置线提供和管理电流输出。该设备支持将各通道安全缓慢降到零电流，适合超导量子比特等需要稳定直流偏置的场景。,"A multi-channel flux current source used in experiments to provide and manage current output for flux-bias lines. It supports safely ramping channels down to zero current, making it suitable for setups such as superconducting qubits that require stable DC biasing.",精密电流源,实验执行&合成设备|低温与量子测量|低温电子学与量子器件偏置|精密电流源
量子比特抽象控制对象,Abstract Qubit Control Object,qubit,qubit,47,58,auto-add_config_parameters|auto-add_flux_parameters|auto-add_generic_qubit_parameters|auto-add_instrument_ref_parameters|auto-add_mw_parameters|auto-add_operation|auto-add_parameters|auto-add_pulse_parameter|auto-add_ro_parameters|auto-add_spec_parameters|auto-calculate_frequency|auto-calibrate_Flux_pulse_latency|auto-calibrate_MW_RO_latency|auto-calibrate_frequency_ramsey|auto-calibrate_frequency_ramsey_ramzz|auto-calibrate_mixer_offsets_drive|auto-calibrate_motzoi|auto-calibrate_optimal_weights|auto-calibrate_spec_pow|auto-connect_message|auto-find_frequency|auto-find_qubit_resonator_fluxline|auto-find_resonator_frequency|auto-find_resonator_frequency_initial|auto-find_resonator_sweetspot|auto-find_resonators|auto-find_test_resonators|auto-find_test_resonators_test|auto-get_idn|auto-get_operation_dict|auto-link_param_to_operation|auto-measure_T1|auto-measure_allxy|auto-measure_echo|auto-measure_flipping|auto-measure_heterodyne_spectroscopy|auto-measure_individual_resonators|auto-measure_motzoi|auto-measure_rabi|auto-measure_ramsey|auto-measure_ramsey_ramzz|auto-measure_resonator_power|auto-measure_spectroscopy|auto-measure_ssro|auto-measure_transients|auto-tune_freq_to|auto-tune_freq_to_sweetspot,一个非物理的量子比特实验控制组件，用作量子比特参数容器和测量流程模板。它为超导量子比特实验统一组织 T1、Rabi、Ramsey、回波、单次读出、频谱、谐振腔搜索、通量调谐与多种校准流程，本身不是可独立连接的硬件仪器，而是供具体量子比特实现类继承的抽象基类。,"A non-physical qubit experiment control component that serves as a parameter container and measurement template for a qubit. It organizes T1, Rabi, Ramsey, echo, single-shot readout, spectroscopy, resonator search, flux tuning, and calibration workflows for superconducting qubit experiments. It is not a standalone hardware instrument, but an abstract base class intended for concrete qubit implementations.",量子比特实验控制对象,实验执行&合成设备|低温与量子测量|实验室自动化与仪器集成|量子比特脉冲控制与读出|超导量子比特标定与时域测量|量子比特实验控制对象
QuTech量子波形发生器,QuTech Quantum Waveform Generator,qwg,qwg,3,31,auto-calibrate_dio_protocol|auto-dio_calibration|auto-output_dio_calibration_data,用于量子实验控制的波形发生设备，可生成精确定时的控制信号，并支持数字I/O接口的校准与协议同步，以配合量子测控系统运行。,"A waveform generation instrument for quantum experiments, used to produce precisely timed control signals and to support digital I/O calibration and protocol synchronization with quantum control electronics.",任意波形发生器,实验执行&合成设备|低温与量子测量|量子比特脉冲控制与读出|脉冲激励与时序控制|任意波形发生器
QuTech量子波形发生器（QWG）,QuTech Quantum Waveform Generator (QWG),qwg_core,qwg_core,52,64,auto-calibrate_dio_protocol|auto-create_waveform_real|auto-delete_waveform|auto-delete_waveform_all|auto-dio_calibrate|auto-dio_calibration_report|auto-get_amplitude|auto-get_bitmap|auto-get_channel_gain_adjust|auto-get_channel_output_voltage|auto-get_codewords_select|auto-get_dac_temperature|auto-get_dio_active_index|auto-get_dio_calibrate|auto-get_dio_calibrated_inputs|auto-get_dio_interboard|auto-get_dio_lvds|auto-get_dio_mode|auto-get_dio_suitable_indexes|auto-get_fpga_temperature|auto-get_iofront_temperature|auto-get_max_codeword_bits|auto-get_offset|auto-get_output_state|auto-get_run_mode|auto-get_sideband_frequency|auto-get_sideband_phase|auto-get_triggers_logic_input|auto-get_waveform|auto-get_waveform_data_float|auto-get_waveform_length|auto-get_waveform_type|auto-get_wlist|auto-get_wlist_name|auto-get_wlist_size|auto-new_waveform_real|auto-output_dio_calibration_data|auto-send_waveform_data_real|auto-set_amplitude|auto-set_channel_gain_adjust|auto-set_dac_digital_value|auto-set_dio_active_index|auto-set_dio_mode|auto-set_offset|auto-set_output_state|auto-set_run_mode|auto-set_sideband_frequency|auto-set_sideband_phase|auto-set_waveform|auto-start|auto-stop|auto-sync_sideband_generators,一款面向量子实验的多通道任意波形发生器，可输出模拟波形、进行边带参数设置，并支持基于DIO码字的触发与校准，同时提供DAC相关温度、电压和校准读写功能。,"A multi-channel arbitrary waveform generator for quantum experiments. It outputs analog waveforms, configures sideband parameters, supports DIO codeword triggering and calibration, and provides DAC-related temperature, voltage, and calibration access.",任意波形发生器|SCPI台式电子仪器,实验执行&合成设备|低温与量子测量|量子比特脉冲控制与读出|脉冲激励与时序控制|任意波形发生器|SCPI台式电子仪器
QX量子电路客户端,QX Quantum Circuit Client,qx_client,qx_client,12,24,auto-connect|auto-create_circuit|auto-create_qubits|auto-disconnect|auto-get_measurement|auto-get_measurement_average|auto-get_nr_qubits|auto-list_circuits|auto-remove_qubits|auto-run_circuit|auto-run_noisy_circuit|auto-send_cmd,一个非物理的软件客户端组件，用于通过网络连接 QX 量子电路服务，创建量子比特寄存器与量子电路、发送门操作命令、运行理想或含噪电路，并读取量子比特测量结果。,"A non-physical software client component for connecting to a QX quantum circuit service over the network, creating qubit registers and circuits, sending gate commands, running ideal or noisy circuits, and retrieving qubit measurement results.",远程代理组件,实验执行&合成设备|低温与量子测量|分布式实验控制与远程过程调用|远程代理组件
快速XAFS扫描控制组件,Quick XAFS Scan Controller,qxafs__scan,qxafs__scan,8,21,auto-add_region|auto-connect_qxafs|auto-finish_qscan|auto-gathering2energy|auto-make_trajectory|auto-post_scan|auto-run|auto-set_energy_pv,用于配置和执行快速X射线吸收精细结构扫描的非实体软件组件。它负责连接扫描相关控制点、生成基于能量与停留时间的运动轨迹、启动扫描采集、将聚集数据换算为能量信息，并在扫描结束后整理与保存数据。,"A non-physical software component for configuring and executing quick X-ray absorption fine structure scans. It connects scan-related control points, generates motion trajectories from energy and dwell settings, starts scan acquisition, converts gathered data into energy-related results, and performs post-scan data handling and saving.",扫描采集控制模块,表征设备|智慧表征与检测中心|X射线成像与束线探测|X射线与辐射能谱测量|扫描采集控制模块
RPLIDAR激光雷达,RPLIDAR LiDAR,r_py_lidar,r_py_lidar,24,31,auto-add_checksum|auto-calcAndAddPoints|auto-calcDelta|auto-calcDist|auto-connect|auto-disconnect|auto-drawPoints|auto-getControlInputs|auto-get_device_health|auto-get_device_info|auto-get_sample_rate|auto-readCabin1or3|auto-readCabin2or4|auto-readCabin5|auto-reset|auto-start_express_scan|auto-start_motor_14|auto-start_motor_34|auto-start_motor_half|auto-start_motor_max|auto-start_motor_slow|auto-start_standard_scan|auto-stop_motor|auto-stop_scan,一款通过串口连接的二维旋转式激光雷达，可控制电机转速并启动标准扫描或快速扫描，采集距离点数据并进行实时可视化，适用于环境感知、定位建图和障碍检测等实验。,"A serial-connected 2D rotating LiDAR that can control motor speed and run standard or express scans to collect distance points with real-time visualization, suitable for experiments in environment sensing, localization and mapping, and obstacle detection.",二维激光雷达,表征设备|传感测量与环境感知|机器人与移动平台|移动机器人与自动驾驶实验|距离测量与接近感知|二维激光雷达
R&S CMU200 音频分析仪,R&S CMU200 Audio Analyzer,ra_scmu200_audio,ra_scmu200_audio,1,9,auto-Measurement,用于实验室音频信号分析的仪器，可通过 SCPI 进行控制，执行或获取音频分析主测量的状态/结果，用于音频质量评估与相关测试。,"A laboratory instrument for audio signal analysis, controllable via SCPI to run or fetch the status/results of primary audio analysis measurements for audio quality evaluation and related testing.",音频分析仪|SCPI台式电子仪器,表征设备|电子与电气测试|音频与声学电子测试|音频分析仪|SCPI台式电子仪器
Racal 1992频率计数器,Racal 1992 Frequency Counter,racal1992,racal1992,5,13,auto-frequency|auto-local|auto-port|auto-preset|auto-remote,Racal 1992频率计数器，用于测量输入信号的频率，并支持预置、端口选择以及本地/远程控制切换，适用于电子与仪器实验中的频率测量。,"The Racal 1992 is a frequency counter used to measure the frequency of input signals. It supports preset, port selection, and switching between local and remote control for frequency measurement in electronics and instrumentation labs.",频率计数器,表征设备|电子与电气测试|射频与电子电路测试|频率计数器
线性电机滑台,Linear Motor Rail,rail,rail,14,23,auto-check_move|auto-connect_rail|auto-disconnect_rail|auto-getPosition|auto-getProcessTime|auto-getStatus|auto-move|auto-read_intelligent|auto-rel_move|auto-removeerror|auto-resumeMotion|auto-set_ml|auto-set_vel|auto-stopMotion,用于实验平台上一维直线运动与定位的线性电机滑台。该设备支持通过网络连接、回零/参考点建立、设置负载与速度、执行绝对和相对位移、停止与恢复运动，并可读取当前位置、运动状态、回显信息及上次运动耗时，适合样品、机械臂末端或工装在导轨上的精密移动。,"A linear motor rail for one-dimensional motion and positioning in laboratory setups. It supports network connection, homing/referencing, load and speed configuration, absolute and relative moves, stop and resume control, and reading current position, motion status, device echo, and last move time. It is suitable for precise transport of samples, fixtures, or robot-mounted payloads along a rail.",电动直线位移台,物流/机械|精密定位与运动控制|样品/探针定位与运动控制|电动直线位移台
原始数据写盘组件,Raw-to-Disk Writer,raw2_disk,raw2_disk,3,14,auto-close|auto-open_file|auto-write,非物理软件组件，用于在实验采集过程中异步将原始数据流写入磁盘文件，以尽量降低对 UDP 接收可靠性的影响。,"A non-physical software component for asynchronously writing raw data streams to disk files during experimental acquisition, helping minimize impact on UDP reception reliability.",实验扫描数据写入器,实验执行&合成设备|实验数据管理与记录|追加式实验记录与索引访问|实验扫描数据写入器
原始广播 UDP 远程过程调用客户端,Raw Broadcast UDP RPC Client,raw_broadcast_udp_client,raw_broadcast_udp_client,38,80,auto-addpackers|auto-call_0|auto-callit|auto-connect|auto-do_call|auto-dump|auto-forkingloop|auto-forksession|auto-get_port|auto-handle|auto-handle_0|auto-loop|auto-make_call|auto-mkcred|auto-mkverf|auto-my_reply_handler|auto-pack_auth|auto-pack_auth_unix|auto-pack_call_args|auto-pack_callheader|auto-pack_mapping|auto-pack_pmaplist|auto-pack_replyheader|auto-register|auto-session|auto-set|auto-set_reply_handler|auto-set_timeout|auto-start_call|auto-turn_around|auto-unpack_auth|auto-unpack_call_result|auto-unpack_callheader|auto-unpack_mapping|auto-unpack_pmaplist|auto-unpack_replyheader|auto-unregister|auto-unset,这是一个非物理的软件通信组件，通过 UDP 广播向指定端口发送基于 XDR 的远程过程调用请求，并处理认证、消息打包解包、超时和回复回调。它适合用于实验系统中的网络服务发现、端口映射查询以及分布式控制服务通信，不直接对应具体实验仪器。,"This is a non-physical software communication component that sends XDR-based remote procedure calls over UDP broadcast to a specific port and handles authentication, message packing/unpacking, timeouts, and reply callbacks. It is suitable for network service discovery, port-mapper queries, and communication with distributed control services in lab systems, and does not directly correspond to a specific physical instrument.",仪器服务发现客户端,实验执行&合成设备|实验室自动化与仪器集成|网络化仪器服务发现与端口映射|分布式实验控制与远程过程调用|仪器服务发现客户端
ACQ400 原始数据网络客户端,ACQ400 Raw Data Network Client,raw_client,raw_client,2,144,auto-get_blocks|auto-read,用于 ACQ400/ACQ2106 数据采集系统的非物理主机端网络客户端，通过设备服务端口读取原始二进制数据，可用于实验中的通道数据拉取、分块传输和采集后数据处理。,"A non-physical host-side network client for ACQ400/ACQ2106 data acquisition systems. It reads raw binary data from device service ports and is used for channel data retrieval, block transfer, and post-acquisition data handling in experiments.",数据采集与控制接口|实验数据流传输器,后处理设备|表征设备|实验室自动化与仪器集成|实验数据管理与记录|实验仪器数据采集与联机控制|瞬态信号采集与同步触发测量|数据采集与控制接口|实验数据流传输器
键盘仿真读取器,Keyboard-like Reader,reader,reader,6,14,auto-decode_raw_data|auto-extract_meaningful_data_from_chunk|auto-get_chunked_data|auto-initialize|auto-raw_data_to_keys|auto-read,一个非物理的软件读取组件，用于与键盘仿真式输入源配合，读取原始数据、按块解析内容，并将输入转换为有意义的按键或文本数据。可用于实验中接收扫码器、读码器或其他以键盘输入方式输出的数据流。,"A non-physical software reading component for use with keyboard-emulating input sources. It reads raw data, parses chunked content, and converts the input into meaningful key or text data. It can be used in laboratory workflows to receive data streams from scanners, code readers, or other devices that output as keyboard input.",键盘输入设备,后处理设备|物流/机械|实验室自动化与仪器集成|串行通信与人机交互|人工输入与实验交互控制|键盘输入设备
SHFQA量子分析仪读出模块,SHFQA Quantum Analyzer Readout Module,readout,readout,22,47,auto-available_aux_trigger_inputs|auto-available_inputs|auto-available_trigger_inputs|auto-compile_sequencer_program|auto-configure|auto-configure_channel|auto-configure_result_logger|auto-configure_sequencer_triggering|auto-enable_sequencer|auto-factory_reset|auto-get_qudits_results|auto-load_sequencer_program|auto-max_qubits_per_channel|auto-read|auto-read_from_waveform_memory|auto-read_integration_weights|auto-run|auto-start_continuous_sw_trigger|auto-stop|auto-wait_done|auto-write_integration_weights|auto-write_to_waveform_memory,用于苏黎世仪器 SHFQA 量子分析仪的读出功能模块，面向量子比特/多能级态测量。它可配置结果记录器、写入和读取加权积分权重、运行读出采集，并管理与测序器、波形存储器和触发相关的读出流程。,"A readout functional module for the Zurich Instruments SHFQA quantum analyzer, intended for qubit and multistate measurement. It configures the result logger, writes and reads weighted integration weights, runs readout acquisition, and manages readout-related sequencer, waveform memory, and trigger operations.",量子实验控制器|数字解调仪,实验执行&合成设备|表征设备|低温与量子测量|量子比特脉冲控制与读出|超导量子比特标定与时域测量|量子实验控制器|数字解调仪
真实USB设备通信组件,Real USB Device Communication Component,real_usb_device,real_usb_device,9,22,auto-claim_interface|auto-ctrl_transfer|auto-find|auto-read|auto-release_interface|auto-reset|auto-send_code|auto-set_configuration|auto-to_dict,一个非物理的软件组件，用于在实验系统中直接访问通用USB设备。它提供设备查找、USB配置设置、设备复位、接口占用与释放、控制传输、原始数据读取等功能，适合与未专门建模的USB实验设备或自定义硬件进行底层通信。,"A non-physical software component for direct access to generic USB devices in laboratory systems. It provides device discovery, USB configuration, device reset, interface claim/release, control transfers, and raw data reads, making it suitable for low-level communication with custom hardware or USB-based lab equipment that is not otherwise specifically modeled.",USB仪器通信接口|通用字节流仪器通信接口,实验执行&合成设备|表征设备|实验室自动化与仪器集成|实验仪器通信与驱动集成|仪器发现与驱动匹配|USB仪器通信接口|通用字节流仪器通信接口
管式炉CVD配方控制组件,Tube Furnace CVD Recipe Controller,recipe,recipe,4,12,auto-initialize|auto-logging|auto-poll|auto-run,用于管式炉CVD系统的非物理配方执行软件组件。它根据预定义步骤协调炉温、质量流量控制器和压力相关参数，支持设备初始化、过程执行、参数轮询与运行日志记录，适合自动化工艺流程管理。,"A non-physical recipe execution software component for a tube furnace CVD system. It coordinates furnace temperature, mass flow controller settings, and pressure-related parameters according to predefined steps, and supports device initialization, process execution, parameter polling, and run logging for automated process management.",管式炉|气体质量流量控制器|温度控制器|压力变送器,实验执行&合成设备|表面/薄膜体系|气体输送与过程控制|化学气相沉积与薄膜生长|气体供给与混气控制|过程变量监测与日志记录|管式炉|气体质量流量控制器|温度控制器|压力变送器
配方任务推送器,Recipe Task Pusher,recipe_pusher,recipe_pusher,1,19,auto-fileTasksForInputs,一个非物理的软件组件，用于根据输入数据或文件将处理配方对应的任务提交到规则或集群处理系统中，常用于实验数据分析流程的自动化编排。,"A non-physical software component that files or submits recipe-based processing tasks from input data or files to a rules or cluster-processing system, typically used to automate experimental data analysis workflows.",分布式实验任务提交器,后处理设备|实验计算与数据处理|实验数据管理与记录|分布式实验数据处理|分布式实验任务提交器
配方规则组件,Recipe Rule Component,recipe_rule,recipe_rule,1,66,auto-prepare,这是一个非物理的软件组件，用于定义并准备实验数据处理中的配方规则。它服务于集群或笔记本环境下的任务启动、组织与进度跟踪，而不是直接控制任何实验硬件。,"This is a non-physical software component used to define and prepare recipe rules in experimental data-processing workflows. It supports task launching, organization, and progress tracking in cluster or notebook environments rather than directly controlling laboratory hardware.",实验配方规则引擎,后处理设备|实验计算与数据处理|实验数据管理与记录|分布式实验数据处理|实验配方规则引擎
实验数据记录器,Experiment Data Recorder,recorder,recorder,10,28,auto-close|auto-createFolder|auto-getPath|auto-getValue|auto-getValueType|auto-getVariableList|auto-initialize|auto-save|auto-setPath|auto-setValue,一个非物理的软件记录组件，用于实验过程中创建保存目录、设置数据路径、记录变量值，并初始化、保存和关闭数据文件。,"A non-physical software recorder component used during experiments to create storage folders, manage data paths, record variable values, and initialize, save, and close data files.",过程变量日志记录器|实验数据文件读写器,后处理设备|实验数据管理与记录|过程变量监测与日志记录|科学数据存储与归档|过程变量日志记录器|实验数据文件读写器
矩形类图形组件,Rectangle-Type Graphic Component,rectangle_type_graphic,rectangle_type_graphic,19,415,auto-adjust_part|auto-begin_drag|auto-bounds|auto-center|auto-center_x|auto-center_y|auto-end_drag|auto-get_attributes|auto-get_mask_item|auto-height|auto-mime_data_dict|auto-nudge|auto-read_from_mime_data|auto-reset_position|auto-rotation|auto-rotation_deg|auto-size|auto-test|auto-width,用于 Nion Swift 中的非物理图形组件，表示并编辑矩形类二维标注区域，如矩形或椭圆选区。它主要服务于图像/数据视图中的覆盖绘制、区域选择、拖拽调整、旋转、命中测试以及掩膜对象生成，不直接控制任何实验硬件。,"A non-physical software graphic component in Nion Swift for representing and editing rectangle-like 2D annotation regions, such as rectangular or elliptical selections. It is used for overlay drawing, region selection, drag adjustment, rotation, hit testing, and mask-item generation in image or data views, and does not directly control laboratory hardware.",感兴趣区图形标注器,表征设备|后处理设备|实验数据可视化与分析|科学图像区域标注与感兴趣区分析|多维实验数据可视化|感兴趣区图形标注器
FPGA寄存器通信接口,FPGA Register Communication Interface,register_interface,register_interface,4,18,auto-get_device|auto-is_connected|auto-read|auto-write,用于通过 USB 与 FPGA 设备进行寄存器级读写的非物理软件接口组件。它在实验系统中提供底层地址访问、连接状态检查以及获取底层设备对象的能力，适合用于控制或调试依赖 FPGA 的仪器模块。,"A non-physical software interface component for register-level communication with an FPGA over USB. In laboratory systems, it provides low-level address read/write access, connection checking, and access to the underlying device object, making it useful for controlling or debugging FPGA-based instrument modules.",USB仪器通信接口|通用字节流仪器通信接口,实验执行&合成设备|表征设备|实验室自动化与仪器集成|电子与电气测试|实验仪器通信与驱动集成|USB仪器通信接口|通用字节流仪器通信接口
远程电子显微镜控制代理,Remote Electron Microscope Proxy,remote_microscope,remote_microscope,73,83,auto-acquire|auto-get_beam_blanked|auto-get_beam_shift|auto-get_beam_tilt|auto-get_camera_param|auto-get_cameras|auto-get_column_valves_open|auto-get_condenser_mode|auto-get_condenser_stigmator|auto-get_convergence_angle|auto-get_dark_field_mode|auto-get_defocus|auto-get_diffraction_shift|auto-get_family|auto-get_illuminated_area|auto-get_illumination_mode|auto-get_image_shift|auto-get_indicated_camera_length|auto-get_indicated_magnification|auto-get_instrument_mode|auto-get_intensity|auto-get_magnification_index|auto-get_microscope_id|auto-get_objective_excitation|auto-get_objective_stigmator|auto-get_probe_defocus|auto-get_projection_mode|auto-get_projection_mode_string|auto-get_projection_sub_mode|auto-get_screen_current|auto-get_screen_position|auto-get_spot_size_index|auto-get_stage_holder|auto-get_stage_limits|auto-get_stage_position|auto-get_stage_status|auto-get_state|auto-get_stem_acquisition_param|auto-get_stem_detector_param|auto-get_stem_detectors|auto-get_stem_magnification|auto-get_stem_rotation|auto-get_vacuum|auto-get_version|auto-get_voltage|auto-is_stem_available|auto-normalize|auto-set_beam_blanked|auto-set_beam_shift|auto-set_beam_tilt|auto-set_camera_param|auto-set_column_valves_open|auto-set_condenser_mode|auto-set_condenser_stigmator|auto-set_convergence_angle|auto-set_dark_field_mode|auto-set_defocus|auto-set_diffraction_shift|auto-set_illuminated_area|auto-set_illumination_mode|auto-set_image_shift|auto-set_instrument_mode|auto-set_intensity|auto-set_magnification_index|auto-set_objective_stigmator|auto-set_probe_defocus|auto-set_projection_mode|auto-set_screen_position|auto-set_spot_size_index|auto-set_stem_acquisition_param|auto-set_stem_detector_param|auto-set_stem_magnification|auto-set_stem_rotation,一个非物理的软件控制组件，通过远程显微镜服务器连接电子显微镜。它用于读取 TEM/STEM 状态，调节束流、像移、倍率与工作模式，管理相机和探测器参数，并触发图像或信号采集。,"A non-physical software proxy that connects to an electron microscope through a remote microscope server. It is used to read TEM/STEM status, adjust beam, image, magnification, and operating modes, manage camera and detector parameters, and trigger image or signal acquisition.",电子显微镜远程控制代理,表征设备|智慧表征与检测中心|实验室自动化与仪器集成|透射电镜与冷冻电镜成像|实验仪器数据采集与联机控制|电子显微镜远程控制代理
VENUS资源类生成工具,VENUS Resource Class Generator,resources,resources,3,17,auto-read_layout|auto-read_liquid_classes|auto-read_submethods,这是一个非物理的软件辅助组件，用于读取 Hamilton VENUS 的实验室自动化资源文件，如甲板布局、液体类别数据库和子方法库，并将其转换为可在 Python 中调用的资源类，便于在自动化实验脚本中复用系统配置与方法定义。,"This is a non-physical software helper component that reads Hamilton VENUS laboratory automation resource files, such as deck layouts, liquid class databases, and submethod libraries, and converts them into Python classes for reuse in automation scripts and workflow definitions.",实验自动化资源类生成器,备料&前处理设备|实验室自动化与仪器集成|移液站产品|实验软件对象模型与属性同步|实验自动化资源类生成器
树莓派相机,Raspberry Pi Camera,rest_pi_camera,rest_pi_camera,12,19,auto-get_exposuretime|auto-get_iso|auto-get_json|auto-get_preview|auto-get_resolution_preview|auto-get_snap|auto-isConnected|auto-post_json|auto-set_exposuretime|auto-set_iso|auto-start_live|auto-stop_live,一款通过 REST API 控制的树莓派相机，用于实验中的图像采集、单张拍照、预览图获取和实时观察，并可设置 ISO 与曝光时间等成像参数。,"A Raspberry Pi camera controlled through a REST API, used in laboratory setups for image acquisition, snapshot capture, preview retrieval, and live viewing, with configurable imaging parameters such as ISO and exposure time.",嵌入式相机模块,表征设备|实验室自动化与仪器集成|实验成像与过程监测|实验HTTP远程控制与API集成|嵌入式相机模块
RGB三色发光二极管,RGB LED,rgbled,rgbled,35,112,auto-active_high|auto-angle|auto-backward|auto-blink|auto-blue|auto-close|auto-closed|auto-color|auto-detach|auto-forward|auto-frame_width|auto-frequency|auto-green|auto-is_active|auto-max|auto-max_angle|auto-max_pulse_width|auto-max_tone|auto-mid|auto-mid_tone|auto-min|auto-min_angle|auto-min_pulse_width|auto-min_tone|auto-octaves|auto-off|auto-on|auto-play|auto-pulse|auto-pulse_width|auto-red|auto-reverse|auto-toggle|auto-tone|auto-value,一种通过 GPIO 控制红、绿、蓝三个通道的全彩发光二极管，可设置颜色、通道强度以及闪烁和渐亮渐暗效果，常用于状态指示、视觉提示和教学实验。,"A full-color LED component controlled through GPIO with separate red, green, and blue channels. It supports color setting, channel intensity control, blinking, and pulsing, and is commonly used for status indication, visual feedback, and teaching experiments.",状态指示灯,实验执行&合成设备|实验室自动化与仪器集成|实验流程状态指示与告警|状态指示灯
RIC温度控制器,RIC Temperature Controller,ric,ric,9,16,auto-close|auto-execute|auto-gettemp|auto-idle|auto-open|auto-setdebug|auto-settemp|auto-status|auto-version,用于实验中温度设定、温度读取与设备状态查询的温控仪器。该接口还支持空闲模式、版本查询、调试输出以及发送原始命令，适合将温度控制集成到自动化实验流程中。,"A temperature-control instrument used in laboratory workflows for setting temperature, reading back temperature, and checking device status. The interface also supports idle mode, version queries, debug output, and raw command execution for integration into automated experiments.",温度控制器,实验执行&合成设备|环境控制与稳定性测试|外接设备恒温控制|温度控制器
普源 DS1000Z 系列数字示波器,Rigol DS1000Z Series Digital Oscilloscope,rigol,rigol,44,56,auto-DVMisEnabled|auto-annotate|auto-annotateColor|auto-annotateOff|auto-channelLabel|auto-channelLabelOff|auto-enableDVM|auto-hardcopy|auto-measureBitRate|auto-measureBurstWidth|auto-measureCounterFrequency|auto-measureDVMacrms|auto-measureDVMdc|auto-measureDVMdcrms|auto-measureDVMfreq|auto-measureFallEdgeCount|auto-measureFallPulseCount|auto-measureFallTime|auto-measureFrequency|auto-measureNegDutyCycle|auto-measureNegPulseWidth|auto-measureOvershoot|auto-measurePeriod|auto-measurePosDutyCycle|auto-measurePosPulseWidth|auto-measurePreshoot|auto-measureRiseEdgeCount|auto-measureRisePulseCount|auto-measureRiseTime|auto-measureTblCall|auto-measureTblUnits|auto-measureVoltAmplitude|auto-measureVoltAverage|auto-measureVoltBase|auto-measureVoltMax|auto-measureVoltMin|auto-measureVoltPP|auto-measureVoltRMS|auto-measureVoltTop|auto-modeRun|auto-modeSingle|auto-modeStop|auto-setupAutoscale|auto-waveformData,用于控制普源 DS1000Z 系列数字示波器的仪器接口，可进行运行/停止/单次采集、自动缩放、屏幕注释、截图、波形数据下载，以及频率、周期、电压、脉宽、边沿计数和 DVM 相关电参数测量，适合实验中的电子信号观测与分析。,"An instrument interface for controlling a Rigol DS1000Z series digital oscilloscope. It supports run/stop/single acquisition, autoscale, on-screen annotation, screen capture, waveform download, and electrical measurements including frequency, period, voltage, pulse width, edge counts, and DVM-related readings for laboratory signal observation and analysis.",数字存储示波器|SCPI台式电子仪器,表征设备|电子与电气测试|射频与电子电路测试|数字存储示波器|SCPI台式电子仪器
Rigol DS1054Z数字示波器,Rigol DS1054Z Digital Oscilloscope,rigol1054z,rigol1054z,49,73,auto-autoscale|auto-clear|auto-disable|auto-disabled|auto-enable|auto-enabled|auto-force|auto-get_averaging|auto-get_channels_enabled|auto-get_coupling|auto-get_data|auto-get_data_premable|auto-get_id|auto-get_memory_depth|auto-get_mode|auto-get_offset_V|auto-get_probe_ratio|auto-get_range_V|auto-get_sampling_rate|auto-get_screenshot|auto-get_timebase_mode|auto-get_timebase_offset_s|auto-get_timebase_scale_s_div|auto-get_trigger_holdoff_s|auto-get_trigger_level_V|auto-get_units|auto-get_voltage_rms_V|auto-run|auto-select_channel|auto-selected_channel|auto-set_averaging|auto-set_averaging_mode|auto-set_coupling|auto-set_high_resolution_mode|auto-set_memory_depth|auto-set_normal_mode|auto-set_offset_V|auto-set_peak_mode|auto-set_probe_ratio|auto-set_range_V|auto-set_single_shot|auto-set_timebase_mode|auto-set_timebase_offset_s|auto-set_timebase_scale_s_div|auto-set_trigger_holdoff_s|auto-set_trigger_level_V|auto-set_units|auto-set_vertical_scale_V|auto-stop,这是一台台式数字示波器，通过USBTMC接口进行控制，用于采集和显示电信号波形，并可进行通道配置、触发设置、时基调整、采样与存储深度查询、波形数据读取以及屏幕截图获取，适合实验中的通用电信号观测与分析。,"This is a bench digital oscilloscope controlled over USBTMC, used to acquire and display electrical waveforms. It supports channel configuration, trigger setup, timebase adjustment, sampling and memory-depth queries, waveform data retrieval, and screenshot capture for general laboratory signal observation and analysis.",数字存储示波器,表征设备|电子与电气测试|射频与电子电路测试|数字存储示波器
普源 DS1000 系列示波器,Rigol DS1000 Series Oscilloscope,rigol_ds1000_series,rigol_ds1000_series,14,21,auto-acquire_averages|auto-acquire_type|auto-channel|auto-force_trigger|auto-math|auto-name|auto-panel_locked|auto-query|auto-read_waveform|auto-ref|auto-release_panel|auto-run|auto-sendcmd|auto-stop,一款基于 SCPI 控制的数字示波器，用于采集和观察电信号波形，支持运行/停止触发、强制触发、波形读取以及采集参数设置，适合电子实验中的时域信号测量与调试。,"A SCPI-controlled digital oscilloscope for capturing and viewing electrical waveforms. It supports run/stop control, force trigger, waveform readout, and acquisition parameter settings for time-domain signal measurement and debugging in electronics labs.",数字存储示波器|SCPI台式电子仪器,表征设备|电子与电气测试|射频与电子电路测试|数字存储示波器|SCPI台式电子仪器
RIGOL DS4043数字示波器,Rigol DS4043 Digital Oscilloscope,rigol_ds4043,rigol_ds4043,2,15,auto-read_channels|auto-readwfm,一款通过 VISA/SCPI 控制的台式数字示波器，用于采集和读取一个或多个通道的波形数据。该驱动显示其支持触发、时基、平均采样和原始波形读取，适合实验中的电信号时域观测与波形记录。,"A bench digital oscilloscope controlled via VISA/SCPI for acquiring and reading waveform data from one or more channels. The driver evidence shows support for trigger setup, timebase configuration, averaging, and raw waveform readout, making it suitable for time-domain electrical signal observation and waveform capture in laboratory experiments.",数字存储示波器|SCPI台式电子仪器,表征设备|电子与电气测试|射频与电子电路测试|数字存储示波器|SCPI台式电子仪器
RIGOL DSA800 频谱分析仪,Rigol DSA800 Spectrum Analyzer,rigol_dsa800_wrapper,rigol_dsa800_wrapper,30,38,auto-amplitudeOffset|auto-amplitudeReference|auto-amplitudeScale|auto-attenuation|auto-autoset|auto-bandwidthResolution|auto-bandwidthSweepTime|auto-bandwidthVideo|auto-clear_buffers|auto-frequencyCenter|auto-frequencySpan|auto-frequencyStart|auto-frequencyStop|auto-getTrace|auto-markerAmplitude|auto-markerFrequency|auto-markerMode|auto-markerReadoutMode|auto-markerToggle|auto-markerTrace|auto-markerTrack|auto-operationComplete|auto-peakExcursion|auto-peakNext|auto-peakSearch|auto-peakSet|auto-peakTable|auto-peakThreshold|auto-preamplifier|auto-reset,RIGOL DSA800 系列台式频谱分析仪，用于扫描和测量射频信号频谱。该设备支持设置起止频率、中心频率与扫宽、参考电平与幅度刻度、输入衰减、前置放大器、标记与峰值搜索、分辨率带宽/视频带宽，并可读取迹线数据用于实验分析。,"The Rigol DSA800 is a benchtop spectrum analyzer for scanning and measuring RF signal spectra. It supports start/stop/center/span frequency settings, reference level and amplitude scaling, input attenuation, preamplifier control, markers and peak search, resolution/video bandwidth configuration, and trace acquisition for laboratory analysis.",频谱分析仪|SCPI台式电子仪器,表征设备|电子与电气测试|射频与电子电路测试|频谱分析仪|SCPI台式电子仪器
环形区域图形组件,Ring Region Graphic Component,ring_graphic,ring_graphic,10,415,auto-adjust_part|auto-begin_drag|auto-end_drag|auto-label_position|auto-mime_data_dict|auto-mode|auto-radius_1|auto-radius_2|auto-read_from_mime_data|auto-test,一个非物理的软件图形组件，用于在科学图像或谱图界面中定义、编辑和序列化环形区域。它通常用于交互式选择环形 ROI、生成掩膜或支持测量与分析显示，而不是直接控制任何实验硬件。,"A non-physical software graphic component used to define, edit, and serialize a ring-shaped region in scientific image or spectrum interfaces. It is typically used for interactive ring ROI selection, mask generation, and measurement/analysis display, rather than direct control of any laboratory hardware.",感兴趣区图形标注器,表征设备|实验数据可视化与分析|科学图像区域标注与感兴趣区分析|感兴趣区图形标注器
Robo HAT MM1 电机控制板,Robo HAT MM1 Motor Controller,robo_hat_controller,robo_hat_controller,5,19,auto-read_serial|auto-run|auto-run_threaded|auto-shutdown|auto-update,用于机器人与无人小车实验的车载控制板。该组件通过串口读取来自 SAMD51 的 RC/PWM 控制信号，并将其映射为归一化的转向与油门输出，适合 DonkeyCar 类平台的人为遥控与自动驾驶控制流程。,"An onboard control board for robotics and autonomous RC car experiments. It reads RC/PWM control signals from a SAMD51 over serial and maps them to normalized steering and throttle outputs, suitable for DonkeyCar-like user-control and autonomous driving workflows.",车载运动控制板,物流/机械|机器人与移动平台|移动机器人与自动驾驶实验|车载运动控制板
Robo HAT MM1 电机与转向控制板,Robo HAT MM1 Motor and Steering Controller,robo_hat_driver,robo_hat_driver,6,19,auto-is_valid_pwm_value|auto-run|auto-set_pulse|auto-shutdown|auto-trim_out_of_bound_value|auto-write_pwm,用于机器人小车的PWM控制板，可将转向和油门指令转换为PWM脉冲输出，以驱动转向舵机和电机油门，并支持数值校验、限幅与安全关闭。,"A PWM control board for robotic vehicles that converts steering and throttle commands into PWM pulse outputs to drive a steering servo and motor throttle, with value validation, clamping, and safe shutdown support.",PWM转向控制器|PWM油门控制器,物流/机械|机器人与移动平台|移动机器人与自动驾驶实验|PWM信号输出与执行器驱动|PWM转向控制器|PWM油门控制器
Mecademic机械臂,Mecademic robotic arm,robot,robot,294,380,auto-ActivateAndHome|auto-ActivateBrakes|auto-ActivateRobot|auto-ActivateSim|auto-AutoConnectionWatchdog|auto-BrakesOff|auto-BrakesOn|auto-ClearMotion|auto-Connect|auto-ConnectionWatchdog|auto-CreateRegisteredVariable|auto-CreateVariable|auto-DeactivateRobot|auto-DeactivateSim|auto-Delay|auto-DeleteFile|auto-DeleteProgram|auto-DeleteVariable|auto-Disconnect|auto-EnableEtherNetIp|auto-EnableProfinet|auto-EndLogging|auto-ExpectExternalCheckpoint|auto-FileLogger|auto-ForceRealTimeMonitoring|auto-GetAutoConf|auto-GetAutoConfTurn|auto-GetBlending|auto-GetBrakesState|auto-GetCalibrationCfg|auto-GetCapturedTrajectory|auto-GetCapturedTrajectoryPath|auto-GetCartAcc|auto-GetCartAngVel|auto-GetCartLinVel|auto-GetCheckpoint|auto-GetCheckpointDiscarded|auto-GetCmdPendingCount|auto-GetCollisionCfg|auto-GetCollisionStatus|auto-GetConf|auto-GetConfTurn|auto-GetEtherNetIpEnabled|auto-GetExtToolFwVersion|auto-GetExtToolSim|auto-GetFwVersion|auto-GetGripperForce|auto-GetGripperRange|auto-GetGripperVel|auto-GetInterruptableEvent|auto-GetIoSim|auto-GetJointAcc|auto-GetJointLimits|auto-GetJointLimitsCfg|auto-GetJointVel|auto-GetJointVelLimit|auto-GetJoints|auto-GetLoadedPrograms|auto-GetMecaScriptCfg|auto-GetMecaScriptEngineStatus|auto-GetModelJointLimits|auto-GetMonitoringInterval|auto-GetMoveDuration|auto-GetMoveDurationCfg|auto-GetMoveJumpApproachVel|auto-GetMoveJumpHeight|auto-GetMoveMode|auto-GetNetworkCfg|auto-GetNetworkConfig|auto-GetNetworkOptions|auto-GetOperationMode|auto-GetPStop2Cfg|auto-GetPayload|auto-GetPose|auto-GetPowerSupplyInputs|auto-GetProductType|auto-GetProfinetEnabled|auto-GetProgramExecutionStatus|auto-GetRealTimeMonitoring|auto-GetRecoveryMode|auto-GetRobotCalibrated|auto-GetRobotInfo|auto-GetRobotName|auto-GetRobotRtData|auto-GetRobotSerial|auto-GetRtAccelerometer|auto-GetRtCartPos|auto-GetRtCartVel|auto-GetRtConf|auto-GetRtConfTurn|auto-GetRtExtToolStatus|auto-GetRtGripperForce|auto-GetRtGripperPos|auto-GetRtGripperState|auto-GetRtI2t|auto-GetRtInputState|auto-GetRtIoStatus|auto-GetRtJointPos|auto-GetRtJointTorq|auto-GetRtJointVel|auto-GetRtOutputState|auto-GetRtTargetCartPos|auto-GetRtTargetCartVel|auto-GetRtTargetConf|auto-GetRtTargetConfTurn|auto-GetRtTargetJointPos|auto-GetRtTargetJointTorq|auto-GetRtTargetJointVel|auto-GetRtTemperature|auto-GetRtTrf|auto-GetRtVacuumPressure|auto-GetRtVacuumState|auto-GetRtValveState|auto-GetRtWrf|auto-GetRtc|auto-GetSafetyStatus|auto-GetSafetyStopStatus|auto-GetSimModeCfg|auto-GetStatusRobot|auto-GetTimeScaling|auto-GetToolSphere|auto-GetTorqueLimits|auto-GetTorqueLimitsCfg|auto-GetTorqueLimitsStatus|auto-GetTrf|auto-GetVacuumPurgeDuration|auto-GetVacuumThreshold|auto-GetVariable|auto-GetVariableByCyclicId|auto-GetVelTimeout|auto-GetWorkZoneCfg|auto-GetWorkZoneLimits|auto-GetWorkZoneStatus|auto-GetWrf|auto-GripperClose|auto-GripperOpen|auto-Home|auto-IsAllowedToMove|auto-IsConnected|auto-IsControlling|auto-IsDesiredInputState|auto-IsDesiredOutputState|auto-IsSynchronousMode|auto-ListFiles|auto-ListPrograms|auto-ListVariables|auto-LoadFile|auto-LoadProgram|auto-LogTrace|auto-LogUserCommands|auto-MoveGripper|auto-MoveJoints|auto-MoveJointsRel|auto-MoveJointsVel|auto-MoveJump|auto-MoveLin|auto-MoveLinRelTRF|auto-MoveLinRelTrf|auto-MoveLinRelWRF|auto-MoveLinRelWrf|auto-MoveLinVelTRF|auto-MoveLinVelTrf|auto-MoveLinVelWRF|auto-MoveLinVelWrf|auto-MovePose|auto-PauseMotion|auto-RebootRobot|auto-RegisterCallback|auto-RegisterCallbacks|auto-ResetError|auto-ResetPStop|auto-ResetPStop2|auto-ResumeMotion|auto-RunCallbacks|auto-SaveFile|auto-SaveProgram|auto-SendCustomCommand|auto-SetAutoConf|auto-SetAutoConfTurn|auto-SetBlending|auto-SetCalibrationCfg|auto-SetCartAcc|auto-SetCartAngVel|auto-SetCartLinVel|auto-SetCheckpoint|auto-SetCollisionCfg|auto-SetConf|auto-SetConfTurn|auto-SetEob|auto-SetEom|auto-SetExtToolSim|auto-SetGripperForce|auto-SetGripperRange|auto-SetGripperVel|auto-SetIoSim|auto-SetJointAcc|auto-SetJointLimits|auto-SetJointLimitsCfg|auto-SetJointVel|auto-SetJointVelLimit|auto-SetLoadedPrograms|auto-SetMecaScriptCfg|auto-SetMonitoringInterval|auto-SetMoveDuration|auto-SetMoveDurationCfg|auto-SetMoveJumpApproachVel|auto-SetMoveJumpHeight|auto-SetMoveMode|auto-SetNetworkOptions|auto-SetOutputState|auto-SetOutputState_Immediate|auto-SetPStop2Cfg|auto-SetPayload|auto-SetRTC|auto-SetRealTimeMonitoring|auto-SetRecoveryMode|auto-SetRobotName|auto-SetRtc|auto-SetSilentApiMode|auto-SetSimModeCfg|auto-SetSynchronousMode|auto-SetTRF|auto-SetTimeScaling|auto-SetToolSphere|auto-SetTorqueLimits|auto-SetTorqueLimitsCfg|auto-SetTrf|auto-SetVacuumPurgeDuration|auto-SetVacuumPurgeDuration_Immediate|auto-SetVacuumThreshold|auto-SetVacuumThreshold_Immediate|auto-SetValveState|auto-SetVariable|auto-SetVelTimeout|auto-SetWRF|auto-SetWorkZoneCfg|auto-SetWorkZoneLimits|auto-SetWrf|auto-StartLogging|auto-StartOfflineProgram|auto-StartProgram|auto-StopProgram|auto-SwitchToEtherCAT|auto-Sync|auto-SyncCmdQueue|auto-TcpDump|auto-TcpDumpStop|auto-UnregisterCallback|auto-UnregisterCallbacks|auto-UpdateRobot|auto-VacuumGrip|auto-VacuumGrip_Immediate|auto-VacuumPurge|auto-VacuumPurge_Immediate|auto-VacuumRelease|auto-VacuumRelease_Immediate|auto-WaitActivated|auto-WaitConnected|auto-WaitDeactivated|auto-WaitDisconnected|auto-WaitEStopReset|auto-WaitEStopResettable|auto-WaitEndOfCycle|auto-WaitErrorReset|auto-WaitEstopResettable|auto-WaitExtToolSimActivated|auto-WaitExtToolSimDeactivated|auto-WaitForAnyCheckpoint|auto-WaitForError|auto-WaitGripperMoveCompletion|auto-WaitHoldingPart|auto-WaitHomed|auto-WaitIdle|auto-WaitInputState|auto-WaitIoSimDisabled|auto-WaitIoSimEnabled|auto-WaitMecaScriptEngineReady|auto-WaitMotionCleared|auto-WaitMotionPaused|auto-WaitMotionResumed|auto-WaitOutputState|auto-WaitPStop2Reset|auto-WaitPStop2Resettable|auto-WaitProgramDone|auto-WaitProgramsLoaded|auto-WaitPurgeDone|auto-WaitRecoveryMode|auto-WaitReleasedPart|auto-WaitSafetyStopReset|auto-WaitSafetyStopResettable|auto-WaitSafetyStopStateChange|auto-WaitSimActivated|auto-WaitSimDeactivated|auto-sleep,用于控制 Mecademic 六轴机械臂及其末端工具的机器人系统，可执行关节与笛卡尔运动、夹爪抓取、真空吸附、I/O 控制、程序运行和实时状态监测，适用于实验室自动化中的取放、定位、转运与样品处理。,"A robotic system for controlling a Mecademic six-axis robotic arm and its end tools. It supports joint and Cartesian motion, gripper handling, vacuum pick-up, I/O control, program execution, and real-time monitoring for laboratory automation tasks such as pick-and-place, positioning, transfer, and sample handling.",机械臂,物流/机械|实验室自动化与仪器集成|机器人与移动平台|实验室机器人操作与样品转运|实验室机械臂自动化与样品搬运|样品/探针定位与运动控制|机械臂
Mecademic机械臂,Mecademic robotic arm,robot_with_tools,robot_with_tools,9,53,auto-ActivateAndHome|auto-ActivateRobot|auto-DeactivateRobot|auto-Disconnect|auto-HasIoModule|auto-clear_dirty_flags|auto-is_cmd_dirty|auto-set_dirty_if_params_changed|auto-set_if_dirty,用于实验自动化的机械臂控制对象，可执行机器人激活、回零/归位、断开连接，并检查IO模块状态；同时包含运动队列参数与初始化配置的脏标记管理，便于在测试或实验前将机器人恢复到已知状态。,"A robotic arm control object for lab automation that can activate the robot, home it, disconnect it, and check IO module presence. It also manages dirty-state tracking for motion queue parameters and initialization settings so the robot can be restored to a known state before experiments or tests.",机械臂,物流/机械|实验室自动化与仪器集成|实验室机械臂自动化与样品搬运|机械臂
Robotell CAN总线接口,Robotell CAN Bus Interface,robotell_bus,robotell_bus,10,23,auto-fileno|auto-flush|auto-get_serial_number|auto-send|auto-set_auto_bus_management|auto-set_auto_retransmit|auto-set_bitrate|auto-set_hw_filter|auto-set_serial_rate|auto-shutdown,用于连接和配置 Robotell CAN 总线接口设备的通信接口，可设置 CAN 比特率、串口速率、自动重传和硬件过滤，并发送 CAN 帧。适合在实验系统中与使用 CAN 总线通信的控制器、传感器或执行机构进行数据交换。,"A communication interface for connecting to and configuring a Robotell CAN bus interface device. It supports setting CAN bitrate, serial port rate, automatic retransmission, and hardware filters, and can transmit CAN frames. It is suitable for laboratory systems that need to exchange data with CAN-based controllers, sensors, or actuators.",CAN总线接口适配器,物流/机械|实验室自动化与仪器集成|CAN总线设备调试与集成|CAN总线接口适配器
Robotiq Hand-E机械夹爪,Robotiq Hand-E Gripper,robotiq_gripper,robotiq_gripper,14,30,auto-activate|auto-auto_calibrate|auto-connect|auto-disconnect|auto-get_closed_position|auto-get_current_position|auto-get_max_position|auto-get_min_position|auto-get_open_position|auto-is_active|auto-is_closed|auto-is_open|auto-move|auto-move_and_wait_for_pos,用于机器人末端执行器的两指电动夹爪，可通过网络套接字直接连接并控制，支持激活、开闭状态判断、开合位置自动校准，以及按目标位置、速度和力执行夹持运动，适合实验自动化中的样品抓取与转运。,"A two-finger electric robotic gripper used as an end effector, directly controlled over a network socket. It supports activation, open/closed state checks, automatic calibration of open and closed positions, and gripping motions with commanded position, speed, and force for sample handling and transfer in lab automation.",机器人电动夹爪,物流/机械|实验室自动化与仪器集成|实验室机器人操作与样品转运|实验室机械臂自动化与样品搬运|机器人电动夹爪
罗德与施瓦茨 NRVS 功率计,Rohde & Schwarz NRVS Power Meter,rohde_schwarz_nrvs,rohde_schwarz_nrvs,5,15,auto-amplitude|auto-calibration_data|auto-calibration_dates|auto-frequency|auto-sensor,用于射频/微波功率测量的台式功率计，可读取测量频率、功率幅度、传感器信息以及校准相关数据，适合实验室中的功率检测与传感器校验管理。,"A benchtop RF/microwave power meter for power measurement. It can read or set measurement frequency and query power amplitude, sensor information, and calibration-related data for laboratory power measurement and sensor verification workflows.",射频功率计,表征设备|电子与电气测试|射频与电子电路测试|射频功率计
罗德与施瓦茨 SHM52 信号发生器,Rohde & Schwarz SHM52 Signal Generator,rohde_schwarz_shm52,rohde_schwarz_shm52,3,14,auto-amplitude|auto-frequency|auto-output,一款射频信号发生器，频率范围约为 100 kHz 至 2 GHz。可用于实验与电子测试中的信号输出，支持设置频率、幅度以及输出开关。,"An RF signal generator with an approximate frequency range of 100 kHz to 2 GHz. It is used for signal output in laboratory and electronic test setups, with support for frequency setting, amplitude setting, and output enable control.",射频信号发生器,实验执行&合成设备|电子与电气测试|射频与电子电路测试|射频信号发生器
ROSBridge WebSocket连接组件,ROSBridge WebSocket Connection Component,rosbridge_ws_connection,rosbridge_ws_connection,7,28,auto-on_close|auto-on_error|auto-on_message|auto-on_open|auto-registerCallback|auto-run|auto-sendString,用于与ROSBridge服务器建立并维护WebSocket通信的非物理软件组件，可在实验系统中发送字符串消息、接收消息，并将收到的数据分发给已注册的回调函数。,"A non-physical software component that establishes and maintains WebSocket communication with a ROSBridge server, used in lab systems to send string messages, receive incoming messages, and dispatch received data to registered callbacks.",ROSBridge WebSocket连接器,物流/机械|实验室自动化与仪器集成|机器人与移动平台|分布式实验控制与远程过程调用|ROSBridge WebSocket连接器
旋转编码器,Rotary Encoder,rotary_encoder,rotary_encoder,3,19,auto-run_threaded|auto-shutdown|auto-update,用于检测车轮或旋转轴脉冲计数的传感器，可根据计数与时间间隔估算速度、行驶距离和里程，常用于移动机器人或小车实验中的运动反馈与里程计测量。,"A sensor that counts pulses from a wheel or rotating shaft and uses tick counts over time to estimate speed, traveled distance, and odometry for motion feedback in mobile robot or small vehicle experiments.",轮速编码器,物流/机械|机器人与移动平台|移动机器人与自动驾驶实验|轮速编码器
电力路由软件组件,Power Routing Software Component,routable,routable,8,67,auto-dump|auto-get_power|auto-get_releaseable_power|auto-load_config|auto-publish|auto-run|auto-stop|auto-take_power,非物理软件组件，用于在实验或设施能源管理场景中统一表示可参与电力调度的对象。它提供配置加载、运行与停止、功率查询、可释放功率计算、功率占用以及状态发布等接口，可被智能插座、电池或充电控制对象等上层模块复用。,"A non-physical software component used to represent objects that can participate in power scheduling in laboratory or facility energy-management scenarios. It provides interfaces for loading configuration, running and stopping, querying power, calculating releasable power, taking power, and publishing status, and can be reused by higher-level modules such as smart plugs, batteries, or EVSE control objects.",电力路由控制组件,物流/机械|实验供电与能源管理|电力调度与负载协调|电力路由控制组件
RPLIDAR激光雷达,RPLIDAR LiDAR,rp_lidar,rp_lidar,3,48,auto-run_threaded|auto-shutdown|auto-update,用于机器人环境感知的二维激光雷达。该设备通过连续扫描获取距离与角度测量数据，可用于避障、定位、建图和周围环境轮廓检测。,"A 2D LiDAR sensor for robot environment perception. It continuously scans to acquire distance and angle measurements, enabling obstacle avoidance, localization, mapping, and surrounding scene detection.",二维激光雷达,物流/机械|机器人与移动平台|传感测量与环境感知|移动机器人与自动驾驶实验|距离测量与接近感知|二维激光雷达
RPLIDAR 二维激光雷达,RPLIDAR 2D LiDAR,rp_lidar2,rp_lidar2,5,48,auto-poll|auto-run|auto-run_threaded|auto-shutdown|auto-update,用于获取周围环境二维距离与角度扫描数据的旋转式激光雷达。该设备可连续输出测距点，形成一圈扫描缓冲区，常用于机器人避障、环境感知、建图与定位实验。,"A rotating 2D LiDAR used to acquire distance-and-angle scan data of the surrounding environment. It continuously outputs range measurements and maintains a recent full-scan buffer, making it suitable for robotics experiments involving obstacle avoidance, perception, mapping, and localization.",二维激光雷达,物流/机械|机器人与移动平台|传感测量与环境感知|移动机器人与自动驾驶实验|距离测量与接近感知|二维激光雷达
R&S HMP4040四通道直流电源,R&S HMP4040 Four-Channel DC Power Supply,rs_hmp4040,rs_hmp4040,16,23,auto-ask|auto-get_channel|auto-get_current|auto-get_current_limit|auto-get_name|auto-get_set_voltage|auto-get_voltage|auto-init|auto-read|auto-reinit|auto-reset_trip|auto-set_channel|auto-set_current_limit|auto-set_enable|auto-set_voltage|auto-write,一款可编程四通道台式直流电源，用于在实验中为电路、传感器或测试模块提供稳定电压与限流输出，并读取各通道的电压、电流和保护状态。,"A programmable four-channel bench DC power supply used in laboratories to provide stable voltage and current-limited outputs for circuits, sensors, or test modules, while monitoring channel voltage, current, and protection status.",可编程直流电源,实验执行&合成设备|电子与电气测试|电源与电池测试|电子器件供电与台架测试|可编程直流电源
RsInstrument SCPI仪器控制组件,RsInstrument SCPI Instrument Control Component,rs_instrument,rs_instrument,104,125,auto-add_instr_option|auto-assert_minimum_version|auto-assign_lock|auto-bin_float_numbers_format|auto-bin_int_numbers_format|auto-check_status|auto-clear_global_logging_relative_timestamp|auto-clear_lock|auto-clear_status|auto-close|auto-data_chunk_size|auto-driver_version|auto-encoding|auto-events|auto-file_exists|auto-from_existing_session|auto-full_instrument_model_name|auto-get_driver_version|auto-get_file_size|auto-get_global_logging_relative_timestamp|auto-get_global_logging_target|auto-get_last_sent_cmd|auto-get_lock|auto-get_session_handle|auto-get_total_execution_time|auto-get_total_time|auto-get_total_time_startpoint|auto-go_to_local|auto-go_to_remote|auto-has_instr_option|auto-has_instr_option_k0|auto-has_instr_option_regex|auto-idn_string|auto-instr_err_suppressor|auto-instrument_firmware_version|auto-instrument_model_name|auto-instrument_options|auto-instrument_serial_number|auto-instrument_status_checking|auto-is_connection_active|auto-list_resources|auto-lock_resource|auto-logger|auto-manufacturer|auto-opc_query_after_write|auto-opc_sync_query_mechanism|auto-opc_timeout|auto-process_all_commands|auto-query|auto-query_all_errors|auto-query_all_errors_with_codes|auto-query_bin_block|auto-query_bin_block_to_file|auto-query_bin_block_to_file_with_opc|auto-query_bin_block_with_opc|auto-query_bin_or_ascii_float_list|auto-query_bin_or_ascii_float_list_with_opc|auto-query_bin_or_ascii_int_list|auto-query_bin_or_ascii_int_list_with_opc|auto-query_bool|auto-query_bool_list|auto-query_bool_list_with_opc|auto-query_bool_with_opc|auto-query_float|auto-query_float_with_opc|auto-query_int|auto-query_int_with_opc|auto-query_opc|auto-query_str|auto-query_str_list|auto-query_str_list_with_opc|auto-query_str_stripped|auto-query_str_with_opc|auto-query_stripped|auto-query_with_opc|auto-read_file_from_instrument_to_pc|auto-reconnect|auto-remove_instr_option|auto-reset|auto-reset_time_statistics|auto-resource_name|auto-self_test|auto-send_file_from_pc_to_instrument|auto-set_global_logging_relative_time_of_first_entry|auto-set_global_logging_relative_timestamp|auto-set_global_logging_relative_timestamp_now|auto-set_global_logging_target|auto-supported_models|auto-unlock_resource|auto-visa_manufacturer|auto-visa_timeout|auto-visa_tout_suppressor|auto-write|auto-write_bin_block|auto-write_bin_block_from_file|auto-write_bool|auto-write_bool_with_opc|auto-write_float|auto-write_float_with_opc|auto-write_int|auto-write_int_with_opc|auto-write_str|auto-write_str_with_opc|auto-write_with_opc,这是一个非物理的软件组件，用于通过 VISA/SCPI 远程连接和控制实验室仪器。它提供资源发现、命令读写、OPC同步、错误查询、二进制数据传输、仪器文件传输、日志与会话管理等功能，适合在自动化测试与测量流程中作为通用仪器通信层使用。,"This is a non-physical software component for remotely connecting to and controlling laboratory instruments over VISA/SCPI. It provides resource discovery, command read/write, OPC synchronization, error querying, binary data transfer, instrument file transfer, logging, and session management, making it suitable as a general instrument communication layer in automated test and measurement workflows.",SCPI/VISA仪器控制客户端,实验执行&合成设备|实验室自动化与仪器集成|实验仪器通信与驱动集成|仪器发现与驱动匹配|SCPI/VISA仪器控制客户端
Keithley 2400 / Lake Shore 350 联合实验控制组件,Keithley 2400 / Lake Shore 350 Experiment Control Component,rt__backend__active,rt__backend__active,14,42,auto-configure_instruments|auto-connect|auto-create_widgets|auto-get_measurement|auto-get_temperature|auto-log|auto-set_heater_range|auto-set_setpoint|auto-set_ui_state|auto-setup_styles|auto-shutdown|auto-start_experiment|auto-start_ramp|auto-stop_experiment,一个非物理软件组件，用于协调 Keithley 2400 源表与 Lake Shore 350 温控器的实验流程。它负责仪器连接、参数配置、温度读取、加热器量程与温度设定值设置、温度斜坡控制、电学测量读取，以及实验图形界面的创建、样式、日志和状态管理。,"A non-physical software component that coordinates experiments involving a Keithley 2400 source meter and a Lake Shore 350 temperature controller. It handles instrument connection, configuration, temperature readback, heater-range and setpoint control, temperature ramping, electrical measurement readout, and GUI creation, styling, logging, and UI state management.",联合实验控制后端,实验执行&合成设备|表征设备|电子与电气测试|环境控制与稳定性测试|外接设备恒温控制|仪表读数与状态监测|联合实验控制后端
被动监测实验界面与通信组件,Passive Monitoring GUI and Communication Component,rt__backend__passive,rt__backend__passive,10,34,auto-configure_instruments|auto-connect|auto-create_widgets|auto-get_measurement|auto-log|auto-set_ui_state|auto-setup_styles|auto-shutdown|auto-start_experiment|auto-stop_experiment,这是一个非物理软件组件，用于被动监测实验中的仪器通信与图形界面控制。它负责连接并协调 Keithley 2400 与 Lake Shore 仪器，执行实验配置、读取测量数据、记录日志，以及管理界面状态与实验流程。,"This is a non-physical software component for instrument communication and GUI control in passive monitoring experiments. It connects and coordinates a Keithley 2400 and a Lake Shore instrument, handling experiment configuration, measurement retrieval, logging, and UI workflow management.",联合实验控制后端,表征设备|实验执行&合成设备|电子与电气测试|环境控制与稳定性测试|仪表读数与状态监测|过程变量监测与日志记录|联合实验控制后端
RTDE实时数据交换客户端,RTDE Real-Time Data Exchange Client,rtde,rtde,13,36,auto-connect|auto-disconnect|auto-get_controller_version|auto-has_data|auto-is_connected|auto-negotiate_protocol_version|auto-receive|auto-send|auto-send_input_setup|auto-send_message|auto-send_output_setup|auto-send_pause|auto-send_start,用于与控制器建立RTDE通信会话的非物理软件组件。它可连接或断开会话、协商协议版本、配置输入/输出数据流，并收发实时数据与消息，常用于实验自动化系统与控制器之间的数据交换、状态监测和集成通信。,"A non-physical software component for establishing RTDE communication sessions with a controller. It can connect and disconnect, negotiate protocol versions, configure input/output data streams, and send or receive real-time data and messages. It is used in laboratory automation to integrate external software with a controller for data exchange and status monitoring.",RTDE控制器通信客户端,物流/机械|实验室自动化与仪器集成|实验仪器数据采集与联机控制|RTDE控制器实时数据交换|RTDE控制器通信客户端
优傲机械臂夹爪系统,Universal Robots Arm with Gripper,rtde_urx,rtde_urx,8,17,auto-angle_antipodal_grasp|auto-close_gripper|auto-initialize|auto-list_to_setp|auto-movel|auto-open_gripper|auto-setp_to_list|auto-wait,用于实验室自动化的机械臂与夹爪控制系统，可进行笛卡尔空间直线运动、位置等待以及夹爪开合，适合样品抓取、转移和放置等操作。,"A laboratory automation robotic arm and gripper system for Cartesian linear motion, motion completion waiting, and gripper open/close control, suitable for sample pick-and-place, transfer, and handling tasks.",机械臂|机器人夹爪,物流/机械|实验执行&合成设备|实验室自动化与仪器集成|机器人与移动平台|实验室机械臂自动化与样品搬运|机器人运动规划与任务编排|机械臂|机器人夹爪
罗德与施瓦茨 RTO1024 示波器,Rohde & Schwarz RTO1024 Oscilloscope,rto1024_scope,rto1024_scope,2,9,auto-measure_trace|auto-prepare_measurement,一台数字示波器，用于实验中的时域信号采集与波形读取。根据驱动证据，该设备可配置采样率、触发相关的采集时间窗口，并读取通道 1 的波形数据。,"A digital oscilloscope used for time-domain signal acquisition and waveform readout in laboratory experiments. Based on the driver evidence, it can configure sampling rate and trigger-related acquisition windows, and read waveform data from channel 1.",数字存储示波器|VISA消息式仪器,表征设备|电子与电气测试|瞬态信号采集与同步触发测量|数字存储示波器|VISA消息式仪器
RTO示波器,RTO Oscilloscope,rto_scope,rto_scope,49,87,auto-awg_dio_snapshot|auto-calibrate_dio_protocol|auto-configure_awg_file|auto-configure_awg_string|auto-connect_device|auto-connect_server|auto-dio_snapshot|auto-dio_testmode|auto-direct|auto-do_get_screenshot|auto-do_single_shot|auto-extclk|auto-features|auto-find|auto-finds|auto-get_channel_data|auto-getd|auto-geti|auto-getv|auto-idn|auto-is_averaging_complete|auto-load_settings|auto-mode|auto-off|auto-on|auto-onOffMultiple|auto-poll|auto-read_scope|auto-reconnect|auto-restart|auto-sampleclk|auto-set_average_count|auto-set_averaging|auto-set_channel_scale|auto-set_format_real|auto-set_maximum_rate|auto-set_time_scale|auto-set_trigger_coupling|auto-set_trigger_ext|auto-set_trigger_level|auto-set_trigger_mode|auto-set_trigger_slope|auto-set_trigger_src|auto-setd|auto-seti|auto-setv|auto-subs|auto-sync|auto-unsubs,Rohde & Schwarz RTO 系列数字示波器，用于实验中的波形采集、触发设置、时基与通道量程调整、单次采样、平均采样以及屏幕截图获取。该接口还暴露了一些通用远程连接、参数读写和数字接口相关方法，可能用于配套测量系统中的扩展控制。,"A Rohde & Schwarz RTO-series digital oscilloscope used in laboratory experiments for waveform acquisition, trigger setup, timebase and channel scale adjustment, single-shot capture, averaging, and screenshot retrieval. The interface also exposes some generic remote-connection, parameter read/write, and digital-interface methods that may support extended control in a larger measurement setup.",数字存储示波器|SCPI台式电子仪器,表征设备|电子与电气测试|瞬态信号采集与同步触发测量|数字存储示波器|SCPI台式电子仪器
规则任务组件,Rule Task Component,rule,rule,7,66,auto-cleanup|auto-join|auto-on_data_complete|auto-prepare|auto-push|auto-status|auto-watch,这是一个非物理的软件组件，用于实验相关的数据处理与集群任务编排。它负责在规则触发前准备元数据和提交参数、提交规则任务、跟踪任务进度、等待任务完成，并在结束后执行清理。结合派生类可用于配方处理、本地化分析以及实时数据完成后的后处理流程，也可配合监视器在 Jupyter 笔记本中显示规则进度。,"This is a non-physical software component for experiment-related data processing and cluster task orchestration. It prepares metadata and submission arguments before a rule is triggered, posts rule tasks, tracks progress, waits for completion, and performs cleanup afterward. Via derived classes it can support recipe processing, localization analysis, and end-of-data post-processing, and it can be used with watchers to display rule progress in Jupyter notebooks.",实验配方规则引擎|分布式实验任务提交器,后处理设备|实验计算与数据处理|分布式实验数据处理|显微定位重建与集群分析|实验配方规则引擎|分布式实验任务提交器
规则任务调度服务器,Rule-Based Task Scheduling Server,rule_server,rule_server,9,38,auto-add_integer_id_rule|auto-bid_on_tasks|auto-handin|auto-inactivate_rule|auto-mark_release_complete|auto-release_rule_tasks|auto-status|auto-stop|auto-task_advertisements,非物理软件组件，用于在 PYME 集群分析流程中按规则生成和发布任务，接收计算节点竞价，释放或停用任务规则，并汇总任务完成状态。适用于显微成像等实验数据的分布式处理与工作流调度。,"A non-physical software component that generates and advertises tasks according to rules in a PYME cluster workflow, accepts bids from compute nodes, releases or inactivates task rules, and collects task completion results. It is used for distributed processing and workflow scheduling of experimental data such as microscopy analysis.",实验网络服务,后处理设备|实验计算与数据处理|分布式实验数据处理|显微定位重建与集群分析|实验HTTP远程控制与API集成|实验网络服务
安全缓冲区访问组件,Safe Buffer Access Component,safe_buffer_access,safe_buffer_access,46,53,auto-acquire_mutex|auto-batch_mixed_operations|auto-batch_read_values|auto-batch_write_values|auto-error_msg|auto-get_config_file_args_as_map|auto-get_config_path|auto-get_var_count|auto-get_var_info|auto-get_var_list|auto-get_var_size|auto-get_var_sizes_batch|auto-get_var_value|auto-get_var_values_batch|auto-is_valid|auto-read_bool_input|auto-read_bool_memory|auto-read_bool_output|auto-read_byte_input|auto-read_byte_output|auto-read_dint_input|auto-read_dint_memory|auto-read_dint_output|auto-read_int_input|auto-read_int_memory|auto-read_int_output|auto-read_lint_input|auto-read_lint_memory|auto-read_lint_output|auto-release_mutex|auto-set_var_value|auto-set_var_values_batch|auto-write_bool_input|auto-write_bool_memory|auto-write_bool_output|auto-write_byte_input|auto-write_byte_output|auto-write_dint_input|auto-write_dint_memory|auto-write_dint_output|auto-write_int_input|auto-write_int_memory|auto-write_int_output|auto-write_lint_input|auto-write_lint_memory|auto-write_lint_output,一种非物理软件组件，用于在线程安全条件下读写与 PLC/Modbus 相关的输入、输出和内存缓冲区。它支持布尔、字节、16/32/64 位整数、批量读写、变量调试访问以及配置读取，常用于实验自动化程序中的共享数据交换与控制逻辑集成。,"A non-physical software component for thread-safe reading and writing of PLC/Modbus-related input, output, and memory buffers. It supports boolean, byte, 16/32/64-bit integers, batch operations, variable inspection, and configuration access, and is commonly used for shared data exchange and control-logic integration in laboratory automation software.",PLC/Modbus缓冲区访问器,实验执行&合成设备|实验室自动化与仪器集成|过程控制与工业仪表实验|PLC控制与设备联锁|通用数字输入输出与状态检测|PLC/Modbus缓冲区访问器
SC10快门控制器,SC10 Shutter Controller,sc10,sc10,13,17,auto-baud_rate|auto-default|auto-enable|auto-mode|auto-name|auto-open_time|auto-out_trigger|auto-repeat|auto-restore|auto-save|auto-save_mode|auto-shut_time|auto-trigger,用于控制 Thorlabs SH05 和 SH1 机械快门的控制器。可管理快门启用状态、通信波特率、工作模式，以及开/关时间、重复次数和触发相关设置，适用于光学实验中的光束通断控制与同步。,"A controller for Thorlabs SH05 and SH1 mechanical shutters. It manages shutter enable state, communication baud rate, operating mode, and timing, repeat, and trigger-related settings for beam blocking/unblocking and synchronization in optical experiments.",机械光快门控制器,实验执行&合成设备|光学与光谱实验|激光激发与光谱测量|脉冲激励与时序控制|机械光快门控制器
电子秤后端抽象模块,Abstract Scale Backend,scale_backend,scale_backend,4,11,auto-get_weight|auto-read_weight|auto-tare|auto-zero,用于实验室电子秤集成的非物理软件组件，定义清零、去皮和读取重量等通用控制接口，供上层实验自动化系统与具体电子秤实现对接。,"A non-physical software component for laboratory scale integration. It defines common control interfaces such as zeroing, taring, and reading weight, allowing higher-level lab automation software to interact with concrete scale implementations.",电子天平,备料&前处理设备|力与称重传感测量|分析称量与配样|电子天平
EPICS 标量计数通道配置组件,EPICS Scaler Channel Configuration Component,scaler_ch,scaler_ch,3,14,auto-match_name|auto-match_names|auto-select_channels,这是一个非物理的软件组件，用于 synApps/EPICS 的标量计数记录中管理各计数通道。它主要按 EPICS 通道名称进行名称匹配与通道筛选，方便在实验中整理并选择需要采集的计数信号。,"This is a non-physical software component for managing channels in a synApps/EPICS scaler record. It is mainly used to match channel names and select channels based on EPICS naming, helping experiments organize and choose which counting signals to acquire.",标量计数器,表征设备|实验计算与数据处理|同步计数与探测器通道监测|标量计数器
标量计数通道选择组件,Scaler Channel Selector,scaler_channel,scaler_channel,3,13,auto-match_name|auto-match_names|auto-select_channels,用于 EPICS SynApps 标量记录的非物理软件组件。它主要负责匹配通道名称、批量匹配名称以及选择要使用的计数通道，适合在实验采集流程中组织和定位标量计数器的通道配置。,"A non-physical software component for EPICS SynApps scaler records. It is mainly used to match channel names, match multiple names in batch, and select counting channels for use in experimental data-acquisition workflows.",标量计数器,表征设备|实验计算与数据处理|同步计数与探测器通道监测|标量计数器
扫描数据库组件,Scan Database Component,scan_db,scan_db,92,104,auto-add_command|auto-add_common_commands|auto-add_counter|auto-add_detector|auto-add_extrapv|auto-add_instrument|auto-add_macro|auto-add_positioner|auto-add_pv|auto-add_row_attr|auto-add_scandata|auto-add_scandef|auto-add_slewpositioner|auto-add_slewscanstatus|auto-append_scandata|auto-cancel_command|auto-cancel_remaining_commands|auto-check_hostpid|auto-clear_scandata|auto-clear_slewscanstatus|auto-commit|auto-connect_pvs|auto-create_newdb|auto-del_counter|auto-del_detector|auto-del_extrapv|auto-del_positioner|auto-del_scandef|auto-del_slewpositioner|auto-get_all_instruments|auto-get_command_status|auto-get_commands|auto-get_common_commands|auto-get_config|auto-get_config_id|auto-get_counter|auto-get_counters|auto-get_current_command|auto-get_current_command_id|auto-get_detector|auto-get_detectorconfig|auto-get_detectorconfigs|auto-get_detectors|auto-get_extrapv|auto-get_extrapvs|auto-get_instrument|auto-get_macro|auto-get_mostrecent_command|auto-get_position|auto-get_position_vals|auto-get_positioner|auto-get_positioners|auto-get_positionlist|auto-get_positions|auto-get_pv|auto-get_pvrow|auto-get_scandata|auto-get_scandef|auto-get_scandict|auto-get_slewpositioner|auto-get_slewpositioners|auto-get_slewscanstatus|auto-getrow|auto-last_slewscan_status|auto-make_pvmap|auto-make_scan|auto-read_slewscan_status|auto-remove_all_positions|auto-remove_instrument|auto-remove_position|auto-rename_position|auto-rename_scandef|auto-replace_command|auto-restore_complete|auto-restore_position|auto-resubmit_command|auto-save_current_position|auto-save_position|auto-set_command_filename|auto-set_command_output|auto-set_command_run_order|auto-set_command_status|auto-set_config|auto-set_detectorconfig|auto-set_filename|auto-set_hostpid|auto-set_message|auto-set_scandata|auto-set_workdir|auto-test_abort|auto-use_detector|auto-wait_for_pause,这是一个用于实验扫描系统的非物理软件组件，提供扫描数据库的主接口。它用于管理扫描定义、命令队列、EPICS PV 列表、位置器、探测器、计数器、额外 PV、扫描数据、消息与状态信息，并支持保存与恢复仪器位置以及根据已保存定义创建扫描对象。,"This is a non-physical software component that serves as the main interface to a scan database for laboratory experiments. It manages scan definitions, command queues, EPICS PV lists, positioners, detectors, counters, extra PVs, scan data, messages, and status records, and it also supports saving/restoring instrument positions and creating scan objects from saved definitions.",扫描采集控制模块|EPICS仪器服务节点,实验执行&合成设备|实验室自动化与仪器集成|实验数据管理与记录|样品/探针定位与运动控制|同步计数与探测器通道监测|扫描采集控制模块|EPICS仪器服务节点
扫描数据文件读写组件,Scan Data File Reader/Writer,scan_file,scan_file,14,30,auto-check_writeable|auto-close|auto-flush|auto-get_data|auto-open_for_write|auto-read|auto-write|auto-write_comments|auto-write_data|auto-write_extrapvs|auto-write_legend|auto-write_lines|auto-write_scanparams|auto-write_timestamp,这是一个非物理的软件组件，用于实验扫描数据文件的打开、读取、写入和关闭。它支持将扫描数据、注释、时间戳、图例、额外过程变量和扫描参数写入文件，也可读取已有扫描文件内容，常用于实验自动化中的数据保存与元数据记录。,"This is a non-physical software component for opening, reading, writing, flushing, and closing experiment scan data files. It supports writing scan data, comments, timestamps, legends, extra process variables, and scan parameters, and can also read existing scan files. It is commonly used for data logging and metadata capture in laboratory scan workflows.",实验数据文件读写器,表征设备|实验数据管理与记录|追加式实验记录与索引访问|过程变量监测与日志记录|实验数据文件读写器
扫描器通信接口,Scanner Communication Interface,scanner_interface,scanner_interface,2,36,auto-fileno|auto-send_command,用于实验系统中的非物理扫描器通信组件，提供向扫描器发送命令以及暴露文件描述符的能力，便于将设备通信接入事件循环、轮询或底层 I/O 监控流程。,"A non-physical scanner communication component used in laboratory systems. It provides methods to send commands to a scanner and expose a file descriptor, enabling integration with event loops, polling, or low-level I/O monitoring.",通用字节流仪器通信接口,实验执行&合成设备|实验室自动化与仪器集成|实验仪器通信与驱动集成|实验仪器数据采集与联机控制|通用字节流仪器通信接口
仿真场景组件,Simulation Scene Component,scene,scene,16,28,auto-compile|auto-device|auto-entities|auto-env_origins|auto-env_spacing|auto-initialize|auto-num_envs|auto-reset|auto-sensor_context|auto-sensors|auto-spec|auto-terrain|auto-to_zip|auto-update|auto-write|auto-write_data_to_sim,这是一个非物理软件组件，用于定义、编译、初始化和更新仿真场景。它管理场景规格、实体、传感器、地形、多环境布局及共享传感上下文，并可将场景 XML 与网格资源导出到目录或压缩包，供实验或机器人仿真使用。,"This is a non-physical software component for defining, compiling, initializing, and updating a simulation scene. It manages scene specifications, entities, sensors, terrain, multi-environment layout, and shared sensor context, and can export scene XML and mesh assets to a directory or archive for laboratory or robotics simulation use.",机器人仿真实体|STL网格文件写出器,实验执行&合成设备|机器人与移动平台|实验计算与数据处理|机器人动力学与控制仿真实验|三维几何建模与STL导出|机器人仿真实体|STL网格文件写出器
Scientifica 运动控制线程,Scientifica Motion Control Thread,scientifica_control_thread,scientifica_control_thread,11,35,auto-cancel_move|auto-check_objective|auto-check_position|auto-move|auto-quit|auto-run|auto-send_move_command|auto-set_default_speed|auto-set_obj_callback|auto-set_pos_callback|auto-stop,这是一个非物理的软件控制组件，用于主 Scientifica 设备类的后台线程中监测位置、发起移动、跟踪移动状态、处理停止与取消请求，并通过回调通知位置或物镜状态变化，适合用于 Scientifica 位移设备的运动协调与状态轮询。,"This is a non-physical software control component used as a background thread for the main Scientifica device class. It monitors position, initiates moves, tracks move status, handles stop and cancel requests, and reports position or objective changes via callbacks for coordinating and polling Scientifica motion devices.",位置控制器|电动位移台控制器,物流/机械|精密定位与运动控制|实验室自动化与仪器集成|样品/探针定位与运动控制|位置控制器|电动位移台控制器
SCILA抽屉式培养存储装置,SCILA drawer-based incubation/storage unit,scila_backend,scila_backend,14,29,auto-deserialize|auto-is_temperature_control_enabled|auto-measure_temperature|auto-request_co2_flow_status|auto-request_drawer_status|auto-request_drawer_statuses|auto-request_liquid_level|auto-request_status|auto-request_target_temperature|auto-request_temperature_information|auto-request_valve_status|auto-serialize|auto-start_temperature_control|auto-stop_temperature_control,一种带抽屉访问的实验室环境控制装置，可用于样品或微孔板的培养或受控存储。该设备支持温度控制，并可查询液位、温度、CO₂流量、阀门以及抽屉状态。,"A drawer-based laboratory environmental control unit for incubating or storing samples or microplates under controlled conditions. It supports temperature control and can report liquid level, temperature, CO2 flow, valve status, and drawer status.",微孔板自动培养存储系统|气候箱,器件/细胞设备|生命体系|环境控制与稳定性测试|细胞生物学研究|气候箱培养与稳定性试验|微孔板自动培养存储系统|气候箱
SCPI 网络通信组件,SCPI Network Communication Component,scpi,scpi,22,33,auto-ask_float|auto-ask_int|auto-bin_block_read|auto-bin_block_write|auto-clear_status|auto-get_error|auto-get_event_status_enable|auto-get_event_status_enable_register|auto-get_identity|auto-get_operation_complete|auto-get_options|auto-get_service_request_enable|auto-get_status_byte|auto-get_system_error_count|auto-get_system_version|auto-get_test_result|auto-operation_complete|auto-reset|auto-service_request_enable|auto-set_event_status_enable|auto-trigger|auto-wait,这是一个非物理的软件通信组件，用于通过 IP 与支持 SCPI/IEEE 488.2 的仪器交互。它提供通用命令发送、状态寄存器读写、身份查询、触发、复位以及二进制块传输等能力，常用于实验系统中统一接入不同型号的网络仪器。,"This is a non-physical software communication component for interacting with SCPI/IEEE 488.2 compliant instruments over IP. It provides generic command/query handling, status register access, identity queries, triggering, reset, and binary block transfer, and is commonly used to integrate different networked instruments in laboratory setups.",SCPI/VISA仪器控制客户端,实验执行&合成设备|实验室自动化与仪器集成|实验仪器通信与驱动集成|实验仪器数据采集与联机控制|SCPI/VISA仪器控制客户端
SCPI通用仪器软件接口,Generic SCPI Instrument Software Interface,scpi__instrument,scpi__instrument,15,40,auto-backend|auto-connected|auto-id|auto-init|auto-instrument|auto-is_connected|auto-port|auto-port_match|auto-query|auto-read|auto-reset|auto-resource_params|auto-rid|auto-value|auto-write,这是一个非物理的软件组件，用于在实验中以统一方式连接和访问支持 SCPI 命令的仪器。它提供端口、资源标识和连接参数管理，以及通用的写入、读取、查询、复位和初始化操作，适合用于构建各类仪器的上层控制流程。,"This is a non-physical software component for uniformly connecting to and accessing instruments that support SCPI commands in laboratory workflows. It manages ports, resource identifiers, and connection parameters, and provides generic write, read, query, reset, and initialization operations for higher-level instrument control.",SCPI/VISA仪器控制客户端,实验执行&合成设备|实验室自动化与仪器集成|实验仪器通信与驱动集成|实验仪器数据采集与联机控制|SCPI/VISA仪器控制客户端
电化学恒电位/恒电流仪,Potentiostat/Galvanostat,scpi_device,scpi_device,85,98,auto-IDN|auto-abortCommand|auto-calibrateOffsets|auto-checkConnectionPolarity|auto-checkResetStatus|auto-clearState|auto-close|auto-getCurrent|auto-getCurrentMedian|auto-getDataReceiver|auto-getDateTime|auto-getDateTimeStruct|auto-getLineFrequency|auto-getMACAddress|auto-getPotential|auto-getPotentialMedian|auto-getRaiseOnErrorEnabled|auto-getSoftwareInfo|auto-getTemperature|auto-getVoltage|auto-getVoltageMedian|auto-measureCharge|auto-measureDischarge|auto-measureGITT|auto-measureIEStairs|auto-measureOCV|auto-measureOCVScan|auto-measurePITT|auto-measurePolarization|auto-measureProfile|auto-measureRampScanRateForTime|auto-measureRampValueInScanRate|auto-measureRampValueInTime|auto-readDeviceInformations|auto-readState|auto-resetCommand|auto-setAbsoluteTolerance|auto-setAutorangingEnabled|auto-setBandwith|auto-setChargeBreakEnabled|auto-setCoupling|auto-setCurrentParameter|auto-setCurrentRange|auto-setCurrentValue|auto-setDateTime|auto-setFilterFrequency|auto-setGlobalCurrentCheckEnabled|auto-setGlobalLimitCheckToleranceTime|auto-setGlobalVoltageCheckEnabled|auto-setInterpolationEnabled|auto-setLineFrequency|auto-setMaximumCharge|auto-setMaximumCurrentGlobal|auto-setMaximumCurrentParameter|auto-setMaximumShuntIndex|auto-setMaximumTimeParameter|auto-setMaximumVoltageGlobal|auto-setMaximumVoltageParameter|auto-setMinMaxCurrentParameterCheckEnabled|auto-setMinMaxVoltageParameterCheckEnabled|auto-setMinimumCharge|auto-setMinimumCurrentGlobal|auto-setMinimumCurrentParameter|auto-setMinimumShuntIndex|auto-setMinimumTimeParameter|auto-setMinimumVoltageGlobal|auto-setMinimumVoltageParameter|auto-setParameterLimitCheckToleranceTime|auto-setPotentiostatEnabled|auto-setRaiseOnErrorEnabled|auto-setRelativeTolerance|auto-setSamplingFrequency|auto-setScanRateParameter|auto-setShuntIndex|auto-setStepSize|auto-setTimeParameter|auto-setToleranceBreakEnabled|auto-setVoltageParameter|auto-setVoltageParameterRelation|auto-setVoltageRange|auto-setVoltageRangeIndex|auto-setVoltageRelation|auto-setVoltageValue|auto-switchToEPCControl|auto-switchToEPCControlWithoutPotentiostatStateChange,基于 SCPI 控制的电化学恒电位/恒电流仪，用于输出或测量电压、电流与开路电位，并执行极化、斜坡、阶梯、充放电以及 PITT/GITT 等电化学实验。,"A SCPI-controlled electrochemical potentiostat/galvanostat used to source or measure voltage, current, and open-circuit potential, and to run polarization, ramp, staircase, charge/discharge, and PITT/GITT electrochemical experiments.",电化学工作站,实验执行&合成设备|表征设备|电化学测试与分析|电化学表征与阻抗谱测量|电源与电池测试|电化学工作站
Zahner设备搜索器,Zahner Device Searcher,scpi_device_searcher,scpi_device_searcher,8,18,auto-getCommandInterface|auto-getDataInterface|auto-getMultimeterPort|auto-searchDevices|auto-searchDevicesWithIDN|auto-searchSerialInterfacesWithZahnerVIDPID|auto-searchZahnerDevices|auto-selectDevice,用于发现和选择Zahner仪器串口接口的软件组件（非物理设备）。它通过USB VID/PID与*IDN?查询识别已连接的Zahner设备，并返回命令口、数据口及相关串口信息，便于电化学仪器接入、通信配置和校准辅助。,"A software component for discovering and selecting serial interfaces of Zahner instruments; it is not a physical device. It identifies connected Zahner devices using USB VID/PID information and *IDN? queries, then returns command, data, and related serial-port information to support instrument connection, communication setup, and calibration assistance.",实验室仪器枚举器,实验执行&合成设备|实验室自动化与仪器集成|仪器发现与驱动匹配|实验仪器通信与驱动集成|实验室仪器枚举器
通用SCPI函数发生器,Generic SCPI Function Generator,scpi_function_generator,scpi_function_generator,4,11,auto-frequency|auto-function|auto-offset|auto-phase,用于与通用 SCPI 兼容函数发生器通信的仪器，可配置输出波形类型、频率、直流偏置和相位，在实验中用于产生电信号激励与测试波形。,"An instrument for communicating with generic SCPI-compliant function generators. It can configure waveform type, frequency, DC offset, and phase for generating electrical stimulus and test waveforms in laboratory experiments.",任意函数发生器,实验执行&合成设备|电子与电气测试|脉冲激励与时序控制|射频与电子电路测试|任意函数发生器
tinySA 频谱分析仪,tinySA Spectrum Analyzer,scpi_functional,scpi_functional,17,25,auto-MEASure_3DB|auto-MEASure_AM|auto-MEASure_CHPOW|auto-MEASure_FM|auto-MEASure_HARMonic|auto-MEASure_LINEar|auto-MEASure_OFF|auto-MEASure_OIP3|auto-MEASure_PhaseNOISe|auto-MEASure_SNR|auto-MEASure_THD|auto-convert_scpi_to_usb|auto-get_device|auto-scan_raw|auto-selftest|auto-send|auto-take_screenshot,用于射频信号观察与基础频谱分析的 tinySA 频谱分析仪，可通过 SCPI/USB 发送命令、执行原始频段扫描、抓取屏幕截图、自检，并调用多种射频测量功能。,"A tinySA spectrum analyzer for RF signal observation and basic spectrum analysis. It can be controlled over SCPI/USB to send commands, perform raw frequency scans, capture screenshots, run self-tests, and invoke multiple RF measurement functions.",频谱分析仪|SCPI台式电子仪器,表征设备|电子与电气测试|射频与电子电路测试|频谱分析仪|SCPI台式电子仪器
SCPI数字万用表,SCPI Digital Multimeter,scpi_multimeter,scpi_multimeter,11,19,auto-input_range|auto-measure|auto-mode|auto-relative|auto-resolution|auto-sample_count|auto-sample_source|auto-sample_timer|auto-trigger_count|auto-trigger_delay|auto-trigger_mode,通用 SCPI 兼容数字万用表，用于测量电压、电流、电阻等电学量，并支持量程、分辨率、采样和触发参数配置。,"A generic SCPI-compliant digital multimeter used to measure electrical quantities such as voltage, current, and resistance, with configurable range, resolution, sampling, and triggering settings.",数字万用表|SCPI台式电子仪器,表征设备|电子与电气测试|电压监测与传感器信号采集|数字万用表|SCPI台式电子仪器|通用电学参数测量
Linkam SDK封装组件,Linkam SDK Wrapper,sdk_wrapper,sdk_wrapper,8,51,auto-close|auto-connect|auto-connect_serial|auto-connect_usb|auto-open|auto-process_message|auto-process_message_str|auto-set_logging_level,一个非实体的软件组件，用于初始化和管理 Linkam SDK，配置日志，并通过 USB 或 RS-232 与 Linkam 仪器建立连接。它还提供底层消息处理接口，便于实验控制软件调用厂商 SDK 与设备通信。,"A non-physical software component that initializes and manages the Linkam SDK, configures logging, and establishes USB or RS-232 connections to Linkam instruments. It also provides low-level message-processing interfaces so laboratory control software can communicate with devices through the vendor SDK.",动态链接库仪器驱动,实验执行&合成设备|实验室自动化与仪器集成|实验仪器通信与驱动集成|动态链接库仪器驱动
SDM630三相电能表,SDM630 Three-Phase Energy Meter,sdm630,sdm630,1,10,auto-read_coroutine,用于通过总线读取三相交流电能与电力监测数据的电能表，常用于实验室供电、负载或光伏相关系统的电参数监测。,"A bus-connected three-phase energy meter used to read AC electrical energy and power-monitoring data, commonly used in labs for monitoring power supplies, loads, or photovoltaic-related systems.",串口测量仪表|三相电能表,表征设备|实验供电与能源管理|电子与电气测试|仪表读数与状态监测|串口测量仪表|电力参数监测与能耗计量|三相电能表
微孔板封膜机,Microplate Sealer,sealer,sealer,5,12,auto-close|auto-get_temperature|auto-open|auto-seal|auto-set_temperature,用于实验室自动化中对微孔板进行封膜的设备，可执行封膜、开合机构控制，以及温度设置与读取。,"A laboratory automation device for sealing microplates. It supports sealing, opening and closing the mechanism, and setting or reading the temperature.",封膜仪,实验执行&合成设备|后处理设备|生命体系|实验室自动化与仪器集成|移液站产品|封膜仪|微孔板封膜与样品保护
封膜机后端控制组件,Sealer Backend Control Component,sealer_backend,sealer_backend,3,12,auto-get_temperature|auto-seal|auto-set_temperature,这是一个非实体的软件控制组件，用于定义实验室封膜机的基础控制接口，包括封膜、温度设置与温度读取，供上层实验流程或具体硬件实现调用。,"This is a non-physical software control component that defines the basic control interface for a laboratory sealer, including sealing, temperature setting, and temperature readback, for use by higher-level workflows or concrete hardware implementations.",实验室封膜机控制接口,实验执行&合成设备|实验室自动化与仪器集成|实验仪器数据采集与联机控制|微孔板封膜与样品保护|实验室封膜机控制接口
Seeed USB-CAN 分析仪,Seeed USB-CAN Analyzer,seeed_bus,seeed_bus,6,15,auto-fileno|auto-flush_buffer|auto-init_frame|auto-send|auto-shutdown|auto-status_frame,用于通过 USB 将计算机连接到 CAN 总线的硬件接口设备，可完成总线初始化、状态查询与 CAN 报文发送，适合实验中的设备联调、协议通信和总线监测。,"A hardware interface device that connects a computer to a CAN bus over USB. It supports bus initialization, status queries, and CAN message transmission for laboratory device integration, protocol communication, and bus monitoring.",USB-CAN总线适配器|CAN总线分析仪,实验执行&合成设备|实验室自动化与仪器集成|CAN总线设备调试与集成|USB-CAN总线适配器|CAN总线分析仪
可寻址行记录存储组件,Seekable Line-Record Storage Component,seekable,seekable,10,53,auto-close|auto-has_content|auto-lines|auto-read_from|auto-readline|auto-seek_end_of_file|auto-seek_line_start|auto-truncate_until_end|auto-update_line|auto-writeline,一种非物理的软件文件存储组件，用于读写以换行分隔的记录，并维护行索引以实现按行快速定位。适合在实验过程中保存日志、样本记录、目录清单和相关元数据。,"A non-physical software file storage component for reading and writing newline-delimited records while maintaining a line index for fast random access by line. It is useful in experiments for storing logs, sample records, catalogs, manifests, and related metadata.",实验数据文件读写器|按行索引实验记录存储器,实验执行&合成设备|实验数据管理与记录|追加式实验记录与索引访问|实验数据文件读写器|按行索引实验记录存储器
PCO Sensicam CCD科学相机,PCO Sensicam CCD scientific camera,sensicam,sensicam,21,36,auto-bel_time|auto-binning|auto-coc|auto-coc_time|auto-delay_time|auto-exp_time|auto-expose|auto-exposure_time|auto-finalize|auto-image_size|auto-image_status|auto-initialize|auto-mode|auto-read_out|auto-roi|auto-run_coc|auto-status|auto-stop_coc|auto-table|auto-take_image|auto-trigger,这是一款用于实验成像采集的 PCO Sensicam CCD 相机。驱动显示其支持曝光控制、触发模式、感兴趣区域（ROI）、像素合并（binning）、成像模式设置，以及 CCD 图像读出，适合实验室中的科学成像与单次/连续采集任务。,"This is a PCO Sensicam CCD camera for laboratory image acquisition. The driver indicates support for exposure control, trigger mode, region of interest (ROI), pixel binning, imaging mode configuration, and CCD image readout, making it suitable for scientific imaging and single or continuous acquisition tasks in the lab.",科学相机|CCD探测器,表征设备|智慧表征与检测中心|光学与光谱实验|实验成像与机器视觉|科学相机|CCD探测器
Sensirion 传感器桥 I2C 设备接口,Sensirion Sensor Bridge I2C Device Interface,sensirion_bridge_i2_c_device,sensirion_bridge_i2_c_device,5,15,auto-close|auto-init|auto-power_off|auto-power_on|auto-printInformation,这是一个非物理的软件控制组件，用于表示通过 Sensirion Sensor Bridge 连接的通用 I2C 外设，而不是某一台特定的独立仪器。它在实验中用于设置目标 I2C 地址、控制桥接口对外设的供电、输出连接信息，并在使用结束后关闭通信会话。,"This is a non-physical software control component representing a generic I2C peripheral connected through a Sensirion Sensor Bridge, rather than a specific standalone instrument. In laboratory use, it is used to set the target I2C address, control bridge power to the peripheral, print connection information, and close the communication session when finished.",I²C主控制器,实验执行&合成设备|实验室自动化与仪器集成|嵌入式总线通信与外设控制|实验仪器通信与驱动集成|I²C主控制器
Sensirion EK-H4 温湿度传感器多路复用盒,Sensirion EK-H4 humidity and temperature sensor multiplexer box,sensirion_ekh4,sensirion_ekh4,4,16,auto-get_dew_point|auto-get_humidity|auto-get_temperature|auto-init,用于通过串口连接并读取最多 4 路 Sensirion 温湿度传感器的多路复用采集盒。在实验中可用于环境温度、相对湿度和露点的多通道监测。,"A multiplexer box that connects over a serial port and reads up to four Sensirion humidity and temperature sensor channels. It is used in laboratory setups for multi-channel monitoring of temperature, relative humidity, and dew point.",串行过程仪表|多路温湿度传感器采集盒,表征设备|环境控制与稳定性测试|过程变量监测与日志记录|串行过程仪表|温湿度与露点监测|多路温湿度传感器采集盒
Sensirion 传感器桥接器,Sensirion Sensor Bridge,sensirion_sensor_bridge,sensirion_sensor_bridge,7,15,auto-close|auto-disable_i2c_device|auto-init|auto-print_i2c_device_information|auto-read_i2c|auto-setup_i2c_device|auto-write_i2c,一款通过 USB 连接电脑并提供双路 I2C 端口的硬件桥接设备，用于在实验中接入、配置和通信 Sensirion 或其他兼容 I2C 的传感器模块，便于传感器测试、数据采集与调试。,"A hardware USB-to-I2C bridge that connects to a computer and exposes two I2C ports for laboratory communication with Sensirion and other compatible I2C sensor modules, enabling sensor setup, testing, data acquisition, and debugging.",USB仪器通信接口|I²C主控制器,实验执行&合成设备|实验室自动化与仪器集成|实验仪器通信与驱动集成|USB仪器通信接口|I²C主控制器
Sensirion SHT85温湿度传感器,Sensirion SHT85 Temperature and Humidity Sensor,sensirion_sht85,sensirion_sht85,16,31,auto-asynchronous|auto-disable_heater|auto-enable_heater|auto-get_dew_point|auto-get_humidity|auto-get_temperature|auto-get_temperature_and_humidity|auto-init|auto-is_heater_on|auto-read|auto-read_asynchronous|auto-read_synchronous|auto-reset_sensor|auto-start_asynchronous_read|auto-stop_asynchronous_read|auto-to_dew_point,用于实验环境中温度与相对湿度测量的数字传感器，可基于温湿度估算露点。该器件支持不同重复精度、周期性异步采样、ART加速湿度响应以及内部加热器调试功能，通常通过I2C接口集成到实验系统中。,"A digital sensor for measuring temperature and relative humidity in laboratory environments, with dew point estimation based on the measured values. It supports multiple repeatability modes, periodic asynchronous acquisition, ART for faster humidity response, and an internal heater for debugging, typically integrated through an I2C interface.",温度传感器|温湿度传感器,表征设备|环境控制与稳定性测试|温度传感器|温湿度与露点监测|温湿度传感器
传感器轮询线程,Sensor Polling Thread,sensor_polling_thread,sensor_polling_thread,6,13,auto-alive|auto-read|auto-read_load_buffer|auto-reset_load_buffer|auto-run|auto-terminate,用于实验自动化系统中的非物理软件线程组件，负责在后台周期性轮询传感器读数，并管理读数缓冲区与线程生命周期。,A non-physical software thread component used in laboratory automation to poll sensor readings in the background and manage the reading buffer and thread lifecycle.,扫描采集控制模块,表征设备|实验室自动化与仪器集成|实验仪器数据采集与联机控制|扫描采集控制模块
FPGA时序发生器模块,FPGA Sequencer Generator Module,seq_gen,seq_gen,14,34,auto-init|auto-is_done|auto-reset|auto-set_clk_divide|auto-set_data|auto-set_en_ext_start|auto-set_nested_repeat|auto-set_nested_start|auto-set_nested_stop|auto-set_repeat|auto-set_repeat_start|auto-set_size|auto-set_wait|auto-start,一种面向FPGA时序发生模块的硬件控制接口，用于在实验控制或数据采集中配置并启动可编程序列。可设置序列长度、等待时间、时钟分频、重复参数、外部启动与嵌套循环参数，并向板载存储器写入时序数据后执行输出。,"A hardware control interface for an FPGA sequencer generator module, used to configure and run programmable timing sequences in laboratory control or data acquisition setups. It supports sequence length, wait time, clock division, repeat settings, external start, nested loop parameters, and writing sequence data into onboard memory for execution.",数字命令序列控制器,实验执行&合成设备|实验室自动化与仪器集成|脉冲激励与时序控制|实验仪器数据采集与联机控制|数字命令序列控制器
串口通信组件,Serial Communication Component,serial,serial,5,13,auto-close|auto-init|auto-query|auto-read|auto-write,基于 pySerial 的非实体软件通信组件，用于实验系统通过串口与各类仪器或控制板建立连接、发送数据、读取返回内容，并执行简单的命令-响应式查询。,"A non-physical software communication component based on pySerial, used in laboratory systems to connect to instruments or controller boards over a serial port, send data, read returned content, and perform simple command-response queries.",串行仪器通信接口|通用字节流仪器通信接口,实验执行&合成设备|实验室自动化与仪器集成|实验仪器通信与驱动集成|串行仪器通信接口|通用字节流仪器通信接口
串口CAN总线通信组件,Serial CAN Bus Interface,serial_bus,serial_bus,3,12,auto-fileno|auto-send|auto-shutdown,一个非物理的软件通信组件，用于通过串口设备进行基础 CAN 总线消息收发与连接管理，常用于实验系统中连接、转发或管理基于 CAN 的仪器通信。,"A non-physical software communication component for basic CAN bus messaging and connection management over a serial device, typically used in laboratory systems to connect, relay, or manage communication with CAN-based instruments.",CAN总线接口|串行仪器通信接口,实验执行&合成设备|实验室自动化与仪器集成|CAN总线设备调试与集成|CAN总线接口|串行仪器通信接口
通用串口客户端,Generic Serial Client,serial_client,serial_client,1,32,auto-close,一个非实体的软件通信组件，用于与通过 RS232 直连的实验室或工业设备建立和管理串口连接，并在使用结束后释放通信资源。,"A non-physical software communication component for establishing and managing RS232 serial connections to directly connected laboratory or industrial devices, and releasing communication resources when finished.",串行仪器通信接口,实验执行&合成设备|实验室自动化与仪器集成|实验仪器通信与驱动集成|串行仪器通信接口
串口命令接口,Serial Command Interface,serial_command_interface,serial_command_interface,2,25,auto-sendStringAndWaitForReplyString|auto-waitForReplyString,用于实验自动化中的非实体软件通信组件，通过串口发送文本命令并等待返回字符串，适合与基于 SCPI 的 Zahner 电化学仪器控制流程配合使用。,"A non-physical software communication component used in lab automation to send text commands over a serial port and wait for returned strings, suitable for SCPI-based control workflows with Zahner electrochemical instruments.",串行仪器通信接口|SCPI台式电子仪器,实验执行&合成设备|电化学测试与分析|实验室自动化与仪器集成|电化学表征与阻抗谱测量|实验仪器通信与驱动集成|串行仪器通信接口|SCPI台式电子仪器
串口连接适配器,Serial Connection Adapter,serial_connection,serial_connection,6,33,auto-close_connection|auto-connection_listener|auto-is_connection_open|auto-open_connection|auto-receive|auto-transmit,用于实验设备通信的非物理软件组件，通过串口建立与仪器的命令/响应通信。它负责打开和关闭串口、后台监听数据、发送消息并接收设备回复，供上层实验控制模块与串口仪器交互。,"A non-physical software component used for laboratory device communication over a serial port. It opens and closes the serial connection, listens for incoming data in the background, transmits messages, and receives device replies for higher-level experiment control modules.",串行仪器通信接口|通用字节流仪器通信接口,实验执行&合成设备|实验室自动化与仪器集成|实验仪器通信与驱动集成|实验仪器数据采集与联机控制|串行仪器通信接口|通用字节流仪器通信接口
串行控制组件,Serial Controller Component,serial_controller,serial_controller,3,10,auto-run|auto-run_threaded|auto-update,这是一个非物理的软件控制组件，用于在 Donkeycar 风格的流程中通过串行通信链路更新并提供控制信号。根据现有证据，它主要围绕转向角和油门等信号进行运行、轮询或线程化读取，适合用于实验小车控制流程中的信号传递与集成。,"This is a non-physical software control component used in a Donkeycar-style workflow to update and provide control signals over a serial communication link. Based on the available evidence, it mainly handles run-loop, polling, or threaded access to signals such as steering angle and throttle, for integration within an experimental vehicle control pipeline.",串行仪器通信接口,实验执行&合成设备|机器人与移动平台|移动机器人与自动驾驶实验|串行仪器通信接口
串口数据接口组件,Serial Data Interface,serial_data_interface,serial_data_interface,2,25,auto-availableBytes|auto-readBytes,一个非物理的软件通信组件，用于实验控制中的串口数据通道访问。它提供查询串口缓冲区可读字节数和按字节读取数据的能力，适合在基于 SCPI 的仪器通信流程中处理底层数据收发。,"A non-physical software communication component for accessing a serial data channel in laboratory control workflows. It provides functions to query available bytes in the serial buffer and read raw bytes, making it suitable for low-level data transfer in SCPI-based instrument communication.",串行仪器通信接口,实验执行&合成设备|实验室自动化与仪器集成|实验仪器通信与驱动集成|串行仪器通信接口
串口通信助手组件,Serial Device Communication Helper,serial_device,serial_device,12,21,auto-clearBuffer|auto-close|auto-getBaudrate|auto-getPort|auto-hasDataToRead|auto-normalizePortName|auto-open|auto-read|auto-readAll|auto-readUntil|auto-readline|auto-write,这是一个非实体的软件组件，用于在实验系统中统一管理串口连接。它提供串口名标准化、打开与关闭端口、读写数据包、按终止符读取、缓冲区清理以及端口参数查询等功能，便于各类基于串口通信的实验仪器接入。,"This is a non-physical software component used to standardize serial communication in a lab system. It provides port-name normalization, port open/close control, packet read/write, terminator-based reads, buffer clearing, and serial parameter queries, helping integrate various serial-connected laboratory instruments.",串行仪器通信接口,实验执行&合成设备|实验室自动化与仪器集成|实验仪器通信与驱动集成|串行仪器通信接口
串口仪器通信基类组件,Serial Instrument Communication Base Component,serial_driver,serial_driver,5,13,auto-finalize|auto-initialize|auto-is_open|auto-raw_recv|auto-raw_send,非物理实验软件组件，用于实验自动化中通过 pyserial 管理串口连接、收发原始字节数据并检查端口状态，作为各类串口仪器驱动的通用基础类。,"A non-physical laboratory software component used in automation to manage serial connections via pyserial, send and receive raw byte data, and check port status. It serves as a common base class for serial instrument drivers.",串行仪器通信接口,实验执行&合成设备|实验室自动化与仪器集成|实验仪器通信与驱动集成|串行仪器通信接口
串口通信接口组件,Serial Communication Interface Component,serial_interface,serial_interface,7,25,auto-close|auto-connect|auto-getDebugString|auto-getLastCommandWithAnswer|auto-isConnected|auto-write|auto-writeLog,用于实验控制软件的非物理串口通信组件，提供命令/数据串口的连接、写入、关闭和通信日志记录功能，常用于通过 SCPI 与仪器进行通信和调试。,"A non-physical serial communication component used in laboratory control software. It provides command/data serial port connection, writing, closing, and communication log functions, and is commonly used for SCPI-based instrument communication and debugging.",串行仪器通信接口,实验执行&合成设备|实验室自动化与仪器集成|实验仪器通信与驱动集成|串行仪器通信接口
串口文本行读取组件,Serial Line Reader,serial_line_reader,serial_line_reader,5,27,auto-clear|auto-run|auto-run_threaded|auto-shutdown|auto-update,非物理软件组件，用于通过串口持续读取按行组织的文本数据并进行缓冲，支持线程模式和非线程模式。适合在实验系统中接收外部串口设备输出的 ASCII 或行式测量数据。,A non-physical software component for continuously reading line-based text data from a serial port and buffering it for use in threaded or non-threaded execution. It is suitable for receiving ASCII or other line-oriented measurement data from external serial devices in lab workflows.,串行仪器通信接口,表征设备|实验室自动化与仪器集成|仪表读数与状态监测|串行仪器通信接口
串口通信组件,Serial Port Communication Helper,serial_port,serial_port,10,27,auto-buffered|auto-clear|auto-read|auto-readBytes|auto-readln|auto-start|auto-stop|auto-write|auto-writeBytes|auto-writeln,这是一个非物理的软件通信组件，用于封装串口连接的启动、停止、缓冲区清理，以及按字节、字符串或整行进行读写。它主要用于实验系统与外部仪器、控制器或微控制器之间的串行数据交换，并提供异常处理以及字节与字符串之间的编码/解码支持。,"This is a non-physical software communication component that wraps serial port connection start/stop, buffer clearing, and byte-, string-, or line-based read/write operations. It is used to exchange serial data between a lab system and external instruments, controllers, or microcontrollers, while providing exception handling and byte/string encoding-decoding support.",串行仪器通信接口,实验执行&合成设备|实验室自动化与仪器集成|实验仪器通信与驱动集成|串行仪器通信接口
串口转 I2C 桥接器,Serial-to-I2C Bridge,serial_to_i2_c,serial_to_i2_c,5,13,auto-check_i2c_connection|auto-i2c_address|auto-query_i2c|auto-read_register|auto-write_register,一种基于 Arduino 的串口到 I2C 通信桥接设备，用于在实验系统中通过串口与 I2C 总线外设通信、读写寄存器并检查总线连接状态。,"An Arduino-based serial-to-I2C communication bridge used in laboratory setups to access I2C bus peripherals over a serial link, read and write registers, and verify bus connectivity.",I²C主控制器|嵌入式微控制器开发板,实验执行&合成设备|实验室自动化与仪器集成|嵌入式总线通信与外设控制|I²C主控制器|嵌入式微控制器开发板
VISA串口通信组件,VISA Serial Communication Component,serial_visa_driver,serial_visa_driver,5,17,auto-finalize|auto-initialize|auto-is_open|auto-raw_recv|auto-raw_send,一个非物理的软件通信组件，用于通过VISA串口会话与实验仪器进行通用消息通信。它提供会话初始化、关闭、连接状态检查以及原始字节收发功能，通常作为具体仪器驱动的基础层使用，而不是某一台特定硬件仪器本身。,"A non-physical software communication component for generic message-based communication with laboratory instruments over a VISA serial session. It provides session initialization, shutdown, connection-state checking, and raw byte send/receive functions, typically serving as a base layer for specific instrument drivers rather than representing a particular hardware instrument itself.",VISA消息式仪器|串行仪器通信接口,实验执行&合成设备|实验室自动化与仪器集成|实验仪器通信与驱动集成|VISA消息式仪器|串行仪器通信接口
树莓派 GPIO 舵机（ServoBlaster）,Raspberry Pi GPIO Servo (ServoBlaster),servo_blaster,servo_blaster,3,90,auto-run|auto-set_pulse|auto-shutdown,通过树莓派 GPIO 配合 ServoBlaster 服务输出 PWM 脉冲来控制舵机位置的执行器接口。适合在实验或机器人装置中进行转向、角度定位和小型机械运动控制。,"An actuator interface for controlling a servo position by outputting PWM pulses from Raspberry Pi GPIO through the ServoBlaster service. It is suitable for steering, angle positioning, and small mechanical motion control in lab or robotics setups.",PWM转向控制器|多通道舵机控制器,物流/机械|机器人与移动平台|移动机器人与自动驾驶实验|PWM信号输出与执行器驱动|PWM转向控制器|多通道舵机控制器
伺服式光纤振动器,Servo Fiber Shaker,servo_fiber_shaker,servo_fiber_shaker,2,36,auto-TurnOff|auto-TurnOn,一种用于实验光路中的光纤振动装置，采用无刷直流电机并通过 50 Hz PWM 信号控制。可对光纤进行机械振动/抖动，用于需要光纤扰动的实验场景。,"A fiber-shaking device for laboratory optical setups, using a brushless DC motor controlled by a 50 Hz PWM signal. It mechanically shakes the fiber for experiments that require fiber perturbation or agitation.",光纤振动器,实验执行&合成设备|光学与光谱实验|光纤振动器|光纤扰动与光路去相关
Newport XPS SFTP文件交互组件,Newport XPS SFTP File Interaction Component,sftp_wrapper,sftp_wrapper,7,26,auto-connect|auto-cwd|auto-delete|auto-getlines|auto-list|auto-put|auto-save,用于 Newport XPS 型号 D 控制器的非物理 SFTP 文件交互组件。它在实验系统中负责连接远程文件服务、切换目录、读取文本文件、上传内容、下载文件以及进行基础文件管理，常用于配置文件、脚本和日志的交换。,"A non-physical SFTP file interaction component for Newport XPS model D controllers. It is used in lab systems to connect to the remote file service, change directories, read text files, upload content, download files, and perform basic file management, typically for exchanging configuration files, scripts, and logs.",文件与命令远程客户端,物流/机械|实验室自动化与仪器集成|实验数据管理与记录|实验主机远程访问与文件传输|文件与命令远程客户端
实验室板式振荡器,Laboratory Plate Shaker,shaker,shaker,5,12,auto-lock_plate|auto-serialize|auto-shake|auto-stop_shaking|auto-unlock_plate,用于对实验样品板进行振荡混匀的实验室设备，可按设定转速运行指定时长或连续运行，并支持锁定/解锁样品板以保证振荡过程中的稳定性。,"A laboratory device used to shake and mix sample plates. It can run at a specified speed for a set duration or continuously, and supports locking/unlocking the plate to keep it secure during shaking.",振荡器（非恒温）,备料&前处理设备|溶液配制与反应|微孔板样品孵育与混匀|振荡器（非恒温）
Chatterbox振荡器模拟后端,Chatterbox Shaker Backend,shaker_chatterbox_backend,shaker_chatterbox_backend,5,14,auto-lock_plate|auto-shake|auto-stop_shaking|auto-supports_locking|auto-unlock_plate,用于振荡器流程的非实体软件组件。它提供振荡、停止振荡以及夹板锁定/解锁等接口，主要用于测试、调试或在未连接具体硬件时模拟振荡器行为。,"A non-physical software component for shaker workflows. It provides interfaces for shaking, stopping, and plate locking/unlocking, mainly for testing, debugging, or simulating shaker behavior when no specific hardware is attached.",振荡器模拟后端,备料&前处理设备|实验室自动化与仪器集成|微孔板样品孵育与混匀|实验设备模拟与流程调试|振荡器模拟后端
共享串口同步组件,Shared Serial Synchronization Helper,shared_serial,shared_serial,5,20,auto-lock|auto-read_until|auto-readline|auto-readlines|auto-write,用于实验设备通信的非物理软件组件。它为串口对象提供加锁与同步访问能力，并封装常见的串口读写操作，以便多个上层设备模块安全地共享同一串口连接。,A non-physical software component used in laboratory device communication. It provides locking and synchronized access around a serial object and exposes common serial read/write operations so multiple higher-level device modules can safely share the same serial connection.,串行仪器通信接口,物流/机械|实验室自动化与仪器集成|实验仪器通信与驱动集成|串行仪器通信接口
SHFQA示波采集组件,SHFQA Scope Acquisition Component,shf_scope,shf_scope,22,47,auto-available_aux_trigger_inputs|auto-available_inputs|auto-available_trigger_inputs|auto-compile_sequencer_program|auto-configure|auto-configure_channel|auto-configure_result_logger|auto-configure_sequencer_triggering|auto-enable_sequencer|auto-factory_reset|auto-get_qudits_results|auto-load_sequencer_program|auto-max_qubits_per_channel|auto-read|auto-read_from_waveform_memory|auto-read_integration_weights|auto-run|auto-start_continuous_sw_trigger|auto-stop|auto-wait_done|auto-write_integration_weights|auto-write_to_waveform_memory,用于 Zurich Instruments SHFQA 平台的示波采集软件组件（非独立硬件）。该组件对应 SHFQA 的 scope 节点/接口，负责采集配置、触发与数据读取，用于量子测量流程中的时域波形观测。,"A non-physical scope acquisition software component for the Zurich Instruments SHFQA platform. It corresponds to the SHFQA scope node/interface and handles acquisition setup, triggering, and waveform readout for time-domain observation in quantum measurement workflows.",数字存储示波器,表征设备|低温与量子测量|量子比特脉冲控制与读出|超导量子比特标定与时域测量|数字存储示波器
SHFQA量子分析仪,SHFQA Quantum Analyzer,shfqa,shfqa,43,99,auto-acquisition|auto-acquisition_arm|auto-acquisition_finalize|auto-acquisition_get|auto-acquisition_initialize|auto-acquisition_poll|auto-active_channels|auto-active_slots|auto-assure_ext_clock|auto-awg_sequence_acquisition|auto-awg_sequence_acquisition_and_DIO_RED_test|auto-awg_sequence_acquisition_and_DIO_triggered_pulse|auto-awg_sequence_acquisition_and_pulse|auto-awg_sequence_acquisition_and_pulse_SSB|auto-awg_sequence_test_pattern|auto-calibrate_dio_protocol|auto-clock_freq|auto-configure_awg_from_string|auto-configure_spectroscopy|auto-download_crosstalk_matrix|auto-load_default_settings|auto-output_dio_calibration_data|auto-plot_dio_snapshot|auto-prepare_DSB_weight_and_rotation|auto-prepare_SSB_weight_and_rotation|auto-print_correlation_overview|auto-print_crosstalk_overview|auto-print_deskew_overview|auto-print_integration_overview|auto-print_overview|auto-print_rotations_overview|auto-print_thresholds_overview|auto-print_user_regs_overview|auto-push_to_device|auto-reset_acquisition_params|auto-reset_correlation_params|auto-reset_crosstalk_matrix|auto-reset_rotation_params|auto-reset_user_registers|auto-snapshot_base|auto-spec_mode_on|auto-upload_crosstalk_matrix|auto-validate_config,这是一台 Zurich Instruments 的 SHFQA 量子分析仪，用于量子测量实验中的读出脉冲生成、采集控制、加权积分、DIO 触发联动以及谱学配置。驱动表明该设备支持测量序列上传、外部时钟锁定、采集单元控制、积分权重配置和串扰校正，常用于超导量子比特读出与相关表征实验。,"This is a Zurich Instruments SHFQA quantum analyzer used in quantum measurement experiments for readout pulse generation, acquisition control, weighted integration, DIO-triggered coordination, and spectroscopy setup. The driver indicates support for sequencer program upload, external clock locking, acquisition unit control, integration weight configuration, and crosstalk correction, making it suitable for superconducting qubit readout and related characterization experiments.",量子读出分析仪,实验执行&合成设备|表征设备|低温与量子测量|量子比特脉冲控制与读出|超导量子比特标定与时域测量|量子读出分析仪
SHFQC量子控制器,SHFQC Quantum Controller,shfqc,shfqc,30,69,auto-available_aux_trigger_inputs|auto-available_inputs|auto-available_marker_outputs|auto-available_trigger_inputs|auto-available_trigger_slopes|auto-awg_modulation_freq|auto-check_status|auto-compile_sequencer_program|auto-configure|auto-configure_channel|auto-configure_marker_and_trigger|auto-configure_pulse_modulation|auto-configure_result_logger|auto-configure_sequencer_triggering|auto-configure_sine_generation|auto-enable_sequencer|auto-factory_reset|auto-get_qudits_results|auto-load_from_device|auto-load_sequencer_program|auto-load_validation_schema|auto-max_qubits_per_channel|auto-read|auto-read_from_waveform_memory|auto-read_integration_weights|auto-start_continuous_sw_trigger|auto-upload_to_device|auto-wait_done|auto-write_integration_weights|auto-write_to_waveform_memory,这是一台面向量子计算实验的高频量子控制与读出仪器，集成信号发生、AWG/序列器、触发、波形存储、积分权重、读出和结果记录等功能，可用于量子比特或量子多能级态实验中的微波脉冲生成、序列控制与测量读出。,"This is a high-frequency quantum control and readout instrument for quantum computing experiments. It integrates signal generation, AWG/sequencer control, triggering, waveform memory, integration weights, readout, and result logging for microwave pulse generation, sequence control, and measurement readout of qubits or qudits.",量子实验控制器,实验执行&合成设备|表征设备|低温与量子测量|量子比特脉冲控制与读出|超导量子比特标定与时域测量|量子实验控制器
SHFSG 超高频信号发生器,SHFSG Super-High-Frequency Signal Generator,shfsg,shfsg,19,30,auto-available_marker_outputs|auto-available_trigger_inputs|auto-available_trigger_slopes|auto-awg_modulation_freq|auto-check_status|auto-compile_sequencer_program|auto-configure_channel|auto-configure_marker_and_trigger|auto-configure_pulse_modulation|auto-configure_sine_generation|auto-enable_sequencer|auto-factory_reset|auto-load_from_device|auto-load_sequencer_program|auto-load_validation_schema|auto-read_from_waveform_memory|auto-upload_to_device|auto-wait_done|auto-write_to_waveform_memory,用于产生可编程高频信号的仪器，支持 AWG 测序器、波形存储、命令表、触发/标记配置、脉冲调制和正弦信号生成功能，常用于量子控制、微波脉冲实验和射频测试。,"An instrument for generating programmable high-frequency signals. It supports an AWG sequencer, waveform memory, command tables, trigger/marker configuration, pulse modulation, and sine generation, and is commonly used for quantum control, microwave pulse experiments, and RF testing.",射频信号发生器,实验执行&合成设备|电子与电气测试|低温与量子测量|射频与电子电路测试|量子比特脉冲控制与读出|射频信号发生器
快门时序控制组件,Shutter Timing Control Component,shutter,shutter,40,74,auto-add_device|auto-add_instruction|auto-apply_calibration|auto-clock_limit|auto-close|auto-constant|auto-customramp|auto-disable|auto-do_checks|auto-enable|auto-exp_ramp|auto-exp_ramp_t|auto-expand_timeseries|auto-generate_code|auto-get_all_outputs|auto-get_change_times|auto-get_ramp_times|auto-go_high|auto-go_low|auto-instruction_to_string|auto-make_timeseries|auto-offset_instructions_from_trigger|auto-open|auto-piecewise_accel_ramp|auto-pulse|auto-ramp|auto-repeat_pulse_sequence|auto-setamp|auto-setfreq|auto-setphase|auto-sine|auto-sine4_ramp|auto-sine4_reverse_ramp|auto-sine_ramp|auto-square_wave|auto-square_wave_levels|auto-static_value|auto-trigger|auto-trigger_delay|auto-wait_delay,这是一个非物理的软件组件，用于在实验时序中表示和调度快门输出通道。它基于数字输出抽象，能够在编排实验序列时自动补偿快门开启/关闭延迟，并生成供实验控制系统执行的定时指令与代码，常用于激光束遮断、放光窗口控制等场景。,"This is a non-physical software component that represents and schedules a shutter output channel within an experimental timing sequence. Built on a digital-output abstraction, it automatically compensates for shutter open/close delays during sequence programming and generates timed instructions and code for the experiment control system, commonly for beam blocking and optical exposure-window control.",快门时序控制器,实验执行&合成设备|光学与光谱实验|脉冲激励与时序控制|激光激发与光谱测量|快门时序控制器
SiTCP传输层组件,SiTCP Transport Layer Component,si_tcp,si_tcp,6,21,auto-close|auto-init|auto-read|auto-reset|auto-reset_fifo|auto-write,一个非物理的软件通信组件，通过以太网使用 TCP 和 UDP/RBCP 协议与外部实验电子学或 FPGA 寄存器总线通信。它用于初始化连接、读写总线地址、复位缓冲区或 FIFO，并在实验数据采集系统中管理套接字与读出流程。,"A non-physical software communication component that talks over Ethernet using TCP and UDP/RBCP to external lab electronics or FPGA register buses. It is used to initialize connections, read and write bus addresses, reset buffers or FIFOs, and manage sockets and readout flow in experimental data acquisition systems.",数据采集与控制接口|通用字节流仪器通信接口,实验执行&合成设备|实验室自动化与仪器集成|实验仪器数据采集与联机控制|实验仪器通信与驱动集成|数据采集与控制接口|通用字节流仪器通信接口
UART串口传输组件,UART Serial Transfer Component,si_uart,si_uart,4,12,auto-close|auto-init|auto-read|auto-write,用于实验系统中的非实体软件通信组件，通过 UART 串口与下位机或控制电子学建立连接，并提供初始化、按地址写入、按地址读取和关闭连接等基础数据传输功能。,"A non-physical software communication component used in laboratory systems to connect to lower-level controllers or electronics over a UART serial link, providing basic transport functions such as initialization, address-based write, address-based read, and connection closure.",串行仪器通信接口|通用字节流仪器通信接口,实验执行&合成设备|实验室自动化与仪器集成|实验仪器通信与驱动集成|串行仪器通信接口|通用字节流仪器通信接口
事件信号组件,Psygnal-based Signal Component,signal,signal,3,33,auto-connect|auto-disconnect|auto-emit,一个基于 psygnal 的非物理软件组件，用于实验控制软件中的事件通知与回调分发。它可在界面、线程或其他模块之间连接函数、断开连接并发射信号，以传递状态变化或触发后续处理，而不直接控制具体实验硬件。,"A non-physical software component based on psygnal for event notification and callback dispatch in laboratory control software. It is used to connect functions, disconnect them, and emit signals between UI elements, threads, or other modules to propagate state changes or trigger follow-up processing, without directly controlling any laboratory hardware.",事件信号分发器,实验执行&合成设备|实验室自动化与仪器集成|实验控制软件事件通知与回调分发|事件信号分发器
站点控制网络客户端,Site Control Network Client,siteclient,siteclient,6,31,auto-build_knobs|auto-get_knob|auto-help|auto-set_knob|auto-sr|auto-synchronized,用于通过套接字连接实验站点服务并保持会话的非实体软件组件，可发送命令、接收响应，并按“knob”名称查询或设置远程配置项，适合实验控制系统中的远程参数访问与管理。,"A non-physical software component that connects to a site service over a socket and keeps the session open. It can send commands, receive replies, and query or set remote configuration items by ""knob"" name for remote parameter access and management in lab control software.",远程实验控制客户端,实验执行&合成设备|实验室自动化与仪器集成|分布式实验控制与远程过程调用|远程实验控制客户端
Andor 科学相机,Andor scientific camera,skeleton_camera,skeleton_camera,50,59,auto-CamReady|auto-CheckCoordinates|auto-DisplayError|auto-ExpReady|auto-ExtractColor|auto-GenStartMetadata|auto-GetAcquisitionMode|auto-GetBWPicture|auto-GetBufferSize|auto-GetCCDHeight|auto-GetCCDTemp|auto-GetCCDTempSetPoint|auto-GetCCDWidth|auto-GetEMGain|auto-GetElectrTemp|auto-GetFPS|auto-GetHorizBin|auto-GetHorzBinValue|auto-GetIntegTime|auto-GetNoiseProperties|auto-GetNumImsBuffered|auto-GetNumberChannels|auto-GetPicHeight|auto-GetPicWidth|auto-GetROIX1|auto-GetROIX2|auto-GetROIY1|auto-GetROIY2|auto-GetSerialNumber|auto-GetStatus|auto-GetVertBin|auto-Init|auto-SetAcquisitionMode|auto-SetActive|auto-SetBaselineClamp|auto-SetBurst|auto-SetCCDTemp|auto-SetCOC|auto-SetEMGain|auto-SetHorizBin|auto-SetIntegTime|auto-SetROI|auto-SetROIIndex|auto-SetShutter|auto-SetVertBin|auto-Shutdown|auto-StartExposure|auto-StartLifePreview|auto-StopAq|auto-StopLifePreview,用于实验成像采集的科学相机，可进行曝光控制、图像帧读取、ROI（感兴趣区域）设置、缓冲区管理、传感器温度与快门相关控制，适用于显微成像等实验场景。,"A scientific imaging camera for laboratory image acquisition, supporting exposure control, frame readout, ROI configuration, buffer management, sensor temperature handling, and shutter-related control for applications such as microscopy.",科学相机,表征设备|智慧表征与检测中心|光学与光谱实验|显微成像与光学显微实验|实验成像与机器视觉|科学相机
Modbus RTU 从站串口工作器,Modbus RTU Slave Serial Worker,slave_serial_worker,slave_serial_worker,2,21,auto-handle_request|auto-run,这是一个非物理软件组件，用于管理与 Modbus RTU 主站设备之间的串口通信。它负责接收和组装 RTU 帧、校验 CRC、处理请求 PDU，并可将请求转发到 Modbus 服务端后返回响应，适合实验系统中的串口协议网关、仿真从站或通信桥接场景。,"This is a non-physical software component for managing serial communication with a Modbus RTU master device. It receives and assembles RTU frames, validates CRC, processes request PDUs, and can relay requests to a Modbus server before sending responses back. It is suitable for protocol gateways, simulated slaves, and communication bridging in laboratory systems.",Modbus RTU串口网关|串行仪器通信接口,实验执行&合成设备|实验室自动化与仪器集成|过程控制与工业仪表实验|Modbus协议调试与报文分析|实验仪器通信与驱动集成|Modbus RTU串口网关|串行仪器通信接口
SLCAN CAN总线接口,SLCAN CAN Bus Interface,slcan_bus,slcan_bus,10,20,auto-close|auto-fileno|auto-flush|auto-get_serial_number|auto-get_version|auto-open|auto-send|auto-set_bitrate|auto-set_bitrate_reg|auto-shutdown,用于通过兼容 SLCAN 协议的串口/CAN 适配器与 CAN 总线设备通信。可在实验系统中完成总线连接打开与关闭、位速率配置、报文发送，以及读取接口版本和序列号等操作，适合连接和调试各类基于 CAN 的实验装置。,"A CAN bus interface for communicating with CAN devices through an adapter compatible with the SLCAN protocol. In laboratory setups, it is used to open and close the bus connection, configure bitrate, send frames, and read interface version and serial number for connecting and debugging CAN-based experimental equipment.",CAN总线接口适配器|CAN总线接口,实验执行&合成设备|实验室自动化与仪器集成|电子与电气测试|CAN总线设备调试与集成|实验仪器通信与驱动集成|CAN总线接口适配器|CAN总线接口
连续运动扫描控制组件,Slew Scan Control Component,slew__scan,slew__scan,8,15,auto-check_beam_ok|auto-post_slew_scan|auto-prepare_scan|auto-run|auto-save_envdata|auto-save_extra_data|auto-save_mcs_data|auto-write_master,一个非物理的软件扫描组件，用于实验中的连续运动（slew）扫描流程控制。它负责准备扫描、检查光束状态、协调轨迹运动与探测器触发/等待，并将主文件、MCS、环境数据及额外探测器数据写入保存。,"A non-physical software scan component used to control continuous-motion (slew) scan workflows in experiments. It prepares scans, checks beam status, coordinates trajectory motion and detector arming/waiting, and saves master, MCS, environmental, and extra detector data.",扫描采集控制模块|实验扫描数据写入器,表征设备|实验执行&合成设备|智慧表征与检测中心|实验数据管理与记录|瞬态信号采集与同步触发测量|同步计数与探测器通道监测|X射线成像与束线探测|扫描采集控制模块|实验扫描数据写入器
一维连续扫描组件,1D Slew Scan Component,slew__scan1_d,slew__scan1_d,6,13,auto-check_beam_ok|auto-gathering2xvals|auto-post_scan|auto-prepare_scan|auto-run|auto-save_envdata,用于实验扫描流程的非物理软件组件，负责执行一维连续扫描、准备与收尾扫描步骤、检查束流状态、解析 gathering 文本中的位置数据，并保存环境数据。它适用于基于 EPICS 的束线或实验站快速扫描数据采集流程。,"A non-physical software component for experimental scan workflows. It performs 1D slew scans, handles scan preparation and cleanup, checks beam status, parses position data from gathering text, and saves environmental data. It is suited to EPICS-based beamline or laboratory fast-scan data acquisition workflows.",扫描采集控制模块,表征设备|实验执行&合成设备|智慧表征与检测中心|实验数据管理与记录|瞬态信号采集与同步触发测量|X射线成像与束线探测|扫描采集控制模块
Slice-DHV压电驱动器单通道,Slice-DHV Piezo Driver Channel,slice_dhv_channel,slice_dhv_channel,1,7,query,Vescent Photonics Slice-DHV 压电驱动器的单个通道，用于实验中对压电执行器进行独立驱动与参数控制，以支持精密位移或调谐相关应用。,"A single channel of the Vescent Photonics Slice-DHV piezo driver, used in experiments for independent control of a piezo actuator to support precision positioning or tuning applications.",压电定位控制器,实验执行&合成设备|精密定位与运动控制|样品/探针定位与运动控制|压电定位控制器
通用套接字通信组件,Generic Socket Communication Layer,socket,socket,5,12,auto-close|auto-init|auto-query|auto-read|auto-write,这是一个非实体的软件通信组件，用于通过 TCP/IP 套接字与实验设备建立直接连接。它负责连接指定 IP 与端口，并处理命令写入、数据读取、查询收发，以及编码和读写终止符管理，常用于网络接口仪器的基础通信。,"This is a non-physical software communication component for direct TCP/IP socket communication with laboratory devices. It opens a connection to a specified IP address and port and handles command writing, data reading, request-response queries, as well as encoding and read/write termination management for network-connected instruments.",通用字节流仪器通信接口,实验执行&合成设备|实验室自动化与仪器集成|实验仪器通信与驱动集成|通用字节流仪器通信接口
SocketCAN 守护进程总线接口,SocketCAN Daemon Bus Interface,socket_can_daemon_bus,socket_can_daemon_bus,2,17,auto-send|auto-shutdown,这是一个非物理的软件通信组件，用于通过 socketcand 服务连接和操作 CAN 总线。它主要用于实验系统中的 CAN 消息发送与连接关闭，不直接代表某一台具体仪器。,"This is a non-physical software communication component used to connect to and operate a CAN bus through the socketcand service. It is mainly used in lab systems for CAN message transmission and connection shutdown, rather than representing a specific physical instrument.",CAN总线接口,实验执行&合成设备|实验室自动化与仪器集成|CAN总线设备调试与集成|CAN总线接口
套接字通信器,Socket Communicator,socket_communicator,socket_communicator,9,21,auto-address|auto-close|auto-flush_input|auto-read_raw|auto-seek|auto-tell|auto-terminator|auto-timeout|auto-write_raw,这是一个非物理的软件通信组件，用于把网络套接字封装成类似文件的读写接口，方便实验控制框架通过套接字与仪器或远程服务交换原始字节数据，并管理地址、终止符、超时、输入缓冲区和连接关闭等通信属性。,"This is a non-physical software communication component that wraps a network socket as a file-like I/O interface, allowing a laboratory control framework to exchange raw byte data with instruments or remote services over sockets while managing address, terminator, timeout, input buffer flushing, and connection closure.",通用字节流仪器通信接口,实验执行&合成设备|实验室自动化与仪器集成|实验仪器通信与驱动集成|通用字节流仪器通信接口
SocketCAN总线接口,SocketCAN Bus Interface,socketcan_bus,socketcan_bus,3,39,auto-fileno|auto-send|auto-shutdown,基于 Linux SocketCAN 的 CAN 总线软件通信接口，用于在实验系统中发送 CAN 报文、管理周期发送任务并关闭总线套接字连接。它本身不是物理仪器，而是用于连接和控制 CAN 网络设备的非实体组件。,"A Linux SocketCAN-based software communication interface for CAN bus messaging, periodic transmission task management, and socket shutdown in laboratory systems. It is not a physical instrument, but a non-physical component used to connect to and control devices on a CAN network.",CAN总线接口,实验执行&合成设备|实验室自动化与仪器集成|CAN总线设备调试与集成|CAN总线接口
DXP软触发组件,DXP Soft Trigger Component,soft_dxp_trigger,soft_dxp_trigger,2,14,auto-get_low_level_parameter|auto-stage,用于 DXP/MCA 采集系统的非实体软件触发组件。它在实验中负责为关联的 EPICS DXP 设备准备软触发采集流程、设置预设计数相关信号，并在进入 stage 时整理采集时间等阶段参数。,"A non-physical software trigger component for DXP/MCA acquisition systems. In laboratory use, it prepares soft-triggered acquisition for associated EPICS DXP devices, configures preset counting-related signals, and organizes staged acquisition parameters such as count time during staging.",数字脉冲处理器,表征设备|智慧表征与检测中心|X射线与辐射能谱测量|同步计数与探测器通道监测|数字脉冲处理器
可编程交流电源,Programmable AC Power Source,source_ac,source_ac,4,16,auto-current|auto-frequency|auto-output|auto-volts,用于实验室中输出并调节交流电的电源设备，可设置电压、频率、电流限制以及输出开关，常用于供电测试、交流输入模拟和电源设备验证。,"A laboratory AC power source used to generate and control AC output. It supports setting voltage, frequency, current limit, and output on/off, and is commonly used for power input simulation, supply testing, and validation of AC-powered equipment.",可编程交流电源,表征设备|电子与电气测试|电源与电池测试|电子器件供电与台架测试|可编程交流电源
SPD1000系列可编程直流电源,SPD1000 Series Programmable DC Power Supply,spd1000,spd1000,13,21,auto-get_current|auto-get_output|auto-get_remote_sense|auto-get_voltage|auto-initialize|auto-lock_commands|auto-measure_current|auto-measure_power|auto-measure_voltage|auto-remote_sense|auto-set_current|auto-set_voltage|auto-toggle_output,用于实验室供电的可编程直流电源，可设置电压和电流、切换输出、启用远端感测，并测量输出电压、电流和功率，适合为电子电路与器件测试提供稳定电源。,"A programmable DC power supply for laboratory use. It can set voltage and current, switch output on or off, enable remote sensing, and measure output voltage, current, and power, making it suitable for powering electronic circuits and device tests.",可编程直流电源,表征设备|电子与电气测试|电源与电池测试|电子器件供电与台架测试|可编程直流电源
SpectrAcq3 单通道探测器采集接口,SpectrAcq3 Single-Channel Detector Interface,spectr_acq3,spectr_acq3,15,36,auto-acq_continue|auto-acq_pause|auto-acq_start|auto-acq_stop|auto-clear_error_log|auto-close|auto-force_trigger|auto-is_busy|auto-is_data_available|auto-is_open|auto-open|auto-set_acq_set|auto-set_hv_bias_voltage|auto-set_in_trigger_mode|auto-set_trigger_in_polarity,用于单通道光谱探测器的数据采集设备，可进行连接管理、设置高压偏置、电气触发与采集参数配置，并控制采集启动、暂停、继续和停止，适用于光谱信号采集与触发测量实验。,"A data acquisition device for single-channel spectroscopy detectors. It supports connection control, high-voltage bias configuration, electrical trigger setup, acquisition parameter definition, and start/pause/continue/stop of acquisitions for spectroscopy signal collection and triggered measurements.",单通道光谱探测器采集器,表征设备|光学与光谱实验|光谱采集与检测|瞬态信号采集与同步触发测量|探测器偏置与高压供电|单通道光谱探测器采集器
Spectra III 光源引擎,Spectra III Light Engine,spectra_iii_light_engine,spectra_iii_light_engine,1,27,auto-devices,用于显微成像与荧光实验的多通道激发光源系统，可通过串口连接并管理多个颜色通道。各通道可对应 LED、发光光导或激光，用于为样品提供不同波段的照明。,"A multi-channel excitation light source system for microscopy and fluorescence experiments. It connects over a serial port and manages multiple color channels. Individual channels may correspond to LEDs, luminescent light pipes, or lasers to provide illumination at different wavelengths.",显微照明光源,表征设备|光学与光谱实验|显微成像与光学显微实验|可调光谱照明与光照实验|显微照明光源
光谱仪,Spectrometer,spectrometer,spectrometer,6,21,auto-display|auto-getIntegrationTime|auto-getSerialNumber|auto-getSpectrum|auto-saveSpectrum|auto-setIntegrationTime,通用光谱仪设备，用于采集光谱数据、读取序列号、查询或设置积分时间，并可将光谱显示或保存到磁盘。,"A generic spectrometer used to acquire spectral data, read the serial number, get or set integration time, and display or save spectra to disk.",光谱仪,表征设备|光学与光谱实验|光谱采集与检测|光谱仪
SPI串行接口控制模块,SPI Serial Interface Control Module,spi,spi,16,23,auto-get_data|auto-get_en|auto-get_mem_size|auto-get_repeat|auto-get_size|auto-get_wait|auto-init|auto-is_done|auto-is_ready|auto-reset|auto-set_data|auto-set_en|auto-set_repeat|auto-set_size|auto-set_wait|auto-start,一个非物理的通用SPI串行通信控制组件，用于在实验电子系统中通过寄存器硬件层配置移位长度、重复次数、等待周期和外部触发，并读写发送/接收数据缓冲区。它更像是FPGA或底层电子学中的SPI传输控制单元，而不是独立实验仪器。,"A non-physical generic SPI serial communication control component used through a register-based hardware layer to configure shift length, repetition count, wait cycles, and external triggering, and to read/write transmit and receive data buffers in laboratory electronics. It appears to represent an SPI transfer control block in FPGA or low-level electronics rather than a standalone lab instrument.",硬件SPI主接口,实验执行&合成设备|实验室自动化与仪器集成|电子与电气测试|嵌入式总线通信与外设控制|硬件SPI主接口
Wasatch SPI光谱仪,Wasatch SPI Spectrometer,spi_device,spi_device,21,31,auto-acquire_data|auto-buffer_bytearray|auto-change_setting|auto-check_crc|auto-compute_crc|auto-connect|auto-decode_read_response|auto-disconnect|auto-errorcode_to_string|auto-fix_crc|auto-flush_input_buffer|auto-gain_to_ff|auto-get_spectrum|auto-init_eeprom|auto-read_page|auto-send_command|auto-set_gain|auto-set_integration_time_ms|auto-to_hex|auto-validate_write_response|auto-wait_for_data_ready,通过 FT232H USB 转 SPI 转换器通信的 Wasatch 光谱仪，用于触发采集、读取光谱数据，并设置积分时间、探测器增益及 EEPROM/FPGA 相关参数，常用于拉曼或通用光谱测量系统。,"A Wasatch spectrometer controlled through an FT232H USB-to-SPI interface. It is used to trigger acquisitions, read spectral data, and configure integration time, detector gain, and EEPROM/FPGA-related settings in Raman or general spectroscopy setups.",光谱仪|拉曼光谱仪,表征设备|光学与光谱实验|光谱采集与检测|光谱仪|拉曼光谱仪
软件位操作 SPI 接口,Software Bit-Banged SPI Interface,spi_software,spi_software,3,25,auto-close|auto-closed|auto-transfer,一种非物理的软件组件，通过 GPIO 以位操作方式实现本地 SPI 通信接口，可在实验控制与原型开发中与 SPI 外设进行基础数据交换。它依赖软件时序而非专用硬件 SPI 控制器，适合本地简易通信，不适合需要高性能或远程稳定事务处理的场景。,"A non-physical software component that implements a local SPI communication interface by bit-banging GPIO pins. It is useful in lab control and prototyping for basic data exchange with SPI peripherals. It relies on software timing instead of a dedicated hardware SPI controller, making it suitable for simple local communication rather than high-performance or remote transaction handling.",软件SPI接口,实验执行&合成设备|实验室自动化与仪器集成|电子与电气测试|嵌入式总线通信与外设控制|软件SPI接口
软件 SPI 总线组件,Software SPI Bus Component,spi_software_bus,spi_software_bus,3,25,auto-close|auto-closed|auto-transfer,一个非物理的软件组件，用 GPIO 引脚以位操作方式实现本地 SPI 总线通信。它为实验中的 SPI 外设提供基础数据传输、总线共享与关闭状态管理，但本身不是具体仪器。,"A non-physical software component that implements local SPI bus communication by bit-banging GPIO pins. It provides basic data transfer, shared bus handling, and closed-state management for SPI peripherals used in experiments, but it is not a physical instrument itself.",软件SPI接口,实验执行&合成设备|实验室自动化与仪器集成|电子与电气测试|嵌入式总线通信与外设控制|软件SPI接口
SPIDR读出控制板,SPIDR Readout Controller Board,spidr_controller,spidr_controller,74,97,auto-CpuToTpx|auto-DeviceAndPorts|auto-ShutterTriggerCount|auto-ShutterTriggerCtrl|auto-ShutterTriggerDelay|auto-ShutterTriggerFreq|auto-ShutterTriggerLength|auto-ShutterTriggerMode|auto-TdcTriggerCounter|auto-UdpMonPacketCounter|auto-UdpPacketCounter|auto-UdpPausePacketCounter|auto-avdd|auto-avddNow|auto-biasVoltage|auto-boardFanSpeed|auto-chipboardFanSpeed|auto-chipboardId|auto-clearBusy|auto-closeShutter|auto-convertHtonl|auto-convertNtohl|auto-datadrivenReadout|auto-deviceCount|auto-deviceIds|auto-disableExternalRefClock|auto-disablePeriphClk80Mhz|auto-dvdd|auto-dvddNow|auto-enableDecoders|auto-enableExternalRefClock|auto-enablePeriphClk80Mhz|auto-externalShutterCounter|auto-firmwareVersion|auto-fpgaTemperature|auto-getAdc|auto-getSpidrReg|auto-humidity|auto-linkCounts|auto-localTemperature|auto-openShutter|auto-pauseReadout|auto-prepare|auto-pressure|auto-reinitDevices|auto-remoteTemperature|auto-request|auto-requestGetBytes|auto-requestGetInt|auto-requestGetIntBytes|auto-requestGetInts|auto-requestSetInt|auto-requestSetIntBytes|auto-requestSetInts|auto-resetCounters|auto-resetDevices|auto-resetModule|auto-resetPacketCounters|auto-resetTimers|auto-restartTimers|auto-sequentialReadout|auto-setBiasSupplyEnable|auto-setBusy|auto-setPowerPulseEnable|auto-setShutterTriggerConfig|auto-setSpidrReg|auto-setTpxPowerPulseEnable|auto-shutterCounter|auto-shutterTriggerConfig|auto-softwareVersion|auto-startAutoTrigger|auto-stopAutoTrigger|auto-vdd|auto-vddNow,用于通过以太网控制SPIDR板卡的读出控制设备，常用于连接和管理Timepix/Medipix像素探测器。可执行板卡复位、偏压与供电控制、快门触发、时钟与定时器同步、读出模式切换，并读取温度、湿度、压力、风扇转速和计数器等状态信息。,"An Ethernet-controlled SPIDR board used to operate and read out Timepix/Medipix pixel detectors. It supports board reset, bias and power control, shutter triggering, clock and timer synchronization, readout mode selection, and monitoring of temperatures, humidity, pressure, fan speeds, and counters.",高速数据采集系统|网络化数据采集仪,表征设备|智慧表征与检测中心|电子与电气测试|像素探测器采集与读出|探测器偏置与高压供电|高速数据采集系统|网络化数据采集仪
SPIDR连接的Timepix/Medipix像素探测器,SPIDR-Connected Timepix/Medipix Pixel Detector,spidr_device,spidr_device,36,65,auto-clearPixelConfig|auto-columnTestPulseRegister|auto-genConfig|auto-getDac|auto-getDacOut|auto-getPixelConfig|auto-ipAddrDest|auto-ipAddrSrc|auto-outBlockConfig|auto-pllConfig|auto-powerPulseConfig|auto-readoutSpeed|auto-reinitDevice|auto-reset|auto-resetPixelConfig|auto-resetPixels|auto-serverPort|auto-setDac|auto-setDacDefault|auto-setExternalDac|auto-setHeaderFilter|auto-setOutputMask|auto-setPixelMask|auto-setPixelTestBit|auto-setPixelThreshold|auto-setSenseDac|auto-setSinglePixelMask|auto-setSinglePixelTestBit|auto-setSinglePixelThreshold|auto-setTpPeriodPhase|auto-slaveConfig|auto-t0Sync|auto-timer|auto-tpNumber|auto-uploadPacket|auto-uploadPixelConfig,通过SPIDR读出系统连接的Timepix/Medipix像素探测器设备，用于配置像素矩阵、DAC、测试脉冲、时序和网络读出参数，服务于粒子、辐射或高速成像实验的数据采集。,"A Timepix/Medipix pixel detector connected through the SPIDR readout system, used to configure the pixel matrix, DACs, test pulses, timing, and network readout parameters for data acquisition in particle, radiation, or fast imaging experiments.",面阵探测器,表征设备|智慧表征与检测中心|像素探测器采集与读出|X射线与辐射能谱测量|面阵探测器
本地定位处理规则,Spool Local Localization Rule,spool_local_localization_rule,spool_local_localization_rule,1,66,auto-on_data_complete,用于实验数据流程中的非物理软件规则组件。它表示一种本地定位处理规则，用于在数据采集或本地缓存完成后触发定位分析相关流程，并提供总帧数、数据完成状态等规则状态信息。,"A non-physical software rule component used in experimental data workflows. It represents a local localization processing rule that can trigger localization-analysis-related steps after acquisition or local spooling is complete, and exposes rule status such as total frame count and data completion state.",定位分析工作流规则,表征设备|实验数据可视化与分析|实验数据管理与记录|显微定位重建与集群分析|定位分析工作流规则
点状选区图形组件,Spot Selection Graphic Component,spot_graphic,spot_graphic,16,415,auto-adjust_part|auto-begin_drag|auto-bounds|auto-center|auto-end_drag|auto-get_attributes|auto-get_mask_item|auto-get_region|auto-label_position|auto-mime_data_dict|auto-nudge|auto-read_from_mime_data|auto-rotation|auto-size|auto-test|auto-used_role,用于科学图像或数据界面中的非物理图形组件，表示一个可编辑的点状选区。它支持边界、中心、尺寸、旋转、区域与掩膜对象生成，以及命中测试、拖拽调整、微调和序列化，常用于显微数据分析中的交互式标注与掩膜定义。,"A non-physical graphical component for scientific image or data interfaces that represents an editable spot-shaped selection. It supports bounds, center, size, rotation, region and mask generation, hit testing, drag adjustment, nudging, and serialization, and is used for interactive annotation and mask definition in microscopy data analysis workflows.",感兴趣区图形标注器,表征设备|实验数据可视化与分析|科学图像区域标注与感兴趣区分析|显微成像与光学显微实验|感兴趣区图形标注器
SQLite CAN消息读取器,SQLite CAN Message Reader,sqlite_reader,sqlite_reader,2,16,auto-read_all|auto-stop,一个非物理的软件组件，用于从简单的 SQLite/SQL 数据库中读取已记录的 CAN 总线消息。它适合实验中的总线通信数据回放、离线分析与日志检查，不直接控制任何实际仪器。,"A non-physical software component for reading recorded CAN bus messages from a simple SQLite/SQL database. It is used for experiment data replay, offline analysis, and log inspection, and does not directly control any physical instrument.",CAN消息数据库读取器,表征设备|实验数据管理与记录|电子与电气测试|CAN总线通信记录与离线分析|CAN消息数据库读取器
SQLite CAN消息记录器,SQLite CAN Message Logger,sqlite_writer,sqlite_writer,1,16,auto-stop,这是一个非物理的软件组件，用于将接收到的CAN总线消息缓冲后异步写入SQLite数据库，并在需要时从数据库中读取历史消息，适合实验中的总线数据记录、追溯与离线分析。,"This is a non-physical software component that buffers received CAN bus messages and writes them asynchronously to an SQLite database, and can also read back recorded messages for experiment data logging, traceability, and offline analysis.",CAN总线日志记录器,实验执行&合成设备|实验数据管理与记录|电子与电气测试|CAN总线通信记录与离线分析|CAN总线日志记录器
SQR1三球六自由度运动平台,SQR1 Tri-Sphere Six-Axis Motion Stage,sqr1,sqr1,6,14,auto-move|auto-multi_axis_move|auto-preset_list|auto-set|auto-stop|auto-sync_setpoints,一套通过EPICS控制的三球六自由度运动平台，可对X、Y、Z三个平移轴以及rX、rY、rZ三个转动轴进行单轴或联动控制。适用于实验中样品、光学元件或工装的精密定位与姿态调整。,"An EPICS-controlled tri-sphere six-axis motion stage that supports individual or coordinated control of X, Y, Z translations and rX, rY, rZ rotations. It is used in laboratories for precise positioning and angular alignment of samples, optics, or fixtures.",电动定位台,实验执行&合成设备|物流/机械|精密定位与运动控制|样品/探针定位与运动控制|电动定位台
SR830 锁相放大器,SR830 Lock-In Amplifier,sr830,sr830,44,74,auto-alarm_enabled|auto-analog_input|auto-analog_output|auto-analog_value|auto-auto_gain|auto-auto_gain_async|auto-auto_offset|auto-auto_offset_async|auto-auto_phase|auto-auto_phase_async|auto-auto_reserve|auto-auto_reserve_async|auto-buffer_length|auto-display|auto-filter_db_per_oct|auto-frequency|auto-front_output|auto-harmonic|auto-input_configuration|auto-input_coupling|auto-input_filter|auto-input_shield|auto-key_click_enabled|auto-measure|auto-pause_data_storage|auto-read_buffer|auto-recall_state|auto-reference_internal|auto-reference_phase_shift|auto-reference_trigger|auto-remote|auto-reserve_mode|auto-reset_data_storage|auto-sample_rate|auto-save_state|auto-sensitivity|auto-sine_output_amplitude|auto-single_shot|auto-start_data_storage|auto-sync_filter|auto-time_constants|auto-trigger|auto-trigger_start_mode|auto-wait_bit1,用于微弱交流信号相敏检测的锁相放大器，可配置参考源、频率、谐波、灵敏度、时间常数、输入耦合与滤波，并支持辅助模拟输入输出、自动增益/相位调整以及内部数据缓冲采集。,"A lock-in amplifier for phase-sensitive detection of weak AC signals. It supports configuring the reference source, frequency, harmonic, sensitivity, time constant, input coupling, and filtering, and provides auxiliary analog I/O, auto gain/phase functions, and internal buffered data acquisition.",锁相放大器,表征设备|电子与电气测试|锁相放大与相敏检测|锁相放大器
SR830 锁相放大器,SR830 Lock-in Amplifier,sr830_gpib,sr830_gpib,56,74,auto-alarm_enabled|auto-analog_input|auto-analog_output|auto-analog_value|auto-auto_gain|auto-auto_gain_async|auto-auto_gain_async_async|auto-auto_offset|auto-auto_offset_async|auto-auto_offset_async_async|auto-auto_phase|auto-auto_phase_async|auto-auto_phase_async_async|auto-auto_reserve|auto-auto_reserve_async|auto-auto_reserve_async_async|auto-buffer_length|auto-display|auto-filter_db_per_oct|auto-frequency|auto-front_output|auto-harmonic|auto-input_configuration|auto-input_coupling|auto-input_filter|auto-input_shield|auto-key_click_enabled|auto-measure|auto-measure_async|auto-pause_data_storage|auto-pause_data_storage_async|auto-read_buffer|auto-read_buffer_async|auto-recall_state|auto-recall_state_async|auto-reference_internal|auto-reference_phase_shift|auto-reference_trigger|auto-remote|auto-reserve_mode|auto-reset_data_storage|auto-reset_data_storage_async|auto-sample_rate|auto-save_state|auto-save_state_async|auto-sensitivity|auto-sine_output_amplitude|auto-single_shot|auto-start_data_storage|auto-start_data_storage_async|auto-sync_filter|auto-time_constants|auto-trigger|auto-trigger_async|auto-trigger_start_mode|auto-wait_bit1,SR830 是一款用于相敏检测和微弱交流信号测量的锁相放大器。该驱动通过 GPIB/串口控制参考源、频率、谐波、输入耦合、灵敏度、时间常数、滤波器、显示/前面板输出、模拟输入输出以及内部数据缓冲与存储功能。,"The SR830 is a lock-in amplifier for phase-sensitive detection and measurement of weak AC signals. This driver controls the instrument over GPIB/serial, including reference source, frequency, harmonic, input coupling, sensitivity, time constant, filters, display/front-panel outputs, analog I/O, and the internal data buffer and storage functions.",锁相放大器,表征设备|电子与电气测试|锁相放大与相敏检测|锁相放大器
SR830 锁相放大器,SR830 Lock-in Amplifier,sr830_serial,sr830_serial,56,74,auto-alarm_enabled|auto-analog_input|auto-analog_output|auto-analog_value|auto-auto_gain|auto-auto_gain_async|auto-auto_gain_async_async|auto-auto_offset|auto-auto_offset_async|auto-auto_offset_async_async|auto-auto_phase|auto-auto_phase_async|auto-auto_phase_async_async|auto-auto_reserve|auto-auto_reserve_async|auto-auto_reserve_async_async|auto-buffer_length|auto-display|auto-filter_db_per_oct|auto-frequency|auto-front_output|auto-harmonic|auto-input_configuration|auto-input_coupling|auto-input_filter|auto-input_shield|auto-key_click_enabled|auto-measure|auto-measure_async|auto-pause_data_storage|auto-pause_data_storage_async|auto-read_buffer|auto-read_buffer_async|auto-recall_state|auto-recall_state_async|auto-reference_internal|auto-reference_phase_shift|auto-reference_trigger|auto-remote|auto-reserve_mode|auto-reset_data_storage|auto-reset_data_storage_async|auto-sample_rate|auto-save_state|auto-save_state_async|auto-sensitivity|auto-sine_output_amplitude|auto-single_shot|auto-start_data_storage|auto-start_data_storage_async|auto-sync_filter|auto-time_constants|auto-trigger|auto-trigger_async|auto-trigger_start_mode|auto-wait_bit1,用于相敏检测的数字锁相放大器。该设备可提供内部参考正弦输出，配置输入模式、灵敏度、时间常数、滤波与储存参数，并读取测量值、辅助模拟量和缓冲区数据，常用于弱信号与噪声环境下的精密测量。,"A digital lock-in amplifier for phase-sensitive detection. It can provide an internal sine reference, configure input mode, sensitivity, time constant, filtering, and storage settings, and read measured values, auxiliary analog signals, and buffered data for precision weak-signal measurements in noisy experiments.",锁相放大器,表征设备|电子与电气测试|锁相放大与相敏检测|锁相放大器
SRS DS345函数信号发生器,SRS DS345 Function Generator,srs345,srs345,4,9,auto-frequency|auto-function|auto-offset|auto-phase,SRS DS345 是一台 30 MHz 函数信号发生器，用于实验中输出和调节测试波形信号，可设置频率、波形类型、相位和直流偏置。,"The SRS DS345 is a 30 MHz function generator used in laboratories to produce and adjust test waveforms, with control over frequency, waveform type, phase, and DC offset.",任意函数发生器,实验执行&合成设备|表征设备|电子与电气测试|射频与电子电路测试|脉冲激励与时序控制|任意函数发生器
SRS570电流前置放大器,SRS570 Current Preamplifier,srs570,srs570,5,12,auto-decrease_sensitivity|auto-increase_sensitivity|auto-initialize|auto-set_offset|auto-set_sensitivity,SRS570 是一款电流前置放大器，用于将微弱电流信号放大并转换为便于采集的电压信号。该设备适合实验室中对光电探测器、电化学信号或其他低电流水平传感器进行低噪声读出，并支持灵敏度、偏置、滤波和偏移调节。,"The SRS570 is a current preamplifier used to amplify very small current signals and convert them into voltages suitable for acquisition. It is used in laboratories for low-noise readout of photodetectors, electrochemical signals, and other low-current sensors, with control over sensitivity, bias, filtering, and offset.",传感器测量放大器,表征设备|电子与电气测试|微弱电流与漏电流测量|高阻/电荷/微电流测量|传感器测量放大器
SRS830 锁相放大器,SRS830 Lock-In Amplifier,srs830,srs830,22,22,auto-amplitude|auto-auto_offset|auto-auto_phase|auto-buffer_mode|auto-clear_data_buffer|auto-coupling|auto-data_snap|auto-data_transfer|auto-frequency|auto-frequency_source|auto-init|auto-input_shield_ground|auto-num_data_points|auto-pause|auto-phase|auto-read_data_buffer|auto-sample_rate|auto-set_channel_display|auto-set_offset_expand|auto-start_data_transfer|auto-start_scan|auto-take_measurement,Stanford Research Systems 的 SRS830 锁相放大器，用于相敏检测与弱信号测量。该设备可设置参考频率、相位、输入耦合和采样参数，并支持 X、Y、R、θ 等量的缓冲采集、快照读取与自动调零/调相。,"The SRS830 from Stanford Research Systems is a lock-in amplifier for phase-sensitive detection and weak-signal measurements. It supports control of reference frequency, phase, input coupling, and sampling parameters, and provides buffered acquisition, snapshot readout, and auto offset/auto phase functions for quantities such as X, Y, R, and theta.",锁相放大器,表征设备|电子与电气测试|锁相放大与相敏检测|锁相放大器
DG645数字延迟发生器,DG645 Digital Delay Generator,srsdg645,srsdg645,17,41,auto-burst_count|auto-burst_delay|auto-burst_period|auto-channel|auto-delay|auto-display|auto-enable_adv_triggering|auto-enable_burst_mode|auto-enable_burst_t0_first|auto-holdoff|auto-idx|auto-level_amplitude|auto-level_offset|auto-output|auto-polarity|auto-trigger_rate|auto-trigger_source,这是一台数字延迟发生器，用于在触发事件后输出具有可编程时间延迟的定时脉冲。该设备可配置延迟通道、触发源与触发速率、触发保持时间、突发模式，以及输出极性、幅度和偏置，常用于激光同步、时序分配和通用实验触发控制。,"This is a digital delay generator used to produce precisely timed pulses with programmable delays relative to a trigger event. It supports configuration of delay channels, trigger source and rate, trigger holdoff, burst mode, and output polarity, amplitude, and offset, making it useful for laser synchronization, timing distribution, and general experimental trigger control.",皮秒延时发生器,实验执行&合成设备|电子与电气测试|实验室自动化与仪器集成|脉冲激励与时序控制|皮秒延时发生器
SSH远程客户端,SSH Remote Client,ssh_client,ssh_client,9,25,auto-download|auto-drain|auto-get_sftp|auto-get_ssh|auto-get_transport|auto-prepare_download|auto-run_command|auto-spawn_command|auto-upload,一个非实体的软件组件，用于在实验系统中通过 SSH 和 SFTP 与远程主机通信。它可获取连接与传输会话、上传和下载文件、启动远程命令，并读取命令通道输出，常用于实验控制计算机、远程节点或数据处理主机之间的自动化交互。,"A non-physical software component for communicating with remote hosts over SSH and SFTP in laboratory systems. It can obtain connection and transport sessions, upload and download files, start remote commands, and read command-channel output, commonly used for automation between experiment controllers, remote nodes, and data-processing hosts.",文件与命令远程客户端,实验执行&合成设备|物流/机械|实验室自动化与仪器集成|实验计算与数据处理|实验主机远程访问与文件传输|分布式实验控制与远程过程调用|文件与命令远程客户端
标准帧源,Standard Frame Source,standard_frame_source,standard_frame_source,3,44,auto-connect|auto-disconnect|auto-tick,一个非物理的软件帧源组件，用于按 frameWrangler 的轮询周期发出图像帧，并通过回调机制把帧组事件提供给漂移跟踪等图像处理逻辑。它用于组织和分发相机帧数据，本身不直接代表具体硬件仪器。,A non-physical software frame-source component that emits image frames once per frameWrangler polling interval and provides frame-group events to drift-tracking and related image-processing logic via callbacks. It is used to organize and distribute camera frame data and does not itself represent a specific hardware instrument.,实验数据流传输器,表征设备|物流/机械|实验计算与数据处理|实验成像与机器视觉|实验数据流传输器
Hamilton STAR液体处理工作站,Hamilton STAR Liquid Handling Workstation,star_backend,star_backend,277,333,auto-additional_time_stamp|auto-aspirate|auto-aspirate96|auto-aspirate_core_96|auto-aspirate_pip|auto-can_pick_up_tip|auto-can_reach_position|auto-channel_dispensing_drive_move_to_volume_position|auto-channel_dispensing_drive_request_position|auto-channel_id|auto-channel_request_y_minimum_spacing|auto-channels_sense_tip_presence|auto-check_fw_string_error|auto-check_type_is_hhc|auto-clld_probe_x_position_using_channel|auto-clld_probe_y_position_using_channel|auto-clld_probe_z_height_using_channel|auto-collapse_gripper_arm|auto-configure_node_names|auto-core_check_resource_exists_at_location_center|auto-core_get_plate|auto-core_move_picked_up_resource|auto-core_move_plate_to_position|auto-core_open_gripper|auto-core_parked|auto-core_pick_up_resource|auto-core_put_plate|auto-core_read_barcode_of_picked_up_resource|auto-core_release_picked_up_resource|auto-define_tip_needle|auto-disable_cover_control|auto-discard_tip|auto-discard_tips_core96|auto-dispense|auto-dispense96|auto-dispense_core_96|auto-dispense_pip|auto-dispensing_drive_increment_to_mm|auto-dispensing_drive_increment_to_volume|auto-dispensing_drive_mm_to_increment|auto-dispensing_drive_mm_to_vol|auto-dispensing_drive_vol_to_increment|auto-dispensing_drive_vol_to_mm|auto-drain_dual_chamber_system|auto-drop_resource|auto-drop_tips|auto-drop_tips96|auto-empty_tip|auto-empty_tips|auto-enable_cover_control|auto-ensure_can_reach_position|auto-extended_conf|auto-fill_selected_dual_chamber|auto-get_channels_y_positions|auto-get_channels_z_positions|auto-get_core|auto-get_from_hotel|auto-get_id_from_fw_response|auto-get_iswap_version|auto-get_logic_iswap_position|auto-get_temperature_at_hhc|auto-halt|auto-head96_dispensing_drive_and_squeezer_driver_initialize|auto-head96_dispensing_drive_move_to_home_volume|auto-head96_dispensing_drive_move_to_position|auto-head96_dispensing_drive_request_position_mm|auto-head96_dispensing_drive_request_position_uL|auto-head96_installed|auto-head96_move_to_coordinate|auto-head96_move_to_z_safety|auto-head96_move_x|auto-head96_move_y|auto-head96_move_z|auto-head96_park|auto-head96_request_firmware_version|auto-head96_request_position|auto-head96_request_tip_presence|auto-head96_request_type|auto-initialize_auto_load|auto-initialize_autoload|auto-initialize_core_96_head|auto-initialize_dual_pump_station_valves|auto-initialize_hhc|auto-initialize_iswap|auto-initialize_pip|auto-initialize_pipetting_channels|auto-iswap_close_gripper|auto-iswap_dangerous_release_break|auto-iswap_get_plate|auto-iswap_initialize_z_axis|auto-iswap_minimum_traversal_height|auto-iswap_move_picked_up_resource|auto-iswap_open_gripper|auto-iswap_parked|auto-iswap_put_plate|auto-iswap_reengage_break|auto-iswap_rotate|auto-iswap_rotation_drive_request_y|auto-iswap_traversal_height|auto-load_carrier|auto-load_carrier_from_autoload_belt|auto-load_carrier_from_tray_and_scan_carrier_barcode|auto-lock_cover|auto-mm_to_y_drive_increment|auto-mm_to_z_drive_increment|auto-module_id_length|auto-move_96head_to_coordinate|auto-move_all_channels_in_z_safety|auto-move_all_pipetting_channels_to_defined_position|auto-move_auto_load_to_z_save_position|auto-move_autoload_to_safe_z_position|auto-move_autoload_to_save_z_position|auto-move_autoload_to_slot|auto-move_autoload_to_track|auto-move_channel_x|auto-move_channel_x_relative|auto-move_channel_y|auto-move_channel_y_relative|auto-move_channel_z|auto-move_channel_z_relative|auto-move_core_96_head_to_defined_position|auto-move_core_96_head_x|auto-move_core_96_head_y|auto-move_core_96_head_z|auto-move_core_96_to_safe_position|auto-move_iswap_x|auto-move_iswap_x_relative|auto-move_iswap_y|auto-move_iswap_y_relative|auto-move_iswap_z|auto-move_iswap_z_relative|auto-move_left_x_arm_to_position_with_all_attached_components_in_z_safety_position|auto-move_picked_up_resource|auto-move_plate_to_position|auto-move_right_x_arm_to_position_with_all_attached_components_in_z_safety_position|auto-num_arms|auto-num_channels|auto-occupy_and_provide_area_for_external_access|auto-open_not_initialized_gripper|auto-park_autoload|auto-park_iswap|auto-pick_up_core_gripper_tools|auto-pick_up_resource|auto-pick_up_tip|auto-pick_up_tips|auto-pick_up_tips96|auto-pick_up_tips_core96|auto-pierce_foil|auto-plld_probe_z_height_using_channel|auto-position_channels_in_y_direction|auto-position_channels_in_z_direction|auto-position_components_for_free_iswap_y_range|auto-position_left_x_arm_|auto-position_max_free_y_for_n|auto-position_right_x_arm_|auto-position_single_pipetting_channel_in_y_direction|auto-position_single_pipetting_channel_in_z_direction|auto-pre_initialize_instrument|auto-prepare_for_manual_channel_operation|auto-prepare_iswap_teaching|auto-probe_liquid_heights|auto-probe_liquid_volumes|auto-put_core|auto-put_in_hotel|auto-query_whether_temperature_reached_at_hhc|auto-release_all_occupied_areas|auto-release_occupied_area|auto-request_additional_timestamp_data|auto-request_auto_load_slot_position|auto-request_autoload_initialization_status|auto-request_autoload_track|auto-request_autoload_type|auto-request_core_96_head_channel_tadm_error_status|auto-request_core_96_head_channel_tadm_status|auto-request_core_96_head_initialization_status|auto-request_cover_open|auto-request_deck_data|auto-request_device_serial_number|auto-request_download_date|auto-request_eeprom_data_correctness|auto-request_electronic_board_type|auto-request_error_code|auto-request_extended_configuration|auto-request_firmware_version|auto-request_installation_data|auto-request_instrument_initialization_status|auto-request_iswap_in_parking_position|auto-request_iswap_initialization_status|auto-request_iswap_position|auto-request_iswap_rotation_drive_orientation|auto-request_iswap_rotation_drive_position_increments|auto-request_iswap_version|auto-request_iswap_wrist_drive_orientation|auto-request_iswap_wrist_drive_position_increments|auto-request_left_x_arm_last_collision_type|auto-request_left_x_arm_position|auto-request_machine_configuration|auto-request_master_status|auto-request_maximal_ranges_of_x_drives|auto-request_name_of_last_faulty_parameter|auto-request_node_names|auto-request_number_of_presence_sensors_installed|auto-request_parameter_value|auto-request_pip_channel_validation_status|auto-request_pip_channel_version|auto-request_pip_height_last_lld|auto-request_plate_in_iswap|auto-request_position_of_core_96_head|auto-request_presence_of_carriers_on_deck|auto-request_presence_of_carriers_on_loading_tray|auto-request_presence_of_single_carrier_on_loading_tray|auto-request_present_wrap_size_of_installed_arms|auto-request_probe_z_position|auto-request_pump_settings|auto-request_right_x_arm_last_collision_type|auto-request_right_x_arm_position|auto-request_single_carrier_presence|auto-request_supply_voltage|auto-request_tadm_status|auto-request_technical_status_of_assemblies|auto-request_tip_bottom_z_position|auto-request_tip_len_on_channel|auto-request_tip_presence|auto-request_tip_presence_in_core_96_head|auto-request_verification_data|auto-request_volume_in_tip|auto-request_x_pos_channel_n|auto-request_xl_channel_validation_status|auto-request_y_pos_channel_n|auto-request_z_pos_channel_n|auto-reset_output|auto-return_core_gripper_tools|auto-rotate_iswap_rotation_drive|auto-rotate_iswap_wrist|auto-save_all_cycle_counters|auto-save_download_date|auto-save_pip_channel_validation_status|auto-save_technical_status_of_assemblies|auto-save_xl_channel_validation_status|auto-search_for_teach_in_signal_using_pipetting_channel_n_in_x_direction|auto-send_hhs_command|auto-set_1d_barcode_type|auto-set_barcode_type|auto-set_carrier_monitoring|auto-set_cover_output|auto-set_deck_data|auto-set_instrument_configuration|auto-set_loading_indicators|auto-set_minimum_channel_traversal_height|auto-set_minimum_iswap_traversal_height|auto-set_minimum_traversal_height|auto-set_not_stop|auto-set_single_step_mode|auto-set_x_offset_x_axis_core_96_head|auto-set_x_offset_x_axis_core_nano_pipettor_head|auto-set_x_offset_x_axis_iswap|auto-setup|auto-setup_done|auto-slow_iswap|auto-spread_pip_channels|auto-start_temperature_control_at_hhc|auto-step_off_foil|auto-stop|auto-stop_temperature_control_at_hhc|auto-store_installation_data|auto-store_verification_data|auto-take_carrier_out_to_autoload_belt|auto-trigger_next_step|auto-unload_carrier|auto-unload_carrier_after_carrier_barcode_scanning|auto-unlock_cover|auto-unsafe|auto-verify_and_wait_for_carriers|auto-violently_shoot_down_tip|auto-y_drive_increment_to_mm|auto-z_drive_increment_to_mm|auto-ztouch_probe_z_height_using_channel,Hamilton STAR 自动化液体处理平台，用于实验室吸液、分液、装卸吸头、液位探测、板与载架搬运，并可控制 iSWAP、CoRe 96 头、autoload 载架装载及部分连接的加热冷却模块。,"Hamilton STAR automated liquid handling platform for laboratory aspiration, dispensing, tip handling, liquid level detection, plate and carrier transport, with control of iSWAP, the CoRe 96 head, autoload carrier handling, and some connected heating/cooling modules.",移液工作站,备料&前处理设备|实验执行&合成设备|溶液配制与反应|实验室自动化与仪器集成|移液站产品|液体输送与定量分配|移液工作站
STAR Chatterbox 模拟后端,STAR Chatterbox Backend,star_chatterbox_backend,star_chatterbox_backend,18,26,auto-channel_dispensing_drive_request_position|auto-head96_request_firmware_version|auto-iswap_parked|auto-move_channel_y|auto-move_iswap_x|auto-move_iswap_y|auto-move_iswap_z|auto-pierce_foil|auto-request_extended_configuration|auto-request_iswap_initialization_status|auto-request_machine_configuration|auto-request_tip_presence|auto-request_z_pos_channel_n|auto-send_raw_command|auto-setup|auto-slow_iswap|auto-step_off_foil|auto-stop,这是一个面向 Hamilton STAR 液体处理平台的非实体模拟组件。它通过返回虚拟机器配置、吸头状态、96头固件信息、iSWAP 状态与位置等数据，并模拟通道及 iSWAP 运动，用于开发、调试、命令测试和流程验证，而非直接驱动真实仪器。,"This is a non-physical simulation component for the Hamilton STAR liquid handling platform. It provides mock machine configuration, tip status, 96-head firmware data, iSWAP status and positions, and simulated channel and iSWAP motion for development, debugging, command testing, and workflow validation rather than direct control of real hardware.",移液工作站|通用实验设备占位器,实验执行&合成设备|实验室自动化与仪器集成|实验设备模拟与流程调试|移液站产品|移液工作站|通用实验设备占位器
静态DDS输出组件,Static DDS Output Component,static_dds,static_dds,38,74,auto-add_device|auto-add_instruction|auto-apply_calibration|auto-clock_limit|auto-constant|auto-customramp|auto-disable|auto-do_checks|auto-enable|auto-exp_ramp|auto-exp_ramp_t|auto-expand_timeseries|auto-generate_code|auto-get_all_outputs|auto-get_change_times|auto-get_ramp_times|auto-go_high|auto-go_low|auto-instruction_to_string|auto-make_timeseries|auto-offset_instructions_from_trigger|auto-piecewise_accel_ramp|auto-pulse|auto-ramp|auto-repeat_pulse_sequence|auto-setamp|auto-setfreq|auto-setphase|auto-sine|auto-sine4_ramp|auto-sine4_reverse_ramp|auto-sine_ramp|auto-square_wave|auto-square_wave_levels|auto-static_value|auto-trigger|auto-trigger_delay|auto-wait_delay,这是一个非物理的软件组件，用于在实验控制程序中定义和管理静态DDS样输出通道。它用于设置频率、幅度、相位以及可选的门控开关，并在实验时序中生成、检查和展开相关指令，而不是直接对应某一特定厂商的实体仪器。,"This is a non-physical software component used to define and manage static DDS-like output channels in an experiment control program. It is used to set frequency, amplitude, phase, and optional gate control, and to generate, validate, and expand timing instructions for experiments rather than representing a specific physical instrument from a particular manufacturer.",任意函数发生器|数字命令序列控制器,实验执行&合成设备|电子与电气测试|脉冲激励与时序控制|射频与电子电路测试|任意函数发生器|数字命令序列控制器
EPICS步进扫描控制组件,EPICS Step Scan Control Component,step_scan,step_scan,26,35,auto-add_counter|auto-add_detector|auto-add_extra_pvs|auto-add_positioner|auto-add_trigger|auto-at_break|auto-check_outputs|auto-clear_data|auto-clear_interrupts|auto-estimate_scan_time|auto-get_bool|auto-init_scandata|auto-look_for_interrupts|auto-open_output_file|auto-post_scan|auto-pre_scan|auto-prepare_scan|auto-publish_data|auto-read_extra_pvs|auto-run|auto-set_all_scandata|auto-set_dwelltime|auto-set_error|auto-set_info|auto-verify_scan|auto-write,用于实验自动化中的非物理软件组件，负责组织EPICS步进扫描流程。它可配置位置器、探测器、触发器、计数器和额外PV，执行逐点扫描、采集数据、处理暂停/中止、发布每点数据并写出扫描文件。,"A non-physical software component for experiment automation that orchestrates EPICS step-scan workflows. It configures positioners, detectors, triggers, counters, and extra PVs, then executes point-by-point scans, acquires data, handles pause/abort logic, publishes per-point data, and writes scan output files.",扫描采集控制模块,表征设备|实验执行&合成设备|智慧表征与检测中心|实验室自动化与仪器集成|样品/探针定位与运动控制|同步计数与探测器通道监测|实验仪器数据采集与联机控制|扫描采集控制模块
光束挡板,Beam Stopper,stopper,stopper,4,14,auto-calc_lightpath_state|auto-check_value|auto-close|auto-open,用于束线或实验光路中的插入/移出式挡板设备。该类设备通过外部控制信号执行打开与关闭，并结合进位/退位限位开关判断当前位置；部分变体仅提供状态读取，用于光路联锁显示与通光状态判断。,"An insertable/removable beamline stopper used in experimental beam paths. It is opened and closed via external control signals, and its position is determined from in/out limit switches; some variants are status-only and are used for lightpath display and transmission-state evaluation.",光束挡板,物流/机械|智慧表征与检测中心|X射线束线光路与衰减控制|光束挡板
Ark Metrica步进电机线性位移控制器,Ark Metrica Stepper Motor Linear Motion Controller,stpdrv,stpdrv,13,29,auto-acceleration|auto-address|auto-estop|auto-get_position|auto-goto|auto-home|auto-idn|auto-len_axes_mm|auto-mm_to_steps|auto-motion_timeout|auto-resource_kwargs|auto-speed|auto-steps_to_mm,用于控制步进电机驱动的线性位移机构或位移台。该设备通过串口/VISA通信，支持连接识别、速度与加速度设置、回零、按目标位置移动、位置读取以及急停，适合实验中的样品或探头直线定位任务。,"A stepper-motor-based linear motion controller for a linear actuator or positioning stage. It communicates over serial/VISA and supports device identification, speed and acceleration settings, homing, moving to a target position, position readback, and emergency stop for laboratory sample or probe positioning tasks.",步进电机控制器|电动直线位移台,实验执行&合成设备|物流/机械|精密定位与运动控制|样品/探针定位与运动控制|步进电机控制器|电动直线位移台
集群数据流传输器,Cluster Data Streamer,stream,stream,3,19,auto-close|auto-finalize|auto-put,用于实验数据处理流程的非实体软件组件。它通过异步、非阻塞方式将文件或数据块排队并持续发送到单一服务器或集群节点，适合采集过程中进行后台流式写入与收尾归档。,"A non-physical software component for experimental data workflows. It queues files or data blocks and streams them asynchronously in a non-blocking manner to a single server or cluster nodes, supporting background data spooling and finalization during acquisition.",实验数据流传输器,后处理设备|实验数据管理与记录|实验计算与数据处理|分布式实验数据处理|科学数据存储与归档|实验数据流传输器
ACQ400 数据流客户端,ACQ400 Stream Client,stream_client,stream_client,49,144,chan2volts|clear_counters|close|data_size|demux_status|elapsed_samples|fetch_all_calibration|get_aggregator_sites|get_aggregator_svc_list|get_blocks|get_elapsed|get_post|get_pre|get_state|get_sys_info|get_total|init_site_client|load_awg|load_dio482pg|load_dpg|load_gpg|load_segments|load_stl|load_wrpg|make_sa_sd_aliases|nchan|post_samples|pre_samples|read|read_chan|read_decims|read_transient_timebase|run_service|samples|scale_raw|set_DO|set_mb_clk|set_segment|set_sync_routing|set_sync_routing_master|set_sync_routing_slave|show_segments|st_monitor|state|uut_demux_enabled|wait_armed|wait_event|wait_state_changed|wait_stopped,用于连接 ACQ400/ACQ2106 系列采集系统的主机端软件客户端，负责实时数据流读取、状态监视、通道数据获取、校准换算以及采集相关服务配置。它用于实验中的高速数据采集与后处理，本身不是实体仪器。,"A host-side software client for connecting to ACQ400/ACQ2106 acquisition systems. It handles live data streaming, status monitoring, channel data retrieval, calibration-based scaling, and acquisition-related service configuration. It is used for high-speed experimental data capture and post-processing, and is not a physical instrument itself.",高速数据采集系统|网络化数据采集仪,表征设备|实验计算与数据处理|实验数据管理与记录|瞬态信号采集与同步触发测量|实验仪器数据采集与联机控制|高速数据采集系统|网络化数据采集仪
管道进程流接口,Piped Process Stream Interface,stream_pipe,stream_pipe,3,22,auto-close|auto-read|auto-write,一个非物理的软件流接口组件，通过子进程的标准输入/输出进行字节流通信。在实验系统中可用于把协议栈、控制工具或辅助进程接入数据通道，负责读写和关闭进程管道流。,"A non-physical software stream interface component that communicates over a child process's standard input/output as a byte stream. In laboratory systems, it can be used to connect protocol stacks, control utilities, or helper processes into a data path, providing stream write, read, and close operations.",通用字节流仪器通信接口,实验执行&合成设备|实验室自动化与仪器集成|实验仪器通信与驱动集成|通用字节流仪器通信接口
串口流接口组件,Serial Stream Interface Component,stream_serial,stream_serial,3,22,auto-close|auto-read|auto-write,用于实验系统中的非物理串口通信组件，提供对串行端口的数据写入、读取和连接关闭功能，作为上层程序与各类串口设备交换字节流的通用接口。,"A non-physical serial communication component used in laboratory systems. It provides generic byte-stream write, read, and close operations over a serial port for higher-level software to communicate with serial devices.",串行仪器通信接口|通用字节流仪器通信接口,实验执行&合成设备|串行通信与人机交互|实验仪器通信与驱动集成|串行仪器通信接口|通用字节流仪器通信接口
网络套接字流接口,Socket Stream Interface,stream_socket,stream_socket,2,22,auto-read|auto-write,一个非物理的软件通信组件，通过网络套接字提供通用字节流读写接口。在实验自动化中可用于与远程仪器、控制服务或实验进程交换原始数据，但证据不表明其对应某一特定物理设备。,"A non-physical software communication component that provides generic byte-stream read/write access over an internet socket. In lab automation, it can be used to exchange raw data with remote instruments, control services, or experimental processes, but the evidence does not identify any specific physical instrument.",通用字节流仪器通信接口,实验执行&合成设备|实验室自动化与仪器集成|实验仪器通信与驱动集成|分布式实验控制与远程过程调用|通用字节流仪器通信接口
BLE到LSL数据流组件,BLE-to-LSL Streamer,streamer,streamer,9,37,auto-address|auto-backend|auto-connect|auto-disconnect|auto-make_chunk|auto-send_command|auto-start|auto-stop|auto-subscriptions,这是一个非物理的软件组件，用于连接蓝牙低功耗（BLE）设备，订阅其通知数据，将收到的样本整理为数据块并发布到 Lab Streaming Layer（LSL）输出流中，供实验中的实时采集、同步和显示使用。,"This is a non-physical software component that connects to a Bluetooth Low Energy (BLE) device, subscribes to its notifications, organizes incoming samples into chunks, and publishes them to a Lab Streaming Layer (LSL) outlet for real-time acquisition, synchronization, and visualization in experiments.",蓝牙流式采集设备|实验数据流传输器,表征设备|生命体系|实验室自动化与仪器集成|脑机接口与生理电信号采集|实验仪器数据采集与联机控制|蓝牙流式采集设备|实验数据流传输器
OpenBCI 生物电采集板（LSL流输出）,OpenBCI biosignal acquisition board with LSL streaming,streamer_lsl,streamer_lsl,10,17,auto-begin|auto-change_locations|auto-cleanUp|auto-create_lsl|auto-init_board_settings|auto-initialize_board|auto-send|auto-set_board_settings|auto-start_streaming|auto-stop_streaming,用于初始化和控制 OpenBCI 生物电采集板，并将采集到的多通道数据通过 Lab Streaming Layer（LSL）发布。代码证据显示其可进行串口板卡初始化、默认通道配置、菊花链接入设置、开始/停止采集以及通道位置信息管理，适合脑电等生理信号实验的数据采集与实时流传输。,"Used to initialize and control an OpenBCI biosignal acquisition board and publish multichannel data through Lab Streaming Layer (LSL). The evidence shows serial board initialization, default channel configuration, daisy-module handling, start/stop acquisition, and channel location metadata management, making it suitable for EEG and related biosignal experiments with real-time streaming.",生物电信号采集板|实验数据流传输器,表征设备|生命体系|实验室自动化与仪器集成|脑机接口与生理电信号采集|实验仪器数据采集与联机控制|生物电信号采集板|实验数据流传输器
单路数据流工具,Single-Stream Data Utility,streams_one,streams_one,3,14,auto-logtime|auto-open_data_file|auto-run,用于实验中打开数据文件、记录时间区间并运行单路数据流处理的非实体软件组件。它更像是实验数据采集或流式记录辅助程序，而不是直接控制物理仪器的设备。,"A non-physical software component used in experiments to open data files, record time intervals, and run single-stream data handling. It appears to be a helper for data acquisition or streaming/logging rather than direct control of a physical instrument.",实验数据文件读写器|实验数据流传输器,表征设备|实验数据管理与记录|实验计算与数据处理|追加式实验记录与索引访问|实验数据目录存储与资源管理|实验数据文件读写器|实验数据流传输器
Keithley 2200 系列直流电源,Keithley 2200 Series DC Power Supply,stroboscope,stroboscope,2,9,auto-get_all|auto-get_info,用于实验室电子设备供电与偏置的可编程直流电源。证据显示该驱动通过 VISA 与 Keithley 2200-20-5 等 2200 系列仪器通信，并支持读取设备信息及相关状态参数。,"A programmable DC power supply used in laboratories for powering and biasing electronic devices. The evidence indicates VISA-based communication with a Keithley 2200-20-5 or related 2200 series instrument, with support for reading device identity and relevant status parameters.",可编程直流电源|VISA消息式仪器,实验执行&合成设备|电子与电气测试|实验供电与能源管理|电源与电池测试|电子器件供电与台架测试|可编程直流电源|VISA消息式仪器
仪器服务器订阅客户端,Instrument Server Subscription Client,sub_client,sub_client,24,64,auto-add_parameter|auto-askServer|auto-call|auto-close_instrument|auto-connect|auto-disconnect|auto-find_or_create_instrument|auto-getBluePrint|auto-getParamDict|auto-get_instrument|auto-get_parameters|auto-get_snapshot|auto-initKwargsFromBluePrint|auto-invalidateBlueprint|auto-list_instruments|auto-load_parameters|auto-paramsFromFile|auto-paramsToFile|auto-remove_parameter|auto-save_parameters|auto-setParameters|auto-set_parameters|auto-stop|auto-update,这是一个非实体的软件客户端组件，用于实验控制系统中连接远程仪器服务器、订阅实时参数更新，并通过代理对象访问远程仪器、模块和参数。它主要用于参数监视、快照获取、远程调用以及参数配置的保存与加载，而不是直接驱动物理仪器硬件。,"This is a non-physical software client component for connecting to a remote instrument server, subscribing to real-time parameter updates, and accessing remote instruments, modules, and parameters through proxy objects. It is mainly used for parameter monitoring, snapshot retrieval, remote calls, and saving/loading parameter configurations, rather than directly controlling physical hardware.",远程代理组件|远程实验控制客户端,实验执行&合成设备|实验室自动化与仪器集成|实验仪器数据采集与联机控制|分布式实验控制与远程过程调用|远程代理组件|远程实验控制客户端
Sutter线性定位器,Sutter Linear Positioner,sutter_device,sutter_device,11,20,auto-doGetPosition|auto-doHome|auto-doInitializeDevice|auto-doMoveBy|auto-doMoveTo|auto-doShutdownDevice|auto-positionInMicrosteps|auto-processInputBuffers|auto-readReply|auto-sendCommandBytes|auto-work,用于实验中对样品、探针或光学部件进行微步级线性定位的 Sutter 运动装置。该设备支持设备初始化与关闭、命令收发、位置读取、绝对/相对移动以及回零操作。,"A Sutter motion device used for microstep-resolution linear positioning of samples, probes, or optical components in laboratory experiments. It supports initialization and shutdown, command/reply communication, position readback, absolute/relative moves, and homing.",电动直线位移台,实验执行&合成设备|精密定位与运动控制|样品/探针定位与运动控制|电动直线位移台
合成轴仿真组件,Synthetic Axis Simulation Component,syn_axis,syn_axis,36,128,auto-check_value|auto-clear_sub|auto-collect|auto-collect_asset_docs|auto-complete|auto-describe|auto-describe_collect|auto-describe_configuration|auto-enum_strs|auto-exposure_time|auto-forward|auto-get|auto-get_file_list|auto-hints|auto-inverse|auto-kickoff|auto-limits|auto-position|auto-precision|auto-put|auto-read|auto-read_configuration|auto-set|auto-sim_put|auto-sim_set_enum_strs|auto-sim_set_func|auto-sim_set_limits|auto-sim_set_putter|auto-stage|auto-start_simulation|auto-subscribe|auto-timestamp|auto-trigger|auto-unstage|auto-unsubscribe|auto-unsubscribe_all,这是一个非物理的软件模拟组件，源自 ophyd 的 sim 模块。其核心类 SynAxis 用于模拟一维可设定轴，例如位置轴或温度轴，并可配合合成信号、周期更新、伪 EPICS 信号和简单扫描/采集接口，用于实验控制程序、扫描流程和数据采集逻辑的测试与演示。,"This is a non-physical software simulation component derived from ophyd's sim module. Its core class, SynAxis, simulates a settable 1D axis such as position or temperature, and can be used with synthetic signals, periodic updates, fake EPICS-like signals, and simple scan/acquisition interfaces for testing and demonstrating experiment control, scan plans, and data acquisition logic.",通用实验设备占位器,实验执行&合成设备|实验室自动化与仪器集成|实验计算与数据处理|实验设备模拟与流程调试|实验仪器数据采集与联机控制|通用实验设备占位器
同步 Unix 套接字客户端,Synchronous Unix Socket Client,sync_unix_client,sync_unix_client,6,13,auto-close|auto-connect|auto-is_connected|auto-recv_message|auto-send_and_receive|auto-send_message,用于实验软件系统中的非物理通信组件，通过 Unix 域套接字与本机服务进程建立同步连接、发送消息并接收响应，适合本地控制服务、进程间通信和命令转发场景。,"A non-physical communication component used in laboratory software systems. It establishes synchronous connections to a local service process over a Unix domain socket, sends messages, and receives responses for local control services, inter-process communication, and command forwarding.",通用字节流仪器通信接口,实验执行&合成设备|实验室自动化与仪器集成|实验仪器通信与驱动集成|实验仪器数据采集与联机控制|通用字节流仪器通信接口
NI-DAQmx 系统管理组件,NI-DAQmx System Manager,system,system,24,34,auto-add_cdaq_sync_connection|auto-are_configured_cdaq_sync_ports_disconnected|auto-auto_configure_cdaq_sync_connections|auto-connect_terms|auto-devices|auto-disconnect_terms|auto-driver_version|auto-get_analog_power_up_states|auto-get_analog_power_up_states_with_output_type|auto-get_digital_logic_family_power_up_state|auto-get_digital_power_up_states|auto-get_digital_pull_up_pull_down_states|auto-global_channels|auto-local|auto-remote|auto-remove_cdaq_sync_connection|auto-scales|auto-set_analog_power_up_states|auto-set_analog_power_up_states_with_output_type|auto-set_digital_logic_family_power_up_state|auto-set_digital_power_up_states|auto-set_digital_pull_up_pull_down_states|auto-tasks|auto-tristate_output_term,这是一个非物理的软件系统管理组件，用于表示和管理 NI-DAQmx 数据采集系统。它用于访问本地或远程 DAQmx 系统、枚举设备与已保存任务/通道/标度，并执行与硬件配置相关的系统级操作，如端子路由、上电默认状态设置以及 cDAQ 同步连接配置。,"This is a non-physical software system management component that represents and manages an NI-DAQmx data acquisition system. It is used to access local or remote DAQmx systems, enumerate devices and persisted tasks/channels/scales, and perform system-level hardware configuration operations such as terminal routing, power-up state configuration, and cDAQ synchronization setup.",实验室仪器枚举器|DAQ系统管理器,实验执行&合成设备|表征设备|实验室自动化与仪器集成|实验仪器数据采集与联机控制|仪器发现与驱动匹配|实验室仪器枚举器|DAQ系统配置与路由管理|DAQ系统管理器
Tango设备通用控制组件,Generic Tango Device Component,tango_device,tango_device,4,14,auto-connect_mock|auto-connect_real|auto-create_children_from_annotations|auto-set_trl,用于在 Tango 控制系统中表示和连接设备资源的通用软件组件，本身不对应单一物理仪器。它基于 Tango 资源定位符（TRL）创建异步设备代理，并可按类注解生成子节点，常用于实验控制软件中组织、连接和测试 Tango 设备对象。,"A general software component for representing and connecting device resources in the Tango control system; it does not correspond to a single physical instrument. It creates an asynchronous device proxy from a Tango resource locator (TRL) and can generate child nodes from class annotations, making it useful for organizing, connecting, and testing Tango device objects in laboratory control software.",远程代理组件,实验执行&合成设备|实验室自动化与仪器集成|实验仪器通信与驱动集成|实验仪器数据采集与联机控制|远程代理组件
Tango设备连接器,Tango Device Connector,tango_device_connector,tango_device_connector,4,13,auto-connect_mock|auto-connect_real|auto-create_children_from_annotations|auto-set_trl,一个用于实验控制软件的非物理组件，用来依据 Tango 资源定位符连接 Tango 设备服务器，并按类型注解自动创建子设备或信号。它支持真实连接与模拟连接，适合将基于 Tango Controls 的实验仪器统一接入异步控制流程。,"A non-physical software component for laboratory control systems that connects to Tango device servers using a Tango resource locator and can automatically create child devices or signals from annotations. It supports both real and mock connections, helping integrate Tango Controls-based instruments into an asynchronous experiment workflow.",远程代理组件,实验执行&合成设备|实验室自动化与仪器集成|实验仪器通信与驱动集成|实验仪器数据采集与联机控制|远程代理组件
Tango控制系统代理组件,Tango Control System Proxy,tango_proxy,tango_proxy,19,74,auto-allow_events|auto-datatype_allowed|auto-get|auto-get_config|auto-get_datakey|auto-get_reading|auto-get_setpoint|auto-get_value|auto-get_w_value|auto-has_subscription|auto-poll|auto-put|auto-set_callback|auto-set_converter|auto-set_polling|auto-set_trl|auto-source|auto-subscribe_callback|auto-unsubscribe_callback,这是一个非物理的软件组件，用于在实验控制环境中通过 Tango 资源定位符（TRL）连接属性与命令信号。它提供数值读写、配置与读数获取、事件订阅、轮询参数设置以及数据转换等功能，常用于将实验设备信号接入上层采集、监测和自动化流程。,"This is a non-physical software component used to connect attribute and command signals through Tango Resource Locators (TRLs) in laboratory control environments. It provides value read/write access, configuration and reading retrieval, event subscription, polling setup, and data conversion, and is typically used to integrate experiment device signals into higher-level acquisition, monitoring, and automation workflows.",数据采集与控制接口|远程代理组件,实验执行&合成设备|表征设备|实验室自动化与仪器集成|实验仪器数据采集与联机控制|实验仪器通信与驱动集成|数据采集与控制接口|远程代理组件
并行任务队列,Parallel Task Queue,task_queue,task_queue,16,29,auto-checkTimeouts|auto-cleanup|auto-fileResult|auto-fileResults|auto-getCompletedTask|auto-getNumberOpenTasks|auto-getNumberTasksCompleted|auto-getNumberTasksInProgress|auto-getTask|auto-getTasks|auto-postTask|auto-postTasks|auto-purge|auto-returnCompletedTask|auto-returnCompletedTasks|auto-setPopFcn,这是一个非物理的软件组件，用于实验相关的并行计算与数据处理流程。它负责向工作进程分发任务、接收已完成结果、归档结果，并统计开放、进行中和已完成的任务数量。,"This is a non-physical software component used in experiment-related parallel computation and data-processing workflows. It distributes tasks to workers, receives completed results, files results, and tracks open, in-progress, and completed task counts.",联合实验控制后端,后处理设备|实验计算与数据处理|实验数据管理与记录|分布式实验数据处理|科学数据存储与归档|联合实验控制后端
集群任务工作器,Cluster Task Worker,task_worker,task_worker,4,23,auto-computeLoop|auto-loop_forever|auto-returnLoop|auto-tasksLoop,用于实验数据处理集群的非物理软件组件。它会持续轮询任务队列、获取待处理任务、执行配方型计算流程，并将结果返回到上游队列或服务。,"A non-physical software component for experimental data-processing clusters. It continuously polls task queues, fetches pending jobs, executes recipe-based computation workflows, and returns results to an upstream queue or service.",分布式计算节点,后处理设备|实验计算与数据处理|分布式实验数据处理|分布式计算节点
TC038烘箱温控器,TC038 Oven Temperature Controller,tc038,tc038,7,18,auto-information|auto-monitored_quantity|auto-monitored_value|auto-query|auto-sendcmd|auto-setpoint|auto-temperature,用于 HCP TC038 实验室烘箱的温度控制与状态读取，可读取当前温度、设置温度设定值、配置监视寄存器并查询设备信息，适用于烘箱加热过程的温度调节与监测。,"Temperature control and status interface for the HCP TC038 laboratory oven. It can read the current temperature, set the temperature setpoint, configure monitored registers, and query device information for oven heating control and monitoring.",温度控制器,实验执行&合成设备|后处理设备|环境控制与稳定性测试|过程控制与工业仪表实验|外接设备恒温控制|热管理与温升监测|热处理工艺研发|温度控制器
TC038D烘箱温控器,TC038D Oven Temperature Controller,tc038_d,tc038_d,5,14,auto-CRC16|auto-readRegister|auto-setpoint|auto-temperature|auto-writeMultiple,用于控制HCP TC038D烘箱的温度控制器，可通过Modbus原始字节通信读取寄存器、写入参数、设置温度设定值并监测当前温度，适用于实验中的加热与恒温控制。,"A temperature controller for the HCP TC038D oven. It communicates via Modbus raw bytes to read registers, write parameters, set the temperature setpoint, and monitor the current temperature for laboratory heating and temperature regulation.",温度控制器,实验执行&合成设备|后处理设备|环境控制与稳定性测试|过程控制与工业仪表实验|外接设备恒温控制|热管理与温升监测|热处理工艺研发|温度控制器
TC200温度控制器,TC200 Temperature Controller,tc200,tc200,14,26,auto-beta|auto-d|auto-degrees|auto-enable|auto-i|auto-max_power|auto-max_temperature|auto-mode|auto-name|auto-p|auto-pid|auto-sensor|auto-status|auto-temperature_set,Thorlabs TC200 是一款实验室温度控制器，用于驱动加热元件输出电压、读取热敏电阻温度，并通过 PID 调节将温度稳定在设定值。适用于样品加热、光学或机电实验中的温度稳定与热管理。,"The Thorlabs TC200 is a laboratory temperature controller that drives a heating element, reads temperature from a thermistor, and uses PID regulation to hold the temperature at a setpoint. It is used for sample heating, thermal stabilization, and temperature management in optical or electromechanical experiments.",温度控制器,实验执行&合成设备|环境控制与稳定性测试|光学与光谱实验|外接设备恒温控制|热管理与温升监测|温度控制器
通用 TCP 客户端组件,Generic TCP Client Component,tcp_client,tcp_client,1,32,auto-close,一个非物理的软件通信组件，用于实验系统中通过 TCP 与工业控制设备建立、维护并在断线后重连异步网络连接。,"A non-physical software communication component used in laboratory systems to establish, maintain, and reconnect asynchronous TCP connections to industrial control devices.",通用字节流仪器通信接口,实验执行&合成设备|实验室自动化与仪器集成|过程控制与工业仪表实验|实验仪器通信与驱动集成|实验仪器数据采集与联机控制|通用字节流仪器通信接口
TCP值客户端,TCP Value Client,tcp_client_value,tcp_client_value,5,43,auto-is_connected|auto-read|auto-reset|auto-run|auto-shutdown,这是一个非物理的软件组件，通过 TCP 在局域网中连接值服务端并读取远程发送的数据。它适用于实验系统之间传递传感器读数、控制量或状态值，而不是直接控制某一台具体实验仪器。,"This is a non-physical software component that connects to a value server over TCP on a local network and reads remotely transmitted data. It is used to pass sensor readings, control values, or status values between experiment systems rather than directly controlling a specific laboratory instrument.",通用字节流仪器通信接口,实验执行&合成设备|表征设备|实验室自动化与仪器集成|实验仪器数据采集与联机控制|仪表读数与状态监测|通用字节流仪器通信接口
TCP 端口映射客户端,TCP Port Mapper Client,tcp_port_mapper_client,tcp_port_mapper_client,37,80,auto-addpackers|auto-call_0|auto-callit|auto-do_call|auto-dump|auto-forkingloop|auto-forksession|auto-get_port|auto-handle|auto-handle_0|auto-loop|auto-make_call|auto-mkcred|auto-mkverf|auto-my_reply_handler|auto-pack_auth|auto-pack_auth_unix|auto-pack_call_args|auto-pack_callheader|auto-pack_mapping|auto-pack_pmaplist|auto-pack_replyheader|auto-register|auto-session|auto-set|auto-set_reply_handler|auto-set_timeout|auto-start_call|auto-turn_around|auto-unpack_auth|auto-unpack_call_result|auto-unpack_callheader|auto-unpack_mapping|auto-unpack_pmaplist|auto-unpack_replyheader|auto-unregister|auto-unset,这是一个非物理的软件组件，用于基于 TCP 的 RPC 端口映射通信。在实验系统中，它负责封装与解析 RPC/XDR 报文、查询或注册服务端口，并协助客户端通过端口映射器定位网络服务，而不是直接控制某台实验仪器。,"This is a non-physical software component for TCP-based RPC port-mapper communication. In lab systems, it packs and unpacks RPC/XDR messages, queries or registers service ports, and helps clients locate network services through a port mapper rather than directly controlling a physical instrument.",仪器服务发现客户端,实验执行&合成设备|实验室自动化与仪器集成|网络化仪器服务发现与端口映射|实验仪器通信与驱动集成|仪器服务发现客户端
TCP原始通信组件,TCP Raw Communication Component,tcp_raw_driver,tcp_raw_driver,5,13,auto-finalize|auto-initialize|auto-is_open|auto-raw_recv|auto-raw_send,这是一个非物理的软件通信组件，用作通过 TCP 与实验室仪器建立网络连接的通用基类。它负责初始化和关闭套接字连接、检查连接是否打开，以及发送和接收原始字节数据，适合为基于网络协议的仪器驱动提供底层通信能力。,"This is a non-physical software communication component that serves as a generic base class for connecting to laboratory instruments over TCP. It handles socket initialization and shutdown, checks whether the connection is open, and sends and receives raw byte data, providing low-level transport functionality for network-based instrument drivers.",通用字节流仪器通信接口,实验执行&合成设备|实验室自动化与仪器集成|实验仪器通信与驱动集成|实验仪器数据采集与联机控制|通用字节流仪器通信接口
TCP数据采样进程,TCP Sampler Process,tcp_sampler,tcp_sampler,11,24,auto-close_file|auto-createConnection|auto-enable|auto-get_useful_packets|auto-init_new_process|auto-outfile_name|auto-post_run|auto-pre_run|auto-record|auto-run|auto-stopRaw2Disk,一个非物理的软件采样组件，用于在实验数据采集链路中通过 TCP 接收数据包、提取有用报文内容、缓存原始数据，并可选择将数据写入磁盘。它更像是面向测试或数据传输基准比较的进程式采样工具，而不是直接控制某台实体仪器。,"A non-physical software sampling component used in laboratory data-acquisition pipelines to receive packets over TCP, extract useful packet content, buffer raw data, and optionally record data to disk. It appears to be a process-based sampler intended for testing or TCP/UDP transfer benchmarking rather than direct control of a physical instrument.",网络化数据采集仪,表征设备|实验数据管理与记录|实验计算与数据处理|实验仪器数据采集与联机控制|追加式实验记录与索引访问|网络化数据采集仪
TCP数值服务组件,TCP Value Serving Component,tcp_serve_value,tcp_serve_value,3,43,auto-run|auto-send|auto-shutdown,一个非物理的软件网络组件，用于在本地网络上通过 TCP 对外提供数值或消息，便于实验系统中的不同进程或设备之间共享实时数据。,"A non-physical software networking component that serves values or messages over TCP on a local network, enabling real-time data sharing between processes or devices in an experimental system.",系统状态监测伪设备,实验执行&合成设备|实验室自动化与仪器集成|实验数据管理与记录|实验仪器数据采集与联机控制|过程变量监测与日志记录|系统状态监测伪设备
TCP/IP网络连接适配器,TCP/IP Connection Adapter,tcpip_connection,tcpip_connection,6,33,auto-close_connection|auto-connection_listener|auto-is_connection_open|auto-open_connection|auto-receive|auto-transmit,非物理软件组件，用于实验控制软件通过套接字与仪器或网络服务建立TCP/IP通信。它负责打开和关闭连接、监听传入数据、发送与接收消息，以及检查连接是否仍然可用。,"A non-physical software component that enables laboratory control software to communicate with instruments or network services over a TCP/IP socket. It handles opening and closing the connection, listening for incoming data, transmitting and receiving messages, and checking whether the connection is still available.",通用字节流仪器通信接口,实验执行&合成设备|实验室自动化与仪器集成|实验仪器通信与驱动集成|实验仪器数据采集与联机控制|通用字节流仪器通信接口
VICP网络仪器会话组件,VICP Network Instrument Session Component,tcpip_instr_vicp,tcpip_instr_vicp,18,67,auto-add_service|auto-after_parsing|auto-assert_trigger|auto-clear|auto-close|auto-flush|auto-get_keepalive|auto-get_low_level_info|auto-get_max_message_kb|auto-list_resources|auto-lock|auto-read|auto-read_stb|auto-remove_service|auto-set_keepalive|auto-set_max_message_kb|auto-unlock|auto-write,这是一个非物理的软件通信组件，用于通过 TCP/IP 上的 VICP 协议与实验仪器建立会话并进行资源访问。它提供资源枚举、读写、清除、触发、锁定及连接参数管理等能力，适合在自动化实验中作为远程仪器通信层使用。,"This is a non-physical software communication component for creating sessions to laboratory instruments over TCP/IP using the VICP protocol. It provides resource listing, read/write I/O, clear, trigger, lock, and connection-parameter management, and is used as a remote instrument communication layer in lab automation.",VISA消息式仪器|通用字节流仪器通信接口,实验执行&合成设备|实验室自动化与仪器集成|实验仪器通信与驱动集成|实验仪器数据采集与联机控制|VISA消息式仪器|通用字节流仪器通信接口
数字示波器,Digital Oscilloscope,tds1002b,tds1002b,1,8,auto-idn,Tektronix TDS1002B 台式数字示波器，用于实验室中观察、显示和基本测量电信号波形，如电压随时间变化、频率与时序特性。,"The Tektronix TDS1002B is a bench digital oscilloscope used in laboratories to observe, display, and perform basic measurements on electrical waveforms, including voltage-versus-time behavior, frequency, and timing characteristics.",数字存储示波器,表征设备|电子与电气测试|射频与电子电路测试|瞬态信号采集与同步触发测量|通用电学参数测量|数字存储示波器
泰克 TDS1012 数字存储示波器,Tektronix TDS1012 Digital Storage Oscilloscope,tds1012,tds1012,26,29,auto-acquire_curve|auto-acquire_curve_async|auto-acquire_parameters|auto-acquire_parameters_async|auto-autocal|auto-autocal_async|auto-autoset|auto-autoset_async|auto-data_setup|auto-data_setup_async|auto-datasource|auto-forcetrigger|auto-forcetrigger_async|auto-horizontal_division|auto-idn|auto-idn_async|auto-initiate|auto-initiate_async|auto-measure_frequency|auto-measure_maximum|auto-measure_mean|auto-measure_minimum|auto-number_averages|auto-trigger|auto-triggerlevel|auto-triggerlevel_async,一款 100 MHz、2 通道数字存储示波器，用于采集和观察电信号波形，并进行频率、均值、最小值、最大值等基础测量。该设备支持触发、自动设置、自动校准和波形数据读取，适合电子实验与信号调试。,"A 100 MHz, 2-channel digital storage oscilloscope used to capture and visualize electrical waveforms and perform basic measurements such as frequency, mean, minimum, and maximum. It supports triggering, autoset, autocalibration, and waveform data transfer for electronics experiments and signal debugging.",数字存储示波器,表征设备|电子与电气测试|射频与电子电路测试|瞬态信号采集与同步触发测量|通用电学参数测量|数字存储示波器
泰克 TDS2024 数字实时示波器,Tektronix TDS2024 Digital Real-Time Oscilloscope,tds2024,tds2024,14,23,auto-acqparams|auto-autoconf|auto-curv|auto-dataencoding|auto-datasource|auto-forcetrigger|auto-idn|auto-initialize|auto-measure_frequency|auto-measure_max|auto-measure_mean|auto-measure_min|auto-trigger|auto-triggerlevel,一款 200 MHz、4 通道数字实时示波器，用于采集、显示和测量电信号波形。该设备可进行触发控制、通道选择、波形数据读取以及频率、最小值、最大值和平均值等即时测量，适用于电子实验与信号调试。,"A 200 MHz, 4-channel digital real-time oscilloscope used to acquire, display, and measure electrical waveforms. It supports trigger control, channel selection, waveform data readout, and immediate measurements such as frequency, minimum, maximum, and mean, making it suitable for electronics experiments and signal debugging.",数字存储示波器,表征设备|电子与电气测试|射频与电子电路测试|瞬态信号采集与同步触发测量|通用电学参数测量|数字存储示波器
泰克 DPO4104 数字示波器,Tektronix DPO4104 Oscilloscope,tek_dpo4104,tek_dpo4104,13,35,auto-aquisition_continuous|auto-aquisition_length|auto-aquisition_running|auto-channel|auto-coupling|auto-data_source|auto-data_width|auto-force_trigger|auto-math|auto-name|auto-read_waveform|auto-ref|auto-y_offset,泰克 DPO4104 是一款多通道数字示波器，可控制采集运行方式、采集长度、波形传输数据源与数据宽度，并读取通道、参考通道和数学运算波形，适用于实验中的电信号观测与波形分析。,"The Tektronix DPO4104 is a multi-channel digital oscilloscope that can control acquisition state, acquisition length, waveform transfer source, and data width, and can read channel, reference, and math waveforms for electrical signal observation and waveform analysis in laboratory experiments.",数字存储示波器|SCPI台式电子仪器,表征设备|电子与电气测试|射频与电子电路测试|瞬态信号采集与同步触发测量|通用电学参数测量|数字存储示波器|SCPI台式电子仪器
泰克 DPO70000 系列示波器,Tektronix DPO70000 Series Oscilloscope,tek_dpo70000,tek_dpo70000,45,30,auto-acquire_enhanced_enob|auto-acquire_enhanced_state|auto-acquire_interp_8bit|auto-acquire_magnivu|auto-acquire_mode|auto-acquire_num_avgs|auto-acquire_num_envelop|auto-acquire_num_samples|auto-acquire_sampling_mode|auto-acquire_state|auto-acquire_stop_after|auto-channel|auto-data_framestart|auto-data_framestop|auto-data_source|auto-data_start|auto-data_stop|auto-data_sync_sources|auto-force_trigger|auto-horiz_delay_mode|auto-horiz_delay_pos|auto-horiz_delay_time|auto-horiz_main_pos|auto-horiz_mode|auto-horiz_pos|auto-horiz_record_length|auto-horiz_record_length_lim|auto-horiz_roll|auto-horiz_sample_rate|auto-horiz_scale|auto-horiz_unit|auto-math|auto-name|auto-outgoing_binary_format|auto-outgoing_byte_order|auto-outgoing_n_bytes|auto-outgoing_waveform_encoding|auto-query|auto-read_waveform|auto-ref|auto-run|auto-select_fastest_encoding|auto-sendcmd|auto-stop|auto-trigger_state,泰克 DPO70000 系列是一类多通道高带宽数字荧光示波器，适用于高速电子与射频信号的采集、触发、时基配置、波形读取和分析。根据类文档，其模拟带宽最高可达约 33 GHz。,"The Tektronix DPO70000 series is a family of multi-channel high-bandwidth digital phosphor oscilloscopes used for high-speed electronic and RF signal acquisition, triggering, timebase configuration, waveform readout, and analysis. According to the class docstring, analog bandwidth reaches up to about 33 GHz.",数字存储示波器|SCPI台式电子仪器,表征设备|电子与电气测试|射频与电子电路测试|瞬态信号采集与同步触发测量|数字存储示波器|SCPI台式电子仪器
泰克示波器,Tektronix Oscilloscope,tek_scope,tek_scope,1,8,auto-generate_code,用于实验中采集和读取电信号波形的泰克示波器。证据显示该设备通过 VISA 接口通信，并支持与波形前导信息、响应终止符、查询超时及 16 位整数波形下载相关的配置。,"A Tektronix oscilloscope used in laboratory experiments to acquire and read electrical signal waveforms. The evidence indicates communication over a VISA interface, with configuration related to waveform preamble format, response termination, query timeout, and 16-bit integer waveform downloads.",数字存储示波器|VISA消息式仪器,表征设备|电子与电气测试|实验仪器通信与驱动集成|瞬态信号采集与同步触发测量|数字存储示波器|VISA消息式仪器
泰克系列波形采集功能模块,Tek Series Waveform Acquisition Feature,tek_series_curve_feat,tek_series_curve_feat,1,19,auto-feature,这是一个非物理的软件功能模块，用于面向泰克系列 MSO/示波器遍历仪器上的可用信号源，并读取对应波形数据，汇总为波形集合，便于实验中的波形抓取与后续分析。,"This is a non-physical software feature component for Tektronix series MSO/oscilloscope instruments. It iterates over available instrument sources, retrieves waveform data, and packages the results into a waveform collection for experimental waveform capture and downstream analysis.",扫描采集控制模块|实验室仪器枚举器,表征设备|实验室自动化与仪器集成|电子与电气测试|实验仪器数据采集与联机控制|瞬态信号采集与同步触发测量|扫描采集控制模块|实验室仪器枚举器
Tektronix TDS224 数字示波器,Tektronix TDS224 Digital Oscilloscope,tek_tds224,tek_tds224,9,21,auto-channel|auto-coupling|auto-data_source|auto-data_width|auto-force_trigger|auto-math|auto-name|auto-read_waveform|auto-ref,一款多通道数字示波器，模拟带宽为 100 MHz，用于测量和采集电信号波形，并可从通道、参考波形或数学波形源读取波形数据。,"A multi-channel digital oscilloscope with 100 MHz analog bandwidth, used to measure and acquire electrical waveforms and to read waveform data from channel, reference, or math sources.",数字存储示波器|SCPI台式电子仪器,表征设备|电子与电气测试|射频与电子电路测试|瞬态信号采集与同步触发测量|数字存储示波器|SCPI台式电子仪器
泰克 TDS5xx 系列数字示波器,Tektronix TDS5xx Series Digitizing Oscilloscope,tek_tds5xx,tek_tds5xx,24,46,auto-bandwidth|auto-channel|auto-clock|auto-coupling|auto-data_source|auto-data_width|auto-display_clock|auto-force_trigger|auto-get_hardcopy|auto-horizontal_scale|auto-impedance|auto-math|auto-measurement|auto-name|auto-probe|auto-read|auto-read_waveform|auto-ref|auto-scale|auto-sources|auto-trigger_coupling|auto-trigger_level|auto-trigger_slope|auto-trigger_source,用于泰克 TDS5xx 系列数字示波器的控制与读出，可进行通道与参考波形访问、数学波形选择、波形传输、触发设置、水平时基调整、自动测量以及屏幕截图获取，适合实验中的电信号观测与波形分析。,"Control and readout for Tektronix TDS5xx series digitizing oscilloscopes, supporting channel and reference waveform access, math waveform selection, waveform transfer, trigger setup, horizontal timebase adjustment, automatic measurements, and screen capture for laboratory electrical signal observation and waveform analysis.",数字存储示波器|SCPI台式电子仪器,表征设备|电子与电气测试|射频与电子电路测试|瞬态信号采集与同步触发测量|数字存储示波器|SCPI台式电子仪器
Telnet 连接接口,Telnet Connection Interface,telnet,telnet,24,35,auto-close|auto-expect|auto-fileno|auto-fill_rawq|auto-get_socket|auto-interact|auto-listener|auto-msg|auto-mt_interact|auto-open|auto-process_rawq|auto-rawq_getchar|auto-read_all|auto-read_eager|auto-read_lazy|auto-read_sb_data|auto-read_some|auto-read_until|auto-read_very_eager|auto-read_very_lazy|auto-set_debuglevel|auto-set_option_negotiation_callback|auto-sock_avail|auto-write,这是一个非物理的软件通信组件，用于通过 Telnet 协议连接远程主机。在实验系统中可用于建立会话、发送文本命令、读取返回数据、处理 Telnet 选项协商，以及进行交互式远程控制。,"This is a non-physical software communication component for connecting to remote hosts over the Telnet protocol. In laboratory systems, it can be used to open sessions, send text commands, read returned data, handle Telnet option negotiation, and support interactive remote control.",通用字节流仪器通信接口,实验执行&合成设备|实验室自动化与仪器集成|实验仪器数据采集与联机控制|实验仪器通信与驱动集成|通用字节流仪器通信接口
WebDAV 临时目录集合,WebDAV Temporary Directory Collection,temp_dir_collection,temp_dir_collection,4,70,auto-findMember|auto-getMembers|auto-getProperties|auto-recvMember,这是一个非物理的软件组件，用于 WebDAV 服务器中表示仅保存在内存中的临时目录集合。这些临时目录在真正落盘前用于支持常见的“创建后再重命名/移动”目录创建流程，适合实验数据目录的暂存、属性查询和成员管理。,"This is a non-physical software component that represents an in-memory temporary directory collection in a WebDAV server. These temporary directories are used to support the common create-then-rename/move workflow before a directory is materialized on disk, for tasks such as staging experimental data folders, querying properties, and managing members.",目录资源集合管理器|内存实验项目存储后端,后处理设备|实验数据管理与记录|实验数据目录存储与资源管理|实验项目数据缓存与临时持久化|目录资源集合管理器|内存实验项目存储后端
TEMPer USB温度传感器,TEMPer USB Temperature Sensor,temper_device,temper_device,6,27,auto-close|auto-lookup_humidity_offset|auto-lookup_offset|auto-lookup_sensor_count|auto-set_calibration_data|auto-set_sensor_count,一种通过 USB 连接的温度传感器设备，用于实验中采集环境温度或样品附近温度。根据型号不同，可支持 1 到 2 个传感器通道，部分型号还可读取湿度数据，并可应用校准比例与偏移。,"A USB-connected temperature sensing device used in laboratory setups to measure ambient temperature or temperature near a sample. Depending on the model, it may support 1 to 2 sensor channels, and some variants can also report humidity and apply calibration scale and offset.",温度传感器|温湿度传感器,表征设备|环境控制与稳定性测试|传感测量与环境感知|温湿度与露点监测|温度传感器|温湿度传感器
TFMini 距离传感器,TFMini distance sensor,tf_mini,tf_mini,5,12,auto-poll|auto-run|auto-run_threaded|auto-shutdown|auto-update,TFMini/TFMini-Plus 距离传感器，用于在实验装置或移动平台中测量目标距离，并输出以厘米为单位的距离读数。该设备支持轮询、持续更新、线程化读取和安全关闭连接。,"A TFMini/TFMini-Plus distance sensor used to measure target distance in lab setups or mobile platforms, returning distance readings in centimeters. The device supports polling, continuous updating, threaded reading, and safe shutdown of the connection.",激光测距传感器,表征设备|传感测量与环境感知|机器人与移动平台|距离测量与接近感知|移动机器人与自动驾驶实验|激光测距传感器
ProFlex PCR热循环仪,ProFlex PCR Thermocycler,thermo_fisher_thermocycler_backend,thermo_fisher_thermocycler_backend,47,75,auto-abort_run|auto-block_ramp_single_temp|auto-buzzer_off|auto-buzzer_on|auto-check_run_exists|auto-continue_run|auto-create_run|auto-deactivate_block|auto-deactivate_lid|auto-get_block_current_temperature|auto-get_block_id|auto-get_block_presence|auto-get_block_status|auto-get_block_target_temperature|auto-get_current_cycle_index|auto-get_current_step_index|auto-get_elapsed_run_time|auto-get_elapsed_run_time_from_log|auto-get_error|auto-get_estimated_run_time|auto-get_hold_time|auto-get_lid_current_temperature|auto-get_lid_open|auto-get_lid_status|auto-get_lid_target_temperature|auto-get_log_by_runname|auto-get_nickname|auto-get_remaining_run_time|auto-get_run_info|auto-get_run_name|auto-get_sample_temps|auto-get_total_cycle_count|auto-get_total_step_count|auto-is_block_running|auto-num_blocks|auto-power_off|auto-power_on|auto-run_protocol|auto-send_command|auto-send_morse_code|auto-set_block_idle_temp|auto-set_block_temperature|auto-set_cover_idle_temp|auto-set_lid_temperature|auto-set_nickname|auto-setup|auto-stop,用于PCR热循环实验的热循环仪，可控制反应模块与热盖温度、运行或中止扩增程序，并查询运行状态、步骤、时间和日志等信息。,"A thermocycler for PCR workflows that controls block and heated-lid temperatures, runs or aborts amplification protocols, and reports run status, steps, timing, and log information.",普通PCR仪,实验执行&合成设备|生命体系|基因编辑、分子生物学与育种|普通PCR仪
赛默飞 FIB-SEM 双束显微镜,Thermo Fisher FIB-SEM Microscope,thermo_microscope,thermo_microscope,47,186,auto-acquire_chamber_image|auto-acquire_image|auto-auto_focus|auto-autocontrast|auto-beam_shift|auto-check_available_values|auto-clear_patterns|auto-connect_to_microscope|auto-cryo_deposition_v2|auto-draw_bitmap_pattern|auto-draw_circle|auto-draw_line|auto-draw_rectangle|auto-draw_sputter_pattern|auto-estimate_milling_time|auto-finish_milling|auto-finish_sputter|auto-get_available_values|auto-get_gis|auto-get_milling_state|auto-get_stage_orientation|auto-gis_turn_heater_on|auto-insert_gis|auto-insert_manipulator|auto-last_image|auto-move_manipulator_absolute|auto-move_manipulator_corrected|auto-move_manipulator_relative|auto-move_manipulator_to_position_offset|auto-move_stage_absolute|auto-move_stage_relative|auto-pause_milling|auto-project_stable_move|auto-reconnect|auto-resume_milling|auto-retract_gis|auto-retract_manipulator|auto-run_milling|auto-run_sputter|auto-safe_absolute_stage_movement|auto-set_channel|auto-setup_milling|auto-setup_sputter|auto-stable_move|auto-start_milling|auto-stop_milling|auto-vertical_move,用于控制赛默飞双束聚焦离子束-扫描电子显微镜的仪器接口，可执行电子/离子束成像、自动对焦与对比度调整、束流偏转、样品台与纳米操纵杆运动、离子束铣削、GIS 气体注入以及溅射/沉积相关操作，适用于样品表征、截面加工与显微操纵实验。,"An instrument interface for a Thermo Fisher focused ion beam scanning electron microscope (FIB-SEM). It supports electron/ion beam imaging, autofocus and autocontrast, beam shift, stage and nanomanipulator motion, ion-beam milling, GIS gas injection, and sputter/deposition-related operations for sample characterization, cross-section preparation, and micromanipulation workflows.",双束聚焦离子束扫描电子显微镜,表征设备|后处理设备|智慧表征与检测中心|Hyper-FIB|物化表征测试中心|双束聚焦离子束扫描电子显微镜
热循环仪,Thermocycler,thermocycler,thermocycler,25,32,auto-close_lid|auto-deactivate_block|auto-deactivate_lid|auto-get_block_current_temperature|auto-get_block_status|auto-get_block_target_temperature|auto-get_current_cycle_index|auto-get_current_step_index|auto-get_hold_time|auto-get_lid_current_temperature|auto-get_lid_open|auto-get_lid_status|auto-get_lid_target_temperature|auto-get_total_cycle_count|auto-get_total_step_count|auto-is_profile_running|auto-open_lid|auto-run_pcr_profile|auto-run_protocol|auto-serialize|auto-set_block_temperature|auto-set_lid_temperature|auto-wait_for_block|auto-wait_for_lid|auto-wait_for_profile_completion,用于 PCR 等热循环实验的通用热循环仪，支持加热块与热盖温度控制、开合盖、运行多阶段温控程序，并查询当前温度、循环进度与运行状态。,"A generic thermocycler for PCR and other thermal cycling workflows. It supports block and heated-lid temperature control, lid open/close operations, execution of multi-stage temperature protocols, and queries of current temperature, cycle progress, and run status.",普通PCR仪,实验执行&合成设备|生命体系|基因编辑、分子生物学与育种|DNA文库构建测序与蛋白设计|普通PCR仪
热循环仪抽象控制后端,Thermocycler Abstract Backend,thermocycler_backend,thermocycler_backend,19,26,auto-close_lid|auto-deactivate_block|auto-deactivate_lid|auto-get_block_current_temperature|auto-get_block_status|auto-get_block_target_temperature|auto-get_current_cycle_index|auto-get_current_step_index|auto-get_hold_time|auto-get_lid_current_temperature|auto-get_lid_open|auto-get_lid_status|auto-get_lid_target_temperature|auto-get_total_cycle_count|auto-get_total_step_count|auto-open_lid|auto-run_protocol|auto-set_block_temperature|auto-set_lid_temperature,用于热循环仪的非物理软件抽象组件。它定义了开关盖、设置模块与热盖温度、停用加热、执行热循环协议，以及读取温度、盖状态、步骤与循环进度等统一控制接口，供具体热循环仪设备实现使用。,"A non-physical abstract software component for thermocyclers. It defines a unified control interface for opening and closing the lid, setting block and lid temperatures, deactivating heating, running thermocycling protocols, and reading temperatures, lid state, and protocol progress, to be implemented by concrete thermocycler devices.",普通PCR仪,实验执行&合成设备|生命体系|实验室自动化与仪器集成|基因编辑、分子生物学与育种|实验仪器通信与驱动集成|普通PCR仪
索雷博APT运动与压电控制器,Thorlabs APT Motion and Piezo Controller,thor_labs_apt,thor_labs_apt,31,54,auto-backlash_correction|auto-change_position_control_mode|auto-channel|auto-destination|auto-drive_op_parameters|auto-enabled|auto-enabled_multi|auto-enabled_single|auto-go_home|auto-home_parameters|auto-identify|auto-jog_parameters|auto-led_intensity|auto-max_travel|auto-model_number|auto-motion_timeout|auto-motor_model|auto-move|auto-move_abs|auto-move_jog|auto-move_jog_stop|auto-n_channels|auto-name|auto-output_position|auto-position|auto-position_control_closed|auto-position_count|auto-position_encoder|auto-serial_number|auto-set_scale|auto-status_bits,基于APT通信协议的索雷博多通道硬件控制器，用于驱动电机位移台、旋转台、压电台和压电惯性执行器等运动设备。可进行设备识别、通道管理、回零、绝对与相对运动、点动运动，以及位置和控制参数读取与设置。,"A Thorlabs multi-channel hardware controller using the APT communication protocol to drive motion devices such as motorized stages, rotation stages, piezo stages, and piezo inertia actuators. It supports device identification, channel management, homing, absolute and relative moves, jog motion, and reading or setting position and control parameters.",电动位移台控制器|压电定位控制器,物流/机械|实验执行&合成设备|精密定位与运动控制|实验室自动化与仪器集成|样品/探针定位与运动控制|电动位移台控制器|压电定位控制器
Thorlabs DC4100 多通道 LED 控制器,Thorlabs DC4100 Multi-Channel LED Controller,thorlabs_dc4100,thorlabs_dc4100,10,20,auto-check_if_on|auto-connect_device|auto-firmware|auto-get_brightness|auto-led_off|auto-led_on|auto-manufacturer|auto-serial_number|auto-set_brightness|auto-set_led_channel_state,用于控制多通道 LED 照明的实验室光源控制器，可连接设备、切换各通道开关、设置和读取亮度，并查询序列号、固件和制造商信息。适用于显微成像或其他实验照明场景中的 LED 光源管理。,"A laboratory multi-channel LED illumination controller used to manage LED light sources. It supports connecting to the device, switching individual channels on or off, setting and reading brightness, and querying serial number, firmware, and manufacturer information. It is suitable for microscopy and other experimental illumination applications.",LED光源控制器,表征设备|光学与光谱实验|显微成像与光学显微实验|LED光源控制器
Thorlabs电动滤光轮,Thorlabs Motorized Filter Wheel,thorlabs_filter_wheel,thorlabs_filter_wheel,1,20,initialize,用于控制Thorlabs FW102C及相关型号的电动滤光轮，在显微镜和光学实验中实现不同滤光片位置的切换。该设备可用于快速选择光路中的滤光片，适合荧光成像和一般光学测量场景。,"A motorized filter wheel for controlling Thorlabs FW102C and related models, used in microscopy and optical experiments to switch between filter positions. It enables rapid selection of filters in the optical path for fluorescence imaging and general optical measurements.",电动滤光片转轮,表征设备|光学与光谱实验|显微成像与光学显微实验|电动滤光片转轮
索雷博可编程滤光轮,Thorlabs Programmable Filter Wheel,thorlabs_fw102_c,thorlabs_fw102_c,1,20,initialize,用于显微成像或光学实验中的多工位滤光片切换装置，证据指向 Thorlabs FW102C 系列滤光轮。设备可切换不同滤光片位置，常用于荧光显微、激发/发射通道选择等场景；由于设备本体带有手动控制，实验过程中通常需要查询当前位置。,"A multi-position optical filter switching device for microscopy and general optics work, with evidence pointing to the Thorlabs FW102C family of filter wheels. It is used to change filter positions for applications such as fluorescence imaging and excitation/emission channel selection; because the hardware also has manual controls, the current position may need to be queried during experiments.",电动滤光片转轮,表征设备|光学与光谱实验|显微成像与光学显微实验|电动滤光片转轮
Thorlabs FW212C 电动滤光轮,Thorlabs FW212C Motorized Filter Wheel,thorlabs_fw212_c,thorlabs_fw212_c,1,20,initialize,用于显微镜或其他光学实验光路中的电动滤光轮，可在多个滤光片位置之间切换以选择所需滤光片，并查询当前轮位状态。,"A motorized filter wheel for microscope and other optical beam paths, used to switch between multiple filter positions to select the desired optical filter and query the current wheel position.",电动滤光片转轮,表征设备|光学与光谱实验|显微成像与光学显微实验|电动滤光片转轮
PM100A光功率计,PM100A Optical Power Meter,thorlabs_pm100_a_wrapper,thorlabs_pm100_a_wrapper,6,15,auto-auto_range|auto-identify|auto-measure|auto-setAutoRange|auto-setWavelength|auto-set_wavelength,Thorlabs PM100A光功率计，用于测量连续光的光功率，并可设置自动量程和测量参考波长以适配不同光源。常用于激光、光纤和通用光学实验中的功率监测与校准。,"The Thorlabs PM100A is an optical power meter used to measure continuous-wave optical power. It supports automatic ranging and measurement reference wavelength setting for different light sources, and is commonly used for power monitoring and calibration in laser, fiber-optic, and general photonics experiments.",激光功率/能量计,表征设备|光学与光谱实验|激光功率监测与能量校准|激光功率/能量计
ASI Tiger多轴运动控制器,ASI Tiger Multi-Axis Motion Controller,tiger_controller,tiger_controller,52,61,auto-change_filter_wheel_speed|auto-connect_to_serial|auto-disconnect_from_serial|auto-get_axis_addr|auto-get_axis_position|auto-get_axis_position_um|auto-get_default_motor_axis_sequence|auto-get_encoder_counts_per_mm|auto-get_position|auto-get_speed|auto-halt_filter_wheel|auto-is_axis_busy|auto-is_device_busy|auto-is_moving|auto-is_open|auto-logic_card_off|auto-logic_card_on|auto-logic_cell_off|auto-logic_cell_on|auto-move|auto-move_axis|auto-move_dichroic|auto-move_filter_wheel|auto-move_filter_wheel_to_home|auto-moverel|auto-moverel_axis|auto-read_response|auto-report_to_console|auto-scan_ports|auto-scanr|auto-scanv|auto-select_filter_wheel|auto-send_command|auto-send_filter_wheel_command|auto-set_backlash|auto-set_error|auto-set_feedback_alignment|auto-set_finishing_accuracy|auto-set_max_speed|auto-set_speed|auto-set_speed_as_percent_max|auto-setup_control_loop|auto-setup_laser|auto-setup_z_stage|auto-single_axis_mode|auto-single_axis_waveform|auto-square_wave|auto-start_scan|auto-stop|auto-stop_scan|auto-wait_for_device|auto-wait_for_loop,用于显微成像与自动化实验的多轴硬件控制器。它通过串口控制电动载物台/位移轴，并可协调扫描、滤光轮、二向色镜滑块、逻辑触发、波形输出以及相机、激光和远焦等时序信号。,"A multi-axis hardware controller for microscopy and automated experiments. It communicates over serial to control motorized stages/axes and can coordinate scanning, filter wheels, dichroic sliders, logic triggering, waveform output, and timing signals for cameras, lasers, and remote focus devices.",电动位移台控制器|位置控制器,表征设备|物流/机械|精密定位与运动控制|实验室自动化与仪器集成|显微成像与光学显微实验|样品/探针定位与运动控制|电动位移台控制器|位置控制器
Timepix4探测器控制器,Timepix4 Detector Controller,timepix4_controller,timepix4_controller,7,25,auto-closeShutter|auto-openShutter|auto-prepare|auto-resetTimers|auto-restartTimers|auto-setBiasSupplyEnable|auto-setShutterTriggerConfig,用于控制 Timepix4 像素探测系统的硬件控制器，可执行偏置电源开关、快门开闭与触发配置、计时器复位与同步，并读取本地/远端/FPGA 温度、湿度、压力及风扇转速等运行状态。适用于探测器上电准备、曝光控制和实验运行监测。,"A hardware controller for a Timepix4 pixel detector system. It manages the bias supply, shutter opening/closing and trigger configuration, timer reset and synchronization, and reads operating conditions such as local/remote/FPGA temperature, humidity, pressure, and fan speeds. It is used for detector preparation, exposure control, and runtime monitoring in experiments.",像素探测器控制器,表征设备|智慧表征与检测中心|像素探测器采集与读出|探测器偏置与高压供电|过程变量监测与日志记录|像素探测器控制器
Timepix4 像素探测器,Timepix4 pixel detector,timepix4_device,timepix4_device,23,38,auto-Vthreshold_coarse|auto-Vthreshold_fine|auto-acquisition|auto-config|auto-devIdToString|auto-deviceName|auto-loadConfig|auto-pauseHeartbeat|auto-pixelMask|auto-pixelTest|auto-pixelThreshold|auto-refreshPixels|auto-resetPixels|auto-resumeHeartbeat|auto-setConfigClass|auto-setEthernetFilter|auto-setupAcquisition|auto-setupDevice|auto-start|auto-start_recording|auto-stop|auto-stop_recording|auto-uploadPixels,用于实验中 Timepix4 像素探测器的控制与数据采集，可加载配置、设置像素阈值/掩膜/测试参数、管理以太网数据过滤，并启动、停止和记录探测数据。,"Controls a Timepix4 pixel detector for laboratory data acquisition, including loading configuration, setting pixel threshold/mask/test parameters, managing Ethernet data filtering, and starting, stopping, and recording detector data.",面阵探测器,表征设备|智慧表征与检测中心|像素探测器采集与读出|X射线与辐射能谱测量|面阵探测器
Timepix/Medipix 像素探测器,Timepix/Medipix pixel detector,timepix_device,timepix_device,46,88,auto-Ibias_DiscS1_OFF|auto-Ibias_DiscS1_ON|auto-Ibias_DiscS2_OFF|auto-Ibias_DiscS2_ON|auto-Ibias_Ikrum|auto-Ibias_PixelDAC|auto-Ibias_Preamp_OFF|auto-Ibias_Preamp_ON|auto-Ibias_TPbufferIn|auto-Ibias_TPbufferOut|auto-VPreamp_NCAS|auto-VTP_coarse|auto-VTP_fine|auto-Vfbk|auto-Vthreshold_coarse|auto-Vthreshold_fine|auto-devIdToString|auto-grayCounter|auto-loadConfig|auto-maskPixelsJsonable|auto-operationMode|auto-pauseHeartbeat|auto-pixelMask|auto-pixelTest|auto-pixelThreshold|auto-polarity|auto-refreshPixels|auto-resetPixels|auto-resumeHeartbeat|auto-setConfigClass|auto-setDac|auto-setEthernetFilter|auto-setupAcquisition|auto-setupDevice|auto-start|auto-start_recording|auto-stop|auto-stop_recording|auto-superPixel|auto-testPulse|auto-testPulseDigitalAnalog|auto-testPulseGeneratorSource|auto-timeOfArrivalClock|auto-timerOverflowControl|auto-update_timer|auto-uploadPixels,用于控制 Timepix/Medipix 像素探测器的高层接口，可配置像素阈值、掩膜、测试脉冲和多项 DAC 偏置参数，并执行设备设置、采集启动/停止、数据记录及以太网通信配置，适用于辐射探测、粒子成像和时间相关测量实验。,"A high-level control interface for a Timepix/Medipix pixel detector. It supports configuring pixel thresholds, masks, test pulses, and multiple DAC bias parameters, as well as device setup, acquisition start/stop, data recording, and Ethernet communication settings for radiation detection, particle imaging, and time-related measurements.",面阵探测器|光子计数探测器,表征设备|智慧表征与检测中心|像素探测器采集与读出|X射线与辐射能谱测量|面阵探测器|光子计数探测器
NI-DAQmx任务定时配置组件,NI-DAQmx Task Timing Configuration Component,timing,timing,63,192,auto-ai_conv_active_edge|auto-ai_conv_dig_fltr_enable|auto-ai_conv_dig_fltr_min_pulse_width|auto-ai_conv_dig_fltr_timebase_rate|auto-ai_conv_dig_fltr_timebase_src|auto-ai_conv_dig_sync_enable|auto-ai_conv_rate|auto-ai_conv_src|auto-ai_conv_timebase_div|auto-ai_conv_timebase_src|auto-cfg_burst_handshaking_timing_export_clock|auto-cfg_burst_handshaking_timing_import_clock|auto-cfg_change_detection_timing|auto-cfg_handshaking_timing|auto-cfg_implicit_timing|auto-cfg_pipelined_samp_clk_timing|auto-cfg_samp_clk_timing|auto-change_detect_di_falling_edge_physical_chans|auto-change_detect_di_rising_edge_physical_chans|auto-change_detect_di_tristate|auto-delay_from_samp_clk_delay|auto-delay_from_samp_clk_delay_units|auto-first_samp_clk_offset|auto-first_samp_clk_timescale|auto-first_samp_clk_when|auto-first_samp_timestamp_enable|auto-first_samp_timestamp_timescale|auto-hshk_delay_after_xfer|auto-hshk_sample_input_data_when|auto-hshk_start_cond|auto-implicit_underflow_behavior|auto-master_timebase_rate|auto-master_timebase_src|auto-ref_clk_rate|auto-ref_clk_src|auto-samp_clk_active_edge|auto-samp_clk_dig_fltr_enable|auto-samp_clk_dig_fltr_min_pulse_width|auto-samp_clk_dig_fltr_timebase_rate|auto-samp_clk_dig_fltr_timebase_src|auto-samp_clk_dig_sync_enable|auto-samp_clk_overrun_behavior|auto-samp_clk_rate|auto-samp_clk_src|auto-samp_clk_timebase_active_edge|auto-samp_clk_timebase_div|auto-samp_clk_timebase_master_timebase_div|auto-samp_clk_timebase_rate|auto-samp_clk_timebase_src|auto-samp_clk_underflow_behavior|auto-samp_clk_write_wfm_use_initial_wfm_dt|auto-samp_quant_samp_mode|auto-samp_quant_samp_per_chan|auto-samp_timing_engine|auto-samp_timing_type|auto-simultaneous_ao_enable|auto-sync_clk_interval|auto-sync_pulse_min_delay_to_start|auto-sync_pulse_reset_delay|auto-sync_pulse_src|auto-sync_pulse_time_timescale|auto-sync_pulse_time_when|auto-sync_pulse_type,这是一个非物理的软件组件，用于配置 NI-DAQmx 数据采集任务的定时参数。它管理采样时钟、模数转换时钟、参考时钟、握手定时、同步脉冲和变更检测等设置，供 DAQ 任务进行采集或输出时使用。,"This is a non-physical software component for configuring timing parameters of NI-DAQmx data acquisition tasks. It manages sample clocks, AI convert clocks, reference clocks, handshaking timing, synchronization pulses, and change-detection settings for DAQ acquisition or generation tasks.",DAQ任务定时配置器,实验执行&合成设备|表征设备|实验室自动化与仪器集成|DAQ系统配置与路由管理|实验仪器数据采集与联机控制|瞬态信号采集与同步触发测量|DAQ任务定时配置器
JUMO Quantrol温度控制器,JUMO Quantrol Temperature Controller,tomato_jumo__device,tomato_jumo__device,7,25,auto-attrs|auto-capabilities|auto-do_measure|auto-prepare_task|auto-reset|auto-set_attr|auto-stop_task,用于实验室温度调节与监测的温度控制器，可读取当前温度、设定值、加热输出占空比和加热器开关状态，并支持任务准备、测量、停止和复位等控制操作。,"A temperature controller for laboratory temperature regulation and monitoring. It can read the current temperature, setpoint, heater output duty cycle, and heater on/off state, and supports task preparation, measurement, stopping, and reset operations.",温度控制器|PID过程控制器,实验执行&合成设备|环境控制与稳定性测试|过程控制与工业仪表实验|外接设备恒温控制|热管理与温升监测|温度控制器|PID过程控制器
TopMode 主动稳频二极管激光器,TopMode Actively Stabilized Diode Laser,top_mode,top_mode,30,43,auto-charm_status|auto-correction|auto-correction_status|auto-current_control_status|auto-current_status|auto-display|auto-enable|auto-execute|auto-firmware|auto-first_mode_hop_time|auto-fpga_status|auto-intensity|auto-interlock|auto-is_connected|auto-laser|auto-latest_mode_hop_time|auto-lock_start|auto-locked|auto-mode_hop|auto-model|auto-on_time|auto-production_date|auto-reboot|auto-reference|auto-serial_number|auto-set|auto-tec_status|auto-temperature_control_status|auto-temperature_status|auto-wavelength,TOPTICA 的 TopMode 是一款带主动稳定功能的二极管激光器。该设备可通过串口控制激光使能、查询控制器与各控制板状态，并读取激光波长、强度、模式跳变及校正相关信息，适用于需要稳定窄线宽激光输出的实验场景。,"The TOPTICA TopMode is an actively stabilized diode laser. It can be controlled over a serial interface to enable laser emission, query controller and board health, and read wavelength, intensity, mode-hop, and correction-related information for experiments requiring stable narrow-linewidth laser output.",二极管激光器|实验室激光光源,实验执行&合成设备|光学与光谱实验|激光激发与光谱测量|二极管激光器|实验室激光光源
TOPTICA iBeam 激光器,TOPTICA iBeam Laser,toptica_i_beam_laser,toptica_i_beam_laser,5,12,auto-GetPower|auto-IsOn|auto-SetPower|auto-TurnOff|auto-TurnOn,用于实验室光学实验的可控激光光源，可进行激光开关和输出功率设置/读取，适合显微成像、激发照明等场景。,"A controllable laser light source for laboratory optical experiments, supporting laser emission on/off control and output power set/readback. It is suitable for applications such as microscopy and excitation illumination.",二极管激光器|实验室激光光源|显微照明光源,实验执行&合成设备|光学与光谱实验|激光激发与光谱测量|显微成像与光学显微实验|二极管激光器|实验室激光光源|显微照明光源
Pfeiffer TPG 261 真空计,Pfeiffer TPG 261 Vacuum Gauge,tpg261,tpg261,3,10,auto-connect|auto-disconnect|auto-rcv_vals,用于测量和读取真空系统中的压力值，适合实验腔体、真空管路或泵组的真空状态监测。,"Used to measure and read pressure in vacuum systems, suitable for vacuum state monitoring of chambers, vacuum lines, or pumping setups.",真空规,表征设备|真空系统与高真空实验|高真空/超高真空腔体与仪器配套|压力监测与过程状态测量|真空规
Pfeiffer TPG 300 真空规,Pfeiffer TPG 300 Vacuum Gauge,tpg300,tpg300,3,10,auto-connect|auto-disconnect|auto-rcv_vals,用于测量实验真空系统压力的真空规。根据代码证据，该设备通过 Arduino 的 ADC 采集接口读取测量信号并返回真空测量值，适合用于真空状态监测。,"A vacuum gauge used to measure pressure in laboratory vacuum systems. Based on the driver evidence, its signal is read through an Arduino ADC interface and returned as measurement values for vacuum monitoring.",真空规,表征设备|真空系统与高真空实验|高真空/超高真空腔体与仪器配套|压力监测与过程状态测量|真空规
Pfeiffer TPG36x 真空规控制器,Pfeiffer TPG36x Vacuum Gauge Controller,tpg36x,tpg36x,10,25,auto-channel|auto-ethernet_configuration|auto-language|auto-mac_address|auto-name|auto-number_channels|auto-pressure|auto-query|auto-status|auto-unit,用于连接和管理一到两个真空规通道的真空规控制器，可读取压力并配置仪器的单位、语言及以太网参数，常用于真空系统中的压力监测与真空状态读出。,"A vacuum gauge controller for connecting and managing one or two vacuum gauge channels. It reads pressure and allows configuration of instrument units, language, and Ethernet settings, and is commonly used for pressure monitoring and vacuum-state readout in vacuum systems.",真空规控制器,表征设备|真空系统与高真空实验|高真空/超高真空腔体与仪器配套|压力监测与过程状态测量|真空规控制器
Triton 200低温制冷系统,Triton 200 Cryogenic Refrigeration System,triton200,triton200,10,19,auto-controlled_ramp_off|auto-controlled_ramp_on|auto-extract_value|auto-query_and_receive|auto-temperature|auto-temperature_channel|auto-temperature_setpoint|auto-turbo_off|auto-turbo_on|auto-update_heater,用于超低温实验的Triton 200低温制冷系统，可读取Cernox或RuO2温度通道、设置温度设定值、更新加热器、执行受控升降温，并控制涡轮泵等低温系统部件。,"The Triton 200 is a cryogenic refrigeration system for ultra-low-temperature experiments. It supports reading Cernox or RuO2 temperature channels, setting temperature setpoints, updating heater behavior, running controlled temperature ramps, and controlling subsystems such as a turbo pump.",低温制冷机,实验执行&合成设备|低温与量子测量|低温实验温控与制冷|低温制冷机
Tron1 运动桥接节点,Tron1 Motion Bridge Node,tron1_bridge,tron1_bridge,4,12,auto-cmd_vel_callback|auto-connect_ws|auto-destroy_node|auto-send_loop,这是一个非实体的软件组件，用于将 ROS2 的 cmd_vel 速度指令桥接到 Tron1 的 WebSocket 接口，服务于移动机器人/移动底盘的运动控制。它负责建立连接、将速度命令归一化并转换为 Tron1 可用的比例格式、按固定频率发送运动指令，并在超时或关闭时发送停止命令。,"This is a non-physical software component that bridges ROS2 cmd_vel velocity commands to the Tron1 WebSocket interface for mobile robot/mobile base motion control. It handles connection setup, normalizes and converts velocity commands into the Tron1 ratio format, sends motion commands at a fixed rate, and issues a stop command on timeout or shutdown.",机器人运动桥接节点,物流/机械|机器人与移动平台|移动机器人与自动驾驶实验|机器人速度指令桥接与底盘控制|机器人运动桥接节点
Tron1 里程计桥接节点,Tron1 Odometry Bridge Node,tron1_odom_bridge,tron1_odom_bridge,8,17,auto-destroy_node|auto-handle_odom|auto-on_close|auto-on_error|auto-on_message|auto-on_open|auto-send_enable_odom|auto-websocket_loop,这是一个非实体的软件组件：ROS2 节点，用于把 Tron1 的 WebSocket 里程计数据转换并发布为 ROS2 的 /odom 话题消息，供机器人定位、导航与状态集成使用。,"This is a non-physical software component: a ROS2 node that converts Tron1 odometry data from WebSocket into ROS2 /odom topic messages for robot localization, navigation, and system integration.",机器人里程计桥接节点,物流/机械|机器人与移动平台|移动机器人与自动驾驶实验|机器人定位与里程计集成|机器人里程计桥接节点
TTi QL355TP 可编程多路直流电源,TTi QL355TP Programmable Multi-Output DC Power Supply,tti_ql355tp,tti_ql355tp,14,21,auto-ask|auto-get_current|auto-get_current_limit|auto-get_name|auto-get_set_voltage|auto-get_voltage|auto-init|auto-read|auto-reinit|auto-reset_trip|auto-set_current_limit|auto-set_enable|auto-set_voltage|auto-write,用于实验室供电的台式可编程直流电源，支持多个输出通道的开关控制，并可设置与读取电压、电流及限流参数，适合电子器件测试、原型验证和实验系统供电。,"A bench programmable DC power supply for laboratory use. It supports enabling multiple output channels and setting or reading voltage, current, and current-limit parameters, making it suitable for electronics testing, prototyping, and powering experimental setups.",可编程直流电源,实验执行&合成设备|表征设备|电子与电气测试|实验供电与能源管理|电源与电池测试|电子器件供电与台架测试|可编程直流电源
TTI PL330P直流电源,TTI PL330P DC Power Supply,ttipl330_p,ttipl330_p,3,13,auto-current|auto-output|auto-volts,TTI PL330P 是一款可编程台式直流电源，输出范围为 0–32 V、0–3 A。它用于为实验电路、模块或原型提供可调直流电压与电流，并可远程控制输出开关。,"The TTI PL330P is a programmable bench DC power supply with a 0–32 V, 0–3 A output range. It is used to provide adjustable DC voltage and current to laboratory circuits, modules, or prototypes, with remote control of the output state.",可编程直流电源,实验执行&合成设备|表征设备|电子与电气测试|实验供电与能源管理|电源与电池测试|电子器件供电与台架测试|可编程直流电源
实验数据桶存储组件,Tub datastore,tub,tub,17,54,auto-check|auto-delete|auto-erase_last_n_records|auto-erase_record|auto-exclude_index|auto-excluded|auto-gather_records|auto-include_index|auto-make_file_name|auto-make_record_paths_absolute|auto-put_record|auto-read_record|auto-remove_record|auto-shutdown|auto-update_df|auto-write_exclude|auto-write_json_record,用于实验过程中的非物理数据存储组件。它以键值格式保存传感器数据、数值、图像和数组记录，并将记录写入 JSON 与外部文件，便于后续读取、校验、筛选和整理训练数据集。,"A non-physical datastore component for experiments. It stores sensor values, numeric data, images, and arrays in key-value records, writing data to JSON plus external files for later reading, validation, filtering, and training dataset curation.",实验数据文件读写器|实验数据集对象,表征设备|实验数据管理与记录|实验计算与数据处理|追加式实验记录与索引访问|科学数据存储与归档|实验数据文件读写器|实验数据集对象
TUN 虚拟网络接口工具,TUN Network Interface Utility,tun_interface,tun_interface,7,18,auto-addr_add|auto-addr_del|auto-close|auto-command|auto-ifconfig|auto-ping6|auto-write,这是一个非物理的软件组件，用于创建和管理 TUN 虚拟网络接口。在实验环境中，它可用于配置接口、分配或删除 IPv6 地址、执行连通性测试，并向虚拟隧道写入网络数据包，以支持网络通信调试与协议联调。,"This is a non-physical software component for creating and managing a TUN virtual network interface. In lab and test environments, it is used to configure the interface, add or remove IPv6 addresses, run connectivity checks, and write network packets into the virtual tunnel for network communication testing and protocol integration.",TUN虚拟网络接口,实验执行&合成设备|实验网络与协议集成|虚拟网络接口与协议联调|TUN虚拟网络接口
LabRAD Twisted连接组件,LabRAD Twisted Connection Component,twisted_connection,twisted_connection,11,24,auto-connected|auto-context|auto-disconnect|auto-getServerInfo|auto-getServersList|auto-getSettingInfo|auto-getSettingInfoByName|auto-getSettingsList|auto-sendMessage|auto-sendRequest|auto-spawn,一个非物理的软件连接组件，用于与LabRAD管理器建立和维护同步连接、派生新连接、创建通信上下文，并向目标服务发送请求或消息。它主要用于实验控制软件中的服务发现、设置查询和进程间通信，而不是直接控制某台实体仪器。,"A non-physical software connection component for establishing and maintaining a synchronous connection to a LabRAD manager, spawning new connections, creating communication contexts, and sending requests or messages to target services. It is mainly used for service discovery, setting inspection, and inter-process communication in lab automation software, rather than for direct control of a physical instrument.",仪器服务发现客户端|远程代理组件,实验执行&合成设备|实验室自动化与仪器集成|仪器发现与驱动匹配|分布式实验控制与远程过程调用|仪器服务发现客户端|远程代理组件
Typhos报警汇总指示组件,Typhos Alarm Summary Indicator,typhos_alarm,typhos_alarm,16,32,auto-add_device|auto-alarm|auto-channel|auto-channels|auto-clear_all_alarm_configs|auto-describe|auto-eventFilter|auto-kindLevel|auto-reset_alarm_state|auto-set_alarm_color|auto-setup_alarm_config|auto-show_alarm_tooltip|auto-update_alarm_config|auto-update_connection|auto-update_current_alarm|auto-update_severity,一个非物理的软件界面组件，用于汇总 Ophyd 设备多个信号的报警与连接状态，并在 Typhos/PyDM 图形控件上用颜色和工具提示显示最严重的报警情况。它适合用于实验控制界面的状态总览和告警提示。,"A non-physical software UI component that summarizes alarm and connection states from multiple Ophyd device signals, then shows the worst alarm state on Typhos/PyDM graphical widgets using colors and tooltips. It is used for status overview and alarm indication in laboratory control interfaces.",实验报警汇总指示器,实验执行&合成设备|实验室自动化与仪器集成|实验流程状态指示与告警|实验报警汇总指示器
Typhos多行文本编辑组件,Typhos Text Edit Widget,typhos_text_edit,typhos_text_edit,4,21,auto-send_value|auto-set_display|auto-value_changed|auto-write_access_changed,一个非物理实验软件界面组件，用于通过 PyDM 通道显示、编辑并提交多行文本内容。它可根据通道写权限切换为只读模式，适合在实验控制界面中输入或查看备注、配置文本或其他字符串数据。,"A non-physical laboratory software UI component for displaying, editing, and sending multiline text through PyDM channels. It can switch to read-only mode based on channel write access, making it suitable for entering or viewing notes, configuration text, or other string data in experiment control interfaces.",实验多行文本输入组件,实验执行&合成设备|实验室自动化与仪器集成|人工输入与实验交互控制|实验多行文本输入组件
LabJack U12 数据采集设备,LabJack U12 Data Acquisition Device,u12,u12,7,16,auto-U12|auto-analog_dif_in|auto-analog_in|auto-analog_out|auto-digital_in_out|auto-finalize|auto-initialize,LabJack U12 是一款 USB 数据采集设备，可进行模拟量输入、差分模拟输入、模拟量输出和数字输入/输出，适用于实验中的电压采集、低噪声差分测量、简单信号输出以及开关量控制。,"The LabJack U12 is a USB data acquisition device that supports analog input, differential analog input, analog output, and digital input/output. It is used in laboratories for voltage acquisition, low-noise differential measurements, simple signal output, and digital switching/control.",模拟输入数据采集模块|数据采集与控制接口,表征设备|实验执行&合成设备|电子与电气测试|实验室自动化与仪器集成|电压监测与传感器信号采集|实验仪器数据采集与联机控制|模拟输入数据采集模块|数据采集与控制接口
SYSTEC UCAN CAN 通信组件,SYSTEC UCAN CAN Communication Component,ucan,ucan,2,19,auto-can_msg_received_event|auto-read_can_msg,用于通过 SYSTEC UCAN 接口接收和读取 CAN 总线消息的非物理通信组件。它通常用于实验系统中连接基于 CAN 的仪器或控制节点，并提供基于事件和超时的消息读取能力。,"A non-physical communication component for receiving and reading CAN bus messages through a SYSTEC UCAN interface. It is typically used in laboratory systems to connect CAN-based instruments or control nodes, providing event-driven and timeout-based message reading.",CAN总线接口|CAN总线分析仪,实验执行&合成设备|实验室自动化与仪器集成|实验网络与协议集成|CAN总线设备调试与集成|CAN总线通信记录与离线分析|CAN总线接口|CAN总线分析仪
SUN RPC UDP客户端组件,SUN RPC UDP Client Component,udp_client,udp_client,37,80,auto-addpackers|auto-call_0|auto-callit|auto-do_call|auto-dump|auto-forkingloop|auto-forksession|auto-get_port|auto-handle|auto-handle_0|auto-loop|auto-make_call|auto-mkcred|auto-mkverf|auto-my_reply_handler|auto-pack_auth|auto-pack_auth_unix|auto-pack_call_args|auto-pack_callheader|auto-pack_mapping|auto-pack_pmaplist|auto-pack_replyheader|auto-register|auto-session|auto-set|auto-set_reply_handler|auto-set_timeout|auto-start_call|auto-turn_around|auto-unpack_auth|auto-unpack_call_result|auto-unpack_callheader|auto-unpack_mapping|auto-unpack_pmaplist|auto-unpack_replyheader|auto-unregister|auto-unset,这是一个非物理的软件通信组件，用于通过 UDP 实现 SUN RPC 客户端/服务端通信，借助端口映射器发现服务端口，并完成 XDR 数据的打包、解包与远程过程调用。它适用于实验系统中需要访问基于 RPC 的网络服务或仪器配套软件的场景。,"This is a non-physical software communication component that implements SUN RPC client/server communication over UDP, uses the port mapper to discover service ports, and performs XDR packing, unpacking, and remote procedure calls. It is used in lab systems that need to access RPC-based network services or instrument-associated software.",仪器服务发现客户端|UDP远程过程调用组件,实验执行&合成设备|实验网络与协议集成|实验室自动化与仪器集成|网络化仪器服务发现与端口映射|分布式实验控制与远程过程调用|仪器服务发现客户端|UDP远程过程调用组件
UDP扫描段接收器,UDP Scan Segment Receiver,udp_handler,udp_handler,1,10,auto-receive_new_scan_segment,一个非物理的软件网络组件，用于在指定UDP端口上等待并接收新的扫描段数据包，同时返回发送方IP地址，以便在实验测量系统中区分数据来源传感器。,"A non-physical software network component that waits for and receives new scan-segment packets on a specified UDP port, returning the sender IP address so sensors can be identified in laboratory measurement systems.",扫描采集控制模块|网络化数据采集仪,表征设备|实验室自动化与仪器集成|传感测量与环境感知|实验仪器数据采集与联机控制|扫描采集控制模块|网络化数据采集仪
UDP组播CAN虚拟总线,UDP Multicast CAN Virtual Bus,udp_multicast_bus,udp_multicast_bus,4,19,auto-fileno|auto-is_fd|auto-send|auto-shutdown,用于实验软件中的非物理虚拟通信组件，通过 IP/UDP 组播在多个进程或主机之间传输 CAN 或 CAN-FD 报文。适合局域网内的分布式测试、仿真和进程间总线消息交换，不对应具体硬件仪器。,"A non-physical virtual communication component used in lab software to exchange CAN or CAN-FD messages between multiple processes or hosts over IP/UDP multicast. It is suited for distributed testing, simulation, and inter-process bus messaging on a LAN, and does not correspond to a specific hardware instrument.",UDP组播通信接口|CAN总线接口,实验执行&合成设备|实验网络与协议集成|实验室自动化与仪器集成|CAN总线设备调试与集成|虚拟网络接口与协议联调|UDP组播通信接口|CAN总线接口
UDP数据采样进程,UDP Sampler Process,udp_sampler,udp_sampler,10,23,auto-close_file|auto-create_socket_connection|auto-enable|auto-get_useful_packets|auto-init_new_process|auto-outfile_name|auto-post_run|auto-pre_run|auto-record|auto-run,这是一个非实体的软件组件，用于从 SPIDR 接收 Timepix 相关的 UDP 数据包，进行基础预处理、缓冲、转发以及可选的原始数据落盘，通常用于实验数据采集流水线中的前端接收环节。,"This is a non-physical software component that receives UDP packets from SPIDR carrying Timepix-related data, performs basic preprocessing, buffering, forwarding, and optional raw-data recording to disk. It is typically used as a front-end acquisition stage in an experimental data-processing pipeline.",实验数据流传输器,表征设备|实验计算与数据处理|实验数据管理与记录|像素探测器采集与读出|分布式实验数据处理|追加式实验记录与索引访问|实验数据流传输器
UDP数值广播组件,UDP Value Publisher,udp_value_pub,udp_value_pub,2,43,auto-run|auto-shutdown,一个非物理的软件通信组件，通过 UDP 在本地网络中广播数值数据，供实验系统中的其他程序或节点接收。适用于实验过程中的实时数据分发、跨进程参数共享和轻量级网络发布。,"A non-physical software communication component that broadcasts value data over UDP on a local network for other programs or nodes in an experimental system to receive. It is suitable for real-time data distribution, inter-process parameter sharing, and lightweight network publishing in laboratory workflows.",实验数据流传输器|UDP数值发布器,实验执行&合成设备|实验室自动化与仪器集成|实验数据管理与记录|实验仪器数据采集与联机控制|实验数据流传输器|局域网实验数值广播与订阅|UDP数值发布器
UDP广播数值订阅组件,UDP Broadcast Value Subscriber,udp_value_sub,udp_value_sub,5,43,auto-poll|auto-run|auto-run_threaded|auto-shutdown|auto-update,这是一个非物理软件组件，用于在局域网中监听UDP广播数据包并接收远程发布的数值消息。在实验环境中可用于在不同主机或进程之间传递传感器读数、状态量或控制参数，便于监视、联动和数据整合。,"This is a non-physical software component that listens for UDP broadcast packets on a local network and receives value messages from a remote publisher. In lab workflows, it can be used to pass sensor readings, status values, or control parameters between hosts or processes for monitoring, coordination, and data integration.",系统状态监测伪设备|UDP数值订阅器,实验执行&合成设备|实验室自动化与仪器集成|实验数据管理与记录|实验仪器数据采集与联机控制|仪表读数与状态监测|系统状态监测伪设备|局域网实验数值广播与订阅|UDP数值订阅器
苏黎世仪器UHF系列设备,Zurich Instruments UHF Series Device,uhf_device,uhf_device,49,87,auto-awg_dio_snapshot|auto-calibrate_dio_protocol|auto-configure_awg_file|auto-configure_awg_string|auto-connect_device|auto-connect_server|auto-dio_snapshot|auto-dio_testmode|auto-direct|auto-do_get_screenshot|auto-do_single_shot|auto-extclk|auto-features|auto-find|auto-finds|auto-get_channel_data|auto-getd|auto-geti|auto-getv|auto-idn|auto-is_averaging_complete|auto-load_settings|auto-mode|auto-off|auto-on|auto-onOffMultiple|auto-poll|auto-read_scope|auto-reconnect|auto-restart|auto-sampleclk|auto-set_average_count|auto-set_averaging|auto-set_channel_scale|auto-set_format_real|auto-set_maximum_rate|auto-set_time_scale|auto-set_trigger_coupling|auto-set_trigger_ext|auto-set_trigger_level|auto-set_trigger_mode|auto-set_trigger_slope|auto-set_trigger_src|auto-setd|auto-seti|auto-setv|auto-subs|auto-sync|auto-unsubs,用于连接和控制苏黎世仪器 UHF 系列仪器，支持设备连接、AWG 配置、示波采集、触发参数设置、DIO 校准、时钟与采样相关设置，以及通过数据服务器进行节点读写与数据订阅。常用于量子测控和高速电子信号实验。,"Used to connect to and control Zurich Instruments UHF series instruments. It supports device connection, AWG configuration, scope acquisition, trigger setup, DIO calibration, clock and sampling settings, and node read/write plus data subscription through the data server. It is commonly used in quantum control and high-speed electronic signal experiments.",量子实验控制器,实验执行&合成设备|表征设备|低温与量子测量|电子与电气测试|量子比特脉冲控制与读出|超导量子比特标定与时域测量|量子实验控制器
UHFLI 锁相放大器,UHFLI Lock-in Amplifier,uhfli,uhfli,10,20,auto-check_status|auto-compile_sequencer_program|auto-enable_sequencer|auto-load_from_device|auto-load_sequencer_program|auto-load_validation_schema|auto-read_from_waveform_memory|auto-upload_to_device|auto-wait_done|auto-write_to_waveform_memory,Zurich Instruments UHFLI 是一款高精度锁相放大器/信号分析仪，可用于实验中的交流信号检测、解调与测量。根据驱动暴露的功能，它还支持与内置 AWG/序列器相关的程序编译、波形存储器读写以及命令表上传，适合量子测量与精密电子实验控制。,"The Zurich Instruments UHFLI is a high-precision lock-in amplifier and signal analysis instrument used for AC signal detection, demodulation, and measurement in laboratory experiments. Based on the exposed driver functions, it also supports built-in AWG/sequencer operations such as program compilation, waveform memory read/write, and command table upload, making it suitable for quantum measurements and precision electronics experiments.",锁相放大器,表征设备|实验执行&合成设备|电子与电气测试|低温与量子测量|锁相放大与相敏检测|量子比特脉冲控制与读出|锁相放大器
超高频量子分析仪（UHFQA）,UHF Quantum Analyzer (UHFQA),uhfqa,uhfqa,14,26,auto-adjusted_delay|auto-check_status|auto-compile_sequencer_program|auto-crosstalk_matrix|auto-enable_qccs_mode|auto-enable_sequencer|auto-load_from_device|auto-load_sequencer_program|auto-load_validation_schema|auto-read_from_waveform_memory|auto-upload_to_device|auto-wait_done|auto-write_integration_weights|auto-write_to_waveform_memory,这是一台用于量子实验的物理仪器，面向量子比特读出与控制场景。它提供量子分析通道、任意波形发生、序列器程序加载、波形存储器访问、积分权重配置，以及与 PQSC 配合的 QCCS 同步设置。,"This is a physical instrument for quantum experiments, used for qubit readout and control workflows. It provides quantum analyzer channels, arbitrary waveform generation, sequencer program loading, waveform memory access, integration weight configuration, and QCCS synchronization settings for operation with a PQSC.",量子读出分析仪|量子实验控制器,实验执行&合成设备|表征设备|低温与量子测量|量子比特脉冲控制与读出|量子读出分析仪|量子实验控制器
UHFQA 超高频量子分析仪,UHFQA Quantum Analyzer,uhfqa_core,uhfqa_core,24,42,auto-acquisition|auto-acquisition_arm|auto-acquisition_finalize|auto-acquisition_get|auto-acquisition_initialize|auto-acquisition_poll|auto-assure_ext_clock|auto-clear_errors|auto-clock_freq|auto-download_crosstalk_matrix|auto-load_default_settings|auto-print_correlation_overview|auto-print_crosstalk_overview|auto-print_deskew_overview|auto-print_integration_overview|auto-print_overview|auto-print_rotations_overview|auto-print_thresholds_overview|auto-print_user_regs_overview|auto-reset_acquisition_params|auto-reset_correlation_params|auto-reset_crosstalk_matrix|auto-reset_rotation_params|auto-upload_crosstalk_matrix,这是一台 Zurich Instruments 的 UHFQA 超高频量子分析仪，用于量子比特读出与高速 IQ 数据采集。该驱动覆盖外部参考时钟同步、默认读出配置加载、AWG 触发采集、结果轮询读取，以及串扰矩阵、相关性、旋转和阈值等读出参数管理。,"This is a Zurich Instruments UHFQA ultra-high-frequency quantum analyzer used for qubit readout and high-speed IQ data acquisition. The driver supports external reference clock synchronization, loading default readout settings, AWG-triggered acquisition, polling and retrieving results, and managing readout parameters such as crosstalk matrices, correlations, rotations, and thresholds.",量子读出分析仪,实验执行&合成设备|表征设备|低温与量子测量|量子比特脉冲控制与读出|量子读出分析仪
UHFQA量子分析控制器,UHFQA Quantum Analyzer/Controller,uhfqc,uhfqc,21,45,auto-awg_debug_acquisition|auto-awg_file|auto-awg_sequence_acquisition|auto-awg_sequence_acquisition_and_DIO_RED_test|auto-awg_sequence_acquisition_and_DIO_triggered_pulse|auto-awg_sequence_acquisition_and_pulse|auto-awg_sequence_acquisition_and_pulse_SSB|auto-awg_sequence_test_pattern|auto-awg_update_waveform|auto-calibrate_CC_dio_protocol|auto-calibrate_dio_protocol|auto-load_awg_program_from_file|auto-load_default_settings|auto-output_dio_calibration_data|auto-plot_dio|auto-plot_dio_snapshot|auto-prepare_DSB_weight_and_rotation|auto-prepare_SSB_weight_and_rotation|auto-snapshot_base|auto-spec_mode_off|auto-spec_mode_on,这是一台苏黎世仪器的 UHFQA 超高频量子分析/控制仪器，用于量子实验中的读出脉冲生成、AWG波形下载、积分权重配置、DIO触发与时序校准，以及光谱测量模式配置。,"This is a Zurich Instruments UHFQA ultra-high-frequency quantum analyzer/controller used in quantum experiments for readout pulse generation, AWG waveform loading, integration weight configuration, DIO triggering and timing calibration, and spectroscopy mode setup.",量子读出分析仪|量子实验控制器,实验执行&合成设备|表征设备|低温与量子测量|量子比特脉冲控制与读出|量子读出分析仪|量子实验控制器
UP20超声探头,UP20 Ultrasound Probe,up20,up20,37,55,auto-BulkIn|auto-BulkOut|auto-BulkOutFour|auto-BulkOutLarge|auto-BulkOutTwo|auto-BulkOutTwo512|auto-ControlIn|auto-ControlOut|auto-DLImgs|auto-Init1004|auto-InitArrays|auto-InitOn|auto-InitOneA|auto-InitRegisters|auto-InitSeries10|auto-Read512|auto-StartRun|auto-checkAddress|auto-checkAddressFull|auto-createLoop|auto-createLoopDoppler|auto-fastMotor|auto-freeze|auto-getImages|auto-getImagesDoppler|auto-getRawImages|auto-getUSBImages|auto-initProbe|auto-progIt|auto-readWrite|auto-saveImage|auto-startAcq|auto-startDoppler|auto-startMotor|auto-stopAcq|auto-stopMotor|auto-unfreeze,用于超声成像的USB探头设备，可通过USB控制传输与批量传输进行初始化、寄存器配置、图像采集、冻结/解冻、原始图像读取以及多普勒相关采集控制，适用于实验中的超声观察与数据获取。,"A USB ultrasound probe used for ultrasound imaging. It is controlled through USB control and bulk transfers for initialization, register configuration, image acquisition, freeze/unfreeze operation, raw image retrieval, and Doppler-related acquisition, making it suitable for experimental ultrasound observation and data capture.",多普勒超声探头,表征设备|生命体系|超声成像与多普勒流动监测|多普勒超声探头
OpenPLC 上传配置工具,OpenPLC Uploader Utility,uploader,uploader,38,69,auto-clear_master_en|auto-clear_slave_en|auto-enable_forms|auto-enable_master|auto-enable_override|auto-enable_slave|auto-enable_tcp|auto-exclude_en_pins|auto-get_config|auto-get_values|auto-hide_ioconfig|auto-init_ui|auto-load_config|auto-on_close|auto-on_combo|auto-on_config_change|auto-on_dns|auto-on_gw|auto-on_id|auto-on_inputs|auto-on_io_change|auto-on_ip|auto-on_mac|auto-on_pin_change|auto-on_pins|auto-on_port|auto-on_result|auto-on_subnet|auto-on_timer|auto-on_update|auto-on_upload|auto-on_wifi|auto-save_config|auto-send_pin_change|auto-set_values|auto-update_inputs|auto-update_src|auto-update_text_ctrl,用于配置并上传 OpenPLC 相关参数的非实体图形工具，提供网络、端口、Modbus 与 I/O 选项的界面，实验中可用于准备控制逻辑部署和通信设置。,"A non-physical graphical utility for configuring and uploading OpenPLC-related settings. It provides interfaces for network, port, Modbus, and I/O options, and is used in labs to prepare control-logic deployment and communication settings.",PLC配置部署工具,备料&前处理设备|过程控制与工业仪表实验|PLC控制与设备联锁|Modbus协议调试与报文分析|PLC配置部署工具
USBlini USB-LIN总线接口,USBlini USB LIN Interface,us_blini,us_blini,18,38,auto-clear_errorflags|auto-close|auto-echo_test|auto-frame_listener_add|auto-frame_listener_remove|auto-logic_listener_add|auto-logic_listener_remove|auto-master_set_sequence|auto-master_write|auto-open|auto-reset|auto-set_baudrate|auto-slave_set_frame|auto-start_bootloader|auto-statusreport_listener_add|auto-statusreport_listener_remove|auto-usbtransfer_ep1_callback|auto-usbtransfer_ep2_callback,这是一种通过 USB 连接的 LIN 总线接口设备，用于在实验或测试系统中配置 LIN 通信速率、发送主站帧、设置从站帧表、编排主站轮询序列，并接收帧、状态和逻辑相关回调，适合 LIN 总线联调、协议测试与设备仿真。,"This is a USB-connected LIN bus interface device used in lab or test setups to configure LIN communication speed, send master frames, define slave frame tables, schedule master sequences, and receive frame, status, and logic-related callbacks. It is suitable for LIN bus integration, protocol testing, and device emulation.",USB-LIN总线适配器,表征设备|电子与电气测试|LIN总线通信与协议测试|USB-LIN总线适配器
USBtin USB-CAN 适配器,USBtin USB-to-CAN Adapter,us_btin,us_btin,17,27,auto-add_message_listener|auto-close_can_channel|auto-connect|auto-disconnect|auto-open_can_channel|auto-read_response|auto-remove_message_listener|auto-rx_thread|auto-send|auto-send_first_tx_fifo_message|auto-set_filter|auto-start_rx_thread|auto-stop_rx_thread|auto-transmit|auto-write_mcp_filter_mask_registers|auto-write_mcp_filter_registers|auto-write_mcp_register,USBtin 是一种通过串口命令控制的 USB 转 CAN 总线适配器，用于让计算机连接、监听和发送 CAN 报文。该设备支持设置 CAN 波特率与工作模式（如主动、只听、回环），并可配置 MCP2515 的寄存器、过滤器和掩码，适用于实验室中的 CAN 设备联机、总线监测、协议调试与嵌入式系统测试。,"USBtin is a USB-to-CAN bus adapter controlled through serial commands, used to let a computer connect to, monitor, and transmit CAN frames. It supports CAN baud rate and mode configuration (such as active, listen-only, and loopback), and can configure MCP2515 registers, filters, and masks for laboratory CAN device interfacing, bus monitoring, protocol debugging, and embedded-system testing.",USB-CAN总线适配器,表征设备|电子与电气测试|CAN总线设备调试与集成|CAN总线通信记录与离线分析|USB-CAN总线适配器
USB2000光谱仪,USB2000 spectrometer,usb2000,usb2000,3,45,auto-doInitializeDevice|auto-getSpectrumData|auto-setIntegrationTime,Ocean Insight 的 USB2000 光谱仪，用于实验中采集样品的光谱数据，并通过设置积分时间来适配不同信号强度的光学测量。,An Ocean Insight USB2000 spectrometer used in laboratory experiments to acquire spectral data and adjust integration time for optical measurements with different signal levels.,光谱仪,表征设备|光学与光谱实验|光谱采集与检测|光谱仪
USB2FIR 远红外传感器接口模块,USB2FIR far-infrared sensor interface module,usb2_fir,usb2_fir,11,24,auto-bulkread|auto-echo_test|auto-get_capability|auto-get_status|auto-initializeFrame|auto-read_memory|auto-start_bfmode|auto-start_bootloader|auto-stop_bfmode|auto-updateFrame|auto-write_memory,该设备是用于连接远红外热传感器的 USB 接口模块，常见于 Melexis MLX 系列 FIR 传感器评估或数据采集场景。它支持通信测试、能力与状态查询、存储器读写、进入引导加载模式，以及批量读取与热帧初始化/更新等操作。,"This device is a USB interface module for far-infrared thermal sensors, commonly used with Melexis MLX-series FIR sensors in evaluation or data acquisition setups. It supports communication tests, capability and status queries, memory read/write, bootloader entry, and bulk data readout plus thermal frame initialization and updates.",远红外传感器接口模块,表征设备|传感测量与环境感知|红外热成像与热帧采集|远红外传感器接口模块
USB4000光谱仪,USB4000 Spectrometer,usb4000,usb4000,9,16,auto-firmware_version|auto-get_status|auto-initialize|auto-integration_time|auto-pcb_temperature|auto-query_config|auto-request_spectra|auto-reset|auto-trigger,Ocean Optics USB4000 是一款通过 USB 控制的实验室光谱仪，可设置积分时间、配置触发方式、采集光谱，并查询温度、固件版本和设备状态，常用于光谱测量与光学表征。,"The Ocean Optics USB4000 is a USB-controlled laboratory spectrometer used to set integration time, configure trigger modes, acquire spectra, and query temperature, firmware version, and device status for spectroscopy and optical characterization.",光谱仪,表征设备|光学与光谱实验|光谱采集与检测|光谱仪
USB4000/USB2000+光谱仪,USB4000/USB2000+ spectrometer,usb4000_2000_plus,usb4000_2000_plus,5,45,auto-doInitializeDevice|auto-getSpectrumData|auto-isSpectrumReady|auto-isSpectrumRequested|auto-setIntegrationTime,Ocean Insight 的 USB4000/USB2000+ 系列光谱仪，用于实验室中的光谱采集与光学信号测量。该设备通过 USB 通信，可读取光谱数据、设置积分时间，并查询采集请求与光谱就绪状态，适用于吸收、发射或一般光谱分析实验。,"An Ocean Insight USB4000/USB2000+ series spectrometer for laboratory spectral acquisition and optical signal measurement. It communicates over USB, can read spectral data, set integration time, and report acquisition-request and spectrum-ready states for absorption, emission, or general spectroscopy workflows.",光谱仪,表征设备|光学与光谱实验|智慧表征与检测中心|光谱采集与检测|光谱仪
通用 USB-FPGA 通信组件,Generic USB-to-FPGA Communication Component,usb_class,usb_class,8,15,auto-checkConnections|auto-closing|auto-connectUsb|auto-init|auto-poll|auto-receive|auto-restartTimer|auto-set,一个非物理的软件通信组件，用于扫描 USB 设备、连接 USB 转 UART 桥接器，并与 FPGA 板卡进行串口数据收发。它主要供上层实验软件用于发现设备、发送寄存器设置命令和轮询读取数据。,"A non-physical software communication component that scans USB devices, connects through a USB-to-UART bridge, and exchanges serial data with FPGA boards. It is used by higher-level lab software to discover devices, send register-setting commands, and poll for returned data.",USB仪器通信接口|串行仪器通信接口,实验执行&合成设备|实验室自动化与仪器集成|实验仪器通信与驱动集成|仪器发现与驱动匹配|USB仪器通信接口|串行仪器通信接口
OBP USB通信组件,OBP USB Communication Interface,usb_comm_obp,usb_comm_obp,12,27,auto-close_device|auto-innitiate_query|auto-is_open|auto-open_device|auto-query|auto-receive_query|auto-send_command|auto-set_default_read|auto-usb_read_highspeed|auto-usb_read_highspeed_alt|auto-usb_read_lowspeed|auto-usb_send,这是一个非物理的USB通信组件，用于海洋光学系列光谱仪的OBP协议通信。它负责打开和关闭USB连接、发送命令、发起与接收查询，以及按不同读取模式获取USB数据，供实验软件与光谱仪进行底层数据交换。,"This is a non-physical USB communication component for OBP-based communication with Ocean Optics spectrometers. It handles opening and closing the USB connection, sending commands, initiating and receiving queries, and reading USB data through different transfer modes so that experiment software can exchange low-level data with the spectrometer.",USB仪器通信接口|通用字节流仪器通信接口,表征设备|实验室自动化与仪器集成|光学与光谱实验|实验仪器通信与驱动集成|光谱采集与检测|USB仪器通信接口|通用字节流仪器通信接口
海洋光学 OOI USB 通信组件,Ocean Optics OOI USB Communication Component,usb_comm_ooi,usb_comm_ooi,12,27,auto-close_device|auto-innitiate_query|auto-is_open|auto-open_device|auto-query|auto-receive_query|auto-send_command|auto-set_default_read|auto-usb_read_highspeed|auto-usb_read_highspeed_alt|auto-usb_read_lowspeed|auto-usb_send,这是一个非物理软件组件，用于实验软件中与海洋光学光谱仪建立底层 USB 通信。它负责打开和关闭设备连接、发送 OOI 协议命令、发起查询并读取返回数据，供上层光谱采集与仪器控制逻辑调用。,"This is a non-physical software component used in laboratory software to provide low-level USB communication with Ocean Optics spectrometers. It handles opening and closing the device connection, sending OOI-protocol commands, initiating queries, and reading returned data for higher-level acquisition and instrument-control logic.",USB仪器通信接口|通用字节流仪器通信接口,表征设备|实验室自动化与仪器集成|光学与光谱实验|实验仪器通信与驱动集成|光谱采集与检测|USB仪器通信接口|通用字节流仪器通信接口
USB 原始通信组件,USB Raw Communicator,usb_communicator,usb_communicator,9,21,auto-address|auto-close|auto-flush_input|auto-read_raw|auto-seek|auto-tell|auto-terminator|auto-timeout|auto-write_raw,这是一个非物理的软件通信组件，用于封装 pyusb 连接对象，为实验系统提供与 USB 连接设备之间的原始字节读写、超时、终止符和输入缓冲区管理功能。它主要用于底层通信，不对应某一特定硬件仪器。,"This is a non-physical software communication component that wraps a pyusb connection object. It provides raw byte read/write access, timeout handling, terminator configuration, and input buffer management for USB-connected devices in laboratory systems. It is a low-level communication helper rather than a specific hardware instrument.",USB仪器通信接口|通用字节流仪器通信接口,实验执行&合成设备|实验室自动化与仪器集成|实验仪器通信与驱动集成|实验仪器数据采集与联机控制|USB仪器通信接口|通用字节流仪器通信接口
通用USB通信组件,Generic USB Communication Component,usb_device,usb_device,5,12,auto-read|auto-read_raw|auto-write|auto-write_read|auto-write_read_raw,这是一个非物理的软件组件，用于在实验系统中通过USB接口与外部设备进行底层数据交换。它提供写入、读取、原始读取以及写后读等通用通信操作，适合为各类USB连接的仪器或控制器提供基础通信能力。,"This is a non-physical software component used for low-level data exchange with external devices over USB in laboratory systems. It provides generic communication operations including write, read, raw read, and write-then-read, serving as a basic transport layer for USB-connected instruments or controllers.",USB仪器通信接口|通用字节流仪器通信接口,实验执行&合成设备|实验室自动化与仪器集成|实验仪器通信与驱动集成|实验仪器数据采集与联机控制|USB仪器通信接口|通用字节流仪器通信接口
USB设备连通性诊断组件,USB Device Connectivity Diagnostic Component,usb_device_description,usb_device_description,21,31,auto-assertEqual|auto-assertFalseOrRaise|auto-assertNotEqual|auto-assertRaise|auto-assertTrue|auto-bsdPath|auto-bsdPathMatches|auto-canReadWritePOSIXCommands|auto-canReadWriteUSBCommands|auto-diagnoseConnectivity|auto-hasUniquePOSIXPortMatch|auto-isValidPOSIXPath|auto-isVisible|auto-isVisibleAsPOSIXPort|auto-isVisibleOnUSBHub|auto-portCanBeOpened|auto-posixPort|auto-posixPortCanBeOpened|auto-report|auto-usbPort|auto-usbPortCanBeOpened,这是一个非实体软件组件，用于在实验系统中描述USB设备并执行连接诊断。它主要检查设备是否可见、是否映射为POSIX端口、端口路径是否有效、端口能否打开，以及是否能够进行命令读写，以帮助排查仪器与主机之间的USB连接问题。,"This is a non-physical software component used in laboratory systems to describe USB devices and perform connectivity diagnostics. It checks whether a device is visible, whether it appears as a POSIX port, whether port paths are valid, whether ports can be opened, and whether command read/write is possible, helping troubleshoot USB connections between instruments and host computers.",实验室仪器枚举器|USB仪器通信接口|串行仪器通信接口,实验执行&合成设备|实验室自动化与仪器集成|仪器发现与驱动匹配|实验仪器通信与驱动集成|实验室仪器枚举器|USB仪器通信接口|串行仪器通信接口
USBTMC 通信组件,USBTMC Communication Component,usb_driver,usb_driver,7,17,auto-build_array|auto-finalize|auto-from_bytes|auto-raw_recv|auto-raw_send|auto-recv|auto-send,用于通过 USB Test and Measurement Class（USBTMC）协议与实验仪器通信的软件组件，并非具体物理设备。它负责封装与解析 USBTMC 报文、发送命令、接收响应以及管理底层 USB 文本通信，适合连接支持 USBTMC 的测试测量仪器。,"A software component for communicating with laboratory instruments over the USB Test and Measurement Class (USBTMC) protocol, rather than a specific physical device. It handles USBTMC message construction and parsing, command transmission, response reception, and low-level USB text communication for instruments that support USBTMC.",USB仪器通信接口|通用字节流仪器通信接口,实验执行&合成设备|表征设备|实验室自动化与仪器集成|电子与电气测试|实验仪器通信与驱动集成|实验仪器数据采集与联机控制|USB仪器通信接口|通用字节流仪器通信接口
USB通信端口组件,USB Communication Port Component,usb_port,usb_port,10,17,auto-allDevices|auto-bytesAvailable|auto-close|auto-flush|auto-isNotOpen|auto-isOpen|auto-open|auto-readData|auto-readString|auto-writeData,用于实验系统中通过USB与外部设备交换数据的非物理通信组件。它提供设备枚举、端口打开与关闭、缓冲区查询与清空、字节读写以及字符串读取等基础通信能力，用于承载上层仪器协议。,"A non-physical communication component used in laboratory systems to exchange data with external devices over USB. It provides basic functions for device enumeration, opening and closing a port, checking and flushing buffers, reading and writing bytes, and reading strings, serving as a transport layer for higher-level instrument protocols.",USB仪器通信接口|通用字节流仪器通信接口|实验室仪器枚举器,实验执行&合成设备|实验室自动化与仪器集成|实验仪器通信与驱动集成|实验仪器数据采集与联机控制|USB仪器通信接口|通用字节流仪器通信接口|实验室仪器枚举器
USB列车ID采集器,USB Train ID Reader,usb_train_id,usb_train_id,2,10,auto-connect_device|auto-run,用于通过USB串行接口接收并解析列车ID与时间信息的通用设备/采集模块，可在独立进程中持续读取数据帧并将原始数据写入磁盘，以降低对主数据接收流程的影响。,A generic USB serial device/component for receiving and parsing Train ID and timing information. It runs in a separate process to continuously read framed data and write raw data to disk while minimizing impact on the main data reception path.,串行仪器通信接口|通用字节流仪器通信接口,表征设备|实验数据管理与记录|实验室自动化与仪器集成|追加式实验记录与索引访问|实验仪器数据采集与联机控制|串行仪器通信接口|通用字节流仪器通信接口
USB-CTR04/08 多通道标度计数器,USB-CTR04/08 Multi-Channel Scaler,usbctr,usbctr,22,34,auto-ContinuousMode|auto-ExternalMode|auto-InternalMode|auto-NDArrayMode|auto-ROIMode|auto-ScalerMode|auto-apply_offsets|auto-arm|auto-config_filesaver|auto-disarm|auto-erase|auto-get_arraydata|auto-mcaNread|auto-post_scan|auto-pre_scan|auto-read_all_mcas|auto-read_scaler_config|auto-readmca|auto-save_arraydata|auto-set_dwelltime|auto-start|auto-stop,Measurement Computing 的 USB-CTR04/USB-CTR08 多通道标度计数器，用于对脉冲或计数通道进行定时采集。该设备支持内部/外部模式、连续采集、标量采集、阵列采集和 ROI 模式，可启动、停止、清除并读取 MCS/MCA 数据，常用于步进扫描或连续扫描实验中的计数信号采集。,"Measurement Computing USB-CTR04/USB-CTR08 multi-channel scaler for time-resolved pulse or count acquisition. It supports internal and external modes, continuous, scaler, array, and ROI acquisition modes, and can start, stop, erase, and read MCS/MCA data for step-scan or slew-scan experiments.",标量计数器,表征设备|智慧表征与检测中心|同步计数与探测器通道监测|瞬态信号采集与同步触发测量|标量计数器
USBTMC通信组件,USBTMC Communicator,usbtmc_communicator,usbtmc_communicator,11,22,auto-address|auto-close|auto-flush_input|auto-read|auto-read_raw|auto-seek|auto-tell|auto-terminator|auto-timeout|auto-write|auto-write_raw,用于实验系统与支持 USBTMC 的测试测量仪器之间进行读写通信的非实体通信组件。它封装了基于 USBTMC 的连接，提供地址、终止符、超时等属性管理，以及文本和原始字节的读取、写入与连接关闭等文件式 I/O 操作。,"A non-physical communication component used to read from and write to USBTMC-compatible test and measurement instruments in laboratory systems. It wraps a USBTMC connection and provides property management for address, terminator, and timeout, along with file-like I/O operations such as text/raw byte read, write, and connection close.",USB仪器通信接口|通用字节流仪器通信接口,实验执行&合成设备|实验室自动化与仪器集成|实验仪器通信与驱动集成|实验仪器数据采集与联机控制|USB仪器通信接口|通用字节流仪器通信接口
USBTMC通信抽象组件,USBTMC Communication Abstraction,usbtmc_device,usbtmc_device,3,11,auto-ask|auto-read|auto-write,一个非物理的软件组件，用于以简化的类VISA接口与支持USBTMC的实验仪器通信。它在实验自动化中提供基本的写入、读取和查询能力，适合把命令转发到示波器、万用表、电源等兼容USBTMC的设备。,"A non-physical software component that provides a minimal VISA-like interface for communicating with USBTMC-capable laboratory instruments. In lab automation, it offers basic write, read, and query operations for forwarding commands to compatible devices such as oscilloscopes, multimeters, and power supplies.",USB仪器通信接口|VISA消息式仪器,实验执行&合成设备|实验室自动化与仪器集成|实验仪器通信与驱动集成|实验仪器数据采集与联机控制|USB仪器通信接口|VISA消息式仪器
USBTMC 通信组件,USBTMC Communication Component,usbtmc_driver,usbtmc_driver,4,17,auto-build_array|auto-from_bytes|auto-recv|auto-send,一个非物理的软件通信组件，用于通过 USB Test and Measurement Class（USBTMC）协议与实验仪器交换文本命令和响应。它主要负责封装、发送、接收和解析 USBTMC 消息，适合用于基于 USB 的通用测试测量仪器控制。,"A non-physical software communication component for exchanging text commands and responses with laboratory instruments over the USB Test and Measurement Class (USBTMC) protocol. It mainly handles packaging, sending, receiving, and parsing USBTMC messages for control of generic USB-based test and measurement instruments.",USB仪器通信接口|通用字节流仪器通信接口,实验执行&合成设备|实验室自动化与仪器集成|实验仪器通信与驱动集成|实验仪器数据采集与联机控制|USB仪器通信接口|通用字节流仪器通信接口
USB-TMC实验光源,USB-TMC Light Source,usbtmclight,usbtmclight,12,26,auto-activate_recipe|auto-get_intensity|auto-get_run_status|auto-get_runtime|auto-get_status|auto-get_temperatures|auto-off|auto-on|auto-query_on_state|auto-set_intensity|auto-set_runtime|auto-set_state,通过 USB-TMC 通信控制的实验室光源，可进行开关、光强设定、运行时长设定、状态查询、温度读取和预设配方激活，适用于实验中的照明、激发或定时曝光场景。,"A laboratory light source controlled over USB-TMC communication, supporting on/off control, intensity setting, runtime setting, status queries, temperature readout, and preset recipe activation for lab illumination, excitation, or timed exposure tasks.",实验室可控光源,实验执行&合成设备|光学与光谱实验|实验照明与光激发|实验室可控光源
是德科技 UXRxxx2A 双通道示波器,Keysight UXRxxx2A 2-Channel Oscilloscope,ux_rxxx2_a,ux_rxxx2_a,2,12,auto-measureStatistics|auto-setupAutoscale,用于控制和读取是德科技 UXRxxx2A/UXRxxx2AP 系列双通道示波器的高速测量仪器，可用于采集、观察和分析电子信号波形，并执行自动缩放与测量统计等实验操作。,"A high-performance measurement instrument for controlling and reading a Keysight UXRxxx2A/UXRxxx2AP series 2-channel oscilloscope, used in the lab to acquire, view, and analyze electronic signal waveforms and to perform operations such as autoscaling and measurement statistics.",数字存储示波器,表征设备|电子与电气测试|智慧表征与检测中心|瞬态信号采集与同步触发测量|射频与电子电路测试|数字存储示波器
是德科技 UXRxxx4A 四通道示波器,Keysight UXRxxx4A 4-Channel Oscilloscope,ux_rxxx4_a,ux_rxxx4_a,2,12,auto-measureStatistics|auto-setupAutoscale,用于控制与读取是德科技 UXRxxx4A/UXRxxx4AP 四通道示波器的高速示波测量设备，可用于实验中的波形采集、信号观察与自动量测。,"A high-performance oscilloscope used to control and read a Keysight UXRxxx4A/UXRxxx4AP 4-channel oscilloscope for waveform acquisition, signal observation, and automated measurements in laboratory experiments.",数字存储示波器,表征设备|电子与电气测试|智慧表征与检测中心|瞬态信号采集与同步触发测量|射频与电子电路测试|数字存储示波器
xArm协作机械臂,xArm Collaborative Robot,uxbus_cmd,uxbus_cmd,193,204,auto-cali_tcp_orient|auto-cali_tcp_pose|auto-cali_user_orient|auto-cali_user_pos|auto-cancel_timer|auto-cgpio_delay_set_digital|auto-cgpio_get_analog1|auto-cgpio_get_analog2|auto-cgpio_get_auxdigit|auto-cgpio_get_state|auto-cgpio_position_set_analog|auto-cgpio_position_set_digital|auto-cgpio_set_analog1|auto-cgpio_set_analog2|auto-cgpio_set_auxdigit|auto-cgpio_set_infun|auto-cgpio_set_outfun|auto-check_feedback|auto-check_verification|auto-clean_conf|auto-clean_err|auto-clean_war|auto-cnter_plus|auto-cnter_reset|auto-config_force_control|auto-config_io_stop_reset|auto-ft_sensor_app_get|auto-ft_sensor_app_set|auto-ft_sensor_cali_load|auto-ft_sensor_enable|auto-ft_sensor_get_config|auto-ft_sensor_get_data|auto-ft_sensor_get_error|auto-ft_sensor_iden_load|auto-ft_sensor_set_zero|auto-get_allow_approx_motion|auto-get_cmdnum|auto-get_common_info|auto-get_common_param|auto-get_dh_params|auto-get_err_code|auto-get_fk|auto-get_hd_types|auto-get_ik|auto-get_joint_pos|auto-get_joint_states|auto-get_joint_tau|auto-get_max_joint_velocity|auto-get_movement|auto-get_nfp32|auto-get_nfp32_with_datas|auto-get_nu16|auto-get_nu8|auto-get_pose_offset|auto-get_position_aa|auto-get_power_board_version|auto-get_reduced_mode|auto-get_reduced_states|auto-get_report_tau_or_i|auto-get_robot_sn|auto-get_safe_level|auto-get_state|auto-get_tcp_pose|auto-get_tcp_rotation_radius|auto-get_traj_rw_status|auto-get_traj_speeding|auto-get_version|auto-getset_nu8|auto-gripper_addr_r16|auto-gripper_addr_r32|auto-gripper_addr_w16|auto-gripper_addr_w32|auto-gripper_clean_err|auto-gripper_get_errcode|auto-gripper_get_pos|auto-gripper_modbus_clean_err|auto-gripper_modbus_get_errcode|auto-gripper_modbus_get_pos|auto-gripper_modbus_r16s|auto-gripper_modbus_set_en|auto-gripper_modbus_set_mode|auto-gripper_modbus_set_pos|auto-gripper_modbus_set_posspd|auto-gripper_modbus_set_zero|auto-gripper_modbus_w16s|auto-gripper_set_en|auto-gripper_set_mode|auto-gripper_set_pos|auto-gripper_set_posspd|auto-gripper_set_zero|auto-iden_joint_friction|auto-iden_load|auto-iden_tcp_load|auto-is_joint_limit|auto-is_nfp32|auto-is_tcp_limit|auto-last_comm_time|auto-linear_motor_modbus_r16s|auto-linear_motor_modbus_w16s|auto-load_traj|auto-motion_en|auto-move_circle|auto-move_circle_common|auto-move_gohome|auto-move_joint|auto-move_jointb|auto-move_line|auto-move_line_aa|auto-move_line_common|auto-move_line_tool|auto-move_lineb|auto-move_relative|auto-move_servo_cart_aa|auto-move_servo_cartesian|auto-move_servoj|auto-playback_traj|auto-playback_traj_old|auto-recv_modbus_response|auto-reload_dynamics|auto-save_conf|auto-save_traj|auto-send_hex_cmd|auto-send_modbus_request|auto-servo_addr_r16|auto-servo_addr_r32|auto-servo_addr_w16|auto-servo_addr_w32|auto-servo_error_addr_r32|auto-servo_get_dbmsg|auto-servo_set_zero|auto-set_admittance|auto-set_admittance_config|auto-set_admittance_mbk|auto-set_allow_approx_motion|auto-set_brake|auto-set_cartesian_velo_continuous|auto-set_collis_reb|auto-set_collis_sens|auto-set_collision_tool_model|auto-set_common_param|auto-set_debug|auto-set_dh_params|auto-set_feedback_type|auto-set_fense_on|auto-set_force_control_pid|auto-set_gravity_dir|auto-set_joint_jerk|auto-set_joint_maxacc|auto-set_modbus_baudrate|auto-set_modbus_tcp_data|auto-set_modbus_timeout|auto-set_mode|auto-set_nfp32|auto-set_nfp32_with_bytes|auto-set_nint32|auto-set_nu16|auto-set_nu8|auto-set_record_traj|auto-set_reduced_jointspeed|auto-set_reduced_jrange|auto-set_reduced_linespeed|auto-set_reduced_mode|auto-set_report_tau_or_i|auto-set_safe_level|auto-set_self_collision_detection|auto-set_simulation_robot|auto-set_state|auto-set_tcp_jerk|auto-set_tcp_load|auto-set_tcp_maxacc|auto-set_tcp_offset|auto-set_teach_sens|auto-set_timeout|auto-set_timer|auto-set_world_offset|auto-set_xyz_limits|auto-sleep_instruction|auto-state_is_ready|auto-swop_nfp32|auto-system_control|auto-tgpio_addr_r16|auto-tgpio_addr_r32|auto-tgpio_addr_w16|auto-tgpio_addr_w32|auto-tgpio_delay_set_digital|auto-tgpio_get_analog1|auto-tgpio_get_analog2|auto-tgpio_get_digital|auto-tgpio_position_set_digital|auto-tgpio_set_digital|auto-tgpio_set_modbus|auto-vc_set_jointv|auto-vc_set_linev,用于实验室自动化的协作机械臂，可执行关节与笛卡尔运动、轨迹录制与回放，并控制夹爪、工具端/控制器IO、Modbus外设以及力/力矩传感与力控功能。,"A collaborative robot for laboratory automation that supports joint and Cartesian motion, trajectory recording and playback, and control of grippers, tool/controller I/O, Modbus peripherals, and force-torque sensing and force-control functions.",机械臂,物流/机械|机器人与移动平台|实验室自动化与仪器集成|实验室机械臂自动化与样品搬运|实验室机器人操作与样品转运|机械臂
UxBus 串口协议通信组件,UxBus Serial Protocol Communication Component,uxbus_cmd_ser,uxbus_cmd_ser,7,16,auto-check_private_protocol|auto-check_protocol_header|auto-get_protocol_identifier|auto-has_err_warn|auto-recv_modbus_response|auto-send_modbus_request|auto-set_protocol_identifier,这是一个非物理的软件通信组件，用于通过串口封装、发送、接收并校验 UxBus/Modbus 风格的协议报文。它主要服务于实验系统中的设备通信流程，例如设置协议标识、检查协议头、处理私有协议以及收发请求与响应数据。,"This is a non-physical software communication component used to package, send, receive, and validate UxBus/Modbus-style protocol frames over serial links. It supports lab-system device communications such as setting protocol identifiers, checking protocol headers, handling private protocol formats, and transferring request/response data.",串行仪器通信接口|通用字节流仪器通信接口,实验执行&合成设备|实验室自动化与仪器集成|过程控制与工业仪表实验|Modbus协议调试与报文分析|实验仪器通信与驱动集成|串行仪器通信接口|通用字节流仪器通信接口
UXBus TCP/Modbus 通信协议组件,UXBus TCP/Modbus Protocol Component,uxbus_cmd_tcp,uxbus_cmd_tcp,17,30,auto-check_private_protocol|auto-check_protocol_header|auto-get_protocol_identifier|auto-has_err_warn|auto-mask_write_holding_register|auto-read_coil_bits|auto-read_holding_registers|auto-read_input_bits|auto-read_input_registers|auto-recv_modbus_response|auto-send_modbus_request|auto-set_protocol_identifier|auto-write_and_read_holding_registers|auto-write_multiple_coil_bits|auto-write_multiple_holding_registers|auto-write_single_coil_bit|auto-write_single_holding_register,这是一个非实体的软件通信组件，用于通过 TCP 封装、发送和解析 UXBus/Modbus 请求与响应报文。它提供线圈、离散输入、保持寄存器和输入寄存器的读写操作，适合在实验自动化系统中把上层控制程序与支持该协议的网络设备连接起来。,"This is a non-physical software communication component that packages, sends, and parses UXBus/Modbus request and response frames over TCP. It provides read/write access to coils, discrete inputs, holding registers, and input registers, and is used in lab automation to connect higher-level control software to networked devices that speak this protocol.",Modbus TCP客户端,实验执行&合成设备|实验室自动化与仪器集成|过程控制与工业仪表实验|Modbus协议调试与报文分析|实验仪器数据采集与联机控制|Modbus TCP客户端
是德科技 UXR 系列示波器,Keysight UXR Series Oscilloscope,uxr,uxr,2,13,auto-measureStatistics|auto-setupAutoscale,用于采集和分析高速电子信号波形的高带宽实时示波器，支持测量统计读取与通道自动缩放设置，常用于电子测试、信号完整性分析和高速电路表征。,"A high-bandwidth real-time oscilloscope for acquiring and analyzing high-speed electronic waveforms. It supports reading measurement statistics and configuring channel autoscale, and is commonly used for electronic testing, signal integrity analysis, and high-speed circuit characterization.",数字存储示波器,表征设备|电子与电气测试|瞬态信号采集与同步触发测量|射频与电子电路测试|数字存储示波器
安捷伦 VSpin 离心机,Agilent VSpin Centrifuge,v_spin_backend,v_spin_backend,31,52,auto-bucket_1_remainder|auto-close_door|auto-configure_and_initialize|auto-g_to_rpm|auto-get_bucket_1_position|auto-get_bucket_locked|auto-get_door_locked|auto-get_door_open|auto-get_home_position|auto-get_position|auto-get_status|auto-get_tachometer|auto-go_to_bucket1|auto-go_to_bucket2|auto-go_to_position|auto-initialize|auto-load|auto-lock_bucket|auto-lock_door|auto-open_door|auto-park|auto-send_command|auto-serialize|auto-set_bucket_1_position_to_current|auto-set_configuration_data|auto-setup|auto-spin|auto-stop|auto-unload|auto-unlock_bucket|auto-unlock_door,用于实验室样品离心处理的自动化离心机，可进行转子位置控制、开关门、门锁与桶锁控制，并按设定的相对离心力或转速执行离心程序。,"An automated laboratory centrifuge for sample separation, supporting rotor positioning, door open/close control, door and bucket locking, and spin programs based on target relative centrifugal force or RPM.",离心机,备料&前处理设备|实验室自动化与仪器集成|液体样品离心分离与前处理|离心机|样品分离与前处理
Hamilton Vantage自动化移液工作站,Hamilton Vantage liquid handling workstation,vantage_backend,vantage_backend,106,122,auto-arm_pre_initialize|auto-arm_request_instrument_initialization_status|auto-aspirate|auto-aspirate96|auto-calculates_check_sums_and_compares_them_with_the_value_saved_in_flash_eprom|auto-can_pick_up_tip|auto-check_fw_string_error|auto-core96_aspiration_of_liquid|auto-core96_dispensing_of_liquid|auto-core96_empty_washed_tips|auto-core96_initialize|auto-core96_move_to_defined_position|auto-core96_query_tip_presence|auto-core96_request_initialization_status|auto-core96_request_position|auto-core96_request_tadm_error_status|auto-core96_search_for_teach_in_signal_in_x_direction|auto-core96_set_any_parameter|auto-core96_tip_discard|auto-core96_tip_pick_up|auto-core96_wash_tips|auto-define_tip_needle|auto-discard_core_gripper_tool|auto-disco_mode|auto-dispense|auto-dispense96|auto-dispense_on_fly|auto-drop_resource|auto-drop_tips|auto-drop_tips96|auto-expose_channel_n|auto-get_id_from_fw_response|auto-grip_plate|auto-ipg_expose_channel_n|auto-ipg_get_parking_status|auto-ipg_grip_plate|auto-ipg_initialize|auto-ipg_move_to_defined_position|auto-ipg_park|auto-ipg_prepare_gripper_orientation|auto-ipg_put_plate|auto-ipg_query_tip_presence|auto-ipg_release_object|auto-ipg_request_access_range|auto-ipg_request_actual_angular_dimensions|auto-ipg_request_configuration|auto-ipg_request_initialization_status|auto-ipg_request_position|auto-ipg_search_for_teach_in_signal_in_x_direction|auto-ipg_set_any_parameter_within_this_module|auto-loading_cover_initialize|auto-loading_cover_request_initialization_status|auto-module_id_length|auto-move_channel_x|auto-move_channel_y|auto-move_channel_z|auto-move_picked_up_resource|auto-move_to_defined_position|auto-move_to_position|auto-nano_pulse_dispense|auto-num_channels|auto-pick_up_resource|auto-pick_up_tips|auto-pick_up_tips96|auto-pip_aspirate|auto-pip_dispense|auto-pip_initialize|auto-pip_request_initialization_status|auto-pip_tip_discard|auto-pip_tip_pick_up|auto-position_all_channels_in_y_direction|auto-position_all_channels_in_z_direction|auto-position_single_channel_in_y_direction|auto-position_single_channel_in_z_direction|auto-prepare_for_manual_channel_operation|auto-put_plate|auto-query_tip_presence|auto-release_object|auto-request_channel_dispense_on_fly_status|auto-request_height_of_last_lld|auto-request_y_position_of_channel_n|auto-request_y_positions_of_all_channels|auto-request_z_position_of_channel_n|auto-request_z_positions_of_all_channels|auto-russian_roulette|auto-search_for_teach_in_signal_in_x_direction|auto-set_any_parameter_within_this_module|auto-set_led_color|auto-set_loading_cover|auto-set_minimum_traversal_height|auto-setup|auto-simultaneous_aspiration_dispensation_of_liquid|auto-teach_rack_using_channel_n|auto-wash_tips|auto-x_arm_initialize|auto-x_arm_move_arm_relatively_in_x|auto-x_arm_move_to_x_position|auto-x_arm_move_to_x_position_with_all_attached_components_in_z_safety_position|auto-x_arm_request_arm_x_position|auto-x_arm_request_error_code|auto-x_arm_request_x_drive_recorded_data|auto-x_arm_search_x_for_teach_signal|auto-x_arm_send_message_to_motion_controller|auto-x_arm_set_any_parameter_within_this_module|auto-x_arm_set_x_drive_angle_of_alignment|auto-x_arm_turn_x_drive_off,Hamilton Vantage 自动化移液工作站，用于实验室自动移液、吸头装卸、液体吸取与分配、96通道板级处理、液面探测，以及通过集成夹爪搬运微孔板等实验耗材。,"The Hamilton Vantage is an automated liquid handling workstation used for laboratory pipetting, tip pickup and ejection, liquid aspiration and dispensing, 96-channel plate processing, liquid level detection, and moving microplates or other labware with an integrated gripper.",移液工作站,备料&前处理设备|实验执行&合成设备|实验室自动化与仪器集成|溶液配制与反应|移液站产品|液体输送与定量分配|实验室机械臂自动化与样品搬运|移液工作站
可变控制针阀,Variable Controlled Needle Valve,vcn,vcn,4,16,auto-calc_lightpath_state|auto-check_value|auto-close_override|auto-interlocked,一种用于真空系统的可调针阀，用于连续控制两侧气体体积之间的流量，而不是仅进行全开或全关切换。常用于真空管路中的气体导入、抽气平衡或细致流量调节。,"An adjustable needle valve for vacuum systems that continuously controls flow between two gas volumes rather than simply switching fully open or closed. It is commonly used for gas dosing, pumping balance, or fine flow regulation in vacuum lines.",可调针阀,实验执行&合成设备|真空系统与高真空实验|气体输送与过程控制|高真空/超高真空腔体与仪器配套|气体供给与混气控制|可调针阀
VDI PM5B功率计,VDI PM5B Power Meter,vdipm5_b,vdipm5_b,5,13,auto-decoderD|auto-decoderVC|auto-padding|auto-query|auto-reading_formula,用于与 VDI PM5B 功率计通信，获取功率读数，并解析量程、状态与固件版本信息，适合实验中的射频或微波功率测量。,"Communicates with the VDI PM5B power meter to obtain power readings and parse range, status, and firmware version information for RF or microwave power measurements in laboratory experiments.",射频功率计,表征设备|电子与电气测试|射频与电子电路测试|射频功率计
垂直反射镜模拟组件,Vertical Mirror Simulator,vertical_mirror,vertical_mirror,3,10,auto-derived_to_raw|auto-raw_to_derived|auto-set,非物理软件组件，用于在实验控制中模拟双支撑/双千斤顶垂直反射镜的运动与几何换算。它支持原始执行量与派生镜面参数之间的转换，并可按派生目标参数进行设定，适合测试控制逻辑与坐标变换。,"A non-physical software component that simulates a two-support/two-jack vertical mirror for experiment control. It converts between raw actuator values and derived mirror parameters, and allows the mirror state to be set using derived targets, making it useful for testing control logic and coordinate transforms.",光学反射镜运动学模拟器,实验执行&合成设备|光学与光谱实验|精密定位与运动控制|实验设备模拟与流程调试|样品/探针定位与运动控制|光学反射镜运动学模拟器
MPB VFL 激光器,MPB VFL laser,vfl,vfl,19,29,auto-ctl_mode|auto-current_sp|auto-enabled|auto-idn|auto-ld_current|auto-ld_temp|auto-power|auto-power_sp|auto-shg_temp|auto-shg_temp_sp|auto-shg_tune_info|auto-shg_tuning|auto-status|auto-tec_current|auto-tec_temp|auto-tune_shg|auto-tune_shg_async|auto-tune_shg_stop|auto-tune_shg_stop_async,由 MPB Communications 提供的串口控制激光器，可开关激光输出，在恒流或恒功率模式下设置激光二极管电流与输出功率，并读取发射功率、激光二极管和 TEC 状态；还支持 SHG（二次谐波）温度设定与调谐，适用于实验中的激光输出控制和运行状态监测。,"A serial-controlled laser from MPB Communications. It can enable or disable laser emission, operate in current-control or power-control mode, set laser diode current and output power, and read emission power plus laser diode and TEC status. It also supports SHG temperature setpoint control and SHG tuning for laboratory laser output control and health monitoring.",实验室激光光源,实验执行&合成设备|光学与光谱实验|激光激发与光谱测量|实验室激光光源
视频文件帧采集源,Video File Capture,video_file_capture,video_file_capture,8,23,auto-connect|auto-disconnect|auto-enable_auto_exposure|auto-set_exposure|auto-set_frame_size|auto-set_gain|auto-start_async|auto-stop,这是一个非物理的软件视频源组件，用于从视频文件中读取并持续提供图像帧。它可连接到文件路径、在后台线程中连续抓取最新帧，并用于实验视频回放、图像处理流程测试或在没有真实相机时模拟视频输入。,"This is a non-physical software video source component that reads and serves image frames from a video file. It can connect to a file path, continuously capture frames in a background thread, and is used for experiment video playback, image-processing pipeline testing, or simulating camera input when no real camera is present.",视频文件采集源,表征设备|实验计算与数据处理|离线图像回放与虚拟相机输入|实验成像与机器视觉|视频文件采集源
二维数据视图组件,2D Data Viewer,view2_d,view2_d,34,123,auto-add_roi_displayer|auto-clear_plot_item|auto-collapse_lineout_widgets|auto-connect_things|auto-display_crosshair_lineouts|auto-display_images|auto-display_roi_lineouts|auto-lock_aspect_ratio|auto-move_left_splitter|auto-move_right_splitter|auto-move_scale_roi_target|auto-notify_visibility_data_displayer|auto-prepare_image_widget_for_lineouts|auto-prepare_ui|auto-remove_roi_displayer|auto-roi_clicked|auto-scale_axis|auto-set_axis_label|auto-set_axis_scaling|auto-set_crosshair_position|auto-set_image_displayer|auto-set_image_labels|auto-setup_actions|auto-setup_graphs|auto-setup_widgets|auto-show_ROI_select|auto-show_hide_crosshair|auto-show_hide_histogram|auto-show_legend|auto-show_lineout_widgets|auto-show_roi_target|auto-unscale_axis|auto-update_colors|auto-update_roi_channels,一个用于实验软件中的非物理二维数据显示组件，用于绘制和操作图像数据。它支持图像显示、ROI 区域、十字光标、线剖面、直方图、图例、坐标轴标签与缩放，常用于相机图像或扫描成像结果的实时可视化与分析。,"A non-physical 2D data visualization component used in laboratory software to plot and manipulate image data. It supports image display, ROIs, crosshair, lineouts, histogram, legend, axis labels, and axis scaling, and is commonly used for real-time visualization and analysis of camera images or scanned imaging data.",感兴趣区图形标注器|二维科学数据查看器,表征设备|实验数据可视化与分析|多维实验数据可视化|科学图像区域标注与感兴趣区分析|感兴趣区图形标注器|二维科学数据查看器
一维数据查看器,1D Data Viewer,viewer1_d,viewer1_d,14,83,auto-activate_roi|auto-add_plot_item|auto-crosshair_changed|auto-double_clicked|auto-labels|auto-move_roi_target|auto-prepare_connect_ui|auto-process_crosshair_lineouts|auto-process_roi_lineouts|auto-roi_changed|auto-selected_region_changed|auto-set_crosshair_position|auto-update_colors|auto-update_status,用于实验数据可视化的非物理软件组件，可在图形界面中显示一维 DataWithAxis 数据，并提供十字光标、ROI、线剖面、标签和状态文本等交互功能。,"A non-physical software component for experimental data visualization. It displays 1D DataWithAxis data in a GUI and provides interactive features such as crosshairs, ROIs, lineouts, labels, and status text.",科学数据显示项|一维科学数据查看器,表征设备|实验数据可视化与分析|多维实验数据可视化|科学数据显示项|一维科学数据查看器
多维数据查看器,ND Data Viewer,viewer_nd,viewer_nd,11,51,auto-connect_things|auto-prepare_ui|auto-reshape_data|auto-set_data_test|auto-setup_actions|auto-setup_widgets|auto-show_settings|auto-update_data_dim|auto-update_data_displayer|auto-update_filters|auto-update_widget_visibility,用于实验数据可视化的非物理软件组件。它面向多维数据的过滤、重排与显示，可根据均匀或非均匀采样数据选择合适的数据展示方式，并支持导航轴及最高到二维信号图像的显示，适合在实验过程中浏览和检查多维测量结果。,"A non-physical software component for experimental data visualization. It filters, reshapes, and displays multidimensional data, selects suitable display logic for uniformly or non-uniformly spaced datasets, and supports navigation axes with signal display up to 2D images. It is used to browse and inspect multidimensional measurement results during experiments.",二维科学数据查看器|一维科学数据查看器,表征设备|实验数据可视化与分析|多维实验数据可视化|二维科学数据查看器|一维科学数据查看器
虚拟CAN总线,Virtual CAN Bus,virtual_bus,virtual_bus,3,13,auto-get_extra|auto-send|auto-shutdown,基于内部消息队列的非物理虚拟CAN总线组件，用于测试和仿真。它通过任意通道标识连接多个软件总线实例，在同一逻辑通道上传递CAN消息，提供可靠的消息投递与顺序保证，但不直接连接或控制真实硬件设备。,"A non-physical virtual CAN bus component based on an internal message queue, intended for testing and simulation. It connects multiple software bus instances through an arbitrary channel identifier and passes CAN messages on the same logical channel, providing reliable delivery and message ordering without directly interfacing with real hardware.",CAN总线接口,实验执行&合成设备|实验网络与协议集成|CAN总线设备调试与集成|实验设备模拟与流程调试|CAN总线接口
VISA通信传输层,VISA Transfer Layer,visa,visa,5,12,auto-close|auto-init|auto-query|auto-read|auto-write,基于 pyVISA 的通用 VISA 通信软件组件，用于通过 GPIB、RS232、USB 或以太网与实验仪器建立会话并收发数据。本身不是具体的物理实验设备，而是面向多种仪器的通信接口层。,"A generic VISA communication software component based on pyVISA, used to open sessions and exchange data with laboratory instruments over GPIB, RS232, USB, or Ethernet. It is not a specific physical lab device, but a communication layer for many kinds of instruments.",SCPI/VISA仪器控制客户端|通用字节流仪器通信接口,实验执行&合成设备|实验室自动化与仪器集成|实验仪器通信与驱动集成|SCPI/VISA仪器控制客户端|通用字节流仪器通信接口
VISA通信器,VISA Communicator,visa_communicator,visa_communicator,11,25,auto-address|auto-close|auto-flush_input|auto-read_raw|auto-read_termination|auto-seek|auto-tell|auto-terminator|auto-timeout|auto-write_raw|auto-write_termination,非物理软件通信组件，将 VISA/pyVISA 连接封装为类文件对象，用于在实验系统中按资源名访问兼容 VISA 的仪器会话，并管理原始字节读写、终止符、超时和输入缓冲区。,"A non-physical software communication component that exposes a VISA/pyVISA connection as a file-like object for laboratory systems. It is used to access VISA-compatible instrument sessions by resource name and manage raw byte I/O, termination settings, timeouts, and input-buffer handling.",SCPI/VISA仪器控制客户端|通用字节流仪器通信接口,实验执行&合成设备|实验室自动化与仪器集成|实验仪器通信与驱动集成|实验仪器数据采集与联机控制|SCPI/VISA仪器控制客户端|通用字节流仪器通信接口
Voltech PM1000+功率分析仪,Voltech PM1000+ Power Analyzer,voltech_pm1000_p,voltech_pm1000_p,1,7,query,用于电功率参数测量的台式功率分析仪，可在实验中对电压、电流、功率等电气量进行分析与读取。该设备通过 IEEE-488 接口进行仪器通信。,"A benchtop power analyzer for measuring electrical power parameters, used in laboratory experiments to analyze and read quantities such as voltage, current, and power. The instrument communicates via an IEEE-488 interface.",VISA消息式仪器,表征设备|电子与电气测试|通用电学参数测量|电力参数监测与能耗计量|VISA消息式仪器
变温实验控制后端与界面组件,Variable-Temperature Experiment Control Backend and GUI Component,vt__backend,vt__backend,14,39,auto-configure_instruments|auto-connect|auto-create_widgets|auto-get_measurement|auto-get_temperature|auto-log|auto-set_heater_range|auto-set_setpoint|auto-set_ui_state|auto-setup_styles|auto-shutdown|auto-start_experiment|auto-start_ramp|auto-stop_experiment,一个非物理的软件组件，用于协调 Keithley 2400、Keithley 2182 和 Lakeshore 350 的连接、配置、温度斜坡控制、测量采集以及实验界面状态管理，适合变温电学测量流程。,"A non-physical software component that coordinates connection, configuration, temperature ramp control, measurement acquisition, and GUI state management for a Keithley 2400, Keithley 2182, and Lakeshore 350 in variable-temperature electrical measurement workflows.",联合实验控制后端|SCPI/VISA仪器控制客户端,表征设备|电子与电气测试|环境控制与稳定性测试|I-V扫描与电输运测量|外接设备恒温控制|联合实验控制后端|SCPI/VISA仪器控制客户端
被动监测实验界面后端,Passive Monitoring GUI Backend,vt__backend__passive,vt__backend__passive,10,34,auto-configure_instruments|auto-connect|auto-create_widgets|auto-get_measurement|auto-log|auto-set_ui_state|auto-setup_styles|auto-shutdown|auto-start_experiment|auto-stop_experiment,一个非物理的软件组件，用于被动监测实验的界面与通信协调。它负责通过 VISA 连接并配置 Keithley 2400、Keithley 2182 和 Lakeshore 温控相关仪器，读取测量值与温度数据，并管理实验启动、停止、日志和界面状态。,"A non-physical software component for coordinating the GUI and instrument communication in a passive monitoring experiment. It connects to and configures Keithley 2400, Keithley 2182, and Lakeshore temperature-control-related instruments over VISA, acquires measurement and temperature data, and manages experiment start/stop, logging, and UI state.",联合实验控制后端|实验控制仪表板,表征设备|电子与电气测试|环境控制与稳定性测试|仪表读数与状态监测|过程变量监测与日志记录|联合实验控制后端|实验控制仪表板
VXI-11通信组件,VXI-11 Communicator,vxi11_communicator,vxi11_communicator,9,20,auto-address|auto-close|auto-flush_input|auto-read_raw|auto-seek|auto-tell|auto-terminator|auto-timeout|auto-write_raw,用于通过以太网 VXI-11 协议连接测试测量设备的非实体通信组件。它提供连接地址、终止符和超时等通信属性管理，并支持原始字节读写与连接关闭，适合实验系统中对支持 VXI-11 的仪器进行底层通信。,"A non-physical communication component for connecting to test and measurement instruments over Ethernet using the VXI-11 protocol. It manages communication properties such as address, terminator, and timeout, and supports raw byte read/write and connection closing for low-level control of VXI-11-capable instruments in laboratory systems.",通用字节流仪器通信接口,实验执行&合成设备|实验室自动化与仪器集成|实验仪器通信与驱动集成|通用字节流仪器通信接口
VXI-11仪器通信客户端,VXI-11 Instrument Communication Client,vxi11_driver,vxi11_driver,42,51,auto-clear|auto-create_intr_chan|auto-create_link|auto-destroy_intr_chan|auto-destroy_link|auto-device_clear|auto-device_docmd|auto-device_enable_srq|auto-device_local|auto-device_lock|auto-device_read|auto-device_read_stb|auto-device_remote|auto-device_trigger|auto-device_unlock|auto-device_write|auto-finalize|auto-initialize|auto-local|auto-lock|auto-pack_create_link_parms|auto-pack_device_docmd_parms|auto-pack_device_enable_srq_parms|auto-pack_device_generic_parms|auto-pack_device_link|auto-pack_device_lock_parms|auto-pack_device_read_parms|auto-pack_device_remote_func_parms|auto-pack_device_write_parms|auto-read_raw|auto-read_stb|auto-remote|auto-trigger|auto-unlock|auto-unpack_create_link_resp|auto-unpack_device_docmd_resp|auto-unpack_device_error|auto-unpack_device_link|auto-unpack_device_read_resp|auto-unpack_device_read_stb_resp|auto-unpack_device_write_resp|auto-write_raw,用于通过 VXI-11/RPC 协议与网络实验仪器建立连接并交换数据的非物理软件组件。它提供原始读写、状态字读取、触发、清除、远程/本地切换、锁定控制，以及底层链路创建、打包与解包等通用通信功能，适合在实验自动化中连接支持 VXI-11 的仪器。,"A non-physical software component for connecting to and exchanging data with networked laboratory instruments via the VXI-11/RPC protocol. It provides raw read/write, status-byte reading, trigger, clear, remote/local switching, lock control, and low-level link creation plus packet packing/unpacking for automation workflows with VXI-11-capable instruments.",通用字节流仪器通信接口,实验执行&合成设备|实验室自动化与仪器集成|实验仪器通信与驱动集成|分布式实验控制与远程过程调用|通用字节流仪器通信接口
NI-DAQ任务等待线程,NI-DAQ Task Wait Thread,wait_thread,wait_thread,2,29,auto-close|auto-run,用于实验控制流程中的非物理软件组件。它以线程方式连接任务对象、运行等待逻辑并执行关闭操作，适合配合 NI-DAQ 相关任务的异步执行与生命周期管理。,"A non-physical software component used in laboratory control workflows. It runs as a thread to attach to a task object, execute waiting logic, and handle closure, supporting asynchronous execution and lifecycle management of NI-DAQ-related tasks.",DAQ系统管理器,实验执行&合成设备|实验室自动化与仪器集成|实验仪器数据采集与联机控制|DAQ系统管理器
Wasatch 拉曼演示程序,Wasatch Raman Demo Application,wasatch_demo,wasatch_demo,3,12,auto-connect|auto-parse_args|auto-run,用于拉曼实验演示的非物理软件组件。它负责解析命令行参数、连接激光驱动板与 IDS 相机，并在运行循环中协调采集光谱或图像、按需触发激光以及保存数据文件与 PNG 结果。,"A non-physical software component for Raman experiment demonstration. It parses command-line arguments, connects to a laser driver board and an IDS camera, and coordinates spectrum or image acquisition in a run loop, optionally firing the laser and saving data files and PNG outputs.",光谱采集控制软件,表征设备|智慧表征与检测中心|光学与光谱实验|光谱采集与检测|激光激发与光谱测量|实验成像与过程监测|光谱采集控制软件
Wasatch USB光谱仪,Wasatch USB Spectrometer,wasatch_device,wasatch_device,16,25,auto-acquire_area_scan|auto-acquire_data|auto-acquire_spectrum|auto-acquire_spectrum_auto_raman|auto-acquire_spectrum_standard|auto-balance_acquisition|auto-change_setting|auto-connect|auto-connect_feature_identification|auto-disconnect|auto-handle_requests|auto-initialize_settings|auto-monitor_memory|auto-perform_optional_throwaways|auto-process_commands|auto-take_one_averaged_reading,通过 FID 协议控制 Wasatch Photonics USB 2.0 光谱仪的设备接口，用于采集光谱数据，并支持扫描平均、Auto-Raman、区域扫描、激光相关测量以及温度与状态信息读取，适用于拉曼和通用光谱实验。,"A device interface for controlling Wasatch Photonics USB 2.0 spectrometers over the FID protocol. It is used for spectral acquisition and supports scan averaging, Auto-Raman, area scanning, laser-related measurements, and temperature/status readback for Raman and general spectroscopy workflows.",拉曼光谱仪|光谱仪|USB仪器通信接口,表征设备|智慧表征与检测中心|光学与光谱实验|光谱采集与检测|激光激发与光谱测量|拉曼光谱仪|光谱仪|USB仪器通信接口
Wasatch 光谱仪设备封装组件,Wasatch Spectrometer Device Wrapper,wasatch_device_wrapper,wasatch_device_wrapper,10,17,auto-acquire_data|auto-acquire_status_message|auto-change_setting|auto-connect|auto-disconnect|auto-get_final_item|auto-poll_settings|auto-reset|auto-send_alert|auto-wait_for_settings,这是一个非物理的软件组件，用于在控制器与 Wasatch 光谱仪采集线程之间建立队列通信。它负责连接底层设备对象、等待或轮询光谱仪设置、转发参数变更、接收光谱读数与状态消息，并管理断开与重置流程，常用于光谱数据采集界面的异步控制。,"This is a non-physical software component that mediates queue-based communication between a controller and a Wasatch spectrometer acquisition thread. It connects the low-level device object, waits for or polls spectrometer settings, forwards setting changes, receives spectra and status messages, and manages reset and disconnect flow for asynchronous spectroscopy control.",数据采集与控制接口,表征设备|实验室自动化与仪器集成|光学与光谱实验|实验仪器数据采集与联机控制|实验仪器通信与驱动集成|光谱采集与检测|数据采集与控制接口
Wasatch 光谱仪交互式命令行外壳,Wasatch Spectrometer Interactive Shell,wasatch_shell,wasatch_shell,28,35,auto-balance_acquisition|auto-clear|auto-clear_dark|auto-configure_logging|auto-disconnected|auto-display|auto-generate_interpolated_x_axis|auto-get_all|auto-get_dark|auto-get_line|auto-get_next_token|auto-get_spectrum|auto-get_spectrum_pretty|auto-get_spectrum_save|auto-has_input|auto-open|auto-read_bool|auto-read_float|auto-read_int|auto-read_str|auto-run|auto-run_gettor|auto-set_interpolated_x_axis_cm|auto-set_interpolated_x_axis_nm|auto-set_laser_enable|auto-set_raman_intensity_correction_enable|auto-srm_process|auto-usage,一个非物理的软件命令行工具，用于连接和操作 Wasatch 光谱仪设备。它主要服务于实验调试、交互式测试和数据采集，可执行连接设备、采集光谱、控制激光、管理暗谱、设置插值坐标轴以及平衡采集参数等操作。,"A non-physical command-line software tool for connecting to and operating Wasatch spectrometer devices. It is mainly used for experiment debugging, interactive testing, and data acquisition, including device connection, spectrum capture, laser control, dark-spectrum management, interpolated axis setup, and acquisition balancing.",光谱仪交互式控制终端,表征设备|实验室自动化与仪器集成|光学与光谱实验|光谱采集与检测|激光激发与光谱测量|光谱仪交互式控制终端
DAQmx看门狗任务,DAQmx Watchdog Task,watchdog_task,watchdog_task,14,38,auto-cfg_watchdog_ao_expir_states|auto-cfg_watchdog_co_expir_states|auto-cfg_watchdog_do_expir_states|auto-clear_expiration|auto-close|auto-control|auto-expir_trig_dig_edge_edge|auto-expir_trig_dig_edge_src|auto-expir_trig_trig_on_network_conn_loss|auto-expir_trig_trig_type|auto-reset_timer|auto-start|auto-stop|auto-timeout,这是一个非物理的软件任务对象，用于为 NI DAQmx 看门狗任务配置超时时间、过期触发条件，以及模拟输出、数字输出和计数器通道的过期状态。它通常用于 DAQ 设备或机箱的安全保护，在主机失联或看门狗超时时将相关通道切换到预设安全状态。,"This is a non-physical software task object for configuring an NI-DAQmx watchdog task, including timeout, expiration trigger conditions, and expiration states for analog output, digital output, and counter channels. It is typically used for safety protection on DAQ hardware or chassis, placing channels into predefined safe states when host communication is lost or the watchdog times out.",DAQ看门狗任务,实验执行&合成设备|实验室自动化与仪器集成|过程控制与工业仪表实验|PLC控制与设备联锁|DAQ系统配置与路由管理|DAQ安全联锁与看门狗保护|DAQ看门狗任务
沃特洛PID温度控制器,Watlow PID Temperature Controller,watlow,watlow,7,23,auto-close|auto-open|auto-read|auto-readParam|auto-readSetpoint|auto-write|auto-writeParam,用于实验室温度调节的PID温度控制器。该设备通过串口使用 BACnet TP/MS 通信，可读取当前温度、读取或修改温度设定值，并访问控制器参数，以实现加热过程或热工系统的闭环控制。,"A PID temperature controller used for laboratory temperature regulation. It communicates over serial using BACnet TP/MS and supports reading the current temperature, reading or changing the temperature setpoint, and accessing controller parameters for closed-loop control of heating or thermal processes.",温度控制器|PID过程控制器,实验执行&合成设备|过程控制与工业仪表实验|环境控制与稳定性测试|外接设备恒温控制|热管理与温升监测|BACnet现场总线通信与设备集成|温度控制器|PID过程控制器
网页FPV实时画面服务器,Web FPV Live View Server,web_fpv,web_fpv,4,37,auto-run|auto-run_threaded|auto-shutdown|auto-update,一个非实体的软件组件，用于运行基于 Tornado 的网页 FPV 实时画面服务。它主要在实验或移动平台场景中把相机图像通过浏览器页面以实时方式展示，并提供相关的网页控制、校准与视频流接口。,"A non-physical software component that runs a Tornado-based web FPV live-view service. It is used in lab or mobile-platform workflows to present camera images in real time through a browser, with related web control, calibration, and video streaming endpoints.",实验网络服务,表征设备|机器人与移动平台|传感测量与环境感知|实验成像与过程监测|实验成像与机器视觉|实验HTTP远程控制与API集成|实验网络服务
通用网络摄像头,Generic Webcam,webcam_capture,webcam_capture,14,26,auto-discover|auto-enable_auto_exposure|auto-get_config_schema|auto-get_exposure|auto-get_fps|auto-get_frame_size|auto-get_gain|auto-get_latest_frame|auto-set_exposure|auto-set_fps|auto-set_frame_size|auto-set_gain|auto-start_async|auto-stop,通用网络摄像头，用于在实验中连续采集可见光图像或视频。支持曝光、增益、分辨率和帧率设置，常用于样品观察、实验过程监控和简单视觉对位。,"A generic webcam used to continuously capture visible-light images or video in laboratory workflows. It supports exposure, gain, frame size, and frame rate settings, and is commonly used for sample observation, experiment monitoring, and basic visual alignment.",网络摄像头,表征设备|传感测量与环境感知|智慧表征与检测中心|实验成像与过程监测|实验成像与机器视觉|网络摄像头
WebSocket通信器,WebSocket Communicator,websocket_communicator,websocket_communicator,8,18,auto-binary_response|auto-close|auto-open|auto-opened|auto-register_binary_message_callback|auto-request_with_response|auto-response|auto-send,一个非物理的软件通信组件，通过 WebSocket 与实验相关的软件服务或仪器控制端点建立连接，发送命令并接收文本或二进制响应，可用于远程控制、数据交换以及二进制消息回调处理。,"A non-physical software communication component that connects to experiment-related software services or instrument control endpoints over WebSocket, sends commands, and receives text or binary responses, and supports remote control, data exchange, and binary message callback handling.",WebSocket仪器通信接口,实验执行&合成设备|实验室自动化与仪器集成|实验网络与协议集成|实验仪器通信与驱动集成|分布式实验控制与远程过程调用|WebSocket仪器通信接口
楔形图形区域组件,Wedge Graphic Component,wedge_graphic,wedge_graphic,16,415,auto-adjust_part|auto-angle_interval|auto-begin_drag|auto-draw_mask|auto-end_angle|auto-end_drag|auto-get_attributes|auto-get_mask_item|auto-get_region|auto-label_position|auto-mime_data_dict|auto-read_from_mime_data|auto-start_angle|auto-test|auto-used_role|auto-validate_angles,用于科学图像或实验数据界面中的非物理图形组件，表示可编辑的楔形选区/掩膜。它支持角度范围定义、拖拽调整、命中测试、区域与掩膜生成，以及剪贴板或拖放相关的数据序列化，常用于图像分析中的扇区选择与标注。,"A non-physical graphical component used in scientific imaging or experimental data interfaces to represent an editable wedge-shaped region of interest or mask. It supports angle-range definition, drag-based editing, hit testing, region and mask generation, and serialization for clipboard or drag-and-drop use, typically for sector selection and annotation in image analysis.",感兴趣区图形标注器,表征设备|实验数据可视化与分析|科学图像区域标注与感兴趣区分析|多维实验数据可视化|感兴趣区图形标注器
Weiss LabEvent气候试验箱,Weiss LabEvent Climate Chamber,weiss_lab_event,weiss_lab_event,15,24,auto-get_air_dryer|auto-get_compressed_air|auto-get_condensation_protection|auto-get_info|auto-get_status|auto-get_temperature|auto-get_temperature_setpoint|auto-init|auto-query|auto-set_air_dryer|auto-set_compressed_air|auto-set_condensation_protection|auto-set_temperature|auto-start_manual_mode|auto-stop_manual_mode,用于实验室环境应力与温控测试的气候试验箱，可读取和设定箱内温度，并控制手动模式、冷凝保护、压缩空气和空气干燥等功能。,"A climate chamber for laboratory environmental stress and temperature-control testing. It can read and set chamber temperature and control manual mode, condensation protection, compressed air, and air drying functions.",气候箱,实验执行&合成设备|表征设备|环境控制与稳定性测试|气候箱培养与稳定性试验|气候箱
Weiss SB 22 气候试验箱,Weiss SB 22 climate chamber,weiss_sb22,weiss_sb22,12,20,auto-check_for_errors|auto-get_digital_ch|auto-get_humidity|auto-get_humidity_target|auto-get_temperature|auto-get_temperature_target|auto-init|auto-read|auto-set_digital_ch|auto-set_humidity|auto-set_temperature|auto-write,用于控制和读取 Weiss SB 22 气候试验箱的温度、湿度及数字通道状态。该设备通过 RS-232 串口通信，适合环境模拟、样品老化与温湿度稳定性测试。,"Controls and reads temperature, humidity, and digital channel states of a Weiss SB 22 climate chamber. The device communicates via RS-232 serial interface and is used for environmental simulation, sample aging, and temperature/humidity stability testing.",气候箱,实验执行&合成设备|表征设备|环境控制与稳定性测试|气候箱培养与稳定性试验|气候箱
威尔创 360 网络分析仪,Wiltron 360 Network Analyzer,wiltron360,wiltron360,9,17,auto-IDN|auto-arange|auto-frequency|auto-points|auto-select|auto-trace|auto-traces|auto-xaxis|auto-yaxis,用于射频/微波测试的网络分析仪，可进行频率扫描并读取横轴、纵轴及复数迹线数据，适合器件频率响应表征与分析。,"An RF/microwave network analyzer used for frequency sweeps and acquisition of x-axis, y-axis, and complex trace data for device response characterization and analysis.",矢量网络分析仪,表征设备|电子与电气测试|射频与电子电路测试|矢量网络分析仪
Wiltron 360SS69 微波信号发生器,Wiltron 360SS69 Microwave Signal Generator,wiltron360_ss69,wiltron360_ss69,2,14,auto-amplitude|auto-frequency,一款用于输出可调频率和幅度射频/微波信号的信号发生器，文档显示频率范围约为 10 MHz 至 40 GHz，适用于射频器件、链路和系统测试。,"A signal generator for producing RF/microwave output with adjustable frequency and amplitude. The documentation indicates a frequency range of about 10 MHz to 40 GHz, suitable for testing RF components, links, and systems.",射频信号发生器,实验执行&合成设备|表征设备|电子与电气测试|射频与电子电路测试|射频信号发生器
Wiltron 6672B 微波信号发生器,Wiltron 6672B Microwave Signal Generator,wiltron6672_b,wiltron6672_b,2,14,auto-amplitude|auto-frequency,Wiltron 6672B 是一款微波信号发生器，可输出可调频率和幅度的射频/微波信号，适用于高频电路、器件与系统测试中的激励源与校准用途。,"The Wiltron 6672B is a microwave signal generator that provides RF/microwave output with adjustable frequency and amplitude, suitable as a stimulus source for calibration and testing of high-frequency circuits, devices, and systems.",射频信号发生器,实验执行&合成设备|表征设备|电子与电气测试|射频与电子电路测试|射频信号发生器
实验工作台布局管理组件,Worktable Layout Manager,work_table,work_table,58,139,auto-actions|auto-add|auto-add_labware|auto-add_new_labware|auto-add_type|auto-autoselect|auto-clearSelection|auto-create|auto-create_labware|auto-create_series|auto-fill|auto-find_free_wells|auto-find_new_tips|auto-get_DITI_series|auto-get_current_labware|auto-get_labware|auto-grid_carrier_line|auto-init_wells|auto-log|auto-moveParallel|auto-newOffset|auto-newPosition|auto-offset|auto-offsetAtParallelMove|auto-offsetFromName|auto-parallelOrder|auto-parse_file|auto-parse_worktable_file|auto-pick_up|auto-posAtParallelMove|auto-position|auto-put|auto-reagent|auto-refill_next_rack|auto-remove|auto-replace_with_new|auto-retire_labware|auto-retire_new_tips|auto-select|auto-selectAll|auto-selectOnly|auto-selected|auto-selected_wells|auto-set_DITI_counter|auto-set_back|auto-set_current|auto-set_current_next_to|auto-set_def_DiTi|auto-set_first_pos|auto-set_next|auto-show_next|auto-show_next_to|auto-size|auto-to_name|auto-vol|auto-waste|auto-wellSelectionStr|auto-write,用于表示和管理自动化移液工作台上载架、孔板、试剂槽、吸头架与孔位位置关系的非实体软件组件。它可解析工作台模板文件，维护 labware 与 DiTi 吸头系列，记录当前对象与下一个可用位置，并为实验协议提供布局、选择和位置计算信息。,"A non-physical software component for representing and managing the layout of carriers, labware, wells, tip racks, and positions on an automated liquid-handling worktable. It can parse worktable template files, maintain labware and DiTi tip series, track the current object and next usable position, and provide layout, selection, and position-calculation information for experiment protocols.",移液工作站,备料&前处理设备|实验室自动化与仪器集成|溶液配制与反应|移液站产品|液体输送与定量分配|移液工作站
XCalibur 分配阀注射泵,XCalibur Syringe Pump with Distribution Valve,x_calibur_d,x_calibur_d,39,51,auto-cacheSimSpeeds|auto-changePort|auto-delayExec|auto-dispense|auto-dispenseToWaste|auto-execWrap|auto-executeChain|auto-extract|auto-extractToWaste|auto-getBufferStatus|auto-getCurPort|auto-getCutoffSpeed|auto-getEncoderPos|auto-getPlungerPos|auto-getStartSpeed|auto-getTopSpeed|auto-haltExec|auto-init|auto-initDebugLogging|auto-logCall|auto-logDebug|auto-markRepeatStart|auto-movePlungerAbs|auto-movePlungerRel|auto-primePort|auto-repeatCmdSeq|auto-resetChain|auto-restoreSimSpeeds|auto-sendRcv|auto-setCutoffSpeed|auto-setMicrostep|auto-setSlope|auto-setSpeed|auto-setStartSpeed|auto-setTopSpeed|auto-terminateCmd|auto-updateSimState|auto-updateSpeeds|auto-waitReady,用于实验室液路切换与精密吸液/分液的 XCalibur 注射泵。该设备可控制柱塞绝对/相对位置、阀口切换、运行速度、微步模式和命令序列，并支持向废液口排放、管路预充和初始化，适合自动化样品转移、灌注和流体处理。,"An XCalibur syringe pump for laboratory fluid routing and precise aspiration/dispensing. It controls absolute/relative plunger motion, valve port switching, motion speeds, microstepping, and command sequences, and supports waste dispensing, line priming, and initialization for automated sample transfer, priming, and fluid handling.",注射泵|多通阀,备料&前处理设备|实验执行&合成设备|实验室自动化与仪器集成|溶液配制与反应|移液站产品|液体输送与定量分配|注射泵|多通阀
X-keys 可编程按键面板,X-keys Programmable Keypad,x_keys_device,x_keys_device,8,32,auto-close|auto-getState|auto-setBacklight|auto-setBacklightRows|auto-setBacklights|auto-setCallback|auto-setIntensity|auto-setLED,一类通过 USB HID 连接的物理按键控制面板，可读取按键状态，并控制状态指示灯与按键背光。适合在实验系统中用作人工触发、模式切换、状态显示和自定义快捷控制界面。,"A physical USB HID keypad/control panel that can read button states and control status LEDs and key backlighting. It is suitable for manual triggering, mode switching, status indication, and custom shortcut control in laboratory setups.",模块化实验控制面板,实验执行&合成设备|实验室自动化与仪器集成|人工输入与实验交互控制|实验流程状态指示与告警|模块化实验控制面板
Newport XPS运动控制器,Newport XPS Motion Controller,xps,xps,232,245,auto-APIExtendedListGet|auto-APIListGet|auto-ActionExtendedListGet|auto-ActionListGet|auto-CPUCoreAndBoardSupplyVoltagesGet|auto-CPUTemperatureAndFanSpeedGet|auto-CleanCoreDumpFolder|auto-CleanTmpFolder|auto-CloseAllOtherSockets|auto-ControllerMotionKernelPeriodMinMaxGet|auto-ControllerMotionKernelPeriodMinMaxReset|auto-ControllerMotionKernelTimeLoadGet|auto-ControllerStatusGet|auto-ControllerStatusListGet|auto-ControllerStatusStringGet|auto-DoubleGlobalArrayGet|auto-DoubleGlobalArraySet|auto-EEPROMCIESet|auto-EEPROMDACOffsetCIESet|auto-EEPROMDriverSet|auto-EEPROMINTSet|auto-ElapsedTimeGet|auto-ErrorListGet|auto-ErrorStringGet|auto-EventAdd|auto-EventExtendedAllGet|auto-EventExtendedConfigurationActionGet|auto-EventExtendedConfigurationActionSet|auto-EventExtendedConfigurationTriggerGet|auto-EventExtendedConfigurationTriggerSet|auto-EventExtendedGet|auto-EventExtendedRemove|auto-EventExtendedStart|auto-EventExtendedWait|auto-EventGet|auto-EventListGet|auto-EventRemove|auto-EventWait|auto-FirmwareVersionGet|auto-GPIOAnalogGainGet|auto-GPIOAnalogGainSet|auto-GPIOAnalogGet|auto-GPIOAnalogSet|auto-GPIODigitalGet|auto-GPIODigitalSet|auto-GatheringConfigurationGet|auto-GatheringConfigurationSet|auto-GatheringCurrentNumberGet|auto-GatheringDataAcquire|auto-GatheringDataGet|auto-GatheringDataMultipleLinesGet|auto-GatheringExtendedListGet|auto-GatheringExternalConfigurationGet|auto-GatheringExternalConfigurationSet|auto-GatheringExternalCurrentNumberGet|auto-GatheringExternalDataGet|auto-GatheringExternalListGet|auto-GatheringExternalStopAndSave|auto-GatheringListGet|auto-GatheringReset|auto-GatheringRun|auto-GatheringRunAppend|auto-GatheringStop|auto-GatheringStopAndSave|auto-GatheringUserDatasGet|auto-GetLibraryVersion|auto-GlobalArrayGet|auto-GlobalArraySet|auto-GroupAccelerationSetpointGet|auto-GroupAnalogTrackingModeDisable|auto-GroupAnalogTrackingModeEnable|auto-GroupCorrectorOutputGet|auto-GroupCurrentFollowingErrorGet|auto-GroupHomeSearch|auto-GroupHomeSearchAndRelativeMove|auto-GroupInitialize|auto-GroupInitializeWithEncoderCalibration|auto-GroupJogCurrentGet|auto-GroupJogModeDisable|auto-GroupJogModeEnable|auto-GroupJogParametersGet|auto-GroupJogParametersSet|auto-GroupKill|auto-GroupMotionDisable|auto-GroupMotionEnable|auto-GroupMoveAbort|auto-GroupMoveAbsolute|auto-GroupMoveRelative|auto-GroupPositionCorrectedProfilerGet|auto-GroupPositionCurrentGet|auto-GroupPositionPCORawEncoderGet|auto-GroupPositionSetpointGet|auto-GroupPositionTargetGet|auto-GroupReferencingActionExecute|auto-GroupReferencingStart|auto-GroupReferencingStop|auto-GroupSpinCurrentGet|auto-GroupSpinModeStop|auto-GroupSpinParametersGet|auto-GroupSpinParametersSet|auto-GroupStatusGet|auto-GroupStatusListGet|auto-GroupStatusStringGet|auto-GroupVelocityCurrentGet|auto-HardwareDateAndTimeGet|auto-HardwareDateAndTimeSet|auto-HardwareDriverAndStageGet|auto-HardwareInternalListGet|auto-KillAll|auto-Login|auto-MultipleAxesPTExecution|auto-MultipleAxesPTVerification|auto-MultipleAxesPVTExecution|auto-MultipleAxesPVTParametersGet|auto-MultipleAxesPVTPulseOutputGet|auto-MultipleAxesPVTPulseOutputSet|auto-MultipleAxesPVTVerification|auto-MultipleAxesPVTVerificationResultGet|auto-ObjectsListGet|auto-OptionalModuleExecute|auto-OptionalModuleKill|auto-PositionerAccelerationAutoScaling|auto-PositionerAnalogTrackingPositionParametersGet|auto-PositionerAnalogTrackingPositionParametersSet|auto-PositionerAnalogTrackingVelocityParametersGet|auto-PositionerAnalogTrackingVelocityParametersSet|auto-PositionerBacklashDisable|auto-PositionerBacklashEnable|auto-PositionerBacklashGet|auto-PositionerBacklashSet|auto-PositionerCorrectorAutoTuning|auto-PositionerCorrectorNotchFiltersGet|auto-PositionerCorrectorNotchFiltersSet|auto-PositionerCorrectorPIDDualFFVoltageGet|auto-PositionerCorrectorPIDDualFFVoltageSet|auto-PositionerCorrectorPIDFFAccelerationGet|auto-PositionerCorrectorPIDFFAccelerationSet|auto-PositionerCorrectorPIDFFVelocityGet|auto-PositionerCorrectorPIDFFVelocitySet|auto-PositionerCorrectorPIPositionGet|auto-PositionerCorrectorPIPositionSet|auto-PositionerCorrectorTypeGet|auto-PositionerCurrentVelocityAccelerationFiltersGet|auto-PositionerCurrentVelocityAccelerationFiltersSet|auto-PositionerDACOffsetDualGet|auto-PositionerDACOffsetDualSet|auto-PositionerDACOffsetGet|auto-PositionerDACOffsetSet|auto-PositionerDriverFiltersGet|auto-PositionerDriverFiltersSet|auto-PositionerDriverPositionOffsetsGet|auto-PositionerDriverStatusGet|auto-PositionerDriverStatusListGet|auto-PositionerDriverStatusStringGet|auto-PositionerEncoderAmplitudeValuesGet|auto-PositionerEncoderCalibrationParametersGet|auto-PositionerErrorGet|auto-PositionerErrorListGet|auto-PositionerErrorRead|auto-PositionerErrorStringGet|auto-PositionerExcitationSignalGet|auto-PositionerExcitationSignalSet|auto-PositionerExternalLatchPositionGet|auto-PositionerHardInterpolatorFactorGet|auto-PositionerHardInterpolatorFactorSet|auto-PositionerHardwareStatusGet|auto-PositionerHardwareStatusListGet|auto-PositionerHardwareStatusStringGet|auto-PositionerMaximumVelocityAndAccelerationGet|auto-PositionerMotionDoneGet|auto-PositionerMotionDoneSet|auto-PositionerPositionCompareAquadBAlwaysEnable|auto-PositionerPositionCompareAquadBPrescalerGet|auto-PositionerPositionCompareAquadBPrescalerSet|auto-PositionerPositionCompareAquadBWindowedGet|auto-PositionerPositionCompareAquadBWindowedSet|auto-PositionerPositionCompareDisable|auto-PositionerPositionCompareEnable|auto-PositionerPositionCompareGet|auto-PositionerPositionComparePulseParametersGet|auto-PositionerPositionComparePulseParametersSet|auto-PositionerPositionCompareSet|auto-PositionerRawEncoderPositionGet|auto-PositionerSGammaExactVelocityAjustedDisplacementGet|auto-PositionerSGammaParametersGet|auto-PositionerSGammaParametersSet|auto-PositionerSGammaPreviousMotionTimesGet|auto-PositionerStageParameterGet|auto-PositionerStageParameterSet|auto-PositionerTimeFlasherDisable|auto-PositionerTimeFlasherEnable|auto-PositionerTimeFlasherGet|auto-PositionerTimeFlasherSet|auto-PositionerUserTravelLimitsGet|auto-PositionerUserTravelLimitsSet|auto-PositionersEncoderIndexDifferenceGet|auto-Reboot|auto-ReferencingActionListGet|auto-ReferencingSensorListGet|auto-Send|auto-SingleAxisSlaveModeDisable|auto-SingleAxisSlaveModeEnable|auto-SingleAxisSlaveParametersGet|auto-SingleAxisSlaveParametersSet|auto-SocketsStatusGet|auto-SpindleSlaveModeDisable|auto-SpindleSlaveModeEnable|auto-SpindleSlaveParametersGet|auto-SpindleSlaveParametersSet|auto-TCLScriptExecute|auto-TCLScriptExecuteAndWait|auto-TCLScriptExecuteWithPriority|auto-TCLScriptKill|auto-TCP_CloseSocket|auto-TCP_ConnectToServer|auto-TCP_SetTimeout|auto-TestTCP|auto-TimerGet|auto-TimerSet|auto-XYLineArcExecution|auto-XYLineArcParametersGet|auto-XYLineArcPulseOutputGet|auto-XYLineArcPulseOutputSet|auto-XYLineArcVerification|auto-XYLineArcVerificationResultGet|auto-XYZGroupPositionCorrectedProfilerGet|auto-XYZSplineExecution|auto-XYZSplineParametersGet|auto-XYZSplineVerification|auto-XYZSplineVerificationResultGet|auto-parse|auto-withValidSocket,用于通过 TCP/IP 控制 Newport XPS 多轴运动控制器的功能接口，可完成运动组初始化、回零、绝对/相对运动、轨迹执行、编码器与伺服参数配置、GPIO 触发、事件联动和数据采集，常用于精密位移台与多轴定位系统。,"Functional interface for a Newport XPS multi-axis motion controller over TCP/IP. It supports group initialization, homing, absolute and relative moves, trajectory execution, encoder and servo parameter configuration, GPIO triggering, event handling, and data gathering for precision stages and multi-axis positioning systems.",位置控制器|电动位移台控制器,实验执行&合成设备|精密定位与运动控制|实验室自动化与仪器集成|样品/探针定位与运动控制|位置控制器|电动位移台控制器
Xspress3 X射线能谱探测系统,Xspress3 X-ray spectroscopy detector system,xspress3,xspress3,27,40,auto-FileCaptureOff|auto-FileCaptureOn|auto-FileWriteComplete|auto-TimeSeriesCaptureOff|auto-TimeSeriesCaptureOn|auto-fileGet|auto-filePut|auto-getFileName|auto-getFileNameByIndex|auto-getFileNumber|auto-getFilePath|auto-getFileTemplate|auto-getLastFileName|auto-get_rois|auto-nextFileNumber|auto-restore_rois|auto-roi_calib_info|auto-select_rois_to_save|auto-setFileName|auto-setFileNumCapture|auto-setFileNumber|auto-setFilePath|auto-setFileTemplate|auto-setFileWriteMode|auto-setTriggerMode|auto-useExternalTrigger|auto-useInternalTrigger,用于X射线荧光或能谱实验的Xspress3探测与读出系统，可进行触发控制、时间序列采集、ROI管理以及数据文件保存。,"An Xspress3 detection and readout system for X-ray fluorescence or spectroscopy experiments, supporting trigger control, time-series capture, ROI management, and data file saving.",数字脉冲处理器|多道分析器,表征设备|智慧表征与检测中心|X射线与辐射能谱测量|数字脉冲处理器|多道分析器
Xspress3.10 X射线探测系统,Xspress3.10 X-ray Detector System,xspress310,xspress310,27,39,auto-FileCaptureOff|auto-FileCaptureOn|auto-FileWriteComplete|auto-TimeSeriesCaptureOff|auto-TimeSeriesCaptureOn|auto-fileGet|auto-filePut|auto-getFileName|auto-getFileNameByIndex|auto-getFileNumber|auto-getFilePath|auto-getFileTemplate|auto-getLastFileName|auto-get_rois|auto-nextFileNumber|auto-restore_rois|auto-roi_calib_info|auto-select_rois_to_save|auto-setFileName|auto-setFileNumCapture|auto-setFileNumber|auto-setFilePath|auto-setFileTemplate|auto-setFileWriteMode|auto-setTriggerMode|auto-useExternalTrigger|auto-useInternalTrigger,Xspress3.10 是用于 X 射线荧光与多通道能谱采集的探测系统接口，可配置触发模式、管理 ROI、进行时间序列采集，并控制数据文件保存。,"Xspress3.10 is an interface to an X-ray fluorescence and multichannel spectroscopy detector system, supporting trigger configuration, ROI management, time-series acquisition, and data file capture.",多道分析器,表征设备|智慧表征与检测中心|X射线与辐射能谱测量|多道分析器
Xspress3 多通道 X 射线探测器,Xspress3 Multi-Channel X-ray Detector,xspress3_detector,xspress3_detector,24,39,auto-ContinuousMode|auto-NDArrayMode|auto-ROIMode|auto-ScalerMode|auto-arm|auto-arm_complete|auto-config_filesaver|auto-connect_counters|auto-disarm|auto-file_write_complete|auto-finish_capture|auto-get_last_filename|auto-get_next_filename|auto-get_numcaptured|auto-post_scan|auto-pre_scan|auto-restore_rois|auto-roi_calib_info|auto-save_arraydata|auto-save_calibration|auto-set_dwelltime|auto-set_timeseries|auto-start|auto-stop,Xspress3 是用于同步辐射和实验室 X 射线测量的多通道探测系统/多道分析器控制设备。该驱动证据显示其支持连续采集、步进扫描、ROI 保存、数组数据采集、设定驻留时间、布防/启动/停止采集，以及文件保存和标定信息管理，适合 X 射线荧光或能谱扫描实验中的高速数据采集。,"Xspress3 is a multi-channel detector and multi-channel analyzer control system for synchrotron and laboratory X-ray measurements. The driver evidence shows support for continuous acquisition, step-scan operation, ROI saving, array-data acquisition, dwell-time setting, arm/start/stop control, and file/calibration handling, making it suitable for high-speed X-ray fluorescence or spectroscopic scanning experiments.",多道分析器,表征设备|智慧表征与检测中心|X射线与辐射能谱测量|同步计数与探测器通道监测|多道分析器
蓝牙音频链路控制器,Bluetooth Audio Link Controller,y_bluetooth_link,y_bluetooth_link,9,29,auto-connect|auto-disconnect|auto-nextBluetoothLink|auto-set_command|auto-set_mute|auto-set_pairingPin|auto-set_preAmplifier|auto-set_remoteAddress|auto-set_volume,用于配置和控制 Yoctopuce 蓝牙音频链路的硬件功能，可设置配对 PIN、远端设备地址、静音、前置放大量和耳机音量，并执行连接、断开及链路状态管理。适合在实验系统中接入和管理蓝牙音频设备或无线音频链路。,"A Yoctopuce hardware function for configuring and controlling a Bluetooth audio link. It can set the pairing PIN, remote device address, mute state, pre-amplifier level, and headset volume, and supports connect, disconnect, and link-state management. It is suitable for integrating and managing Bluetooth audio devices or wireless audio links in lab setups.",蓝牙音频链路模块,物流/机械|实验网络与协议集成|无线音频链路配置与控制|蓝牙音频链路模块
数字输入输出端口模块,Digital Input/Output Port Module,y_digital_io,y_digital_io,14,36,auto-delayedPulse|auto-nextDigitalIO|auto-pulse|auto-set_bitDirection|auto-set_bitOpenDrain|auto-set_bitPolarity|auto-set_bitState|auto-set_command|auto-set_outputVoltage|auto-set_portDirection|auto-set_portOpenDrain|auto-set_portPolarity|auto-set_portState|auto-toggle_bitState,用于控制和读取多路数字输入/输出通道的硬件模块。可按端口或按位设置通道状态、输入/输出方向、极性、开漏模式和输出电压，并支持定时脉冲与延时脉冲，适合实验中的开关量采集、触发输出和外部设备联动控制。,"A hardware digital input/output module used to read and control multiple digital channels. It supports port-wide or per-bit control of state, input/output direction, polarity, open-drain mode, and output voltage, and can generate timed or delayed pulses for lab trigger I/O, switch-state acquisition, and external device interfacing.",通用数字输入输出外设,物流/机械|实验室自动化与仪器集成|通用数字输入输出与状态检测|通用数字输入输出外设
GSM短信模块,GSM SMS Module,y_message_box,y_message_box,16,86,auto-checkNewMessages|auto-clearPduCounters|auto-clearSIMSlot|auto-fetchPdu|auto-gsm2str|auto-gsm2unicode|auto-initGsm2Unicode|auto-newMessage|auto-nextMessageBox|auto-nextMsgRef|auto-sendFlashMessage|auto-sendTextMessage|auto-set_command|auto-set_pduReceived|auto-set_pduSent|auto-str2gsm,用于具备GSM功能的 Yoctopuce 设备的短信收发模块，可管理SIM卡短信存储槽、短信计数器、PDU数据及编码转换，并用于实验室自动化中的远程告警、状态通知和短信交互。,"An SMS communication module for GSM-enabled Yoctopuce devices. It manages SIM message storage slots, SMS counters, PDU data, and encoding conversion, and is used in lab automation for remote alerts, status notifications, and SMS-based interaction.",GSM短信通信模块,物流/机械|实验室自动化与仪器集成|实验流程状态指示与告警|GSM短信通信模块
Yoctopuce 网络接口配置组件,Yoctopuce Network Interface Configuration Component,y_network,y_network,26,60,auto-callbackLogin|auto-nextNetwork|auto-ping|auto-set_adminPassword|auto-set_callbackCredentials|auto-set_callbackEncoding|auto-set_callbackInitialDelay|auto-set_callbackMaxDelay|auto-set_callbackMethod|auto-set_callbackMinDelay|auto-set_callbackSchedule|auto-set_callbackUrl|auto-set_defaultPage|auto-set_discoverable|auto-set_httpPort|auto-set_ipConfig|auto-set_ntpServer|auto-set_periodicCallbackSchedule|auto-set_primaryDNS|auto-set_secondaryDNS|auto-set_userPassword|auto-set_wwwWatchdogDelay|auto-triggerCallback|auto-useDHCP|auto-useDHCPauto|auto-useStaticIP,这是一个非实体的软件功能组件，用于访问和配置带内置网络接口的 Yoctopuce 设备的 TCP/IP 参数。它可用于管理 IP、DNS、NTP、HTTP 回调、发现广播、网页服务端口以及网络连通性测试等网络相关设置。,"This is a non-physical software function component used to access and configure TCP/IP parameters of Yoctopuce devices with a built-in network interface. It is used to manage network-related settings such as IP, DNS, NTP, HTTP callbacks, discovery protocols, web service port, and connectivity testing.",网络接口配置组件,物流/机械|实验网络与协议集成|网络化仪器服务发现与端口映射|仪器网络接口配置与连通性管理|网络接口配置组件
Yoctopuce 接近传感器,Yoctopuce Proximity Sensor,y_proximity,y_proximity,8,29,auto-nextProximity|auto-resetCounter|auto-set_detectionHysteresis|auto-set_detectionThreshold|auto-set_presenceMinTime|auto-set_proximityReportMode|auto-set_pulseCounter|auto-set_removalMinTime,用于检测物体接近与离开状态的接近传感器，可读取接近信号值、存在状态和脉冲计数，并可配置检测阈值、迟滞以及存在/移除最小时间，适合实验装置中的到位检测、非接触触发和状态监测。,"A proximity sensor for detecting object approach and removal. It can read the proximity signal value, presence state, and pulse count, and supports configuration of detection threshold, hysteresis, and minimum presence/removal times. It is suitable for in-lab position detection, non-contact triggering, and status monitoring.",接近传感器,表征设备|传感测量与环境感知|距离测量与接近感知|接近传感器
PWM输入传感器,PWM Input Sensor,y_pwm_input,y_pwm_input,6,24,auto-nextPwmInput|auto-resetCounter|auto-set_debouncePeriod|auto-set_pulseCounter|auto-set_pwmReportMode|auto-set_unit,用于读取和配置 Yoctopuce 的 PWM 输入通道，可测量占空比、频率、脉宽、周期和脉冲计数，并可设置上报模式、去抖时间等参数。适合在实验室中监测来自编码器、脉冲源或其他 PWM 信号设备的数字时序信号。,"A Yoctopuce PWM input channel used to read and configure PWM signal measurements, including duty cycle, frequency, pulse width, period, and pulse count. It also supports report mode and debounce configuration for laboratory monitoring of digital timing signals from encoders, pulse sources, or other PWM-generating equipment.",PWM输入测量模块,表征设备|电子与电气测试|PWM信号测量与数字时序监测|PWM输入测量模块
Yoctopuce通用传感器接口,Yoctopuce Generic Sensor Interface,y_sensor,y_sensor,14,425,auto-calibrateFromPoints|auto-isSensorReady|auto-loadCalibrationPoints|auto-nextSensor|auto-registerTimedReportCallback|auto-set_advMode|auto-set_calibrationParam|auto-set_highestValue|auto-set_logFrequency|auto-set_lowestValue|auto-set_reportFrequency|auto-set_resolution|auto-startDataLogger|auto-stopDataLogger,这是一个面向 Yoctopuce 各类传感器的通用软件接口，而不是单一实体仪器。它用于统一读取传感器测量值、单位、原始值、最小/最大值，配置记录频率与定时上报，访问历史数据，并管理校准点与数据记录功能，适合在实验系统中对不同 Yoctopuce 传感器进行通用接入。,"This is a generic software interface for Yoctopuce sensors rather than a single physical instrument. It is used to read sensor values, units, raw values, minimum/maximum values, configure logging and timed reporting, access recorded data, and manage calibration points and data logging across different Yoctopuce sensor types in laboratory setups.",通用传感器接口,表征设备|实验室自动化与仪器集成|实验数据管理与记录|实验仪器数据采集与联机控制|过程变量监测与日志记录|通用传感器接口
Yoctopuce 串口接口模块,Yoctopuce Serial Port Interface,y_serial_port,y_serial_port,42,71,auto-modbusReadBits|auto-modbusReadInputBits|auto-modbusReadInputRegisters|auto-modbusReadRegisters|auto-modbusWriteAndReadRegisters|auto-modbusWriteBit|auto-modbusWriteBits|auto-modbusWriteRegister|auto-modbusWriteRegisters|auto-nextSerialPort|auto-queryHex|auto-queryLine|auto-queryMODBUS|auto-readArray|auto-readBin|auto-readByte|auto-readHex|auto-readLine|auto-readMessages|auto-readStr|auto-read_avail|auto-read_seek|auto-read_tell|auto-reset|auto-selectJob|auto-sendCommand|auto-set_RTS|auto-set_command|auto-set_currentJob|auto-set_protocol|auto-set_serialMode|auto-set_startupJob|auto-set_voltageLevel|auto-snoopMessages|auto-uploadJob|auto-writeArray|auto-writeBin|auto-writeByte|auto-writeHex|auto-writeLine|auto-writeMODBUS|auto-writeStr,用于控制 Yoctopuce 设备上的串口接口，可配置串口参数、协议和电平，并进行 ASCII、二进制及 MODBUS 通信。在实验室中可用于把上位机接入各类串口仪器、控制器或传感器。,"A hardware serial port interface on a Yoctopuce device, used to configure serial parameters, protocols, and voltage levels, and to exchange ASCII, binary, and MODBUS data. In the lab, it can connect a host system to serial instruments, controllers, or sensors.",串行仪器通信接口,物流/机械|串行通信与人机交互|Modbus协议调试与报文分析|串行仪器通信接口|串口仪器通信与协议适配
Yoctopuce SPI通信接口模块,Yoctopuce SPI Communication Interface Module,y_spi_port,y_spi_port,32,58,auto-nextSpiPort|auto-queryHex|auto-queryLine|auto-readArray|auto-readBin|auto-readByte|auto-readHex|auto-readLine|auto-readMessages|auto-readStr|auto-read_avail|auto-read_seek|auto-read_tell|auto-reset|auto-selectJob|auto-sendCommand|auto-set_SS|auto-set_command|auto-set_currentJob|auto-set_protocol|auto-set_shiftSampling|auto-set_spiMode|auto-set_ssPolarity|auto-set_startupJob|auto-set_voltageLevel|auto-uploadJob|auto-writeArray|auto-writeBin|auto-writeByte|auto-writeHex|auto-writeLine|auto-writeStr,用于实验系统中连接和控制 SPI 外设的硬件接口模块，可配置串行协议、SPI 模式、位序、片选线极性与电平，并发送、接收和查询文本或二进制数据。,"A hardware SPI interface module for connecting and controlling SPI peripherals in laboratory setups. It can configure the serial protocol, SPI mode, bit order, chip-select polarity, and line voltage, and can send, receive, and query text or binary data.",硬件SPI主接口,实验执行&合成设备|实验室自动化与仪器集成|实验仪器通信与驱动集成|嵌入式总线通信与外设控制|硬件SPI主接口
YDLIDAR 二维激光雷达,YDLIDAR 2D LiDAR,yd_lidar,yd_lidar,4,48,auto-init|auto-run_threaded|auto-shutdown|auto-update,一种通过串口连接的二维激光测距传感器，用于持续采集周围环境的距离与角度扫描数据，常用于机器人避障、环境感知与建图。,"A serially connected 2D laser rangefinding sensor that continuously acquires distance-and-angle scan data of the surrounding environment, commonly used for robot obstacle avoidance, perception, and mapping.",二维激光雷达|激光测距传感器,表征设备|机器人与移动平台|传感测量与环境感知|移动机器人与自动驾驶实验|距离测量与接近感知|二维激光雷达|激光测距传感器
Yoctopuce I2C 端口模块,Yoctopuce I2C Port,yi2c_port,yi2c_port,28,52,auto-i2cSendAndReceiveArray|auto-i2cSendAndReceiveBin|auto-i2cSendArray|auto-i2cSendBin|auto-nextI2cPort|auto-queryHex|auto-queryLine|auto-readLine|auto-readMessages|auto-read_avail|auto-read_seek|auto-read_tell|auto-reset|auto-selectJob|auto-sendCommand|auto-set_command|auto-set_currentJob|auto-set_i2cMode|auto-set_i2cVoltageLevel|auto-set_protocol|auto-set_startupJob|auto-uploadJob|auto-writeArray|auto-writeBin|auto-writeByte|auto-writeHex|auto-writeLine|auto-writeStr,用于驱动和管理 Yoctopuce 的 I2C 硬件端口，可在实验系统中与各类 I2C 传感器、执行器或外围模块进行通信。支持设置总线电压与通信模式、发送和接收 I2C 数据、查询响应，以及在设备上上传和运行任务文件。,"A hardware I2C interface from Yoctopuce used to communicate with I2C sensors, actuators, and peripheral modules in lab setups. It supports configuring bus voltage and communication mode, sending and receiving I2C data, performing query-response transactions, and uploading or running job files on the device.",I²C主控制器,实验执行&合成设备|实验室自动化与仪器集成|实验仪器通信与驱动集成|嵌入式总线通信与外设控制|I²C主控制器
横河 AQ6370 光谱分析仪,Yokogawa AQ6370 Optical Spectrum Analyzer,yokogawa6370,yokogawa6370,16,20,auto-abort|auto-active_trace|auto-analysis|auto-bandwidth|auto-center_wl|auto-channel|auto-clear|auto-data|auto-points|auto-query|auto-span|auto-start_sweep|auto-start_wl|auto-stop_wl|auto-sweep_mode|auto-wavelength,用于测量和分析光信号光谱的光谱分析仪，可执行波长扫描、读取迹线数据与波长轴，并获取分析结果，常用于激光器、光纤器件和光通信实验中的光谱表征。,"An optical spectrum analyzer used to measure and analyze optical spectra. It can perform wavelength sweeps, read trace data and wavelength axes, and retrieve analysis results for spectral characterization in lasers, fiber devices, and optical communication experiments.",光谱仪,表征设备|智慧表征与检测中心|光学与光谱实验|光谱采集与检测|激光激发与光谱测量|光谱仪
横河7651单通道直流电源,Yokogawa 7651 Single-Channel DC Power Supply,yokogawa7651,yokogawa7651,6,22,auto-channel|auto-current|auto-mode|auto-output|auto-trigger|auto-voltage,横河7651是一台单通道可编程直流电源，用于实验中输出受控的直流电压或电流。根据驱动信息，该设备支持设置电压、电流、输出模式和输出状态，并在参数修改后通过触发使新设定生效，适合器件偏置、基础电学测试和台式自动化控制。,"The Yokogawa 7651 is a single-channel programmable DC power supply used in labs to source controlled DC voltage or current. Based on the driver evidence, it supports setting voltage, current, output mode, and output state, and requires a trigger after parameter changes for the new settings to take effect. It is suitable for device biasing, basic electrical testing, and bench automation.",可编程直流电源,实验执行&合成设备|电子与电气测试|电源与电池测试|电子器件供电与台架测试|可编程直流电源
Zaber 串联设备控制组件,Zaber Daisy-Chain Controller,zaber_daisy_chain,zaber_daisy_chain,1,68,auto-devices,用于通过串口管理一组 Zaber 串联设备的非实体控制组件，可统一暴露位移台、滤轮和 LED 控制器等子设备，供显微与实验自动化系统调用。,"A non-physical control component for managing a set of daisy-chained Zaber devices over a serial connection. It exposes child devices such as stages, filter wheels, and LED controllers for microscopy and laboratory automation workflows.",显微镜自动化控制器,实验执行&合成设备|实验室自动化与仪器集成|精密定位与运动控制|显微成像与光学显微实验|样品/探针定位与运动控制|显微镜自动化控制器
苏黎世仪器通用控制基类,Zurich Instruments Base Control Module,zi_base_instrument,zi_base_instrument,47,103,auto-FIXMEclose|auto-assure_ext_clock|auto-awgModule|auto-check_errors|auto-clear_errors|auto-configure_awg_from_string|auto-connectDevice|auto-demote_error|auto-execute|auto-get|auto-getAsEvent|auto-getComplex|auto-getDouble|auto-getInt|auto-getString|auto-get_compilation_count|auto-get_idn|auto-getc|auto-getd|auto-getdeep|auto-geti|auto-gets|auto-getv|auto-listNodesJSON|auto-load_default_settings|auto-plot_awg_codewords|auto-plot_dio_snapshot|auto-poll|auto-reset_waveforms_zeros|auto-set|auto-setComplex|auto-setDebugLevel|auto-setDouble|auto-setInt|auto-setVector|auto-setc|auto-setd|auto-seti|auto-sets|auto-setv|auto-start|auto-stop|auto-subs|auto-subscribe|auto-sync|auto-unsubs|auto-unsubscribe,一个非实体的软件控制基类，用于在实验中通过 LabOne/DAQ 服务器连接和管理多类苏黎世仪器设备。它提供节点读写、订阅与轮询、AWG 程序编译上传、波形表同步、时钟管理以及错误处理等通用功能，供具体仪器驱动复用。,"A non-physical software base control component used in experiments to connect to and manage multiple Zurich Instruments devices through the LabOne/DAQ server. It provides shared functions for node read/write access, subscriptions and polling, AWG program compilation and upload, waveform-table synchronization, clock handling, and error management for reuse by concrete instrument drivers.",实验仪器软件控制模块,实验执行&合成设备|表征设备|实验室自动化与仪器集成|实验仪器数据采集与联机控制|实验仪器通信与驱动集成|实验仪器软件控制模块
LabOne 通用模块,LabOne Generic Module,zi_base_module,zi_base_module,7,17,auto-execute|auto-progress|auto-raw_module|auto-read|auto-subscribe|auto-unsubscribe|auto-wait_done,这是一个非物理的软件模块组件，用于表示 Zurich Instruments LabOne 中的通用模块接口。它在实验中用于连接 Data Server、订阅或取消订阅节点、启动模块执行、查询进度、等待任务完成，并读取模块返回的数据；适合作为没有专用类时的通用模块控制入口。,"This is a non-physical software module component representing a generic LabOne module interface from Zurich Instruments. In laboratory workflows, it is used to connect to the Data Server, subscribe or unsubscribe nodes, start module execution, query progress, wait for completion, and read data returned by the module; it serves as a general control entry point when no specialized class is available.",实验仪器软件控制模块,实验执行&合成设备|表征设备|实验室自动化与仪器集成|实验仪器数据采集与联机控制|实验仪器通信与驱动集成|实验仪器软件控制模块
HDAWG 任意波形发生器,HDAWG Arbitrary Waveform Generator,zi_hdawg_core,zi_hdawg_core,6,20,auto-assure_ext_clock|auto-get_idn|auto-load_default_settings|auto-plot_awg_codewords|auto-plot_dio_snapshot|auto-upload_waveform_realtime,Zurich Instruments 的 HDAWG 高密度任意波形发生器，用于实验中输出高速可编程模拟波形，并通过外部参考时钟、AWG 通道和 DIO/码字接口与其他设备同步。该驱动包含默认设置加载、外部时钟确认、实时波形上传以及 DIO/AWG 调试可视化等功能，常用于量子控制等精密时序实验。,"The Zurich Instruments HDAWG is a high-density arbitrary waveform generator used to produce high-speed programmable analog waveforms and synchronize with other instruments via an external reference clock, AWG channels, and DIO/codeword interfaces. This driver supports loading default settings, ensuring external clocking, real-time waveform upload, and DIO/AWG debug visualization, commonly for precision timing applications such as quantum control.",任意波形发生器,实验执行&合成设备|低温与量子测量|量子比特脉冲控制与读出|超导量子比特标定与时域测量|脉冲激励与时序控制|任意波形发生器
可编程量子系统控制器,Programmable Quantum System Controller,zi_pqsc,zi_pqsc,9,21,auto-check_errors|auto-clear_errors|auto-clock_freq|auto-get_progress|auto-set_holdoff|auto-set_repetitions|auto-start|auto-stop|auto-track_progress,用于量子实验平台中的系统级时序与触发控制设备，可配置触发重复次数和触发间隔，并启动、停止及监测触发序列的执行进度。,"A system-level timing and trigger control instrument for quantum experiments. It configures trigger repetitions and trigger intervals, and can start, stop, and monitor the progress of trigger sequence execution.",量子实验控制器,实验执行&合成设备|低温与量子测量|量子比特脉冲控制与读出|脉冲激励与时序控制|量子实验控制器
苏黎世仪器数据采集控制组件,Zurich Instruments DAQ control shell,zi_shell_device,zi_shell_device,49,87,auto-awg_dio_snapshot|auto-calibrate_dio_protocol|auto-configure_awg_file|auto-configure_awg_string|auto-connect_device|auto-connect_server|auto-dio_snapshot|auto-dio_testmode|auto-direct|auto-do_get_screenshot|auto-do_single_shot|auto-extclk|auto-features|auto-find|auto-finds|auto-get_channel_data|auto-getd|auto-geti|auto-getv|auto-idn|auto-is_averaging_complete|auto-load_settings|auto-mode|auto-off|auto-on|auto-onOffMultiple|auto-poll|auto-read_scope|auto-reconnect|auto-restart|auto-sampleclk|auto-set_average_count|auto-set_averaging|auto-set_channel_scale|auto-set_format_real|auto-set_maximum_rate|auto-set_time_scale|auto-set_trigger_coupling|auto-set_trigger_ext|auto-set_trigger_level|auto-set_trigger_mode|auto-set_trigger_slope|auto-set_trigger_src|auto-setd|auto-seti|auto-setv|auto-subs|auto-sync|auto-unsubs,一个非物理的软件控制组件，用于连接苏黎世仪器 DAQ/LabOne 服务器及相关实验仪器会话，提供节点树读写、订阅轮询、示波采集、AWG 配置、DIO 调试以及部分开关/电源控制功能，适用于实验自动化与调试。,"A non-physical software control component for connecting to Zurich Instruments DAQ/LabOne servers and related instrument sessions. It supports node-tree read/write, subscription polling, scope acquisition, AWG configuration, DIO diagnostics, and some switch/power control for lab automation and debugging.",实验仪器软件控制模块|数据采集与控制接口,实验执行&合成设备|表征设备|实验室自动化与仪器集成|实验仪器数据采集与联机控制|实验仪器通信与驱动集成|实验仪器软件控制模块|数据采集与控制接口
数据采集模块,Data Acquisition Module,zidaq_module,zidaq_module,4,11,auto-finish|auto-finished|auto-read|auto-trigger,这是一个非物理的软件模块，用于 Zurich Instruments 的 LabOne 环境中，从多个仪器信号源按设定数据率采集、对齐并读取时域或频域数据。它支持连续采集、基于触发条件的突发采集，以及手动触发与采集结果读取，常用于实验测量过程中的数据记录与分析。,"This is a non-physical software module used in the Zurich Instruments LabOne environment to acquire, align, and read time-domain or frequency-domain data from multiple instrument signal sources at a defined data rate. It supports continuous acquisition, trigger-based burst acquisition, manual triggering, and readout of acquired data for laboratory measurement and analysis workflows.",数据采集与控制接口|实验仪器软件控制模块,表征设备|实验室自动化与仪器集成|实验仪器数据采集与联机控制|瞬态信号采集与同步触发测量|数据采集与控制接口|实验仪器软件控制模块
SHFQA 扫频软件模块,SHFQA Sweeper Software Module,zishfqa_sweeper,zishfqa_sweeper,4,12,auto-get_offset_freq_vector|auto-get_result|auto-plot|auto-run,这是一个面向 Zurich Instruments SHFQA 的非物理扫频软件模块，用于配置频率范围、射频收发、平均、触发和脉冲包络等参数，并执行扫频、返回结果和绘图。它常用于量子器件、谐振器或频谱响应测量流程中的自动化扫描。,"This is a non-physical sweeper software module for the Zurich Instruments SHFQA. It configures sweep range, RF I/O, averaging, trigger, and pulse envelope settings, then runs sweeps, returns results, and plots data. It is commonly used in automated measurements of quantum devices, resonators, or frequency-response experiments.",扫描采集控制模块|实验仪器软件控制模块,实验执行&合成设备|表征设备|低温与量子测量|电子与电气测试|射频与电子电路测试|扫描采集控制模块|实验仪器软件控制模块
ZMQ值订阅组件,ZMQ Value Subscriber,zmq_value_sub,zmq_value_sub,2,43,auto-run|auto-shutdown,一种非物理的软件消息组件，使用 ZeroMQ 从远程发布端订阅数值消息。在实验系统中可用于在不同进程、主机或模块之间接收实时参数、状态或测量值。,"A non-physical software messaging component that uses ZeroMQ to subscribe to value messages from a remote publisher. In laboratory systems, it can be used to receive real-time parameters, status updates, or measurement values between processes, hosts, or software modules.",ZMQ值订阅器,实验执行&合成设备|实验室自动化与仪器集成|实验网络与协议集成|局域网实验数值广播与订阅|ZMQ值订阅器
罗德与施瓦茨 ZNB20 矢量网络分析仪,Rohde & Schwarz ZNB20 Vector Network Analyzer,znb20,znb20,3,12,auto-get_formatted_data|auto-get_real_imaginary_data|auto-get_stimulus,用于对微波器件和射频网络进行扫频测试的矢量网络分析仪，可读取扫频频率点以及复数或格式化的测量数据，常用于 S 参数表征。,"A vector network analyzer for swept-frequency testing of microwave devices and RF networks. It can read sweep stimulus points and complex or formatted measurement data, and is commonly used for S-parameter characterization.",矢量网络分析仪,表征设备|电子与电气测试|射频与电子电路测试|矢量网络分析仪
