device,registry_key,short_description,categories,tags,action_count,atom_actions,action_titles,function_count,info_txt
__device_alternate_constructor,__device_alternate_constructor,Device Alternate Constructor是一款实验执行&合成设备，主要功能包括写入数据、复位、状态查询、设备连接、读取数据。,实验执行&合成设备,实验执行&合成设备(experimental_step),125,accessory_product_nums|accessory_product_types|accessory_serial_nums|add_network_device|ai_bridge_rngs|ai_charge_rngs|ai_couplings|ai_current_int_excit_discrete_vals|ai_current_rngs|ai_dig_fltr_lowpass_cutoff_freq_discrete_vals|ai_dig_fltr_lowpass_cutoff_freq_range_vals|ai_dig_fltr_types|ai_freq_rngs|ai_gains|ai_lowpass_cutoff_freq_discrete_vals|ai_lowpass_cutoff_freq_range_vals|ai_max_multi_chan_rate|ai_max_single_chan_rate|ai_meas_types|ai_min_rate|ai_num_samp_timing_engines|ai_num_sync_pulse_srcs|ai_physical_chans|ai_resistance_rngs|ai_samp_modes|ai_simultaneous_sampling_supported|ai_trig_usage|ai_voltage_int_excit_discrete_vals|ai_voltage_int_excit_range_vals|ai_voltage_rngs|anlg_trig_supported|ao_current_rngs|ao_gains|ao_max_rate|ao_min_rate|ao_num_samp_timing_engines|ao_num_sync_pulse_srcs|ao_output_types|ao_physical_chans|ao_samp_clk_supported|ao_samp_modes|ao_trig_usage|ao_voltage_rngs|bus_type|cal_acc_connection_count|cal_dev_temp|cal_recommended_acc_connection_count_limit|cal_user_defined_info|cal_user_defined_info_max_size|carrier_serial_num|chassis_module_devices|ci_max_size|ci_max_timebase|ci_meas_types|ci_physical_chans|ci_samp_clk_supported|ci_samp_modes|ci_trig_usage|co_max_size|co_max_timebase|co_output_types|co_physical_chans|co_samp_clk_supported|co_samp_modes|co_trig_usage|compact_daq_chassis_device|compact_daq_slot_num|compact_rio_chassis_device|compact_rio_slot_num|delete_network_device|dev_is_simulated|dev_serial_num|device_supports_cal|di_lines|di_max_rate|di_num_samp_timing_engines|di_ports|di_trig_usage|dig_trig_supported|do_lines|do_max_rate|do_num_samp_timing_engines|do_ports|do_trig_usage|ext_cal_last_date_and_time|ext_cal_last_temp|ext_cal_recommended_interval|field_daq_bank_devices|field_daq_device|hwteds_supported|id_pin_mem_family_codes|id_pin_mem_serial_nums|id_pin_mem_sizes|id_pin_pin_names|id_pin_pin_statuses|is_simulated|name|num_dma_chans|num_time_trigs|num_timestamp_engines|pci_bus_num|pci_dev_num|product_category|product_num|product_type|pxi_chassis_num|pxi_slot_num|read_id_pin_memory|reserve_network_device|reset_device|restore_last_ext_cal_const|self_cal|self_cal_last_date_and_time|self_cal_last_temp|self_cal_supported|self_test_device|serial_num|tcpip_ethernet_ip|tcpip_hostname|tcpip_wireless_ip|tedshwteds_supported|terminals|time_trig_supported|unreserve_network_device|write_id_pin_memory,accessory_product_nums|accessory_product_types|accessory_serial_nums|add_network_device|ai_bridge_rngs|ai_charge_rngs|ai_couplings|ai_current_int_excit_discrete_vals|ai_current_rngs|ai_dig_fltr_lowpass_cutoff_freq_discrete_vals|ai_dig_fltr_lowpass_cutoff_freq_range_vals|ai_dig_fltr_types|ai_freq_rngs|ai_gains|ai_lowpass_cutoff_freq_discrete_vals|ai_lowpass_cutoff_freq_range_vals|ai_max_multi_chan_rate|ai_max_single_chan_rate|ai_meas_types|ai_min_rate|ai_num_samp_timing_engines|ai_num_sync_pulse_srcs|ai_physical_chans|ai_resistance_rngs|ai_samp_modes|ai_simultaneous_sampling_supported|ai_trig_usage|ai_voltage_int_excit_discrete_vals|ai_voltage_int_excit_range_vals|ai_voltage_rngs|anlg_trig_supported|ao_current_rngs|ao_gains|ao_max_rate|ao_min_rate|ao_num_samp_timing_engines|ao_num_sync_pulse_srcs|ao_output_types|ao_physical_chans|ao_samp_clk_supported|ao_samp_modes|ao_trig_usage|ao_voltage_rngs|bus_type|cal_acc_connection_count|cal_dev_temp|cal_recommended_acc_connection_count_limit|cal_user_defined_info|cal_user_defined_info_max_size|carrier_serial_num|chassis_module_devices|ci_max_size|ci_max_timebase|ci_meas_types|ci_physical_chans|ci_samp_clk_supported|ci_samp_modes|ci_trig_usage|co_max_size|co_max_timebase|co_output_types|co_physical_chans|co_samp_clk_supported|co_samp_modes|co_trig_usage|compact_daq_chassis_device|compact_daq_slot_num|compact_rio_chassis_device|compact_rio_slot_num|delete_network_device|dev_is_simulated|dev_serial_num|device_supports_cal|di_lines|di_max_rate|di_num_samp_timing_engines|di_ports|di_trig_usage|dig_trig_supported|do_lines|do_max_rate|do_num_samp_timing_engines|do_ports|do_trig_usage|ext_cal_last_date_and_time|ext_cal_last_temp|ext_cal_recommended_interval|field_daq_bank_devices|field_daq_device|hwteds_supported|id_pin_mem_family_codes|id_pin_mem_serial_nums|id_pin_mem_sizes|id_pin_pin_names|id_pin_pin_statuses|is_simulated|name|num_dma_chans|num_time_trigs|num_timestamp_engines|pci_bus_num|pci_dev_num|product_category|product_num|product_type|pxi_chassis_num|pxi_slot_num|read_id_pin_memory|reserve_network_device|reset_device|restore_last_ext_cal_const|self_cal|self_cal_last_date_and_time|self_cal_last_temp|self_cal_supported|self_test_device|serial_num|tcpip_ethernet_ip|tcpip_hostname|tcpip_wireless_ip|tedshwteds_supported|terminals|time_trig_supported|unreserve_network_device|write_id_pin_memory,133,Uni-Lab-OS/community_drivers/__device_alternate_constructor/info.txt
__lib_usb,__lib_usb,LibUSB 通用USB设备库设备驱动。,实验执行&合成设备,实验执行&合成设备(experimental_step),18,auto-bulk_read|auto-bulk_write|auto-claim_interface|auto-clear_halt|auto-close_device|auto-ctrl_transfer|auto-detach_kernel_driver|auto-enumerate_devices|auto-intr_read|auto-intr_write|auto-is_kernel_driver_active|auto-iso_read|auto-iso_write|auto-open_device|auto-release_interface|auto-reset_device|auto-set_configuration|auto-set_interface_altsetting,bulk_read|bulk_write|claim_interface|clear_halt|close_device|ctrl_transfer|detach_kernel_driver|enumerate_devices|intr_read|intr_write|is_kernel_driver_active|iso_read|iso_write|open_device|release_interface|reset_device|set_configuration|set_interface_altsetting,34,Uni-Lab-OS/community_drivers/__lib_usb/info.txt
__pro_scan_iii_connection,__pro_scan_iii_connection,PRO Scan III Connection是由Prior Scientific生产的专业实验设备。,实验执行&合成设备,实验执行&合成设备(experimental_step),13,auto-assert_filterwheel_number|auto-changed_timeout|auto-command|auto-get_command|auto-get_description|auto-get_filter_position|auto-get_n_filter_positions|auto-has_filterwheel|auto-move_command|auto-read_until_timeout|auto-readline|auto-set_command|auto-set_filter_position,assert_filterwheel_number|changed_timeout|command|get_command|get_description|get_filter_position|get_n_filter_positions|has_filterwheel|move_command|read_until_timeout|readline|set_command|set_filter_position,22,Uni-Lab-OS/community_drivers/__pro_scan_iii_connection/info.txt
__robot,__robot,Class for storing possible status events for the Mecademic robot,mechanical_arm,,213,auto-ActivateBrakes|auto-ActivateRobot|auto-ActivateSim|auto-ApiUnlock|auto-AutoConnectionWatchdog|auto-ClearMotion|auto-ConnectionWatchdog|auto-CreateVariable|auto-DeactivateRobot|auto-DeactivateSim|auto-Delay|auto-DeleteAllVariables|auto-DeleteFile|auto-DeleteVariable|auto-Disconnect|auto-EnableEtherNetIp|auto-EnableProfinet|auto-EndLogging|auto-ForceRealTimeMonitoring|auto-GetAutoConf|auto-GetAutoConfTurn|auto-GetBlending|auto-GetBrakesState|auto-GetCalibrationCfg|auto-GetCapturedTrajectory|auto-GetCapturedTrajectoryPath|auto-GetCartAcc|auto-GetCartAngVel|auto-GetCartLinVel|auto-GetCheckpoint|auto-GetCheckpointDiscarded|auto-GetCmdPendingCount|auto-GetCollisionCfg|auto-GetCollisionStatus|auto-GetConf|auto-GetConfTurn|auto-GetEtherNetIpEnabled|auto-GetExtToolFwVersion|auto-GetExtToolSim|auto-GetFwVersion|auto-GetGripperForce|auto-GetGripperRange|auto-GetGripperVel|auto-GetInterruptableEvent|auto-GetIoSim|auto-GetJointAcc|auto-GetJointLimits|auto-GetJointLimitsCfg|auto-GetJointVel|auto-GetJointVelLimit|auto-GetLoadedPrograms|auto-GetMecaScriptCfg|auto-GetMecaScriptEngineStatus|auto-GetModelJointLimits|auto-GetMonitoringInterval|auto-GetMoveDuration|auto-GetMoveDurationCfg|auto-GetMoveJumpApproachVel|auto-GetMoveJumpHeight|auto-GetMoveMode|auto-GetNetworkCfg|auto-GetNetworkOptions|auto-GetOperationMode|auto-GetPStop2Cfg|auto-GetPayload|auto-GetPowerSupplyInputs|auto-GetProductType|auto-GetProfinetEnabled|auto-GetProgramExecutionStatus|auto-GetRealTimeMonitoring|auto-GetRecoveryMode|auto-GetRobotCalibrated|auto-GetRobotInfo|auto-GetRobotName|auto-GetRobotRtData|auto-GetRobotSerial|auto-GetRtAccelerometer|auto-GetRtCartPos|auto-GetRtCartVel|auto-GetRtConf|auto-GetRtConfTurn|auto-GetRtExtToolStatus|auto-GetRtGripperForce|auto-GetRtGripperPos|auto-GetRtGripperState|auto-GetRtI2t|auto-GetRtInputState|auto-GetRtIoStatus|auto-GetRtJointPos|auto-GetRtJointTorq|auto-GetRtJointVel|auto-GetRtOutputState|auto-GetRtTargetCartPos|auto-GetRtTargetCartVel|auto-GetRtTargetConf|auto-GetRtTargetConfTurn|auto-GetRtTargetJointPos|auto-GetRtTargetJointTorq|auto-GetRtTargetJointVel|auto-GetRtTemperature|auto-GetRtTrf|auto-GetRtVacuumPressure|auto-GetRtVacuumState|auto-GetRtValveState|auto-GetRtWrf|auto-GetRtc|auto-GetSafetyStatus|auto-GetSafetyStopStatus|auto-GetSimModeCfg|auto-GetStatusGripper|auto-GetStatusRobot|auto-GetTimeScaling|auto-GetToolSphere|auto-GetTorqueLimits|auto-GetTorqueLimitsCfg|auto-GetTorqueLimitsStatus|auto-GetVacuumPurgeDuration|auto-GetVacuumThreshold|auto-GetVariable|auto-GetVariableByCyclicId|auto-GetVelTimeout|auto-GetWorkZoneCfg|auto-GetWorkZoneLimits|auto-GetWorkZoneStatus|auto-GripperClose|auto-GripperOpen|auto-Home|auto-IsConnected|auto-IsControlling|auto-IsDesiredIoState|auto-IsSynchronousMode|auto-ListFiles|auto-ListVariables|auto-LoadFile|auto-LogTrace|auto-LogUserCommands|auto-MoveGripper|auto-PauseMotion|auto-RebootRobot|auto-RegisterCallback|auto-RegisterCallbacks|auto-ResetError|auto-ResetPStop2Deprecated|auto-ResumeMotion|auto-SaveFile|auto-SetApiLock|auto-SetCalibrationCfg|auto-SetCollisionCfg|auto-SetExtToolSim|auto-SetIoSim|auto-SetJointLimits|auto-SetJointLimitsCfg|auto-SetLoadedPrograms|auto-SetMecaScriptCfg|auto-SetMonitoringInterval|auto-SetPStop2Cfg|auto-SetPayload|auto-SetRecoveryMode|auto-SetRobotName|auto-SetRtc|auto-SetSilentApiMode|auto-SetSimModeCfg|auto-SetTimeScaling|auto-SetToolSphere|auto-SetTorqueLimitsCfg|auto-SetVariable|auto-SetWorkZoneCfg|auto-SetWorkZoneLimits|auto-StartLogging|auto-StartProgram|auto-StopProgram|auto-SwitchToEtherCAT|auto-TcpDump|auto-TcpDumpStop|auto-UnregisterCallback|auto-UnregisterCallbacks|auto-UpdateRobot|auto-VacuumGripReleaseImmediate|auto-WaitActivated|auto-WaitConnected|auto-WaitDeactivated|auto-WaitDisconnected|auto-WaitEStopResetDeprecated|auto-WaitEStopResettableDeprecated|auto-WaitEndOfCycle|auto-WaitErrorReset|auto-WaitExtToolSimActivated|auto-WaitExtToolSimDeactivated|auto-WaitForAnyCheckpoint|auto-WaitForError|auto-WaitGripperMoveCompletion|auto-WaitHomed|auto-WaitIOState|auto-WaitIdle|auto-WaitIoSimDisabled|auto-WaitIoSimEnabled|auto-WaitMecaScriptEngineReady|auto-WaitMotionCleared|auto-WaitMotionPaused|auto-WaitMotionResumed|auto-WaitPStop2ResetDeprecated|auto-WaitPStop2ResettableDeprecated|auto-WaitProgramDone|auto-WaitProgramsLoaded|auto-WaitPurgeDone|auto-WaitRecoveryMode|auto-WaitReleasedPart|auto-WaitSafetyStopReset|auto-WaitSafetyStopResettable|auto-WaitSafetyStopStateChange|auto-WaitSimActivated|auto-WaitSimDeactivated|auto-sleep,ActivateBrakes|ActivateRobot|ActivateSim|ApiUnlock|AutoConnectionWatchdog|ClearMotion|ConnectionWatchdog|CreateVariable|DeactivateRobot|DeactivateSim|Delay|DeleteAllVariables|DeleteFile|DeleteVariable|Disconnect|EnableEtherNetIp|EnableProfinet|EndLogging|ForceRealTimeMonitoring|GetAutoConf|GetAutoConfTurn|GetBlending|GetBrakesState|GetCalibrationCfg|GetCapturedTrajectory|GetCapturedTrajectoryPath|GetCartAcc|GetCartAngVel|GetCartLinVel|GetCheckpoint|GetCheckpointDiscarded|GetCmdPendingCount|GetCollisionCfg|GetCollisionStatus|GetConf|GetConfTurn|GetEtherNetIpEnabled|GetExtToolFwVersion|GetExtToolSim|GetFwVersion|GetGripperForce|GetGripperRange|GetGripperVel|GetInterruptableEvent|GetIoSim|GetJointAcc|GetJointLimits|GetJointLimitsCfg|GetJointVel|GetJointVelLimit|GetLoadedPrograms|GetMecaScriptCfg|GetMecaScriptEngineStatus|GetModelJointLimits|GetMonitoringInterval|GetMoveDuration|GetMoveDurationCfg|GetMoveJumpApproachVel|GetMoveJumpHeight|GetMoveMode|GetNetworkCfg|GetNetworkOptions|GetOperationMode|GetPStop2Cfg|GetPayload|GetPowerSupplyInputs|GetProductType|GetProfinetEnabled|GetProgramExecutionStatus|GetRealTimeMonitoring|GetRecoveryMode|GetRobotCalibrated|GetRobotInfo|GetRobotName|GetRobotRtData|GetRobotSerial|GetRtAccelerometer|GetRtCartPos|GetRtCartVel|GetRtConf|GetRtConfTurn|GetRtExtToolStatus|GetRtGripperForce|GetRtGripperPos|GetRtGripperState|GetRtI2t|GetRtInputState|GetRtIoStatus|GetRtJointPos|GetRtJointTorq|GetRtJointVel|GetRtOutputState|GetRtTargetCartPos|GetRtTargetCartVel|GetRtTargetConf|GetRtTargetConfTurn|GetRtTargetJointPos|GetRtTargetJointTorq|GetRtTargetJointVel|GetRtTemperature|GetRtTrf|GetRtVacuumPressure|GetRtVacuumState|GetRtValveState|GetRtWrf|GetRtc|GetSafetyStatus|GetSafetyStopStatus|GetSimModeCfg|GetStatusGripper|GetStatusRobot|GetTimeScaling|GetToolSphere|GetTorqueLimits|GetTorqueLimitsCfg|GetTorqueLimitsStatus|GetVacuumPurgeDuration|GetVacuumThreshold|GetVariable|GetVariableByCyclicId|GetVelTimeout|GetWorkZoneCfg|GetWorkZoneLimits|GetWorkZoneStatus|GripperClose|GripperOpen|Home|IsConnected|IsControlling|IsDesiredIoState|IsSynchronousMode|ListFiles|ListVariables|LoadFile|LogTrace|LogUserCommands|MoveGripper|PauseMotion|RebootRobot|RegisterCallback|RegisterCallbacks|ResetError|ResetPStop2Deprecated|ResumeMotion|SaveFile|SetApiLock|SetCalibrationCfg|SetCollisionCfg|SetExtToolSim|SetIoSim|SetJointLimits|SetJointLimitsCfg|SetLoadedPrograms|SetMecaScriptCfg|SetMonitoringInterval|SetPStop2Cfg|SetPayload|SetRecoveryMode|SetRobotName|SetRtc|SetSilentApiMode|SetSimModeCfg|SetTimeScaling|SetToolSphere|SetTorqueLimitsCfg|SetVariable|SetWorkZoneCfg|SetWorkZoneLimits|StartLogging|StartProgram|StopProgram|SwitchToEtherCAT|TcpDump|TcpDumpStop|UnregisterCallback|UnregisterCallbacks|UpdateRobot|VacuumGripReleaseImmediate|WaitActivated|WaitConnected|WaitDeactivated|WaitDisconnected|WaitEStopResetDeprecated|WaitEStopResettableDeprecated|WaitEndOfCycle|WaitErrorReset|WaitExtToolSimActivated|WaitExtToolSimDeactivated|WaitForAnyCheckpoint|WaitForError|WaitGripperMoveCompletion|WaitHomed|WaitIOState|WaitIdle|WaitIoSimDisabled|WaitIoSimEnabled|WaitMecaScriptEngineReady|WaitMotionCleared|WaitMotionPaused|WaitMotionResumed|WaitPStop2ResetDeprecated|WaitPStop2ResettableDeprecated|WaitProgramDone|WaitProgramsLoaded|WaitPurgeDone|WaitRecoveryMode|WaitReleasedPart|WaitSafetyStopReset|WaitSafetyStopResettable|WaitSafetyStopStateChange|WaitSimActivated|WaitSimDeactivated|sleep,454,Uni-Lab-OS/community_drivers/__robot/info.txt
__zaber_connection,__zaber_connection,Zaber Connection是由Zaber Technologies生产的专业实验设备。,实验执行&合成设备,实验执行&合成设备(experimental_step),3,auto-lock|auto-readline|auto-write,lock|readline|write,62,Uni-Lab-OS/community_drivers/__zaber_connection/info.txt
__zaber_led_controller,__zaber_led_controller,Zaber LED Controller是由Zaber Technologies生产的专业实验设备。,实验执行&合成设备,实验执行&合成设备(experimental_step),1,auto-devices,devices,62,Uni-Lab-OS/community_drivers/__zaber_led_controller/info.txt
_asi_controller,_asi_controller,ASI Controller是由Applied Scientific Instrumentation生产的专业实验设备。,实验执行&合成设备,实验执行&合成设备(experimental_step),25,auto-changed_timeout|auto-command|auto-find_max_speed|auto-get_absolute_position|auto-get_command|auto-get_description|auto-get_led_power|auto-get_number_axes|auto-get_number_leds|auto-is_busy|auto-is_led_on|auto-motor_moving|auto-move_by_relative_position|auto-move_command|auto-move_to_absolute_position|auto-move_to_limit|auto-read_multiline|auto-read_until_timeout|auto-readline|auto-reset_position|auto-set_command|auto-set_led_power|auto-set_speed|auto-wait_for_motor_stop|auto-wait_until_idle,changed_timeout|command|find_max_speed|get_absolute_position|get_command|get_description|get_led_power|get_number_axes|get_number_leds|is_busy|is_led_on|motor_moving|move_by_relative_position|move_command|move_to_absolute_position|move_to_limit|read_multiline|read_until_timeout|readline|reset_position|set_command|set_led_power|set_speed|wait_for_motor_stop|wait_until_idle,56,Uni-Lab-OS/community_drivers/_asi_controller/info.txt
_i_beam_connection,_i_beam_connection,I Beam Connection是由TOPTICA Photonics生产的专业实验设备。,实验执行&合成设备,实验执行&合成设备(experimental_step),7,auto-command|auto-laser_off|auto-laser_on|auto-set_normal_channel_power|auto-show_max_power|auto-show_power_uW|auto-status_laser,command|laser_off|laser_on|set_normal_channel_power|show_max_power|show_power_uW|status_laser,20,Uni-Lab-OS/community_drivers/_i_beam_connection/info.txt
a2023a,a2023a,A2023a是由Apogee Instruments生产的表征设备，主要功能包括使能、复位、曝光、状态查询、触发。,表征设备,表征设备(experimental_step),30,auto-amplitude|auto-clear_status|auto-clear_status_async|auto-event_status_enabled|auto-event_status_reg|auto-expose|auto-expose_async|auto-fitted_options|auto-frequency|auto-frequency_standard|auto-idn|auto-local_lockout|auto-offset|auto-output_enabled|auto-phase|auto-remote|auto-reset|auto-reset_async|auto-rflimit|auto-rflimit_enabled|auto-self_test|auto-self_test_async|auto-service_request_enabled|auto-software_handshake|auto-status_byte|auto-time|auto-trigger|auto-trigger_async|auto-wait|auto-wait_async,amplitude|clear_status|clear_status_async|event_status_enabled|event_status_reg|expose|expose_async|fitted_options|frequency|frequency_standard|idn|local_lockout|offset|output_enabled|phase|remote|reset|reset_async|rflimit|rflimit_enabled|self_test|self_test_async|service_request_enabled|software_handshake|status_byte|time|trigger|trigger_async|wait|wait_async,37,Uni-Lab-OS/community_drivers/a2023a/info.txt
a2_d_4_ch__isolated_adc,a2_d_4_ch__isolated_adc,A/D 4通道隔离ADC模块是由广州尚准仪器设备股份有限公司生产的专业实验设备。,表征设备,表征设备(experimental_step),10,auto-calibrate_voltage|auto-get_calibration|auto-get_num_channels|auto-get_rs485_addr|auto-measure_voltage|auto-measure_voltage_at_adc|auto-reset|auto-reset_calibration|auto-save_calibration|auto-set_led,calibrate_voltage|get_calibration|get_num_channels|get_rs485_addr|measure_voltage|measure_voltage_at_adc|reset|reset_calibration|save_calibration|set_led,12,Uni-Lab-OS/community_drivers/a2_d_4_ch__isolated_adc/info.txt
a2_d__eload,a2_d__eload,A/D Electronic Load是由A/D Instruments生产的电池测试柜，主要功能包括初始化、复位、数据保存、校准、测量、电流设置。,电池测试柜,电池测试柜(device_template_tag),26,auto-cal_i_reset|auto-cal_i_save|auto-cal_v_reset|auto-cal_v_save|auto-calibrate_current|auto-calibrate_voltage|auto-get_cal_i|auto-get_cal_v|auto-get_fan|auto-get_led|auto-get_output|auto-get_rs485_addr|auto-initialize|auto-kick|auto-measure_current|auto-measure_current_control|auto-measure_temperature|auto-measure_voltage_adc_supply|auto-measure_voltage_supply|auto-reset|auto-save_rs485_addr|auto-set_current|auto-set_fan|auto-set_led|auto-set_rs485_addr|auto-toggle_output,cal_i_reset|cal_i_save|cal_v_reset|cal_v_save|calibrate_current|calibrate_voltage|get_cal_i|get_cal_v|get_fan|get_led|get_output|get_rs485_addr|initialize|kick|measure_current|measure_current_control|measure_temperature|measure_voltage_adc_supply|measure_voltage_supply|reset|save_rs485_addr|set_current|set_fan|set_led|set_rs485_addr|toggle_output,31,Uni-Lab-OS/community_drivers/a2_d__eload/info.txt
a2_d__relay__board,a2_d__relay__board,A/D Relay Board是由A/D Instruments生产的表征设备，主要功能包括初始化、复位、设备连接。,表征设备,表征设备(experimental_step),9,auto-connect_eload|auto-connect_psu|auto-eload_connected|auto-get_num_channels|auto-initialize|auto-psu_connected|auto-reset|auto-set_i2c_expander_addr|auto-set_led,connect_eload|connect_psu|eload_connected|get_num_channels|initialize|psu_connected|reset|set_i2c_expander_addr|set_led,12,Uni-Lab-OS/community_drivers/a2_d__relay__board/info.txt
a2_d_daq,a2_d_daq,A/D DAQ Module是由A/D Instruments生产的表征设备，主要功能包括初始化、参数配置、复位、日志记录、校准、测量。,表征设备,表征设备(experimental_step),14,auto-calibrate_pullup_v|auto-conf_io|auto-configure_from_dict|auto-get_analog_mv|auto-get_analog_v|auto-get_dig_in|auto-get_pullup_v|auto-initialize|auto-measure_temperature|auto-measure_voltage|auto-reset|auto-set_dig|auto-set_led|auto-set_read_delay_ms,calibrate_pullup_v|conf_io|configure_from_dict|get_analog_mv|get_analog_v|get_dig_in|get_pullup_v|initialize|measure_temperature|measure_voltage|reset|set_dig|set_led|set_read_delay_ms,17,Uni-Lab-OS/community_drivers/a2_d_daq/info.txt
a2_d_power_board,a2_d_power_board,A/D Power Board是由A/D Instruments生产的表征设备，主要功能包括初始化、复位、校准、测量、电压设置、电流设置。,表征设备,表征设备(experimental_step),13,auto-calibrate_current|auto-calibrate_voltage|auto-initialize|auto-measure_current|auto-measure_temperature|auto-measure_voltage|auto-reset_calibration|auto-set_current|auto-set_i2c_adc_addr|auto-set_i2c_dac_addr|auto-set_led|auto-set_voltage|auto-toggle_output,calibrate_current|calibrate_voltage|initialize|measure_current|measure_temperature|measure_voltage|reset_calibration|set_current|set_i2c_adc_addr|set_i2c_dac_addr|set_led|set_voltage|toggle_output,15,Uni-Lab-OS/community_drivers/a2_d_power_board/info.txt
a2_d_sense_board,a2_d_sense_board,A/D Sense Board模拟传感信号采集板卡，支持多通道模拟信号读取。,表征设备,表征设备(experimental_step),9,auto-calibrate_current|auto-calibrate_voltage|auto-initialize|auto-measure_current|auto-measure_temperature|auto-measure_voltage|auto-reset_calibration|auto-set_i2c_adc_addr|auto-set_led,calibrate_current|calibrate_voltage|initialize|measure_current|measure_temperature|measure_voltage|reset_calibration|set_i2c_adc_addr|set_led,11,Uni-Lab-OS/community_drivers/a2_d_sense_board/info.txt
a4_s_backend,a4_s_backend,A4 S Backend驱动，支持close/open/seal/send command/set heater等13个操作。,移液工作站,移液工作站(device_template_tag),13,auto-close|auto-get_remaining_time|auto-get_status|auto-get_temperature|auto-open|auto-seal|auto-send_command|auto-set_heater|auto-set_temperature|auto-set_time|auto-setup|auto-stop|auto-system_reset,close|get_remaining_time|get_status|get_temperature|open|seal|send_command|set_heater|set_temperature|set_time|setup|stop|system_reset,18,Uni-Lab-OS/community_drivers/a4_s_backend/info.txt
a_pump,a_pump,Automated Pump Controller是由Tricontinent (Gardner Denver)生产的注射泵，主要功能包括使能、停止、关闭、启动、状态查询、设备连接。,注射泵,注射泵(device_template_tag),16,auto-close|auto-disconnect|auto-enableRemoteControl|auto-getIdentification|auto-getResponse|auto-getStatus|auto-readDisplay|auto-selectUnit|auto-sendAndAcknowledge|auto-sendBuffered|auto-sendImmediate|auto-sendString|auto-setFlowDirection|auto-setSpeed|auto-startFlow|auto-stopFlow,close|disconnect|enableRemoteControl|getIdentification|getResponse|getStatus|readDisplay|selectUnit|sendAndAcknowledge|sendBuffered|sendImmediate|sendString|setFlowDirection|setSpeed|startFlow|stopFlow,17,Uni-Lab-OS/community_drivers/a_pump/info.txt
a_star_speed,a_star_speed,A Star Speed是由Pololu生产的专业实验设备。,实验执行&合成设备,实验执行&合成设备(experimental_step),3,auto-run_threaded|auto-shutdown|auto-update,run_threaded|shutdown|update,13,Uni-Lab-OS/community_drivers/a_star_speed/info.txt
aa_opto_mds,aa_opto_mds,AAOptoMDS,aotf,,10,auto-Close|auto-Disable|auto-Enable|auto-GetFreq|auto-GetPower|auto-GetStatus|auto-SetFreq|auto-SetPower|auto-SetPowerAndEnable|auto-query,Close|Disable|Enable|GetFreq|GetPower|GetStatus|SetFreq|SetPower|SetPowerAndEnable|query,11,Uni-Lab-OS/community_drivers/aa_opto_mds/info.txt
access2_backend,access2_backend,Hamilton ACCESS2 Automated Storage 存储系统是由Hamilton Company生产的专业实验设备。,自动化耗材堆栈,自动化耗材堆栈(device_template_tag),33,auto-bucket_1_remainder|auto-close|auto-close_door|auto-configure_and_initialize|auto-g_to_rpm|auto-get_bucket_1_position|auto-get_bucket_locked|auto-get_door_locked|auto-get_door_open|auto-get_home_position|auto-get_position|auto-get_status|auto-get_tachometer|auto-go_to_bucket1|auto-go_to_bucket2|auto-go_to_position|auto-initialize|auto-load|auto-lock_bucket|auto-lock_door|auto-open|auto-open_door|auto-park|auto-send_command|auto-serialize|auto-set_bucket_1_position_to_current|auto-set_configuration_data|auto-setup|auto-spin|auto-stop|auto-unload|auto-unlock_bucket|auto-unlock_door,bucket_1_remainder|close|close_door|configure_and_initialize|g_to_rpm|get_bucket_1_position|get_bucket_locked|get_door_locked|get_door_open|get_home_position|get_position|get_status|get_tachometer|go_to_bucket1|go_to_bucket2|go_to_position|initialize|load|lock_bucket|lock_door|open|open_door|park|send_command|serialize|set_bucket_1_position_to_current|set_configuration_data|setup|spin|stop|unload|unlock_bucket|unlock_door,45,Uni-Lab-OS/community_drivers/access2_backend/info.txt
acq1102,acq1102,Acq1102是由D-TACQ Solutions生产的专业实验设备。,实验执行&合成设备,实验执行&合成设备(experimental_step),49,chan2volts|clear_counters|close|data_size|demux_status|elapsed_samples|fetch_all_calibration|get_aggregator_sites|get_aggregator_svc_list|get_blocks|get_elapsed|get_post|get_pre|get_state|get_sys_info|get_total|init_site_client|load_awg|load_dio482pg|load_dpg|load_gpg|load_segments|load_stl|load_wrpg|make_sa_sd_aliases|nchan|post_samples|pre_samples|read|read_chan|read_decims|read_transient_timebase|run_service|samples|scale_raw|set_DO|set_mb_clk|set_segment|set_sync_routing|set_sync_routing_master|set_sync_routing_slave|show_segments|st_monitor|state|uut_demux_enabled|wait_armed|wait_event|wait_state_changed|wait_stopped,chan2volts|clear_counters|close|data_size|demux_status|elapsed_samples|fetch_all_calibration|get_aggregator_sites|get_aggregator_svc_list|get_blocks|get_elapsed|get_post|get_pre|get_state|get_sys_info|get_total|init_site_client|load_awg|load_dio482pg|load_dpg|load_gpg|load_segments|load_stl|load_wrpg|make_sa_sd_aliases|nchan|post_samples|pre_samples|read|read_chan|read_decims|read_transient_timebase|run_service|samples|scale_raw|set_DO|set_mb_clk|set_segment|set_sync_routing|set_sync_routing_master|set_sync_routing_slave|show_segments|st_monitor|state|uut_demux_enabled|wait_armed|wait_event|wait_state_changed|wait_stopped,134,Uni-Lab-OS/community_drivers/acq1102/info.txt
acq2106,acq2106,Acq2106是由D-TACQ Solutions生产的专业实验设备。,实验执行&合成设备,实验执行&合成设备(experimental_step),5,auto-set_MR|auto-set_master_trg|auto-set_mb_clk|auto-set_sync_routing_slave|auto-wr_PPS_active,set_MR|set_master_trg|set_mb_clk|set_sync_routing_slave|wr_PPS_active,134,Uni-Lab-OS/community_drivers/acq2106/info.txt
acq2106__mgtdram8,acq2106__mgtdram8,Acq2106 Mgtdram8是由D-TACQ Solutions生产的专业实验设备。,实验执行&合成设备,实验执行&合成设备(experimental_step),2,auto-create_mgtdram_pull_client|auto-run_mgt,create_mgtdram_pull_client|run_mgt,134,Uni-Lab-OS/community_drivers/acq2106__mgtdram8/info.txt
acq2106_tiga,acq2106_tiga,Acq2106 Tiga是由D-TACQ Solutions生产的专业实验设备。,实验执行&合成设备,实验执行&合成设备(experimental_step),2,auto-load_dio482pg|auto-set_DO,load_dio482pg|set_DO,134,Uni-Lab-OS/community_drivers/acq2106_tiga/info.txt
acq400e,acq400e,Acq400e是由D-TACQ Solutions生产的专业实验设备。,实验执行&合成设备,实验执行&合成设备(experimental_step),11,auto-caget|auto-caput|auto-clean|auto-clearpv|auto-get_sites|auto-int_statemon|auto-monitor|auto-pv_callback|auto-readpv|auto-stop_stream|auto-stream_to_disk,caget|caput|clean|clearpv|get_sites|int_statemon|monitor|pv_callback|readpv|stop_stream|stream_to_disk,11,Uni-Lab-OS/community_drivers/acq400e/info.txt
acquisition_stage,acquisition_stage,Acquisition Stage是一款实验执行&合成设备，主要功能包括停止、参数配置、启动、运行。,实验执行&合成设备,实验执行&合成设备(experimental_step),11,auto-build|auto-configureStage|auto-numProcess|auto-outputQueue|auto-processes|auto-setArgs|auto-stage|auto-start|auto-startTrainID|auto-stop|auto-stopTrainID,build|configureStage|numProcess|outputQueue|processes|setArgs|stage|start|startTrainID|stop|stopTrainID,22,Uni-Lab-OS/community_drivers/acquisition_stage/info.txt
ad_roi_stat,ad_roi_stat,EPICS Area Detector ROI Statistics Plugin是由EPICS / Argonne National Laboratory生产的X射线衍射仪，主要功能包括停止、关闭、写入数据、启动、打开、扫描。,X射线衍射仪,X射线衍射仪(device_template_tag),39,auto-ContinuousMode|auto-FileCaptureOff|auto-FileCaptureOn|auto-FileWriteComplete|auto-NDArrayMode|auto-ROIMode|auto-ScalerMode|auto-arm|auto-close_shutter|auto-config_filesaver|auto-config_shutter|auto-disarm|auto-fileGet|auto-filePut|auto-file_write_complete|auto-getFileName|auto-getFileNameByIndex|auto-getFileNumber|auto-getFilePath|auto-getFileTemplate|auto-getLastFileName|auto-getNextFileName|auto-getNumCapture|auto-getNumCaptured_RBV|auto-get_next_filename|auto-nextFileNumber|auto-open_shutter|auto-post_scan|auto-pre_scan|auto-save_arraydata|auto-setFileName|auto-setFileNumCapture|auto-setFileNumber|auto-setFilePath|auto-setFileTemplate|auto-setFileWriteMode|auto-set_dwelltime|auto-start|auto-stop,ContinuousMode|FileCaptureOff|FileCaptureOn|FileWriteComplete|NDArrayMode|ROIMode|ScalerMode|arm|close_shutter|config_filesaver|config_shutter|disarm|fileGet|filePut|file_write_complete|getFileName|getFileNameByIndex|getFileNumber|getFilePath|getFileTemplate|getLastFileName|getNextFileName|getNumCapture|getNumCaptured_RBV|get_next_filename|nextFileNumber|open_shutter|post_scan|pre_scan|save_arraydata|setFileName|setFileNumCapture|setFileNumber|setFilePath|setFileTemplate|setFileWriteMode|set_dwelltime|start|stop,49,Uni-Lab-OS/community_drivers/ad_roi_stat/info.txt
address_space_builder,address_space_builder,Address Space Builder是由OPC Foundation生产的专业实验设备。,后处理设备,后处理设备(experimental_step),2,auto-build|auto-get_variable_indices,build|get_variable_indices,8,Uni-Lab-OS/community_drivers/address_space_builder/info.txt
adn_xpt,adn_xpt,Analog Devices ADN Crosspoint Switch是由Analog Devices生产的专业实验设备。,实验执行&合成设备,实验执行&合成设备(experimental_step),14,auto-assign_output|auto-init|auto-input_config|auto-io_config|auto-output_table|auto-read_register|auto-reset|auto-rx_config|auto-rx_termination|auto-set_termination|auto-tx_config|auto-tx_termination|auto-write_register|auto-xpt_update,assign_output|init|input_config|io_config|output_table|read_register|reset|rx_config|rx_termination|set_termination|tx_config|tx_termination|write_register|xpt_update,34,Uni-Lab-OS/community_drivers/adn_xpt/info.txt
ads_symbol,ads_symbol,Ads Symbol是由Beckhoff Automation生产的后处理设备，主要功能包括写入数据、读取数据。,后处理设备,后处理设备(experimental_step),9,auto-add_device_notification|auto-auto_update|auto-clear_device_notifications|auto-del_device_notification|auto-get_type_from_str|auto-is_structure|auto-read|auto-value|auto-write,add_device_notification|auto_update|clear_device_notifications|del_device_notification|get_type_from_str|is_structure|read|value|write,17,Uni-Lab-OS/community_drivers/ads_symbol/info.txt
afg3021b,afg3021b,Tektronix AFG3021B Function Generator是由Tektronix生产的表征设备。,表征设备,表征设备(experimental_step),1,auto-idn,idn,2,Uni-Lab-OS/community_drivers/afg3021b/info.txt
afms,afms,Afms是由Adafruit Industries生产的实验执行&合成设备，主要功能包括停止、关闭、归零、设备连接、运动控制。,实验执行&合成设备,实验执行&合成设备(experimental_step),6,auto-close|auto-estop|auto-get_position|auto-goto|auto-home|auto-move,close|estop|get_position|goto|home|move,9,Uni-Lab-OS/community_drivers/afms/info.txt
agilent33210_a,agilent33210_a,Agilent33210 A是由Agilent Technologies生产的实验执行&合成设备，主要功能包括触发、运行。,实验执行&合成设备,实验执行&合成设备(experimental_step),6,auto-beep|auto-config|auto-config_burst|auto-config_free_running_burst|auto-send|auto-trigger,beep|config|config_burst|config_free_running_burst|send|trigger,7,Uni-Lab-OS/community_drivers/agilent33210_a/info.txt
agilent33220a,agilent33220a,Agilent 33220A Function Generator是由Keysight Technologies生产的表征设备，主要功能包括加载。,表征设备,表征设备(experimental_step),8,auto-duty_cycle|auto-function|auto-load_resistance|auto-output|auto-output_polarity|auto-output_sync|auto-phase|auto-ramp_symmetry,duty_cycle|function|load_resistance|output|output_polarity|output_sync|phase|ramp_symmetry,5,Uni-Lab-OS/community_drivers/agilent33220a/info.txt
agilent34410a,agilent34410a,Agilent34410a是由Agilent Technologies (Keysight)生产的表征设备，主要功能包括中止、初始化、读取数据。,表征设备,表征设备(experimental_step),10,auto-abort|auto-clear_memory|auto-data_point_count|auto-fetch|auto-init|auto-r|auto-read_data|auto-read_data_nvmem|auto-read_last_data|auto-read_meter,abort|clear_memory|data_point_count|fetch|init|r|read_data|read_data_nvmem|read_last_data|read_meter,11,Uni-Lab-OS/community_drivers/agilent34410a/info.txt
agilent_dso7054_wrapper,agilent_dso7054_wrapper,Agilent Dso7054 Wrapper是由Agilent Technologies (Keysight)生产的专业实验设备。,表征设备,表征设备(experimental_step),19,auto-autoscale|auto-channel_coupling|auto-channel_info|auto-channel_invert|auto-channel_position|auto-channel_probe|auto-channel_scale|auto-channel_toggle|auto-clear_buffers|auto-horizontal_offset|auto-horizontal_scale|auto-measure|auto-measure_setup|auto-reset|auto-trace|auto-trigger_channel|auto-trigger_level|auto-trigger_mode|auto-trigger_slope,autoscale|channel_coupling|channel_info|channel_invert|channel_position|channel_probe|channel_scale|channel_toggle|clear_buffers|horizontal_offset|horizontal_scale|measure|measure_setup|reset|trace|trigger_channel|trigger_level|trigger_mode|trigger_slope,22,Uni-Lab-OS/community_drivers/agilent_dso7054_wrapper/info.txt
agilent_e4406_a,agilent_e4406_a,"Agilent E4406 A是Agilent Technologies提供的设备驱动，提供frequency, frequency, span, span等28个控制接口。",实验执行&合成设备,实验执行&合成设备(experimental_step),20,auto-MeasureIQ|auto-VOID|auto-aper|auto-concatenator|auto-decim|auto-decimated_bw|auto-frequency|auto-iq|auto-iqinit|auto-iqrelease|auto-measure_power_at_marker|auto-resbw|auto-resbw_ratio|auto-rfgain|auto-screenshot|auto-span|auto-stateiq|auto-time|auto-trace|auto-trace_prototype,MeasureIQ|VOID|aper|concatenator|decim|decimated_bw|frequency|iq|iqinit|iqrelease|measure_power_at_marker|resbw|resbw_ratio|rfgain|screenshot|span|stateiq|time|trace|trace_prototype,30,Uni-Lab-OS/community_drivers/agilent_e4406_a/info.txt
agilent_e44nn,agilent_e44nn,Agilent E44nn是由Agilent Technologies生产的实验执行&合成设备，主要功能包括停止、启动、扫频。,实验执行&合成设备,实验执行&合成设备(experimental_step),25,auto-continuous|auto-detector|auto-external_gain|auto-frequency|auto-frequency_center|auto-frequency_span|auto-frequency_start|auto-frequency_stop|auto-input_attenuator|auto-input_attenuator_auto|auto-reference_level|auto-resolution_bandwidth|auto-resolution_bandwidths|auto-screenshot|auto-select|auto-sweep_points|auto-sweep_points_max|auto-sweep_time|auto-trace|auto-trace_data|auto-trace_sa|auto-trace_type|auto-unit_power|auto-video_bandwidth|auto-view_range,continuous|detector|external_gain|frequency|frequency_center|frequency_span|frequency_start|frequency_stop|input_attenuator|input_attenuator_auto|reference_level|resolution_bandwidth|resolution_bandwidths|screenshot|select|sweep_points|sweep_points_max|sweep_time|trace|trace_data|trace_sa|trace_type|unit_power|video_bandwidth|view_range,45,Uni-Lab-OS/community_drivers/agilent_e44nn/info.txt
agilent_e8357_a,agilent_e8357_a,"Agilent E8357 A是Agilent Technologies提供的设备驱动，提供trace, catalog, readX, readS等16个控制接口。",实验执行&合成设备,实验执行&合成设备(experimental_step),11,auto-bandwidth|auto-catalog|auto-points|auto-readS|auto-readX|auto-reference|auto-screenshot|auto-sourcepower|auto-start|auto-stop|auto-trace,bandwidth|catalog|points|readS|readX|reference|screenshot|sourcepower|start|stop|trace,17,Uni-Lab-OS/community_drivers/agilent_e8357_a/info.txt
agilent_n9010_a_wrapper,agilent_n9010_a_wrapper,Agilent N9010 A Wrapper是由Agilent Technologies (Keysight)生产的专业实验设备。,表征设备,表征设备(experimental_step),29,auto-amplitudeOffset|auto-amplitudeReference|auto-amplitudeScale|auto-attenuation|auto-autoset|auto-bandwidthResolution|auto-bandwidthSweepTime|auto-bandwidthVideo|auto-clear_buffers|auto-frequencyCenter|auto-frequencySpan|auto-frequencyStart|auto-frequencyStop|auto-getTrace|auto-markerAmplitude|auto-markerFrequency|auto-markerMode|auto-markerReadoutMode|auto-markerToggle|auto-markerTrace|auto-markerTrack|auto-peakExcursion|auto-peakNext|auto-peakSearch|auto-peakSet|auto-peakTable|auto-peakThreshold|auto-preamplifier|auto-reset,amplitudeOffset|amplitudeReference|amplitudeScale|attenuation|autoset|bandwidthResolution|bandwidthSweepTime|bandwidthVideo|clear_buffers|frequencyCenter|frequencySpan|frequencyStart|frequencyStop|getTrace|markerAmplitude|markerFrequency|markerMode|markerReadoutMode|markerToggle|markerTrace|markerTrack|peakExcursion|peakNext|peakSearch|peakSet|peakTable|peakThreshold|preamplifier|reset,31,Uni-Lab-OS/community_drivers/agilent_n9010_a_wrapper/info.txt
agilent_serial,agilent_serial,Agilent 串口仪器接口 串口设备是由Agilent Technologies (Keysight)生产的实验执行&合成设备，主要功能包括停止、泵送、运行。,实验执行&合成设备,实验执行&合成设备(experimental_step),5,auto-egu|auto-info|auto-off|auto-on|auto-pressure,egu|info|off|on|pressure,13,Uni-Lab-OS/community_drivers/agilent_serial/info.txt
aguc2,aguc2,Newport AGUC-2 Agilis 电动位移台控制器 自动化设备是由Newport Corporation生产的专业实验设备。,物流/机械,物流/机械(experimental_step),18,auto-ag_query|auto-ag_sendcmd|auto-am_i_still|auto-axis|auto-axis_status|auto-enable_remote_mode|auto-error_previous_command|auto-firmware_version|auto-jog|auto-limit_status|auto-move_relative|auto-move_to_limit|auto-number_of_steps|auto-reset_controller|auto-sleep_time|auto-step_amplitude|auto-step_delay|auto-zero_position,ag_query|ag_sendcmd|am_i_still|axis|axis_status|enable_remote_mode|error_previous_command|firmware_version|jog|limit_status|move_relative|move_to_limit|number_of_steps|reset_controller|sleep_time|step_amplitude|step_delay|zero_position,14,Uni-Lab-OS/community_drivers/aguc2/info.txt
ai_channel,ai_channel,AI Channel是由National Instruments生产的实验执行&合成设备，主要功能包括使能、初始化、归零校准、打开、电压设置、读取数据。,实验执行&合成设备,实验执行&合成设备(experimental_step),200,auto-ai_ac_excit_freq|auto-ai_ac_excit_sync_enable|auto-ai_ac_excit_wire_mode|auto-ai_accel_4_wire_dc_voltage_sensitivity|auto-ai_accel_4_wire_dc_voltage_sensitivity_units|auto-ai_accel_charge_sensitivity|auto-ai_accel_charge_sensitivity_units|auto-ai_accel_db_ref|auto-ai_accel_sensitivity|auto-ai_accel_sensitivity_units|auto-ai_accel_units|auto-ai_acceld_b_ref|auto-ai_adc_custom_timing_mode|auto-ai_adc_timing_mode|auto-ai_atten|auto-ai_auto_zero_mode|auto-ai_averaging_win_size|auto-ai_bridge_balance_coarse_pot|auto-ai_bridge_balance_fine_pot|auto-ai_bridge_cfg|auto-ai_bridge_electrical_units|auto-ai_bridge_initial_ratio|auto-ai_bridge_initial_voltage|auto-ai_bridge_nom_resistance|auto-ai_bridge_physical_units|auto-ai_bridge_poly_forward_coeff|auto-ai_bridge_poly_reverse_coeff|auto-ai_bridge_scale_type|auto-ai_bridge_shunt_cal_enable|auto-ai_bridge_shunt_cal_gain_adjust|auto-ai_bridge_shunt_cal_select|auto-ai_bridge_shunt_cal_shunt_cal_a_actual_resistance|auto-ai_bridge_shunt_cal_shunt_cal_a_resistance|auto-ai_bridge_shunt_cal_shunt_cal_a_src|auto-ai_bridge_shunt_cal_shunt_cal_b_actual_resistance|auto-ai_bridge_shunt_cal_shunt_cal_b_resistance|auto-ai_bridge_table_electrical_vals|auto-ai_bridge_table_physical_vals|auto-ai_bridge_two_point_lin_first_electrical_val|auto-ai_bridge_two_point_lin_first_physical_val|auto-ai_bridge_two_point_lin_second_electrical_val|auto-ai_bridge_two_point_lin_second_physical_val|auto-ai_bridge_units|auto-ai_calculated_power_current_max|auto-ai_calculated_power_current_min|auto-ai_calculated_power_voltage_max|auto-ai_calculated_power_voltage_min|auto-ai_charge_units|auto-ai_chop_enable|auto-ai_coupling|auto-ai_current_acrms_units|auto-ai_current_shunt_loc|auto-ai_current_shunt_resistance|auto-ai_current_units|auto-ai_custom_scale|auto-ai_data_xfer_custom_threshold|auto-ai_data_xfer_max_rate|auto-ai_data_xfer_mech|auto-ai_data_xfer_req_cond|auto-ai_dc_offset|auto-ai_dev_scaling_coeff|auto-ai_dig_fltr_bandpass_center_freq|auto-ai_dig_fltr_bandpass_width|auto-ai_dig_fltr_coeff|auto-ai_dig_fltr_enable|auto-ai_dig_fltr_highpass_cutoff_freq|auto-ai_dig_fltr_lowpass_cutoff_freq|auto-ai_dig_fltr_notch_center_freq|auto-ai_dig_fltr_notch_width|auto-ai_dig_fltr_order|auto-ai_dig_fltr_response|auto-ai_dig_fltr_type|auto-ai_dither_enable|auto-ai_eddy_current_prox_sensitivity|auto-ai_eddy_current_prox_sensitivity_units|auto-ai_eddy_current_prox_units|auto-ai_enhanced_alias_rejection_enable|auto-ai_excit_actual_val|auto-ai_excit_d_cor_ac|auto-ai_excit_idle_output_behavior|auto-ai_excit_sense|auto-ai_excit_src|auto-ai_excit_use_for_scaling|auto-ai_excit_use_multiplexed|auto-ai_excit_val|auto-ai_excit_voltage_or_current|auto-ai_filter_delay|auto-ai_filter_delay_adjustment|auto-ai_filter_delay_units|auto-ai_filter_enable|auto-ai_filter_freq|auto-ai_filter_order|auto-ai_filter_response|auto-ai_force_iepe_sensor_sensitivity|auto-ai_force_iepe_sensor_sensitivity_units|auto-ai_force_read_from_chan|auto-ai_force_units|auto-ai_freq_hyst|auto-ai_freq_thresh_voltage|auto-ai_freq_units|auto-ai_gain|auto-ai_impedance|auto-ai_input_limits_fault_detect_enable|auto-ai_input_limits_fault_detect_lower_limit|auto-ai_input_limits_fault_detect_upper_limit|auto-ai_input_src|auto-ai_lead_wire_resistance|auto-ai_lossy_lsb_removal_compressed_samp_size|auto-ai_lowpass_cutoff_freq|auto-ai_lowpass_enable|auto-ai_lowpass_switch_cap_clk_src|auto-ai_lowpass_switch_cap_ext_clk_div|auto-ai_lowpass_switch_cap_ext_clk_freq|auto-ai_lowpass_switch_cap_out_clk_div|auto-ai_lvdt_sensitivity|auto-ai_lvdt_sensitivity_units|auto-ai_lvdt_units|auto-ai_max|auto-ai_meas_type|auto-ai_mem_map_enable|auto-ai_microphone_sensitivity|auto-ai_min|auto-ai_open_chan_detect_enable|auto-ai_open_thrmcpl_detect_enable|auto-ai_overcurrent_detect_enable|auto-ai_power_supply_fault_detect_enable|auto-ai_power_units|auto-ai_pressure_units|auto-ai_probe_atten|auto-ai_raw_data_compression_type|auto-ai_raw_samp_justification|auto-ai_raw_samp_size|auto-ai_remove_filter_delay|auto-ai_resistance_cfg|auto-ai_resistance_units|auto-ai_resolution|auto-ai_resolution_units|auto-ai_rng_high|auto-ai_rng_low|auto-ai_rosette_strain_gage_gage_orientation|auto-ai_rosette_strain_gage_rosette_meas_type|auto-ai_rosette_strain_gage_rosette_type|auto-ai_rosette_strain_gage_strain_chans|auto-ai_rtd_a|auto-ai_rtd_b|auto-ai_rtd_c|auto-ai_rtd_r0|auto-ai_rtd_r_0|auto-ai_rtd_type|auto-ai_rvdt_sensitivity|auto-ai_rvdt_sensitivity_units|auto-ai_rvdt_units|auto-ai_samp_and_hold_enable|auto-ai_sensor_power_cfg|auto-ai_sensor_power_type|auto-ai_sensor_power_voltage|auto-ai_sound_pressure_db_ref|auto-ai_sound_pressure_max_sound_pressure_lvl|auto-ai_sound_pressure_units|auto-ai_sound_pressured_b_ref|auto-ai_strain_force_read_from_chan|auto-ai_strain_gage_cfg|auto-ai_strain_gage_gage_factor|auto-ai_strain_gage_poisson_ratio|auto-ai_strain_units|auto-ai_teds_is_teds|auto-ai_teds_units|auto-ai_temp_units|auto-ai_term_cfg|auto-ai_thrmcpl_cjc_chan|auto-ai_thrmcpl_cjc_src|auto-ai_thrmcpl_cjc_val|auto-ai_thrmcpl_lead_offset_voltage|auto-ai_thrmcpl_scale_type|auto-ai_thrmcpl_type|auto-ai_thrmstr_a|auto-ai_thrmstr_b|auto-ai_thrmstr_c|auto-ai_thrmstr_r1|auto-ai_thrmstr_r_1|auto-ai_torque_units|auto-ai_usb_xfer_req_count|auto-ai_usb_xfer_req_size|auto-ai_velocity_iepe_sensor_db_ref|auto-ai_velocity_iepe_sensor_sensitivity|auto-ai_velocity_iepe_sensor_sensitivity_units|auto-ai_velocity_iepe_sensord_b_ref|auto-ai_velocity_units|auto-ai_voltage_acrms_units|auto-ai_voltage_db_ref|auto-ai_voltage_units|auto-ai_voltaged_b_ref|auto-pwr_current_dev_scaling_coeff|auto-pwr_current_setpoint|auto-pwr_idle_output_behavior|auto-pwr_output_enable|auto-pwr_output_state|auto-pwr_remote_sense|auto-pwr_voltage_dev_scaling_coeff|auto-pwr_voltage_setpoint,ai_ac_excit_freq|ai_ac_excit_sync_enable|ai_ac_excit_wire_mode|ai_accel_4_wire_dc_voltage_sensitivity|ai_accel_4_wire_dc_voltage_sensitivity_units|ai_accel_charge_sensitivity|ai_accel_charge_sensitivity_units|ai_accel_db_ref|ai_accel_sensitivity|ai_accel_sensitivity_units|ai_accel_units|ai_acceld_b_ref|ai_adc_custom_timing_mode|ai_adc_timing_mode|ai_atten|ai_auto_zero_mode|ai_averaging_win_size|ai_bridge_balance_coarse_pot|ai_bridge_balance_fine_pot|ai_bridge_cfg|ai_bridge_electrical_units|ai_bridge_initial_ratio|ai_bridge_initial_voltage|ai_bridge_nom_resistance|ai_bridge_physical_units|ai_bridge_poly_forward_coeff|ai_bridge_poly_reverse_coeff|ai_bridge_scale_type|ai_bridge_shunt_cal_enable|ai_bridge_shunt_cal_gain_adjust|ai_bridge_shunt_cal_select|ai_bridge_shunt_cal_shunt_cal_a_actual_resistance|ai_bridge_shunt_cal_shunt_cal_a_resistance|ai_bridge_shunt_cal_shunt_cal_a_src|ai_bridge_shunt_cal_shunt_cal_b_actual_resistance|ai_bridge_shunt_cal_shunt_cal_b_resistance|ai_bridge_table_electrical_vals|ai_bridge_table_physical_vals|ai_bridge_two_point_lin_first_electrical_val|ai_bridge_two_point_lin_first_physical_val|ai_bridge_two_point_lin_second_electrical_val|ai_bridge_two_point_lin_second_physical_val|ai_bridge_units|ai_calculated_power_current_max|ai_calculated_power_current_min|ai_calculated_power_voltage_max|ai_calculated_power_voltage_min|ai_charge_units|ai_chop_enable|ai_coupling|ai_current_acrms_units|ai_current_shunt_loc|ai_current_shunt_resistance|ai_current_units|ai_custom_scale|ai_data_xfer_custom_threshold|ai_data_xfer_max_rate|ai_data_xfer_mech|ai_data_xfer_req_cond|ai_dc_offset|ai_dev_scaling_coeff|ai_dig_fltr_bandpass_center_freq|ai_dig_fltr_bandpass_width|ai_dig_fltr_coeff|ai_dig_fltr_enable|ai_dig_fltr_highpass_cutoff_freq|ai_dig_fltr_lowpass_cutoff_freq|ai_dig_fltr_notch_center_freq|ai_dig_fltr_notch_width|ai_dig_fltr_order|ai_dig_fltr_response|ai_dig_fltr_type|ai_dither_enable|ai_eddy_current_prox_sensitivity|ai_eddy_current_prox_sensitivity_units|ai_eddy_current_prox_units|ai_enhanced_alias_rejection_enable|ai_excit_actual_val|ai_excit_d_cor_ac|ai_excit_idle_output_behavior|ai_excit_sense|ai_excit_src|ai_excit_use_for_scaling|ai_excit_use_multiplexed|ai_excit_val|ai_excit_voltage_or_current|ai_filter_delay|ai_filter_delay_adjustment|ai_filter_delay_units|ai_filter_enable|ai_filter_freq|ai_filter_order|ai_filter_response|ai_force_iepe_sensor_sensitivity|ai_force_iepe_sensor_sensitivity_units|ai_force_read_from_chan|ai_force_units|ai_freq_hyst|ai_freq_thresh_voltage|ai_freq_units|ai_gain|ai_impedance|ai_input_limits_fault_detect_enable|ai_input_limits_fault_detect_lower_limit|ai_input_limits_fault_detect_upper_limit|ai_input_src|ai_lead_wire_resistance|ai_lossy_lsb_removal_compressed_samp_size|ai_lowpass_cutoff_freq|ai_lowpass_enable|ai_lowpass_switch_cap_clk_src|ai_lowpass_switch_cap_ext_clk_div|ai_lowpass_switch_cap_ext_clk_freq|ai_lowpass_switch_cap_out_clk_div|ai_lvdt_sensitivity|ai_lvdt_sensitivity_units|ai_lvdt_units|ai_max|ai_meas_type|ai_mem_map_enable|ai_microphone_sensitivity|ai_min|ai_open_chan_detect_enable|ai_open_thrmcpl_detect_enable|ai_overcurrent_detect_enable|ai_power_supply_fault_detect_enable|ai_power_units|ai_pressure_units|ai_probe_atten|ai_raw_data_compression_type|ai_raw_samp_justification|ai_raw_samp_size|ai_remove_filter_delay|ai_resistance_cfg|ai_resistance_units|ai_resolution|ai_resolution_units|ai_rng_high|ai_rng_low|ai_rosette_strain_gage_gage_orientation|ai_rosette_strain_gage_rosette_meas_type|ai_rosette_strain_gage_rosette_type|ai_rosette_strain_gage_strain_chans|ai_rtd_a|ai_rtd_b|ai_rtd_c|ai_rtd_r0|ai_rtd_r_0|ai_rtd_type|ai_rvdt_sensitivity|ai_rvdt_sensitivity_units|ai_rvdt_units|ai_samp_and_hold_enable|ai_sensor_power_cfg|ai_sensor_power_type|ai_sensor_power_voltage|ai_sound_pressure_db_ref|ai_sound_pressure_max_sound_pressure_lvl|ai_sound_pressure_units|ai_sound_pressured_b_ref|ai_strain_force_read_from_chan|ai_strain_gage_cfg|ai_strain_gage_gage_factor|ai_strain_gage_poisson_ratio|ai_strain_units|ai_teds_is_teds|ai_teds_units|ai_temp_units|ai_term_cfg|ai_thrmcpl_cjc_chan|ai_thrmcpl_cjc_src|ai_thrmcpl_cjc_val|ai_thrmcpl_lead_offset_voltage|ai_thrmcpl_scale_type|ai_thrmcpl_type|ai_thrmstr_a|ai_thrmstr_b|ai_thrmstr_c|ai_thrmstr_r1|ai_thrmstr_r_1|ai_torque_units|ai_usb_xfer_req_count|ai_usb_xfer_req_size|ai_velocity_iepe_sensor_db_ref|ai_velocity_iepe_sensor_sensitivity|ai_velocity_iepe_sensor_sensitivity_units|ai_velocity_iepe_sensord_b_ref|ai_velocity_units|ai_voltage_acrms_units|ai_voltage_db_ref|ai_voltage_units|ai_voltaged_b_ref|pwr_current_dev_scaling_coeff|pwr_current_setpoint|pwr_idle_output_behavior|pwr_output_enable|pwr_output_state|pwr_remote_sense|pwr_voltage_dev_scaling_coeff|pwr_voltage_setpoint,570,Uni-Lab-OS/community_drivers/ai_channel/info.txt
aim_t_ti_el302_p,aim_t_ti_el302_p,Aim-TTi EL302P 可编程直流电源 电源是由Aim-TTi生产的专业实验设备。,实验执行&合成设备,实验执行&合成设备(experimental_step),6,auto-channel|auto-current|auto-name|auto-output|auto-reset|auto-voltage,channel|current|name|output|reset|voltage,6,Uni-Lab-OS/community_drivers/aim_t_ti_el302_p/info.txt
aio_serial,aio_serial,Aio Serial是由Open Standard生产的实验执行&合成设备，主要功能包括写入数据、读取数据。,实验执行&合成设备,实验执行&合成设备(experimental_step),8,auto-loop|auto-read_async|auto-read_until_async|auto-readinto_async|auto-readline_async|auto-readlines_async|auto-write_async|auto-writelines_async,loop|read_async|read_until_async|readinto_async|readline_async|readlines_async|write_async|writelines_async,12,Uni-Lab-OS/community_drivers/aio_serial/info.txt
aisa_kestrel_camera,aisa_kestrel_camera,Aisa Kestrel Camera是由Specim生产的实验执行&合成设备，主要功能包括停止、打开、运行。,实验执行&合成设备,实验执行&合成设备(experimental_step),10,auto-frame_rate|auto-frame_rate_max|auto-frame_rate_min|auto-integration_time|auto-integration_time_max|auto-integration_time_min|auto-notify|auto-nuc|auto-shutter_latency|auto-shutter_open,frame_rate|frame_rate_max|frame_rate_min|integration_time|integration_time_max|integration_time_min|notify|nuc|shutter_latency|shutter_open,36,Uni-Lab-OS/community_drivers/aisa_kestrel_camera/info.txt
ami430,ami430,AMI Model 430 Magnet Power Supply Programmer是由American Magnetics Inc.,实验执行&合成设备,实验执行&合成设备(experimental_step),1,auto-set_field,set_field,27,Uni-Lab-OS/community_drivers/ami430/info.txt
ami__magnet_pcs_sn14768,ami__magnet_pcs_sn14768,AMI超导磁体持续电流开关电源，用于控制超导磁体的磁场强度。,表征设备,表征设备(experimental_step),15,auto-BtoI|auto-ItoB|auto-bring_source_to_field|auto-disconnect_source|auto-fake_folder|auto-get_all|auto-get_field|auto-get_heater_current|auto-get_source_current|auto-get_switch_state|auto-measure_field|auto-set_field|auto-set_source_current|auto-set_switch_state|auto-step_magfield_to_value,BtoI|ItoB|bring_source_to_field|disconnect_source|fake_folder|get_all|get_field|get_heater_current|get_source_current|get_switch_state|measure_field|set_field|set_source_current|set_switch_state|step_magfield_to_value,16,Uni-Lab-OS/community_drivers/ami__magnet_pcs_sn14768/info.txt
ami__magnet_with_pcs_sn14768,ami__magnet_with_pcs_sn14768,AMI超导磁体及持续电流开关一体化系统，用于低温强磁场实验环境。,表征设备,表征设备(experimental_step),13,auto-BtoI|auto-ItoB|auto-bring_source_to_field|auto-disconnect_source|auto-get_field|auto-get_heater_current|auto-get_source_current|auto-get_switch_state|auto-measure_field|auto-set_field|auto-set_source_current|auto-set_switch_state|auto-step_magfield_to_value,BtoI|ItoB|bring_source_to_field|disconnect_source|get_field|get_heater_current|get_source_current|get_switch_state|measure_field|set_field|set_source_current|set_switch_state|step_magfield_to_value,14,Uni-Lab-OS/community_drivers/ami__magnet_with_pcs_sn14768/info.txt
ami__two__axis__magnet_pcs_sn14769,ami__two__axis__magnet_pcs_sn14769,AMI双轴超导磁体持续电流开关电源，支持双方向磁场独立控制。,表征设备,表征设备(experimental_step),32,auto-BtoI_y|auto-BtoI_z|auto-ItoB_y|auto-ItoB_z|auto-bring_y_source_to_field|auto-bring_z_source_to_field|auto-disconnect_y_source|auto-disconnect_z_source|auto-fake_folder|auto-get_all|auto-get_angle|auto-get_field|auto-get_field_y|auto-get_field_z|auto-get_heater_current_y|auto-get_heater_current_z|auto-get_source_current_y|auto-get_source_current_z|auto-get_switch_state_y|auto-get_switch_state_z|auto-measure_field_y|auto-measure_field_z|auto-set_angle|auto-set_field|auto-set_field_y|auto-set_field_z|auto-set_source_current_y|auto-set_source_current_z|auto-set_switch_state_y|auto-set_switch_state_z|auto-step_y_magfield_to_value|auto-step_z_magfield_to_value,BtoI_y|BtoI_z|ItoB_y|ItoB_z|bring_y_source_to_field|bring_z_source_to_field|disconnect_y_source|disconnect_z_source|fake_folder|get_all|get_angle|get_field|get_field_y|get_field_z|get_heater_current_y|get_heater_current_z|get_source_current_y|get_source_current_z|get_switch_state_y|get_switch_state_z|measure_field_y|measure_field_z|set_angle|set_field|set_field_y|set_field_z|set_source_current_y|set_source_current_z|set_switch_state_y|set_switch_state_z|step_y_magfield_to_value|step_z_magfield_to_value,33,Uni-Lab-OS/community_drivers/ami__two__axis__magnet_pcs_sn14769/info.txt
amptek_mca,amptek_mca,AMPTEK FASTSDD DP5-X X射线衍射仪是由AMPTEK INC.,X射线衍射仪,X射线衍射仪(device_template_tag),18,auto-canMonitor|auto-canStopCount|auto-closeConnection|auto-getCountTime|auto-getDeadTime|auto-getMcaIP|auto-getMcaPort|auto-getScaCounters|auto-getSpectrum|auto-getStatus|auto-getValue|auto-isCounting|auto-openConnection|auto-setCountTime|auto-setPresetValue|auto-startCount|auto-stopCount|auto-wait,canMonitor|canStopCount|closeConnection|getCountTime|getDeadTime|getMcaIP|getMcaPort|getScaCounters|getSpectrum|getStatus|getValue|isCounting|openConnection|setCountTime|setPresetValue|startCount|stopCount|wait,23,Uni-Lab-OS/community_drivers/amptek_mca/info.txt
anaheim_automation_smc40,anaheim_automation_smc40,Anaheim Automation Smc40是由Anaheim Automation生产的实验执行&合成设备，主要功能包括初始化、归零校准、运动控制。,实验执行&合成设备,实验执行&合成设备(experimental_step),8,auto-IDN|auto-TRG|auto-WAI|auto-heading|auto-init|auto-move|auto-stepangle|auto-zero,IDN|TRG|WAI|heading|init|move|stepangle|zero,11,Uni-Lab-OS/community_drivers/anaheim_automation_smc40/info.txt
andor,andor,Andor 科学相机 Andor是由Andor Technology (Oxford Instruments)生产的专业实验设备。,表征设备,表征设备(experimental_step),17,auto-command|auto-finalize|auto-flush|auto-getbool|auto-getenumerated|auto-getfloat|auto-getint|auto-initialize|auto-is_implemented|auto-is_writable|auto-queuebuffer|auto-setbool|auto-setenumerated|auto-setenumstring|auto-setfloat|auto-setint|auto-waitbuffer,command|finalize|flush|getbool|getenumerated|getfloat|getint|initialize|is_implemented|is_writable|queuebuffer|setbool|setenumerated|setenumstring|setfloat|setint|waitbuffer,23,Uni-Lab-OS/community_drivers/andor/info.txt
andor_device,andor_device,Andor Device是由Andor Technology (Oxford Instruments)生产的表征设备，主要功能包括使能、初始化、加载、扫描、数据保存、设备连接。,表征设备,表征设备(experimental_step),23,auto-acquire_data|auto-check_result|auto-connect|auto-get_detector_temperature_degC|auto-get_error_code|auto-get_error_code_long|auto-get_serial_number|auto-high_gain_mode_enable|auto-init_detector_area|auto-init_detector_speed|auto-init_tec_setpoint|auto-load_error_codes|auto-not_implemented|auto-save_config|auto-set_fan_enable|auto-set_integration_time_ms|auto-set_scans_to_average|auto-set_shutter_enable|auto-set_take_one_request|auto-set_tec_setpoint|auto-set_vertical_binning|auto-toggle_tec|auto-update_config_from_eeprom,acquire_data|check_result|connect|get_detector_temperature_degC|get_error_code|get_error_code_long|get_serial_number|high_gain_mode_enable|init_detector_area|init_detector_speed|init_tec_setpoint|load_error_codes|not_implemented|save_config|set_fan_enable|set_integration_time_ms|set_scans_to_average|set_shutter_enable|set_take_one_request|set_tec_setpoint|set_vertical_binning|toggle_tec|update_config_from_eeprom,34,Uni-Lab-OS/community_drivers/andor_device/info.txt
apt_motor_controller,apt_motor_controller,Thorlabs APT Motor Controller是由Thorlabs生产的专业实验设备。,物流/机械,物流/机械(experimental_step),31,auto-backlash_correction|auto-change_position_control_mode|auto-channel|auto-destination|auto-drive_op_parameters|auto-enabled|auto-enabled_multi|auto-enabled_single|auto-go_home|auto-home_parameters|auto-identify|auto-jog_parameters|auto-led_intensity|auto-max_travel|auto-model_number|auto-motion_timeout|auto-motor_model|auto-move|auto-move_abs|auto-move_jog|auto-move_jog_stop|auto-n_channels|auto-name|auto-output_position|auto-position|auto-position_control_closed|auto-position_count|auto-position_encoder|auto-serial_number|auto-set_scale|auto-status_bits,backlash_correction|change_position_control_mode|channel|destination|drive_op_parameters|enabled|enabled_multi|enabled_single|go_home|home_parameters|identify|jog_parameters|led_intensity|max_travel|model_number|motion_timeout|motor_model|move|move_abs|move_jog|move_jog_stop|n_channels|name|output_position|position|position_control_closed|position_count|position_encoder|serial_number|set_scale|status_bits,14,Uni-Lab-OS/community_drivers/apt_motor_controller/info.txt
apt_piezo_inertia_actuator,apt_piezo_inertia_actuator,Thorlabs APT系列惯性压电驱动器，适用于纳米级精密定位。,物流/机械,物流/机械(experimental_step),31,auto-backlash_correction|auto-change_position_control_mode|auto-channel|auto-destination|auto-drive_op_parameters|auto-enabled|auto-enabled_multi|auto-enabled_single|auto-go_home|auto-home_parameters|auto-identify|auto-jog_parameters|auto-led_intensity|auto-max_travel|auto-model_number|auto-motion_timeout|auto-motor_model|auto-move|auto-move_abs|auto-move_jog|auto-move_jog_stop|auto-n_channels|auto-name|auto-output_position|auto-position|auto-position_control_closed|auto-position_count|auto-position_encoder|auto-serial_number|auto-set_scale|auto-status_bits,backlash_correction|change_position_control_mode|channel|destination|drive_op_parameters|enabled|enabled_multi|enabled_single|go_home|home_parameters|identify|jog_parameters|led_intensity|max_travel|model_number|motion_timeout|motor_model|move|move_abs|move_jog|move_jog_stop|n_channels|name|output_position|position|position_control_closed|position_count|position_encoder|serial_number|set_scale|status_bits,14,Uni-Lab-OS/community_drivers/apt_piezo_inertia_actuator/info.txt
arbin_spoofer,arbin_spoofer,ArbinSpoofer,cycler,,3,auto-start|auto-stop|auto-update_channel_status,start|stop|update_channel_status,14,Uni-Lab-OS/community_drivers/arbin_spoofer/info.txt
arbok_driver,arbok_driver,Arbok Quantum Readout Driver是由QuTech生产的表征设备，主要功能包括写入数据、测量、设备连接、运行。,表征设备,表征设备(experimental_step),15,auto-add_measurement|auto-ask_raw|auto-check_db_engine_and_bucket_connected|auto-connect_opx|auto-create_measurement_from_experiment|auto-get_data_from_id|auto-get_idn|auto-get_run_from_id|auto-measurements|auto-print_qua_program_to_file|auto-reconnect_opx|auto-reset_measurements|auto-run|auto-run_local_simulation|auto-write_raw,add_measurement|ask_raw|check_db_engine_and_bucket_connected|connect_opx|create_measurement_from_experiment|get_data_from_id|get_idn|get_run_from_id|measurements|print_qua_program_to_file|reconnect_opx|reset_measurements|run|run_local_simulation|write_raw,16,Uni-Lab-OS/community_drivers/arbok_driver/info.txt
arduino_adc,arduino_adc,Arduino ADC 模拟-数字转换模块是由广州尚准仪器设备股份有限公司生产的专业实验设备。,表征设备,表征设备(experimental_step),3,auto-connect|auto-disconnect|auto-measure,connect|disconnect|measure,4,Uni-Lab-OS/community_drivers/arduino_adc/info.txt
arduino_encoder,arduino_encoder,Arduino Encoder是由Arduino生产的专业实验设备。,实验执行&合成设备,实验执行&合成设备(experimental_step),3,auto-run_threaded|auto-shutdown|auto-update,run_threaded|shutdown|update,13,Uni-Lab-OS/community_drivers/arduino_encoder/info.txt
arduino_io,arduino_io,Arduino I/O是由Arduino生产的专业实验设备。,实验执行&合成设备,实验执行&合成设备(experimental_step),13,auto-conf_io|auto-conf_servo|auto-fade_pwm|auto-get_analog_mv|auto-get_analog_v|auto-get_dig_in|auto-initialize|auto-pulse_pin|auto-reset|auto-set_dig|auto-set_led|auto-set_pwm|auto-set_servo_us,conf_io|conf_servo|fade_pwm|get_analog_mv|get_analog_v|get_dig_in|initialize|pulse_pin|reset|set_dig|set_led|set_pwm|set_servo_us,15,Uni-Lab-OS/community_drivers/arduino_io/info.txt
argon_innova300_c,argon_innova300_c,Coherent Innova 300C 氩离子激光器是由Coherent Corp.,表征设备,表征设备(experimental_step),12,auto-baudrate|auto-center_powertrack|auto-current_setpoint|auto-etalon_temperature_setpoint|auto-faults|auto-initialize|auto-is_in_start_delay|auto-magnetic_field_setpoint_high|auto-power_setpoint|auto-powertrack_position|auto-query|auto-recalibrate_powertrack,baudrate|center_powertrack|current_setpoint|etalon_temperature_setpoint|faults|initialize|is_in_start_delay|magnetic_field_setpoint_high|power_setpoint|powertrack_position|query|recalibrate_powertrack,20,Uni-Lab-OS/community_drivers/argon_innova300_c/info.txt
arx5_client,arx5_client,ARX5控制器是由ARX Robotics生产的专业实验设备。,机械臂,机械臂(device_template_tag),17,auto-ee_pose|auto-get_gain|auto-get_state|auto-gripper_pos|auto-gripper_torque|auto-gripper_vel|auto-joint_pos|auto-joint_torque|auto-joint_vel|auto-reset_to_home|auto-send_recv|auto-set_ee_pose|auto-set_gain|auto-set_tcp_pose|auto-set_to_damping|auto-tcp_pose|auto-timestamp,ee_pose|get_gain|get_state|gripper_pos|gripper_torque|gripper_vel|joint_pos|joint_torque|joint_vel|reset_to_home|send_recv|set_ee_pose|set_gain|set_tcp_pose|set_to_damping|tcp_pose|timestamp,26,Uni-Lab-OS/community_drivers/arx5_client/info.txt
as7341,as7341,AS7341 11-Channel Spectral Sensor是由ams-OSRAM生产的专业实验设备。,表征设备,表征设备(experimental_step),7,auto-blink|auto-connect_seeed|auto-disconnect_seeed|auto-find_seeed|auto-get_raw_spectrum|auto-load_config|auto-measure_spectrum,blink|connect_seeed|disconnect_seeed|find_seeed|get_raw_spectrum|load_config|measure_spectrum,8,Uni-Lab-OS/community_drivers/as7341/info.txt
ascii_axis,ascii_axis,ASCII Axis 通用运动轴控制器是由似空科学仪器（上海）有限公司生产的专业实验设备。,物流/机械,物流/机械(experimental_step),15,auto-axis|auto-baudrate|auto-encode|auto-flush|auto-get_status|auto-home|auto-move_abs|auto-move_rel|auto-move_vel|auto-poll_until_idle|auto-read|auto-send|auto-stop|auto-timeout|auto-write,axis|baudrate|encode|flush|get_status|home|move_abs|move_rel|move_vel|poll_until_idle|read|send|stop|timeout|write,37,Uni-Lab-OS/community_drivers/ascii_axis/info.txt
ascii_device,ascii_device,Ascii Device是由Open Standard生产的专业实验设备。,实验执行&合成设备,实验执行&合成设备(experimental_step),15,auto-axis|auto-baudrate|auto-encode|auto-flush|auto-get_status|auto-home|auto-move_abs|auto-move_rel|auto-move_vel|auto-poll_until_idle|auto-read|auto-send|auto-stop|auto-timeout|auto-write,axis|baudrate|encode|flush|get_status|home|move_abs|move_rel|move_vel|poll_until_idle|read|send|stop|timeout|write,37,Uni-Lab-OS/community_drivers/ascii_device/info.txt
ascii_scan_file,ascii_scan_file,ASCII Scan File 扫描数据文件模块是由聚擘国际贸易（上海）有限公司生产的专业实验设备。,表征设备,表征设备(experimental_step),13,auto-check_writeable|auto-flush|auto-get_data|auto-open_for_write|auto-read|auto-write|auto-write_comments|auto-write_data|auto-write_extrapvs|auto-write_legend|auto-write_lines|auto-write_scanparams|auto-write_timestamp,check_writeable|flush|get_data|open_for_write|read|write|write_comments|write_data|write_extrapvs|write_legend|write_lines|write_scanparams|write_timestamp,23,Uni-Lab-OS/community_drivers/ascii_scan_file/info.txt
ascii_serial,ascii_serial,Ascii Serial是由Open Standard生产的专业实验设备。,实验执行&合成设备,实验执行&合成设备(experimental_step),16,auto-axis|auto-baudrate|auto-close|auto-encode|auto-flush|auto-get_status|auto-home|auto-move_abs|auto-move_rel|auto-move_vel|auto-open|auto-poll_until_idle|auto-read|auto-send|auto-timeout|auto-write,axis|baudrate|close|encode|flush|get_status|home|move_abs|move_rel|move_vel|open|poll_until_idle|read|send|timeout|write,37,Uni-Lab-OS/community_drivers/ascii_serial/info.txt
ascii_stl__writer,ascii_stl__writer,Ascii STL Writer是一款实验执行&合成设备，主要功能包括关闭。,实验执行&合成设备,实验执行&合成设备(experimental_step),3,auto-add_face|auto-add_faces|auto-close,add_face|add_faces|close,18,Uni-Lab-OS/community_drivers/ascii_stl__writer/info.txt
asyncio_modbus_client,asyncio_modbus_client,Watlow Electric Asyncio Modbus Client是由Watlow Electric生产的专业实验设备。,冷热水机,冷热水机(device_template_tag),7,auto-read_coils|auto-read_holding_registers|auto-read_registers|auto-write_coil|auto-write_coils|auto-write_register|auto-write_registers,read_coils|read_holding_registers|read_registers|write_coil|write_coils|write_register|write_registers,14,Uni-Lab-OS/community_drivers/asyncio_modbus_client/info.txt
at2_l0,at2_l0,AT2-L0 Attenuator是一款表征设备，主要功能包括状态查询、设置、读取数据、过滤、运动控制。,表征设备,表征设备(experimental_step),27,auto-actuate|auto-actuate_value|auto-as_in_row|auto-as_out_row|auto-calc_lightpath_state|auto-calculate|auto-clear_errors|auto-filter_index|auto-format_status_info|auto-get_active_config|auto-get_best_config|auto-get_lightpath_state|auto-get_moving_status|auto-insert|auto-inserted|auto-is_inserted|auto-is_moving|auto-print_errors|auto-readback|auto-remove|auto-removed|auto-set_energy|auto-setpoint|auto-setup_mode|auto-stage|auto-subscribe|auto-transmission,actuate|actuate_value|as_in_row|as_out_row|calc_lightpath_state|calculate|clear_errors|filter_index|format_status_info|get_active_config|get_best_config|get_lightpath_state|get_moving_status|insert|inserted|is_inserted|is_moving|print_errors|readback|remove|removed|set_energy|setpoint|setup_mode|stage|subscribe|transmission,70,Uni-Lab-OS/community_drivers/at2_l0/info.txt
atc_backend,atc_backend,Automated Thermal Cycler PCR仪是由Opentrons生产的普通PCR仪，主要功能包括关闭、打开。,普通PCR仪,普通PCR仪(device_template_tag),2,auto-close_lid|auto-open_lid,close_lid|open_lid,3,Uni-Lab-OS/community_drivers/atc_backend/info.txt
attribute_proxy,attribute_proxy,Attribute Proxy驱动，支持get/get w value/put/get config/get reading等19个操作。,后处理设备,后处理设备(experimental_step),19,auto-allow_events|auto-datatype_allowed|auto-get|auto-get_config|auto-get_datakey|auto-get_reading|auto-get_setpoint|auto-get_value|auto-get_w_value|auto-has_subscription|auto-poll|auto-put|auto-set_callback|auto-set_converter|auto-set_polling|auto-set_trl|auto-source|auto-subscribe_callback|auto-unsubscribe_callback,allow_events|datatype_allowed|get|get_config|get_datakey|get_reading|get_setpoint|get_value|get_w_value|has_subscription|poll|put|set_callback|set_converter|set_polling|set_trl|source|subscribe_callback|unsubscribe_callback,62,Uni-Lab-OS/community_drivers/attribute_proxy/info.txt
autolab,autolab,Metrohm Autolab Autolab 电化学工作站是由Metrohm Autolab生产的专业实验设备。,电化学工作站,电化学工作站(device_template_tag),16,auto-CellOnOff|auto-abort|auto-appliedPotential|auto-connect|auto-current|auto-disconnect|auto-ismeasuring|auto-loadProcedure|auto-parseFRA|auto-parseNox|auto-performMeasurement|auto-potential|auto-setCurrentRange|auto-setSetpoints|auto-setStability|auto-whileMeasuring,CellOnOff|abort|appliedPotential|connect|current|disconnect|ismeasuring|loadProcedure|parseFRA|parseNox|performMeasurement|potential|setCurrentRange|setSetpoints|setStability|whileMeasuring,17,Uni-Lab-OS/community_drivers/autolab/info.txt
awg,awg,Arbitrary Waveform Generator是由Zurich Instruments生产的专业实验设备。,表征设备,表征设备(experimental_step),11,auto-check_status|auto-compile_sequencer_program|auto-enable_qccs_mode|auto-enable_sequencer|auto-load_from_device|auto-load_sequencer_program|auto-load_validation_schema|auto-read_from_waveform_memory|auto-upload_to_device|auto-wait_done|auto-write_to_waveform_memory,check_status|compile_sequencer_program|enable_qccs_mode|enable_sequencer|load_from_device|load_sequencer_program|load_validation_schema|read_from_waveform_memory|upload_to_device|wait_done|write_to_waveform_memory,14,Uni-Lab-OS/community_drivers/awg/info.txt
axis,axis,Axis 通用运动轴驱动是由似空科学仪器（上海）有限公司生产的专业实验设备。,物流/机械,物流/机械(experimental_step),18,auto-ag_query|auto-ag_sendcmd|auto-am_i_still|auto-axis|auto-axis_status|auto-enable_remote_mode|auto-error_previous_command|auto-firmware_version|auto-jog|auto-limit_status|auto-move_relative|auto-move_to_limit|auto-number_of_steps|auto-reset_controller|auto-sleep_time|auto-step_amplitude|auto-step_delay|auto-zero_position,ag_query|ag_sendcmd|am_i_still|axis|axis_status|enable_remote_mode|error_previous_command|firmware_version|jog|limit_status|move_relative|move_to_limit|number_of_steps|reset_controller|sleep_time|step_amplitude|step_delay|zero_position,14,Uni-Lab-OS/community_drivers/axis/info.txt
ba_cnet_client_application,ba_cnet_client_application,Ba Cnet Client Application是由Open Standard (BACnet)生产的专业实验设备。,实验执行&合成设备,实验执行&合成设备(experimental_step),28,auto-all_props_results|auto-completed|auto-confirmation|auto-fetch_values|auto-get_address_for_device_id|auto-get_device_db|auto-get_obj_list_for_device|auto-get_value_for_prop|auto-get_values_dict|auto-get_values_for_all_props|auto-get_values_for_device|auto-handle_response_for_obj_list|auto-handle_write_prop_cb|auto-indication|auto-make_rp_for_obj_list|auto-process_IAmRequest|auto-process_task|auto-read_next_object|auto-read_property|auto-read_property_callback|auto-request|auto-run|auto-set_value_for_prop|auto-start|auto-trim_obj_list|auto-who_is|auto-write_property|auto-write_values_to_csv,all_props_results|completed|confirmation|fetch_values|get_address_for_device_id|get_device_db|get_obj_list_for_device|get_value_for_prop|get_values_dict|get_values_for_all_props|get_values_for_device|handle_response_for_obj_list|handle_write_prop_cb|indication|make_rp_for_obj_list|process_IAmRequest|process_task|read_next_object|read_property|read_property_callback|request|run|set_value_for_prop|start|trim_obj_list|who_is|write_property|write_values_to_csv,34,Uni-Lab-OS/community_drivers/ba_cnet_client_application/info.txt
bambu_client,bambu_client,Physik Instrumente Bambu Client是由Physik Instrumente (PI)生产的专业实验设备。,实验执行&合成设备,实验执行&合成设备(experimental_step),35,auto-bind_device|auto-create_project|auto-create_task|auto-delete|auto-get|auto-get_ams_filaments|auto-get_camera_credentials|auto-get_camera_urls|auto-get_cloud_files|auto-get_cloud_video_url|auto-get_device_info|auto-get_device_version|auto-get_device_versions|auto-get_devices|auto-get_messages|auto-get_notifications|auto-get_print_status|auto-get_project|auto-get_projects|auto-get_slicer_resources|auto-get_slicer_settings|auto-get_task|auto-get_tasks|auto-get_ttcode|auto-get_upload_url|auto-get_user_info|auto-get_user_profile|auto-mark_notification_read|auto-post|auto-put|auto-start_cloud_print|auto-start_print_job|auto-unbind_device|auto-update_user_profile|auto-upload_file,bind_device|create_project|create_task|delete|get|get_ams_filaments|get_camera_credentials|get_camera_urls|get_cloud_files|get_cloud_video_url|get_device_info|get_device_version|get_device_versions|get_devices|get_messages|get_notifications|get_print_status|get_project|get_projects|get_slicer_resources|get_slicer_settings|get_task|get_tasks|get_ttcode|get_upload_url|get_user_info|get_user_profile|mark_notification_read|post|put|start_cloud_print|start_print_job|unbind_device|update_user_profile|upload_file,38,Uni-Lab-OS/community_drivers/bambu_client/info.txt
base__lut_man,base__lut_man,DENSsolutions TEM 原位气相加热样品杆是由复纳科学仪器（上海）有限公司生产的专业实验设备。,透射电子显微镜,透射电子显微镜(device_template_tag),8,auto-generate_standard_waveforms|auto-load_waveform_onto_AWG_lookuptable|auto-load_waveforms_onto_AWG_lookuptable|auto-make|auto-render_wave|auto-render_wave_PSD|auto-set_default_lutmap|auto-time_to_sample,generate_standard_waveforms|load_waveform_onto_AWG_lookuptable|load_waveforms_onto_AWG_lookuptable|make|render_wave|render_wave_PSD|set_default_lutmap|time_to_sample,21,Uni-Lab-OS/community_drivers/base__lut_man/info.txt
base_client,base_client,Base Client 基础通信客户端是由Jeio Tech Co.,实验执行&合成设备,实验执行&合成设备(experimental_step),3,auto-ask|auto-connect|auto-disconnect,ask|connect|disconnect,9,Uni-Lab-OS/community_drivers/base_client/info.txt
base_driver,base_driver,Base Driver 基础驱动模块是由Jeio Tech Co.,实验执行&合成设备,实验执行&合成设备(experimental_step),18,auto-address|auto-bus|auto-connect|auto-description|auto-disconnect|auto-find_devices|auto-find_supported_devices|auto-get_status|auto-initialize|auto-port|auto-product_id|auto-release_number|auto-serial_number|auto-set_color|auto-set_fixed_speed|auto-set_screen|auto-set_speed_profile|auto-vendor_id,address|bus|connect|description|disconnect|find_devices|find_supported_devices|get_status|initialize|port|product_id|release_number|serial_number|set_color|set_fixed_speed|set_screen|set_speed_profile|vendor_id,22,Uni-Lab-OS/community_drivers/base_driver/info.txt
base_instrument,base_instrument,Base Instrument 基础仪器驱动是Jeio Tech Co.,实验执行&合成设备,实验执行&合成设备(experimental_step),5,auto-close|auto-query|auto-set_opc_timeout|auto-wait_opc|auto-write,close|query|set_opc_timeout|wait_opc|write,9,Uni-Lab-OS/community_drivers/base_instrument/info.txt
base_julabo,base_julabo,JULABO MAGIO MS-BC4 专家型加热循环浴槽/ 恒温循环器驱动（优莱博技术（北京）有限公司），支持decode/write/write readline。,冷热水机,冷热水机(device_template_tag),3,auto-decode|auto-write|auto-write_readline,decode|write|write_readline,12,Uni-Lab-OS/community_drivers/base_julabo/info.txt
base_streamer,base_streamer,Base Streamer 基础数据流模块是由Jeio Tech Co.,后处理设备,后处理设备(experimental_step),7,auto-address|auto-backend|auto-make_chunk|auto-send_command|auto-start|auto-stop|auto-subscriptions,address|backend|make_chunk|send_command|start|stop|subscriptions,31,Uni-Lab-OS/community_drivers/base_streamer/info.txt
basic_serial_instrument,basic_serial_instrument,通用RS-232串口仪器通信驱动，适配标准SCPI协议仪器。,实验执行&合成设备,实验执行&合成设备(experimental_step),16,auto-available|auto-close|auto-communications_lock|auto-confirm_available|auto-describe|auto-find_port|auto-float_query|auto-flush_input_buffer|auto-int_query|auto-open|auto-parsed_query|auto-query|auto-read_multiline|auto-readline|auto-test_communications|auto-write,available|close|communications_lock|confirm_available|describe|find_port|float_query|flush_input_buffer|int_query|open|parsed_query|query|read_multiline|readline|test_communications|write,25,Uni-Lab-OS/community_drivers/basic_serial_instrument/info.txt
bi_talino,bi_talino,BITalino Biomedical Development Kit是由PLUX Biosignals生产的专业实验设备。,表征设备,表征设备(experimental_step),5,auto-connect|auto-disconnect|auto-set_callback|auto-start|auto-stop,connect|disconnect|set_callback|start|stop,14,Uni-Lab-OS/community_drivers/bi_talino/info.txt
bimo,bimo,Bimo设备驱动。,实验执行&合成设备,实验执行&合成设备(experimental_step),16,auto-available|auto-calibrate|auto-calibrate_servos|auto-capture_image|auto-clip_actions|auto-deg2servo|auto-init_cameras|auto-init_mcu_comms|auto-initialize|auto-port|auto-quaternion_to_euler|auto-request_state_data|auto-scale_value|auto-send_positions|auto-servo2deg|auto-update_imu_offsets,available|calibrate|calibrate_servos|capture_image|clip_actions|deg2servo|init_cameras|init_mcu_comms|initialize|port|quaternion_to_euler|request_state_data|scale_value|send_positions|servo2deg|update_imu_offsets,17,Uni-Lab-OS/community_drivers/bimo/info.txt
binary_readers,binary_readers,Binary Readers是一款后处理设备，主要功能包括读取数据。,后处理设备,后处理设备(experimental_step),11,auto-data_type0_reader|auto-data_type1_reader|auto-data_type2_reader|auto-data_type3_reader|auto-data_type4_reader|auto-data_type5_reader|auto-data_type6_reader|auto-lvxreader|auto-read_frame_header|auto-read_package_header|auto-simplecloudreader,data_type0_reader|data_type1_reader|data_type2_reader|data_type3_reader|data_type4_reader|data_type5_reader|data_type6_reader|lvxreader|read_frame_header|read_package_header|simplecloudreader,12,Uni-Lab-OS/community_drivers/binary_readers/info.txt
binary_serial,binary_serial,Binary Serial是由Open Standard生产的专业实验设备。,实验执行&合成设备,实验执行&合成设备(experimental_step),14,auto-baudrate|auto-close|auto-encode|auto-flush|auto-get_status|auto-home|auto-move_abs|auto-move_rel|auto-move_vel|auto-open|auto-read|auto-send|auto-timeout|auto-write,baudrate|close|encode|flush|get_status|home|move_abs|move_rel|move_vel|open|read|send|timeout|write,26,Uni-Lab-OS/community_drivers/binary_serial/info.txt
binary_stl__writer,binary_stl__writer,Binary STL Writer是一款实验执行&合成设备，主要功能包括关闭。,实验执行&合成设备,实验执行&合成设备(experimental_step),1,auto-close,close,18,Uni-Lab-OS/community_drivers/binary_stl__writer/info.txt
binder_mk53,binder_mk53,Binder Mk53是由BINDER GmbH生产的实验执行&合成设备，主要功能包括写入数据、初始化、打开、温度设置、温度读取、读取数据。,实验执行&合成设备,实验执行&合成设备(experimental_step),8,auto-get_door_open|auto-get_mode|auto-get_temperature|auto-get_temperature_target|auto-init|auto-read|auto-set_temperature|auto-write,get_door_open|get_mode|get_temperature|get_temperature_target|init|read|set_temperature|write,17,Uni-Lab-OS/community_drivers/binder_mk53/info.txt
binder_mk56,binder_mk56,Binder Mk56是由BINDER GmbH生产的实验执行&合成设备，主要功能包括打开、温度设置。,实验执行&合成设备,实验执行&合成设备(experimental_step),3,auto-get_door_open|auto-get_mode|auto-set_temperature,get_door_open|get_mode|set_temperature,7,Uni-Lab-OS/community_drivers/binder_mk56/info.txt
bio_shake,bio_shake,BioShake iQ Microplate Shaker 恒温摇床是由Q.,恒温摇床,恒温摇床(device_template_tag),13,auto-deactivate|auto-get_current_temperature|auto-home|auto-lock_plate|auto-reset|auto-set_temperature|auto-setup|auto-shake|auto-stop|auto-stop_shaking|auto-supports_active_cooling|auto-supports_locking|auto-unlock_plate,deactivate|get_current_temperature|home|lock_plate|reset|set_temperature|setup|shake|stop|stop_shaking|supports_active_cooling|supports_locking|unlock_plate,15,Uni-Lab-OS/community_drivers/bio_shake/info.txt
bio_tek_plate_reader_backend,bio_tek_plate_reader_backend,Cytek Aurora&trade;,酶标仪,酶标仪(device_template_tag),25,auto-abs_wavelength_range|auto-close|auto-emission_range|auto-excitation_range|auto-focal_height_range|auto-get_current_temperature|auto-get_firmware_version|auto-get_serial_number|auto-home|auto-open|auto-read_absorbance|auto-read_fluorescence|auto-read_luminescence|auto-send_command|auto-set_plate|auto-set_temperature|auto-setup|auto-shake|auto-stop|auto-stop_heating_or_cooling|auto-stop_shaking|auto-supports_cooling|auto-supports_heating|auto-temperature_range|auto-version,abs_wavelength_range|close|emission_range|excitation_range|focal_height_range|get_current_temperature|get_firmware_version|get_serial_number|home|open|read_absorbance|read_fluorescence|read_luminescence|send_command|set_plate|set_temperature|setup|shake|stop|stop_heating_or_cooling|stop_shaking|supports_cooling|supports_heating|temperature_range|version,33,Uni-Lab-OS/community_drivers/bio_tek_plate_reader_backend/info.txt
bioshake_driver,bioshake_driver,Opentrons Bioshake Driver 恒温摇床是由Opentrons生产的专业实验设备。,恒温摇床,恒温摇床(device_template_tag),7,auto-get_info|auto-home_shaker|auto-lock|auto-set_shake|auto-temp_off|auto-temp_on|auto-unlock,get_info|home_shaker|lock|set_shake|temp_off|temp_on|unlock,11,Uni-Lab-OS/community_drivers/bioshake_driver/info.txt
bit_bang_device,bit_bang_device,BrainBit DragonEEG多功能 21 通道脑电无线系统驱动（武汉提沃克科技有限公司），支持direction/latch/open/port/read pins。,表征设备,表征设备(experimental_step),5,auto-direction|auto-latch|auto-open|auto-port|auto-read_pins,direction|latch|open|port|read_pins,9,Uni-Lab-OS/community_drivers/bit_bang_device/info.txt
bk8600,bk8600,B&K 8600 Series DC Electronic Load是由B&K Precision生产的电池测试柜，主要功能包括初始化、测量、电流设置。,电池测试柜,电池测试柜(device_template_tag),10,auto-initialize|auto-lock_front_panel|auto-measure_current|auto-measure_voltage|auto-remote_sense|auto-set_current|auto-set_cv_voltage|auto-set_mode_current|auto-set_mode_voltage|auto-toggle_output,initialize|lock_front_panel|measure_current|measure_voltage|remote_sense|set_current|set_cv_voltage|set_mode_current|set_mode_voltage|toggle_output,12,Uni-Lab-OS/community_drivers/bk8600/info.txt
bk9100,bk9100,B&K 9100 系列可编程电源 电源是由B&K Precision生产的专业实验设备。,实验执行&合成设备,实验执行&合成设备(experimental_step),11,auto-float_to_4_dig|auto-initialize|auto-lock_front_panel|auto-measure_current|auto-measure_power|auto-measure_voltage|auto-remote_sense|auto-select_channel|auto-set_current|auto-set_voltage|auto-toggle_output,float_to_4_dig|initialize|lock_front_panel|measure_current|measure_power|measure_voltage|remote_sense|select_channel|set_current|set_voltage|toggle_output,13,Uni-Lab-OS/community_drivers/bk9100/info.txt
blf_writer,blf_writer,BLF Writer是一款实验执行&合成设备，主要功能包括停止、日志记录。,实验执行&合成设备,实验执行&合成设备(experimental_step),4,auto-file_size|auto-log_event|auto-on_message_received|auto-stop,file_size|log_event|on_message_received|stop,14,Uni-Lab-OS/community_drivers/blf_writer/info.txt
blockly_tool,blockly_tool,BioTools振动圆二色光谱仪ChiralIR-2X驱动（华洋科仪），支持to python/codes。,机械臂,机械臂(device_template_tag),2,auto-codes|auto-to_python,codes|to_python,23,Uni-Lab-OS/community_drivers/blockly_tool/info.txt
blu,blu,代理德国BlueSens 生物发酵系统是由大连力迪流体控制技术有限公司生产的专业实验设备。,表征设备,表征设备(experimental_step),21,auto-anticipation|auto-auto_scale|auto-available_scales|auto-battery_state|auto-confirm_connection|auto-current_value|auto-disconnect|auto-head_type|auto-measure_mode|auto-new_value_ready|auto-scale|auto-scale_down|auto-scale_up|auto-single_shot_energy_mode|auto-trigger_level|auto-usb_state|auto-user_multiplier|auto-user_offset|auto-version|auto-wavelength|auto-zero_offset,anticipation|auto_scale|available_scales|battery_state|confirm_connection|current_value|disconnect|head_type|measure_mode|new_value_ready|scale|scale_down|scale_up|single_shot_energy_mode|trigger_level|usb_state|user_multiplier|user_offset|version|wavelength|zero_offset,35,Uni-Lab-OS/community_drivers/blu/info.txt
bode100,bode100,Bode100是由Omicron Lab (Bode 100)生产的专业实验设备。,实验执行&合成设备,实验执行&合成设备(experimental_step),7,auto-clear_measurement|auto-configure_gain_phase_measurement|auto-execute_measurement|auto-measurement_duration|auto-read_gain_phase_results|auto-reconnect|auto-stop_execution,clear_measurement|configure_gain_phase_measurement|execute_measurement|measurement_duration|read_gain_phase_results|reconnect|stop_execution,10,Uni-Lab-OS/community_drivers/bode100/info.txt
broadcast_udp_port_mapper_client,broadcast_udp_port_mapper_client,UDP广播端口映射客户端，用于自动发现局域网内的仪器设备。,实验执行&合成设备,实验执行&合成设备(experimental_step),37,auto-addpackers|auto-call_0|auto-callit|auto-do_call|auto-dump|auto-forkingloop|auto-forksession|auto-get_port|auto-handle|auto-handle_0|auto-loop|auto-make_call|auto-mkcred|auto-mkverf|auto-my_reply_handler|auto-pack_auth|auto-pack_auth_unix|auto-pack_call_args|auto-pack_callheader|auto-pack_mapping|auto-pack_pmaplist|auto-pack_replyheader|auto-register|auto-session|auto-set|auto-set_reply_handler|auto-set_timeout|auto-start_call|auto-turn_around|auto-unpack_auth|auto-unpack_call_result|auto-unpack_callheader|auto-unpack_mapping|auto-unpack_pmaplist|auto-unpack_replyheader|auto-unregister|auto-unset,addpackers|call_0|callit|do_call|dump|forkingloop|forksession|get_port|handle|handle_0|loop|make_call|mkcred|mkverf|my_reply_handler|pack_auth|pack_auth_unix|pack_call_args|pack_callheader|pack_mapping|pack_pmaplist|pack_replyheader|register|session|set|set_reply_handler|set_timeout|start_call|turn_around|unpack_auth|unpack_call_result|unpack_callheader|unpack_mapping|unpack_pmaplist|unpack_replyheader|unregister|unset,72,Uni-Lab-OS/community_drivers/broadcast_udp_port_mapper_client/info.txt
bronkhorst_elflow,bronkhorst_elflow,Bronkhorst Elflow是由Bronkhorst High-Tech生产的实验执行&合成设备，主要功能包括写入数据、初始化、读取数据。,实验执行&合成设备,实验执行&合成设备(experimental_step),9,auto-get_flow|auto-get_mode|auto-get_setpoint|auto-get_valve_output|auto-init|auto-read|auto-set_mode|auto-set_setpoint|auto-write,get_flow|get_mode|get_setpoint|get_valve_output|init|read|set_mode|set_setpoint|write,10,Uni-Lab-OS/community_drivers/bronkhorst_elflow/info.txt
busylight,busylight,Busylight Status Indicator是由Kuando/Plenom生产的实验执行&合成设备。,实验执行&合成设备,实验执行&合成设备(experimental_step),9,auto-available_colors|auto-blink|auto-get_rgb|auto-pulse|auto-send|auto-set_color|auto-set_rgb|auto-set_sound|auto-turn_off,available_colors|blink|get_rgb|pulse|send|set_color|set_rgb|set_sound|turn_off,13,Uni-Lab-OS/community_drivers/busylight/info.txt
bx2_a,bx2_a,Olympus BX2-A 正置显微镜 光学显微镜 显微镜是由Olympus (Evident)生产的专业实验设备。,普通光学显微镜,普通光学显微镜(device_template_tag),8,auto-idn|auto-init_origin|auto-lamp_status|auto-move_relative|auto-movement_status|auto-query|auto-soft_limits|auto-z,idn|init_origin|lamp_status|move_relative|movement_status|query|soft_limits|z,14,Uni-Lab-OS/community_drivers/bx2_a/info.txt
byonoy_absorbance96_automate_backend,byonoy_absorbance96_automate_backend,Byonoy Absorbance 96 微孔板吸光度读板仪 酶标仪 酶标仪是由Byonoy GmbH生产的专业实验设备。,酶标仪,酶标仪(device_template_tag),7,auto-get_available_absorbance_wavelengths|auto-initialize_measurements|auto-read_absorbance|auto-read_fluorescence|auto-read_luminescence|auto-send_command|auto-setup,get_available_absorbance_wavelengths|initialize_measurements|read_absorbance|read_fluorescence|read_luminescence|send_command|setup,23,Uni-Lab-OS/community_drivers/byonoy_absorbance96_automate_backend/info.txt
c_box_v3_driven_transmon,c_box_v3_driven_transmon,QuTech CBox V3 Transmon 量子比特驱动模块是由上海泽泉科技股份有限公司生产的专业实验设备。,表征设备,表征设备(experimental_step),39,auto-add_parameters|auto-calibrate_Flux_pulse_latency|auto-calibrate_MW_RO_latency|auto-calibrate_mixer_offsets_RO|auto-calibrate_mixer_offsets_drive|auto-calibrate_mixer_skewness|auto-calibrate_optimal_weights|auto-calibrate_pulse_restless|auto-get_operation_dict|auto-load_QWG_pulses|auto-measure_CZ_phase_ripple|auto-measure_T1|auto-measure_allxy|auto-measure_butterfly|auto-measure_cryo_scope|auto-measure_echo|auto-measure_flipping|auto-measure_flux_timing|auto-measure_heterodyne_spectroscopy|auto-measure_motzoi|auto-measure_pulsed_spectroscopy|auto-measure_rabi|auto-measure_ram_z|auto-measure_ram_z_echo|auto-measure_ramsey|auto-measure_randomized_benchmarking|auto-measure_randomized_benchmarking_vs_pars|auto-measure_rb_vs_amp|auto-measure_resonator_dac|auto-measure_resonator_power|auto-measure_single_qubit_GST|auto-measure_spectroscopy|auto-measure_ssro|auto-measure_transients|auto-prepare_for_continuous_wave|auto-prepare_for_fluxing|auto-prepare_for_timedomain|auto-prepare_readout|auto-upload_qasm_file,add_parameters|calibrate_Flux_pulse_latency|calibrate_MW_RO_latency|calibrate_mixer_offsets_RO|calibrate_mixer_offsets_drive|calibrate_mixer_skewness|calibrate_optimal_weights|calibrate_pulse_restless|get_operation_dict|load_QWG_pulses|measure_CZ_phase_ripple|measure_T1|measure_allxy|measure_butterfly|measure_cryo_scope|measure_echo|measure_flipping|measure_flux_timing|measure_heterodyne_spectroscopy|measure_motzoi|measure_pulsed_spectroscopy|measure_rabi|measure_ram_z|measure_ram_z_echo|measure_ramsey|measure_randomized_benchmarking|measure_randomized_benchmarking_vs_pars|measure_rb_vs_amp|measure_resonator_dac|measure_resonator_power|measure_single_qubit_GST|measure_spectroscopy|measure_ssro|measure_transients|prepare_for_continuous_wave|prepare_for_fluxing|prepare_for_timedomain|prepare_readout|upload_qasm_file,50,Uni-Lab-OS/community_drivers/c_box_v3_driven_transmon/info.txt
ca_nalyst_ii_bus,ca_nalyst_ii_bus,CA Nalyst II BUS是由Kvaser生产的专业实验设备。,实验执行&合成设备,实验执行&合成设备(experimental_step),4,auto-flush_tx_buffer|auto-poll_received_messages|auto-send|auto-shutdown,flush_tx_buffer|poll_received_messages|send|shutdown,7,Uni-Lab-OS/community_drivers/ca_nalyst_ii_bus/info.txt
calibration_class,calibration_class,Instrument Calibration Module是一款表征设备，主要功能包括校准、测量、设备连接。,表征设备,表征设备(experimental_step),8,auto-calibrate_voltage_meter|auto-check_voltage_calibration|auto-connect_dmm|auto-connect_dut|auto-connect_psu|auto-get_cal_check_points|auto-get_lin_cal_points|auto-measure_average,calibrate_voltage_meter|check_voltage_calibration|connect_dmm|connect_dut|connect_psu|get_cal_check_points|get_lin_cal_points|measure_average,9,Uni-Lab-OS/community_drivers/calibration_class/info.txt
camera,camera,Camera是一款实验执行&合成设备，主要功能包括停止、写入数据、加载、启动、增益设置、执行。,实验执行&合成设备,实验执行&合成设备(experimental_step),27,auto-cleanup|auto-create_buffers|auto-create_stream|auto-get_device|auto-get_device_id|auto-get_exposure_time|auto-get_frame|auto-get_frame_rate|auto-get_gain|auto-get_model_name|auto-get_payload|auto-get_pixel_format_as_string|auto-get_region|auto-get_sensor_size|auto-get_trigger_source|auto-get_vendor_name|auto-set_acquisition_mode|auto-set_frame_rate|auto-set_gain|auto-set_region|auto-set_trigger_source|auto-start_acquisition|auto-start_acquisition_continuous|auto-start_acquisition_trigger|auto-stop_acquisition|auto-trigger|auto-try_get_frame,cleanup|create_buffers|create_stream|get_device|get_device_id|get_exposure_time|get_frame|get_frame_rate|get_gain|get_model_name|get_payload|get_pixel_format_as_string|get_region|get_sensor_size|get_trigger_source|get_vendor_name|set_acquisition_mode|set_frame_rate|set_gain|set_region|set_trigger_source|start_acquisition|start_acquisition_continuous|start_acquisition_trigger|stop_acquisition|trigger|try_get_frame,63,Uni-Lab-OS/community_drivers/camera/info.txt
camera_device,camera_device,Camera Device是一款实验执行&合成设备，主要功能包括停止、初始化、启动、打开、捕获、读取数据。,实验执行&合成设备,实验执行&合成设备(experimental_step),9,auto-captureFrames|auto-captureLoopSynchronous|auto-captureLoopThread|auto-doInitializeDevice|auto-doShutdownDevice|auto-isCapturing|auto-livePreview|auto-start|auto-stop,captureFrames|captureLoopSynchronous|captureLoopThread|doInitializeDevice|doShutdownDevice|isCapturing|livePreview|start|stop,18,Uni-Lab-OS/community_drivers/camera_device/info.txt
camera_esp32_cam_serial,camera_esp32_cam_serial,Camera Esp32 CAM Serial是由Espressif Systems生产的实验执行&合成设备，主要功能包括停止、关闭、初始化、启动、日志记录、设备连接。,实验执行&合成设备,实验执行&合成设备(experimental_step),17,auto-calculate_base64_length|auto-close|auto-connect_to_usb_device|auto-getLast|auto-getLastChunk|auto-getPropertyValue|auto-initCam|auto-prepare_live|auto-put_frame|auto-setPropertyValue|auto-setROI|auto-set_analog_gain|auto-set_exposure_time|auto-startStreamingThread|auto-start_live|auto-stop_live|auto-suspend_live,calculate_base64_length|close|connect_to_usb_device|getLast|getLastChunk|getPropertyValue|initCam|prepare_live|put_frame|setPropertyValue|setROI|set_analog_gain|set_exposure_time|startStreamingThread|start_live|stop_live|suspend_live,18,Uni-Lab-OS/community_drivers/camera_esp32_cam_serial/info.txt
camera_interface,camera_interface,Camera Interface是一款实验执行&合成设备，主要功能包括停止、写入数据、打开、触发、读取数据。,实验执行&合成设备,实验执行&合成设备(experimental_step),4,auto-fileno|auto-flush|auto-message_read|auto-message_write,fileno|flush|message_read|message_write,36,Uni-Lab-OS/community_drivers/camera_interface/info.txt
camera_pi_cam,camera_pi_cam,Camera PI CAM是由Raspberry Pi Foundation生产的实验执行&合成设备，主要功能包括停止、关闭、启动、打开、日志记录。,实验执行&合成设备,实验执行&合成设备(experimental_step),15,auto-close|auto-getLast|auto-getLastChunk|auto-getPropertyValue|auto-openPropertiesGUI|auto-prepare_live|auto-setPropertyValue|auto-setROI|auto-set_analog_gain|auto-set_blacklevel|auto-set_exposure_time|auto-set_pixel_format|auto-start_live|auto-stop_live|auto-suspend_live,close|getLast|getLastChunk|getPropertyValue|openPropertiesGUI|prepare_live|setPropertyValue|setROI|set_analog_gain|set_blacklevel|set_exposure_time|set_pixel_format|start_live|stop_live|suspend_live,16,Uni-Lab-OS/community_drivers/camera_pi_cam/info.txt
camera_redis_daemon,camera_redis_daemon,Camera Redis Daemon是一款实验执行&合成设备，主要功能包括停止、写入数据、打开、触发、读取数据。,实验执行&合成设备,实验执行&合成设备(experimental_step),2,auto-notify|auto-stop,notify|stop,36,Uni-Lab-OS/community_drivers/camera_redis_daemon/info.txt
camera_service,camera_service,Camera Service是一款表征设备，主要功能包括中止、关闭、写入数据、启动、成像、打开。,表征设备,表征设备(experimental_step),83,auto-abort|auto-activeCamera|auto-availableAccessLevels|auto-bufferInfo|auto-busy|auto-calculateHistogram|auto-calibration|auto-calibrationChanged|auto-calibrationData|auto-cameraInfo|auto-cameraModel|auto-cameraSerial|auto-capture|auto-captureBuffer|auto-captureFilename|auto-captureMulti|auto-close|auto-closed|auto-color|auto-connected|auto-deviceVersion|auto-discovered|auto-error|auto-exposureTimeLimited|auto-fieldOfView|auto-fileName|auto-filename|auto-filenameCalibration|auto-filenameThumbnail|auto-finished|auto-flags|auto-focalLength|auto-fovHorizontal|auto-fovVertical|auto-frameAngle|auto-heightThumbnail|auto-isCaptureMultiSupported|auto-isHyperspectral|auto-isThermal|auto-lensModel|auto-lensSerial|auto-list|auto-listCalibrations|auto-lost|auto-manufacturer|auto-message|auto-model|auto-mountModel|auto-mountSerial|auto-multiBufferInfo|auto-multiCaptureBuffer|auto-multiCaptureFilename|auto-multiFinished|auto-name|auto-open|auto-opened|auto-pendingImages|auto-property|auto-propertyDescription|auto-readMemory|auto-readRegister|auto-ready|auto-releasedImages|auto-restore|auto-restoreFactory|auto-rotation|auto-save|auto-sensorHeight|auto-sensorWidth|auto-serialNumber|auto-setCalibration|auto-setColor|auto-setFilename|auto-setFilenameThumbnail|auto-setHeightThumbnail|auto-setProperty|auto-setWidthThumbnail|auto-started|auto-status|auto-widthThumbnail|auto-writeMemory|auto-writeRegister|auto-xml,abort|activeCamera|availableAccessLevels|bufferInfo|busy|calculateHistogram|calibration|calibrationChanged|calibrationData|cameraInfo|cameraModel|cameraSerial|capture|captureBuffer|captureFilename|captureMulti|close|closed|color|connected|deviceVersion|discovered|error|exposureTimeLimited|fieldOfView|fileName|filename|filenameCalibration|filenameThumbnail|finished|flags|focalLength|fovHorizontal|fovVertical|frameAngle|heightThumbnail|isCaptureMultiSupported|isHyperspectral|isThermal|lensModel|lensSerial|list|listCalibrations|lost|manufacturer|message|model|mountModel|mountSerial|multiBufferInfo|multiCaptureBuffer|multiCaptureFilename|multiFinished|name|open|opened|pendingImages|property|propertyDescription|readMemory|readRegister|ready|releasedImages|restore|restoreFactory|rotation|save|sensorHeight|sensorWidth|serialNumber|setCalibration|setColor|setFilename|setFilenameThumbnail|setHeightThumbnail|setProperty|setWidthThumbnail|started|status|widthThumbnail|writeMemory|writeRegister|xml,138,Uni-Lab-OS/community_drivers/camera_service/info.txt
catalog,catalog,Catalog是一款实验执行&合成设备，主要功能包括关闭、写入数据、启动、记录、读取数据、运行。,实验执行&合成设备,实验执行&合成设备(experimental_step),2,auto-close|auto-write_record,close|write_record,46,Uni-Lab-OS/community_drivers/catalog/info.txt
cc,cc,QuTech CC 中央控制器是由QuTech生产的表征设备，主要功能包括校准。,表征设备,表征设备(experimental_step),2,auto-calibrate_dio_protocol|auto-output_dio_calibration_data,calibrate_dio_protocol|output_dio_calibration_data,16,Uni-Lab-OS/community_drivers/cc/info.txt
cc1,cc1,Thorlabs CC1 Stepper Motor Controller是由Thorlabs生产的专业实验设备。,物流/机械,物流/机械(experimental_step),11,auto-acknowledge|auto-channel|auto-clear_counts|auto-count|auto-delay|auto-dwell_time|auto-firmware|auto-gate|auto-subtract|auto-trigger_mode|auto-window,acknowledge|channel|clear_counts|count|delay|dwell_time|firmware|gate|subtract|trigger_mode|window,19,Uni-Lab-OS/community_drivers/cc1/info.txt
cc_core,cc_core,CC Core 量子控制核心模块是由维根技术（北京）有限公司（WIGGENS）生产的专业实验设备。,移液工作站,移液工作站(device_template_tag),60,auto-assemble|auto-assemble_and_start|auto-calibrate_dio|auto-debug_get_ccio_reg|auto-debug_get_ccio_trace|auto-debug_get_traces|auto-debug_marker_in|auto-debug_marker_off|auto-debug_marker_out|auto-debug_set_ccio_trace_on|auto-get_assembler_log|auto-get_assembler_success|auto-get_calibrate_dio_margin|auto-get_calibrate_dio_read_index|auto-get_calibrate_dio_status|auto-get_calibrate_dio_success|auto-get_q1_reg|auto-get_sequence_program_assemble|auto-get_status_operation_run|auto-get_status_operation_run_enable|auto-get_status_questionable_bplink|auto-get_status_questionable_bplink_enable|auto-get_status_questionable_config|auto-get_status_questionable_config_enable|auto-get_status_questionable_frequency|auto-get_status_questionable_frequency_enable|auto-get_status_questionable_instrument|auto-get_status_questionable_instrument_enable|auto-get_status_questionable_instrument_idetail_bplink|auto-get_status_questionable_instrument_idetail_bplink_enable|auto-get_status_questionable_instrument_idetail_config|auto-get_status_questionable_instrument_idetail_config_enable|auto-get_status_questionable_instrument_idetail_diocal|auto-get_status_questionable_instrument_idetail_diocal_enable|auto-get_status_questionable_instrument_idetail_freq|auto-get_status_questionable_instrument_idetail_freq_enable|auto-get_status_questionable_instrument_isummary|auto-get_status_questionable_instrument_isummary_enable|auto-get_vsm_delay_fall|auto-get_vsm_delay_rise|auto-print_status_operation|auto-print_status_questionable|auto-sequence_program_assemble|auto-set_q1_reg|auto-set_seqbar_cnt|auto-set_status_operation_run_enable|auto-set_status_questionable_bplink_enable|auto-set_status_questionable_config_enable|auto-set_status_questionable_frequency_enable|auto-set_status_questionable_instrument_enable|auto-set_status_questionable_instrument_idetail_bplink_enable|auto-set_status_questionable_instrument_idetail_config_enable|auto-set_status_questionable_instrument_idetail_diocal_enable|auto-set_status_questionable_instrument_idetail_freq_enable|auto-set_status_questionable_instrument_isummary_enable|auto-set_vsm_delay_fall|auto-set_vsm_delay_rise|auto-start|auto-status_preset|auto-stop,assemble|assemble_and_start|calibrate_dio|debug_get_ccio_reg|debug_get_ccio_trace|debug_get_traces|debug_marker_in|debug_marker_off|debug_marker_out|debug_set_ccio_trace_on|get_assembler_log|get_assembler_success|get_calibrate_dio_margin|get_calibrate_dio_read_index|get_calibrate_dio_status|get_calibrate_dio_success|get_q1_reg|get_sequence_program_assemble|get_status_operation_run|get_status_operation_run_enable|get_status_questionable_bplink|get_status_questionable_bplink_enable|get_status_questionable_config|get_status_questionable_config_enable|get_status_questionable_frequency|get_status_questionable_frequency_enable|get_status_questionable_instrument|get_status_questionable_instrument_enable|get_status_questionable_instrument_idetail_bplink|get_status_questionable_instrument_idetail_bplink_enable|get_status_questionable_instrument_idetail_config|get_status_questionable_instrument_idetail_config_enable|get_status_questionable_instrument_idetail_diocal|get_status_questionable_instrument_idetail_diocal_enable|get_status_questionable_instrument_idetail_freq|get_status_questionable_instrument_idetail_freq_enable|get_status_questionable_instrument_isummary|get_status_questionable_instrument_isummary_enable|get_vsm_delay_fall|get_vsm_delay_rise|print_status_operation|print_status_questionable|sequence_program_assemble|set_q1_reg|set_seqbar_cnt|set_status_operation_run_enable|set_status_questionable_bplink_enable|set_status_questionable_config_enable|set_status_questionable_frequency_enable|set_status_questionable_instrument_enable|set_status_questionable_instrument_idetail_bplink_enable|set_status_questionable_instrument_idetail_config_enable|set_status_questionable_instrument_idetail_diocal_enable|set_status_questionable_instrument_idetail_freq_enable|set_status_questionable_instrument_isummary_enable|set_vsm_delay_fall|set_vsm_delay_rise|start|status_preset|stop,61,Uni-Lab-OS/community_drivers/cc_core/info.txt
ccd,ccd,CCD Camera/Detector是一款表征设备，主要功能包括中止、传输、使能、冷却、初始化、启动。,表征设备,表征设备(experimental_step),152,auto-EM_advanced_enabled|auto-EM_gain|auto-EM_gain_mode|auto-EM_gain_range|auto-FK_exposure_time|auto-QE|auto-abort_acquisition|auto-abort_acquisition_async|auto-acquired_data|auto-acquired_data16|auto-acquisition_mode|auto-acquisition_progress|auto-acquisition_timings|auto-adv_trigger_mode|auto-amp_available|auto-amp_descr|auto-amp_max_hspeed|auto-available_images_index|auto-averaging_factor|auto-averaging_frame_count|auto-averaging_mode|auto-baseline_clamp|auto-baseline_offset|auto-bit_depth|auto-buffer_size|auto-camera_handle|auto-cancel_wait|auto-cancel_wait_async|auto-capabilities|auto-command|auto-controller_card|auto-cooled_on_shutdown|auto-cooler_on|auto-count_convert_available|auto-count_convert_wavelength_range|auto-cr_filter_enabled|auto-current_camera|auto-detector_shape|auto-exposing|auto-exposure_times|auto-fan_mode|auto-fastest_recommended_vsspeed|auto-filter_threshold|auto-finalize|auto-flush|auto-frame_transfer_mode|auto-free_int_mem|auto-free_int_mem_async|auto-getbool|auto-getenumerated|auto-getfloat|auto-getint|auto-hardware_version|auto-has_mechanical_shutter|auto-horiz_shift_speed|auto-idn|auto-images|auto-images16|auto-in_aux_port|auto-initialize|auto-is_implemented|auto-is_writable|auto-keep_clean_time|auto-max_exposure|auto-max_images_per_dma|auto-max_temperature|auto-min_image_length|auto-min_temperature|auto-most_recent_image|auto-most_recent_image16|auto-n_ad_channels|auto-n_amps|auto-n_exposures_in_ring|auto-n_horiz_shift_speeds|auto-n_images_acquired|auto-n_max_nexposure|auto-n_photon_counting_div|auto-n_preamps|auto-n_vert_clock_amps|auto-n_vert_shift_speeds|auto-ncameras|auto-new_images_index|auto-noise_filter_mode|auto-oldest_image|auto-oldest_image16|auto-out_aux_port|auto-photon_counting_mode|auto-preamp|auto-preamp_available|auto-preamp_descr|auto-prepare_acquisition|auto-prepare_acquisition_async|auto-px_size|auto-queuebuffer|auto-readout_flipped|auto-readout_mode|auto-readout_packing|auto-readout_time|auto-save_raw|auto-save_raw_async|auto-send_software_trigger|auto-send_software_trigger_async|auto-sensitivity|auto-set_accum_time|auto-set_accum_time_async|auto-set_dma_parameters|auto-set_exposure_time|auto-set_exposure_time_async|auto-set_image|auto-set_image_async|auto-set_kinetic_cycle_time|auto-set_kinetic_cycle_time_async|auto-set_n_accum|auto-set_n_accum_async|auto-set_n_kinetics|auto-set_n_kinetics_async|auto-set_photon_counting_divs|auto-set_photon_counting_divs_async|auto-set_photon_counting_thres|auto-set_photon_counting_thres_async|auto-set_vert_clock|auto-set_vert_clock_async|auto-setbool|auto-setenumerated|auto-setenumstring|auto-setfloat|auto-setint|auto-shutter|auto-shutter_async|auto-shutter_min_times|auto-software_version|auto-start_acquisition|auto-start_acquisition_async|auto-status|auto-temperature|auto-temperature_setpoint|auto-temperature_status|auto-trigger_level|auto-trigger_level_async|auto-trigger_mode|auto-trigger_mode_available|auto-true_exposure_times|auto-true_horiz_shift_speed|auto-true_preamp|auto-true_vert_amp|auto-true_vert_shift_speed|auto-vert_amp_index|auto-vert_amp_string|auto-vert_shift_speed|auto-wait_for_acquisition|auto-wait_for_acquisition_async|auto-waitbuffer,EM_advanced_enabled|EM_gain|EM_gain_mode|EM_gain_range|FK_exposure_time|QE|abort_acquisition|abort_acquisition_async|acquired_data|acquired_data16|acquisition_mode|acquisition_progress|acquisition_timings|adv_trigger_mode|amp_available|amp_descr|amp_max_hspeed|available_images_index|averaging_factor|averaging_frame_count|averaging_mode|baseline_clamp|baseline_offset|bit_depth|buffer_size|camera_handle|cancel_wait|cancel_wait_async|capabilities|command|controller_card|cooled_on_shutdown|cooler_on|count_convert_available|count_convert_wavelength_range|cr_filter_enabled|current_camera|detector_shape|exposing|exposure_times|fan_mode|fastest_recommended_vsspeed|filter_threshold|finalize|flush|frame_transfer_mode|free_int_mem|free_int_mem_async|getbool|getenumerated|getfloat|getint|hardware_version|has_mechanical_shutter|horiz_shift_speed|idn|images|images16|in_aux_port|initialize|is_implemented|is_writable|keep_clean_time|max_exposure|max_images_per_dma|max_temperature|min_image_length|min_temperature|most_recent_image|most_recent_image16|n_ad_channels|n_amps|n_exposures_in_ring|n_horiz_shift_speeds|n_images_acquired|n_max_nexposure|n_photon_counting_div|n_preamps|n_vert_clock_amps|n_vert_shift_speeds|ncameras|new_images_index|noise_filter_mode|oldest_image|oldest_image16|out_aux_port|photon_counting_mode|preamp|preamp_available|preamp_descr|prepare_acquisition|prepare_acquisition_async|px_size|queuebuffer|readout_flipped|readout_mode|readout_packing|readout_time|save_raw|save_raw_async|send_software_trigger|send_software_trigger_async|sensitivity|set_accum_time|set_accum_time_async|set_dma_parameters|set_exposure_time|set_exposure_time_async|set_image|set_image_async|set_kinetic_cycle_time|set_kinetic_cycle_time_async|set_n_accum|set_n_accum_async|set_n_kinetics|set_n_kinetics_async|set_photon_counting_divs|set_photon_counting_divs_async|set_photon_counting_thres|set_photon_counting_thres_async|set_vert_clock|set_vert_clock_async|setbool|setenumerated|setenumstring|setfloat|setint|shutter|shutter_async|shutter_min_times|software_version|start_acquisition|start_acquisition_async|status|temperature|temperature_setpoint|temperature_status|trigger_level|trigger_level_async|trigger_mode|trigger_mode_available|true_exposure_times|true_horiz_shift_speed|true_preamp|true_vert_amp|true_vert_shift_speed|vert_amp_index|vert_amp_string|vert_shift_speed|wait_for_acquisition|wait_for_acquisition_async|waitbuffer,164,Uni-Lab-OS/community_drivers/ccd/info.txt
ccl,ccl,QuTech CC-Light 中央控制器是由QuTech生产的表征设备，主要功能包括停止、启动、读取数据。,表征设备,表征设备(experimental_step),11,auto-add_additional_parameters|auto-add_standard_parameters|auto-getOperationComplete|auto-get_idn|auto-get_operation_complete|auto-print_control_store|auto-print_qisa_opcodes|auto-print_qisa_with_control_store|auto-print_readable_idn|auto-start|auto-stop,add_additional_parameters|add_standard_parameters|getOperationComplete|get_idn|get_operation_complete|print_control_store|print_qisa_opcodes|print_qisa_with_control_store|print_readable_idn|start|stop,25,Uni-Lab-OS/community_drivers/ccl/info.txt
centrifuge,centrifuge,实验室离心机是一款离心机，主要功能包括关闭、加载、启动、打开。,离心机,离心机(device_template_tag),16,auto-at_bucket|auto-close_door|auto-deserialize|auto-door_open|auto-go_to_bucket1|auto-go_to_bucket2|auto-load|auto-lock_bucket|auto-lock_door|auto-open_door|auto-serialize|auto-spin|auto-start_spin_cycle|auto-unload|auto-unlock_bucket|auto-unlock_door,at_bucket|close_door|deserialize|door_open|go_to_bucket1|go_to_bucket2|load|lock_bucket|lock_door|open_door|serialize|spin|start_spin_cycle|unload|unlock_bucket|unlock_door,20,Uni-Lab-OS/community_drivers/centrifuge/info.txt
cesar1312,cesar1312,Cesar 1312 RF Power Generator是由Advanced Energy生产的专业实验设备。,实验执行&合成设备,实验执行&合成设备(experimental_step),10,auto-address|auto-control_mode|auto-name|auto-output_power|auto-query|auto-reflected_power|auto-regulation_mode|auto-retries|auto-rf|auto-sendcmd,address|control_mode|name|output_power|query|reflected_power|regulation_mode|retries|rf|sendcmd,23,Uni-Lab-OS/community_drivers/cesar1312/info.txt
channel_client,channel_client,Channel Client是由D-TACQ Solutions生产的专业实验设备。,实验执行&合成设备,实验执行&合成设备(experimental_step),49,chan2volts|clear_counters|close|data_size|demux_status|elapsed_samples|fetch_all_calibration|get_aggregator_sites|get_aggregator_svc_list|get_blocks|get_elapsed|get_post|get_pre|get_state|get_sys_info|get_total|init_site_client|load_awg|load_dio482pg|load_dpg|load_gpg|load_segments|load_stl|load_wrpg|make_sa_sd_aliases|nchan|post_samples|pre_samples|read|read_chan|read_decims|read_transient_timebase|run_service|samples|scale_raw|set_DO|set_mb_clk|set_segment|set_sync_routing|set_sync_routing_master|set_sync_routing_slave|show_segments|st_monitor|state|uut_demux_enabled|wait_armed|wait_event|wait_state_changed|wait_stopped,chan2volts|clear_counters|close|data_size|demux_status|elapsed_samples|fetch_all_calibration|get_aggregator_sites|get_aggregator_svc_list|get_blocks|get_elapsed|get_post|get_pre|get_state|get_sys_info|get_total|init_site_client|load_awg|load_dio482pg|load_dpg|load_gpg|load_segments|load_stl|load_wrpg|make_sa_sd_aliases|nchan|post_samples|pre_samples|read|read_chan|read_decims|read_transient_timebase|run_service|samples|scale_raw|set_DO|set_mb_clk|set_segment|set_sync_routing|set_sync_routing_master|set_sync_routing_slave|show_segments|st_monitor|state|uut_demux_enabled|wait_armed|wait_event|wait_state_changed|wait_stopped,134,Uni-Lab-OS/community_drivers/channel_client/info.txt
charge_coupled_device,charge_coupled_device,Charge Coupled Device This class should not be instanced by the end user,generic,,22,auto-acquisition_abort|auto-acquisition_start|auto-close|auto-is_open|auto-open|auto-range_mode_center_wavelengths|auto-restart|auto-set_acquisition_count|auto-set_acquisition_format|auto-set_center_wavelength|auto-set_clean_count|auto-set_em_gain|auto-set_exposure_time|auto-set_fit_parameters|auto-set_gain|auto-set_parallel_speed|auto-set_region_of_interest|auto-set_signal_output|auto-set_speed|auto-set_timer_resolution|auto-set_trigger_input|auto-set_x_axis_conversion_type,acquisition_abort|acquisition_start|close|is_open|open|range_mode_center_wavelengths|restart|set_acquisition_count|set_acquisition_format|set_center_wavelength|set_clean_count|set_em_gain|set_exposure_time|set_fit_parameters|set_gain|set_parallel_speed|set_region_of_interest|set_signal_output|set_speed|set_timer_resolution|set_trigger_input|set_x_axis_conversion_type,45,Uni-Lab-OS/community_drivers/charge_coupled_device/info.txt
chemputersoftware__serial_device,chemputersoftware__serial_device,CdcAcmSerialPort,serial,,0,,,10,Uni-Lab-OS/community_drivers/chemputersoftware__serial_device/info.txt
cito_plus1310,cito_plus1310,CITO Plus 1310nm Laser Module是由CEM Corporation生产的表征设备，主要功能包括加载。,表征设备,表征设备(experimental_step),9,auto-forward_power|auto-load_power|auto-name|auto-output_power|auto-query|auto-reflected_power|auto-regulation_mode|auto-rf|auto-sendcmd,forward_power|load_power|name|output_power|query|reflected_power|regulation_mode|rf|sendcmd,18,Uni-Lab-OS/community_drivers/cito_plus1310/info.txt
clari_ostar_backend,clari_ostar_backend,BMG CLARIOstar 多功能酶标仪 酶标仪 酶标仪是由BMG LABTECH生产的专业实验设备。,酶标仪,酶标仪(device_template_tag),13,auto-close|auto-get_stat|auto-initialize|auto-open|auto-read_absorbance|auto-read_command_status|auto-read_fluorescence|auto-read_luminescence|auto-read_resp|auto-request_eeprom_data|auto-send|auto-setup|auto-stop,close|get_stat|initialize|open|read_absorbance|read_command_status|read_fluorescence|read_luminescence|read_resp|request_eeprom_data|send|setup|stop,23,Uni-Lab-OS/community_drivers/clari_ostar_backend/info.txt
client,client,Client设备驱动，用于实验室自动化控制与数据采集。,实验执行&合成设备,实验执行&合成设备(experimental_step),12,auto-build|auto-close|auto-get_json|auto-get_single_variant|auto-get_variants|auto-init_websocket|auto-login|auto-passwd|auto-read_json|auto-read_line|auto-read_reply|auto-send_command,build|close|get_json|get_single_variant|get_variants|init_websocket|login|passwd|read_json|read_line|read_reply|send_command,20,Uni-Lab-OS/community_drivers/client/info.txt
client_async,client_async,Client Async是一款实验执行&合成设备，主要功能包括设备连接、运动控制、运行。,实验执行&合成设备,实验执行&合成设备(experimental_step),11,auto-addListener|auto-context|auto-create|auto-disconnect|auto-onDisconnect|auto-packet|auto-refresh|auto-removeListener|auto-send|auto-sendMessage|auto-spawn,addListener|context|create|disconnect|onDisconnect|packet|refresh|removeListener|send|sendMessage|spawn,62,Uni-Lab-OS/community_drivers/client_async/info.txt
clock_line,clock_line,Shoreline 腔衰减相移式氮氧化物分析仪 CAPS-NO/NO2是由北京崭晴环保科技有限公司生产的专业实验设备。,实验执行&合成设备,实验执行&合成设备(experimental_step),13,auto-add_device|auto-clock_limit|auto-collect_change_times|auto-do_checks|auto-expand_change_times|auto-generate_clock|auto-generate_code|auto-get_outputs_by_clockline|auto-is_master_pseudoclock|auto-minimum_clock_high_time|auto-offset_instructions_from_trigger|auto-set_initial_trigger_time|auto-trigger,add_device|clock_limit|collect_change_times|do_checks|expand_change_times|generate_clock|generate_code|get_outputs_by_clockline|is_master_pseudoclock|minimum_clock_high_time|offset_instructions_from_trigger|set_initial_trigger_time|trigger,24,Uni-Lab-OS/community_drivers/clock_line/info.txt
cmd_seq,cmd_seq,FEI4 Command Sequencer是一款实验执行&合成设备，主要功能包括使能、停止、启动、复位、触发、读取数据。,实验执行&合成设备,实验执行&合成设备(experimental_step),13,auto-is_done|auto-reset|auto-set_clock_gate|auto-set_cmd_pulse|auto-set_data|auto-set_ext_trigger|auto-set_output_enable|auto-set_output_mode|auto-set_repeat|auto-set_size|auto-set_start_seq_length|auto-set_stop_seq_length|auto-start,is_done|reset|set_clock_gate|set_cmd_pulse|set_data|set_ext_trigger|set_output_enable|set_output_mode|set_repeat|set_size|set_start_seq_length|set_stop_seq_length|start,21,Uni-Lab-OS/community_drivers/cmd_seq/info.txt
cobalt_laser,cobalt_laser,CobaltLaser,lasers,,6,auto-GetPower|auto-IsOn|auto-SetPower|auto-TurnOff|auto-TurnOn|auto-checkfault,GetPower|IsOn|SetPower|TurnOff|TurnOn|checkfault,11,Uni-Lab-OS/community_drivers/cobalt_laser/info.txt
cobalt_laser_e,cobalt_laser_e,CobaltLaserE,generic,,1,auto-TurnOn,TurnOn,11,Uni-Lab-OS/community_drivers/cobalt_laser_e/info.txt
cobolt0601,cobolt0601,Cobolt 06-01 Series CW Laser是由HÜBNER Photonics (Cobolt)生产的专业实验设备。,表征设备,表征设备(experimental_step),22,auto-analog_mod|auto-analogli_mod|auto-autostart|auto-clear_fault|auto-clear_fault_async|auto-ctl_mode|auto-current_sp|auto-digital_mod|auto-enabled|auto-enter_mod_mode|auto-enter_mod_mode_async|auto-idn|auto-initialize|auto-interlock|auto-ksw_enabled|auto-mod_mode|auto-operating_hours|auto-power|auto-power_sp|auto-restart|auto-restart_async|auto-status,analog_mod|analogli_mod|autostart|clear_fault|clear_fault_async|ctl_mode|current_sp|digital_mod|enabled|enter_mod_mode|enter_mod_mode_async|idn|initialize|interlock|ksw_enabled|mod_mode|operating_hours|power|power_sp|restart|restart_async|status,29,Uni-Lab-OS/community_drivers/cobolt0601/info.txt
cobolt0601_f2,cobolt0601_f2,Cobolt0601 F2是由Cobolt AB (HÜBNER Photonics)生产的实验执行&合成设备，主要功能包括使能、状态查询。,实验执行&合成设备,实验执行&合成设备(experimental_step),10,auto-digital_mod|auto-enabled|auto-enter_mod_mode|auto-idn|auto-mod_mode|auto-power|auto-power_mod|auto-power_sp|auto-query|auto-status,digital_mod|enabled|enter_mod_mode|idn|mod_mode|power|power_mod|power_sp|query|status,15,Uni-Lab-OS/community_drivers/cobolt0601_f2/info.txt
cobolt_debug_serial,cobolt_debug_serial,Cobolt Debug Serial是由Cobolt AB (HÜBNER Photonics)生产的实验执行&合成设备，主要功能包括关闭、写入数据、初始化、启动、打开、读取数据。,实验执行&合成设备,实验执行&合成设备(experimental_step),6,auto-close|auto-flush|auto-is_open|auto-open|auto-read|auto-write,close|flush|is_open|open|read|write,25,Uni-Lab-OS/community_drivers/cobolt_debug_serial/info.txt
cobolt_device,cobolt_device,Cobolt Device是由Cobolt AB (HÜBNER Photonics)生产的专业实验设备。,表征设备,表征设备(experimental_step),15,auto-autostartIsOn|auto-doGetAutostart|auto-doGetInterlockState|auto-doGetLaserSerialNumber|auto-doGetOnOffState|auto-doGetPower|auto-doInitializeDevice|auto-doSetPower|auto-doShutdownDevice|auto-doTurnAutostartOff|auto-doTurnAutostartOn|auto-doTurnOff|auto-doTurnOn|auto-turnAutostartOff|auto-turnAutostartOn,autostartIsOn|doGetAutostart|doGetInterlockState|doGetLaserSerialNumber|doGetOnOffState|doGetPower|doInitializeDevice|doSetPower|doShutdownDevice|doTurnAutostartOff|doTurnAutostartOn|doTurnOff|doTurnOn|turnAutostartOff|turnAutostartOn,25,Uni-Lab-OS/community_drivers/cobolt_device/info.txt
cobolt_laser,cobolt_laser,Cobolt Laser是由Cobolt AB (HÜBNER Photonics)生产的实验执行&合成设备，主要功能包括关闭、写入数据、打开、读取数据。,实验执行&合成设备,实验执行&合成设备(experimental_step),2,auto-power|auto-setPower,power|setPower,10,Uni-Lab-OS/community_drivers/cobolt_laser/info.txt
coherent,coherent,Coherent是由Coherent Corp.,实验执行&合成设备,实验执行&合成设备(experimental_step),19,auto-clearBuffer|auto-clearGDD|auto-close|auto-getAlignment|auto-getComp|auto-getGDD|auto-getGDDMinMax|auto-getPower|auto-getShutter|auto-getWavelength|auto-getWavelengthRange|auto-isTuning|auto-read|auto-readPacket|auto-setAlignment|auto-setGDD|auto-setShutter|auto-setWavelength|auto-write,clearBuffer|clearGDD|close|getAlignment|getComp|getGDD|getGDDMinMax|getPower|getShutter|getWavelength|getWavelengthRange|isTuning|read|readPacket|setAlignment|setGDD|setShutter|setWavelength|write,22,Uni-Lab-OS/community_drivers/coherent/info.txt
coherent_obis_laser,coherent_obis_laser,CoherentOBISLaser,lasers|coherent_obis,,7,auto-Close|auto-GetPower|auto-IsOn|auto-SetPower|auto-TurnOff|auto-TurnOn|auto-query,Close|GetPower|IsOn|SetPower|TurnOff|TurnOn|query,9,Uni-Lab-OS/community_drivers/coherent_obis_laser/info.txt
coherent_sapphire_laser,coherent_sapphire_laser,CoherentSapphireLaser,laser,,11,auto-Close|auto-GetMAX|auto-GetMIN|auto-GetPower|auto-IsOn|auto-SetPower|auto-TurnOff|auto-TurnOn|auto-check_power_output|auto-check_set_power|auto-query,Close|GetMAX|GetMIN|GetPower|IsOn|SetPower|TurnOff|TurnOn|check_power_output|check_set_power|query,13,Uni-Lab-OS/community_drivers/coherent_sapphire_laser/info.txt
com_port,com_port,COM Port是由Open Standard生产的专业实验设备。,实验执行&合成设备,实验执行&合成设备(experimental_step),6,auto-getLineCoding|auto-readBytes|auto-readText|auto-setControlLineState|auto-setLineCoding|auto-write,getLineCoding|readBytes|readText|setControlLineState|setLineCoding|write,27,Uni-Lab-OS/community_drivers/com_port/info.txt
command_proxy,command_proxy,Command Proxy驱动，支持get/get w value/put/get config/get reading等19个操作。,后处理设备,后处理设备(experimental_step),19,auto-allow_events|auto-datatype_allowed|auto-get|auto-get_config|auto-get_datakey|auto-get_reading|auto-get_setpoint|auto-get_value|auto-get_w_value|auto-has_subscription|auto-poll|auto-put|auto-set_callback|auto-set_converter|auto-set_polling|auto-set_trl|auto-source|auto-subscribe_callback|auto-unsubscribe_callback,allow_events|datatype_allowed|get|get_config|get_datakey|get_reading|get_setpoint|get_value|get_w_value|has_subscription|poll|put|set_callback|set_converter|set_polling|set_trl|source|subscribe_callback|unsubscribe_callback,63,Uni-Lab-OS/community_drivers/command_proxy/info.txt
communication,communication,Communication是由Open Standard生产的实验执行&合成设备，主要功能包括记录、设备连接。,实验执行&合成设备,实验执行&合成设备(experimental_step),5,auto-connect|auto-disconnect|auto-is_connect|auto-record|auto-send,connect|disconnect|is_connect|record|send,6,Uni-Lab-OS/community_drivers/communication/info.txt
communication_port,communication_port,Communication Port是由Open Standard生产的实验执行&合成设备，主要功能包括关闭、写入数据、打开、读取数据。,实验执行&合成设备,实验执行&合成设备(experimental_step),14,auto-bytesAvailable|auto-close|auto-flush|auto-isNotOpen|auto-isOpen|auto-open|auto-readData|auto-readMatchingGroups|auto-readString|auto-writeData|auto-writeString|auto-writeStringExpectMatchingString|auto-writeStringReadFirstMatchingGroup|auto-writeStringReadMatchingGroups,bytesAvailable|close|flush|isNotOpen|isOpen|open|readData|readMatchingGroups|readString|writeData|writeString|writeStringExpectMatchingString|writeStringReadFirstMatchingGroup|writeStringReadMatchingGroups,15,Uni-Lab-OS/community_drivers/communication_port/info.txt
concrete_port,concrete_port,硬件设备通信端口抽象层，提供统一的设备连接与数据传输接口。,实验执行&合成设备,实验执行&合成设备(experimental_step),7,auto-close|auto-get_access_mode|auto-is_open|auto-open|auto-port|auto-read|auto-write,close|get_access_mode|is_open|open|port|read|write,8,Uni-Lab-OS/community_drivers/concrete_port/info.txt
connection,connection,Instrument Connection Handler驱动，支持connect/send/listen/close/receive data等6个操作。,实验执行&合成设备,实验执行&合成设备(experimental_step),6,auto-close|auto-connect|auto-discover|auto-listen|auto-receive_data|auto-send,close|connect|discover|listen|receive_data|send,30,Uni-Lab-OS/community_drivers/connection/info.txt
control_module,control_module,Control Module是一款实验执行&合成设备，主要功能包括停止、关闭、初始化、数据保存、日志记录、状态查询。,实验执行&合成设备,实验执行&合成设备(experimental_step),17,auto-append_data|auto-close_file|auto-create_new_file|auto-custom_command|auto-grab|auto-h5saver|auto-init_hardware|auto-init_hardware_ui|auto-insert_data|auto-manage_ui_actions|auto-module_and_data_saver|auto-quit_fun|auto-show_config|auto-show_log|auto-stop_grab|auto-thread_status|auto-update_status,append_data|close_file|create_new_file|custom_command|grab|h5saver|init_hardware|init_hardware_ui|insert_data|manage_ui_actions|module_and_data_saver|quit_fun|show_config|show_log|stop_grab|thread_status|update_status,39,Uni-Lab-OS/community_drivers/control_module/info.txt
control_service,control_service,设备控制服务中间件，提供统一的设备参数读写和状态管理接口。,实验执行&合成设备,实验执行&合成设备(experimental_step),111,auto-acquisitionFinished|auto-acquisitionMode|auto-acquisitionStarted|auto-activeSdcStorageDevice|auto-activeSdcStorageDeviceChanged|auto-activeUsbStorageDevice|auto-activeUsbStorageDeviceChanged|auto-addRdbCreationTask|auto-addRegistrationTask|auto-backgroundTask|auto-backgroundTaskAdded|auto-backgroundTaskChanged|auto-backgroundTaskRemoved|auto-backgroundTasks|auto-cancelBackgroundTask|auto-canceled|auto-compassAccuracy|auto-connected|auto-deleteScanPattern|auto-environmentSensorsEnabled|auto-environmentSensorsEnabledChanged|auto-error|auto-errorMessage|auto-filePrefix|auto-forceGnss|auto-gnssAccuracy|auto-horizontalImageOverlap|auto-horizontalImageOverlapChanged|auto-imageCaptureMode|auto-imageCaptureModeChanged|auto-isBusy|auto-lastAcquisition|auto-lastScanSequence|auto-loadScanPattern|auto-maxDiameter|auto-maxPreviewHeight|auto-maxPreviewWidth|auto-maxRange|auto-maxReflectors|auto-media|auto-minDiameter|auto-minRange|auto-minReflectance|auto-mode|auto-models|auto-monitorStreamUri|auto-newMode|auto-oldMode|auto-overlap|auto-oversize|auto-pauseTask|auto-poseEstimationSettings|auto-poseEstimationSettingsChanged|auto-project|auto-reflectorScanSettings|auto-reflectorScanSettingsChanged|auto-reflectorSearchSettings|auto-reflectorSearchSettingsChanged|auto-registerProject|auto-registrationBranchPointChanged|auto-registrationBranchPoints|auto-registrationMode|auto-registrationModeChanged|auto-registrationResolveMta|auto-registrationResolveMtaChanged|auto-resolveMta|auto-restartTask|auto-restore|auto-resultJson|auto-resumeTask|auto-save|auto-saveScanPattern|auto-scanPatterns|auto-scanPatternsDetailed|auto-scanpatternDirFactory|auto-scanpatternDirUser|auto-scanposition|auto-setActiveSdcStorageDevice|auto-setActiveUsbStorageDevice|auto-setEnvironmentSensorsEnabled|auto-setHorizontalImageOverlap|auto-setImageCaptureMode|auto-setMaxPreviewHeight|auto-setMaxPreviewWidth|auto-setPoseEstimationSettings|auto-setReflectorScanSettings|auto-setReflectorSearchSettings|auto-setRegistrationBranchPoint|auto-setRegistrationMode|auto-setRegistrationResolveMta|auto-setStoreMeasurementStream|auto-setStoreMonitorStream|auto-setTaskMode|auto-startAcquisition|auto-startQuickscan|auto-startScanSequence|auto-stop|auto-storeMeasurementStream|auto-storeMeasurementStreamChanged|auto-storeMonitorStream|auto-storeMonitorStreamChanged|auto-success|auto-supportedReflectorSearchModels|auto-task|auto-taskFinished|auto-taskMode|auto-taskModeChanged|auto-taskProgress|auto-taskStarted|auto-taskStateChanged|auto-unregisterProject,acquisitionFinished|acquisitionMode|acquisitionStarted|activeSdcStorageDevice|activeSdcStorageDeviceChanged|activeUsbStorageDevice|activeUsbStorageDeviceChanged|addRdbCreationTask|addRegistrationTask|backgroundTask|backgroundTaskAdded|backgroundTaskChanged|backgroundTaskRemoved|backgroundTasks|cancelBackgroundTask|canceled|compassAccuracy|connected|deleteScanPattern|environmentSensorsEnabled|environmentSensorsEnabledChanged|error|errorMessage|filePrefix|forceGnss|gnssAccuracy|horizontalImageOverlap|horizontalImageOverlapChanged|imageCaptureMode|imageCaptureModeChanged|isBusy|lastAcquisition|lastScanSequence|loadScanPattern|maxDiameter|maxPreviewHeight|maxPreviewWidth|maxRange|maxReflectors|media|minDiameter|minRange|minReflectance|mode|models|monitorStreamUri|newMode|oldMode|overlap|oversize|pauseTask|poseEstimationSettings|poseEstimationSettingsChanged|project|reflectorScanSettings|reflectorScanSettingsChanged|reflectorSearchSettings|reflectorSearchSettingsChanged|registerProject|registrationBranchPointChanged|registrationBranchPoints|registrationMode|registrationModeChanged|registrationResolveMta|registrationResolveMtaChanged|resolveMta|restartTask|restore|resultJson|resumeTask|save|saveScanPattern|scanPatterns|scanPatternsDetailed|scanpatternDirFactory|scanpatternDirUser|scanposition|setActiveSdcStorageDevice|setActiveUsbStorageDevice|setEnvironmentSensorsEnabled|setHorizontalImageOverlap|setImageCaptureMode|setMaxPreviewHeight|setMaxPreviewWidth|setPoseEstimationSettings|setReflectorScanSettings|setReflectorSearchSettings|setRegistrationBranchPoint|setRegistrationMode|setRegistrationResolveMta|setStoreMeasurementStream|setStoreMonitorStream|setTaskMode|startAcquisition|startQuickscan|startScanSequence|stop|storeMeasurementStream|storeMeasurementStreamChanged|storeMonitorStream|storeMonitorStreamChanged|success|supportedReflectorSearchModels|task|taskFinished|taskMode|taskModeChanged|taskProgress|taskStarted|taskStateChanged|unregisterProject,203,Uni-Lab-OS/community_drivers/control_service/info.txt
controller,controller,Controller设备驱动。,实验执行&合成设备,实验执行&合成设备(experimental_step),5,auto-command|auto-parse_command|auto-parse_reply|auto-send_command|auto-start_console,command|parse_command|parse_reply|send_command|start_console,7,Uni-Lab-OS/community_drivers/controller/info.txt
cool_led,cool_led,Cool LED是由CoolLED生产的专业实验设备。,实验执行&合成设备,实验执行&合成设备(experimental_step),1,auto-devices,devices,26,Uni-Lab-OS/community_drivers/cool_led/info.txt
core_client,core_client,Core Client 量子控制通信客户端是由维根技术（北京）有限公司（WIGGENS）生产的专业实验设备。,移液工作站,移液工作站(device_template_tag),43,auto-clear|auto-connect|auto-create_intr_chan|auto-create_link|auto-destroy_intr_chan|auto-destroy_link|auto-device_clear|auto-device_docmd|auto-device_enable_srq|auto-device_local|auto-device_lock|auto-device_read|auto-device_read_stb|auto-device_remote|auto-device_trigger|auto-device_unlock|auto-device_write|auto-finalize|auto-initialize|auto-local|auto-lock|auto-pack_create_link_parms|auto-pack_device_docmd_parms|auto-pack_device_enable_srq_parms|auto-pack_device_generic_parms|auto-pack_device_link|auto-pack_device_lock_parms|auto-pack_device_read_parms|auto-pack_device_remote_func_parms|auto-pack_device_write_parms|auto-read_raw|auto-read_stb|auto-remote|auto-trigger|auto-unlock|auto-unpack_create_link_resp|auto-unpack_device_docmd_resp|auto-unpack_device_error|auto-unpack_device_link|auto-unpack_device_read_resp|auto-unpack_device_read_stb_resp|auto-unpack_device_write_resp|auto-write_raw,clear|connect|create_intr_chan|create_link|destroy_intr_chan|destroy_link|device_clear|device_docmd|device_enable_srq|device_local|device_lock|device_read|device_read_stb|device_remote|device_trigger|device_unlock|device_write|finalize|initialize|local|lock|pack_create_link_parms|pack_device_docmd_parms|pack_device_enable_srq_parms|pack_device_generic_parms|pack_device_link|pack_device_lock_parms|pack_device_read_parms|pack_device_remote_func_parms|pack_device_write_parms|read_raw|read_stb|remote|trigger|unlock|unpack_create_link_resp|unpack_device_docmd_resp|unpack_device_error|unpack_device_link|unpack_device_read_resp|unpack_device_read_stb_resp|unpack_device_write_resp|write_raw,45,Uni-Lab-OS/community_drivers/core_client/info.txt
cornerstone7400,cornerstone7400,Cornerstone 7400,generic,,14,auto-GetChannelObject|auto-GetChannelPhase|auto-GetControlReady|auto-GetMax|auto-GetMin|auto-GetPos|auto-IsOn|auto-MoveTo|auto-TurnOff|auto-TurnOn|auto-getShutter|auto-getWavelength|auto-setShutter|auto-setWavelength,GetChannelObject|GetChannelPhase|GetControlReady|GetMax|GetMin|GetPos|IsOn|MoveTo|TurnOff|TurnOn|getShutter|getWavelength|setShutter|setWavelength,17,Uni-Lab-OS/community_drivers/cornerstone7400/info.txt
cpu_temperature,cpu_temperature,Cpu Temperature驱动，支持temperature/value/is active/closed/event delay等13个操作。,实验执行&合成设备,实验执行&合成设备(experimental_step),13,auto-closed|auto-end_time|auto-event_delay|auto-host|auto-is_active|auto-load_average|auto-start_time|auto-temperature|auto-usage|auto-utc|auto-value|auto-wait_for_active|auto-wait_for_inactive,closed|end_time|event_delay|host|is_active|load_average|start_time|temperature|usage|utc|value|wait_for_active|wait_for_inactive,38,Uni-Lab-OS/community_drivers/cpu_temperature/info.txt
create_joystick,create_joystick,Create Joystick是由iRobot生产的专业实验设备。,机械臂,机械臂(device_template_tag),18,auto-clear_scr|auto-create_joystick|auto-explain_config|auto-find_gyro|auto-init_js_device|auto-init_polling_js|auto-map_button_controls|auto-map_control_axis|auto-map_steering_throttle|auto-name_axes|auto-name_buttons|auto-parse_args|auto-poll|auto-print_config|auto-revisit_topic|auto-run|auto-shutdown|auto-write_python_class_file,clear_scr|create_joystick|explain_config|find_gyro|init_js_device|init_polling_js|map_button_controls|map_control_axis|map_steering_throttle|name_axes|name_buttons|parse_args|poll|print_config|revisit_topic|run|shutdown|write_python_class_file,23,Uni-Lab-OS/community_drivers/create_joystick/info.txt
crsf_joy_bridge,crsf_joy_bridge,Crsf JOY Bridge是一款实验执行&合成设备，主要功能包括启动、读取数据。,实验执行&合成设备,实验执行&合成设备(experimental_step),5,auto-destroy_node|auto-handle_crsf_packet|auto-publish_joy|auto-serial_reader|auto-start_serial,destroy_node|handle_crsf_packet|publish_joy|serial_reader|start_serial,11,Uni-Lab-OS/community_drivers/crsf_joy_bridge/info.txt
cryo_tel_gt,cryo_tel_gt,GERSTEL 可选择性一维/二维气相色谱-嗅闻-质谱系统是由GERSTEL（哲斯泰）生产的专业实验设备。,深低温冰箱,深低温冰箱(device_template_tag),23,auto-at_temperature_band|auto-control_mode|auto-errors|auto-ki|auto-kp|auto-power|auto-power_current_and_limits|auto-power_max|auto-power_min|auto-power_setpoint|auto-query|auto-query_multiline|auto-reset|auto-save_control_mode|auto-sendcmd|auto-serial_number|auto-state|auto-stop|auto-stop_mode|auto-temperature|auto-temperature_setpoint|auto-thermostat|auto-thermostat_status,at_temperature_band|control_mode|errors|ki|kp|power|power_current_and_limits|power_max|power_min|power_setpoint|query|query_multiline|reset|save_control_mode|sendcmd|serial_number|state|stop|stop_mode|temperature|temperature_setpoint|thermostat|thermostat_status,36,Uni-Lab-OS/community_drivers/cryo_tel_gt/info.txt
current__source_er_88027,current__source_er_88027,Current Source Er 88027是由Earth Research生产的实验执行&合成设备，主要功能包括测量。,实验执行&合成设备,实验执行&合成设备(experimental_step),3,auto-measureR|auto-measurei|auto-seti,measureR|measurei|seti,7,Uni-Lab-OS/community_drivers/current__source_er_88027/info.txt
cvd_control,cvd_control,cvd_control,devices|generic,,7,auto-apply_setpoints|auto-open_recipe|auto-return_ui_fields|auto-save_recipe|auto-start_recipe|auto-stop_recipe|auto-update_plot,apply_setpoints|open_recipe|return_ui_fields|save_recipe|start_recipe|stop_recipe|update_plot,8,Uni-Lab-OS/community_drivers/cvd_control/info.txt
cycler_interface,cycler_interface,Class for interfacing with Arbin battery cycler at a cycler level,devices|arbin_cycler,,1,auto-read_channel_status,read_channel_status,9,Uni-Lab-OS/community_drivers/cycler_interface/info.txt
cytation_backend,cytation_backend,BioTek Cytation Multi-Mode Reader 酶标仪是由Agilent (BioTek)生产的专业实验设备。,酶标仪,酶标仪(device_template_tag),17,auto-capture|auto-filters|auto-led_off|auto-led_on|auto-objectives|auto-select|auto-set_auto_exposure|auto-set_exposure|auto-set_focus|auto-set_gain|auto-set_imaging_mode|auto-set_objective|auto-set_position|auto-start_acquisition|auto-stop_acquisition|auto-supports_cooling|auto-supports_heating,capture|filters|led_off|led_on|objectives|select|set_auto_exposure|set_exposure|set_focus|set_gain|set_imaging_mode|set_objective|set_position|start_acquisition|stop_acquisition|supports_cooling|supports_heating,32,Uni-Lab-OS/community_drivers/cytation_backend/info.txt
cytomat_backend,cytomat_backend,Thermo Cytomat 自动化培养箱 培养箱 培养箱是由Thermo Fisher Scientific生产的专业实验设备。,微生物培养箱,微生物培养箱(device_template_tag),43,auto-action_exposed_to_storage|auto-action_exposed_to_wait|auto-action_read_barcode|auto-action_storage_to_exposed|auto-action_storage_to_transfer|auto-action_storage_to_wait|auto-action_transfer_to_storage|auto-action_transfer_to_wait|auto-action_wait_to_exposed|auto-action_wait_to_storage|auto-action_wait_to_transfer|auto-close_door|auto-fetch_plate_to_loading_tray|auto-get_action_register|auto-get_co2|auto-get_error_register|auto-get_humidity|auto-get_incubation_query|auto-get_o2|auto-get_overview_register|auto-get_sensor_register|auto-get_swap_register|auto-get_temperature|auto-get_warning_register|auto-init_shakers|auto-initialize|auto-open_door|auto-reset_error_register|auto-send_action|auto-send_command|auto-serialize|auto-set_racks|auto-set_shaking_frequency|auto-set_temperature|auto-setup|auto-shovel_in|auto-shovel_out|auto-start_shaking|auto-stop|auto-stop_shaking|auto-take_in_plate|auto-wait_for_task_completion|auto-wait_for_transfer_station,action_exposed_to_storage|action_exposed_to_wait|action_read_barcode|action_storage_to_exposed|action_storage_to_transfer|action_storage_to_wait|action_transfer_to_storage|action_transfer_to_wait|action_wait_to_exposed|action_wait_to_storage|action_wait_to_transfer|close_door|fetch_plate_to_loading_tray|get_action_register|get_co2|get_error_register|get_humidity|get_incubation_query|get_o2|get_overview_register|get_sensor_register|get_swap_register|get_temperature|get_warning_register|init_shakers|initialize|open_door|reset_error_register|send_action|send_command|serialize|set_racks|set_shaking_frequency|set_temperature|setup|shovel_in|shovel_out|start_shaking|stop|stop_shaking|take_in_plate|wait_for_task_completion|wait_for_transfer_station,52,Uni-Lab-OS/community_drivers/cytomat_backend/info.txt
d435_rgb_stream,d435_rgb_stream,D435 RGB Stream是由Intel RealSense生产的表征设备，主要功能包括成像、设置。,表征设备,表征设备(experimental_step),3,auto-camera_response_callback|auto-process_and_queue_image|auto-setup_ffmpeg_stream,camera_response_callback|process_and_queue_image|setup_ffmpeg_stream,10,Uni-Lab-OS/community_drivers/d435_rgb_stream/info.txt
daq__detector,daq__detector,DAQ Detector是由National Instruments生产的表征设备，主要功能包括停止、关闭、初始化、加载、数据保存、设备连接。,表征设备,表征设备(experimental_step),8,auto-close|auto-data_ready|auto-emit_temp_data|auto-grab_data|auto-ini_detector|auto-queue_command|auto-single|auto-update_settings,close|data_ready|emit_temp_data|grab_data|ini_detector|queue_command|single|update_settings,73,Uni-Lab-OS/community_drivers/daq__detector/info.txt
daq__move,daq__move,DAQ Move是由National Instruments生产的物流/机械，主要功能包括停止、关闭、初始化、设备连接、设置、读取数据。,物流/机械,物流/机械(experimental_step),28,auto-actuator|auto-append_data|auto-axis_name|auto-child_added|auto-connect_leco|auto-connect_tcp_ip|auto-grab|auto-init_hardware|auto-master|auto-move|auto-move_abs|auto-move_home|auto-move_rel|auto-move_rel_m|auto-move_rel_p|auto-param_deleted|auto-process_tcpip_cmds|auto-process_ui_cmds|auto-quit_fun|auto-raise_timeout|auto-setup_continuous_saving|auto-stop_grab|auto-stop_motion|auto-thread_status|auto-units|auto-update_plugin_config|auto-update_settings|auto-value_changed,actuator|append_data|axis_name|child_added|connect_leco|connect_tcp_ip|grab|init_hardware|master|move|move_abs|move_home|move_rel|move_rel_m|move_rel_p|param_deleted|process_tcpip_cmds|process_ui_cmds|quit_fun|raise_timeout|setup_continuous_saving|stop_grab|stop_motion|thread_status|units|update_plugin_config|update_settings|value_changed,61,Uni-Lab-OS/community_drivers/daq__move/info.txt
daq__move__hardware,daq__move__hardware,DAQ Move Hardware是由National Instruments生产的物流/机械，主要功能包括停止、关闭、初始化、设备连接、设置、读取数据。,物流/机械,物流/机械(experimental_step),11,auto-Move_Stoped|auto-check_position|auto-close|auto-ini_stage|auto-move_abs|auto-move_done|auto-move_home|auto-move_rel|auto-queue_command|auto-stop_motion|auto-update_settings,Move_Stoped|check_position|close|ini_stage|move_abs|move_done|move_home|move_rel|queue_command|stop_motion|update_settings,61,Uni-Lab-OS/community_drivers/daq__move__hardware/info.txt
daq__viewer_tcp_server,daq__viewer_tcp_server,DAQ Viewer TCP Server是由National Instruments生产的表征设备，主要功能包括停止、关闭、初始化、扫描、状态查询、读取数据。,表征设备,表征设备(experimental_step),13,auto-close|auto-command_done|auto-command_to_from_client|auto-commit_settings|auto-data_ready|auto-grab_data|auto-ini_detector|auto-read_data|auto-send_data|auto-set_0D_Mock_data|auto-set_1D_Mock_data|auto-set_2D_Mock_data|auto-stop,close|command_done|command_to_from_client|commit_settings|data_ready|grab_data|ini_detector|read_data|send_data|set_0D_Mock_data|set_1D_Mock_data|set_2D_Mock_data|stop,34,Uni-Lab-OS/community_drivers/daq__viewer_tcp_server/info.txt
daq_scan,daq_scan,DAQ Scan是由National Instruments生产的专业实验设备。,表征设备,表征设备(experimental_step),43,auto-check_number_type_viewers|auto-clear_plot_from|auto-close_file|auto-create_dataset_settings|auto-create_new_file|auto-do_scan|auto-exit_runner_thread|auto-h5saver|auto-load_file|auto-loop_scan_batch|auto-module_and_data_saver|auto-move_at|auto-move_to_crosshair|auto-plot_from|auto-prepare_viewers|auto-process_ui_cmds|auto-quit_fun|auto-save_file|auto-save_metadata|auto-save_temp_live_data|auto-set_config|auto-set_ini_positions|auto-set_metadata_about_current_scan|auto-set_metadata_about_dataset|auto-set_scan|auto-set_scan_batch|auto-setup_ui|auto-show_batcher|auto-show_file_attributes|auto-show_file_content|auto-show_log|auto-show_navigator|auto-show_scan_selector|auto-start_scan|auto-start_scan_batch|auto-stop_scan|auto-thread_status|auto-update_actuators|auto-update_file_settings|auto-update_live_plots|auto-update_scan_info|auto-update_status|auto-value_changed,check_number_type_viewers|clear_plot_from|close_file|create_dataset_settings|create_new_file|do_scan|exit_runner_thread|h5saver|load_file|loop_scan_batch|module_and_data_saver|move_at|move_to_crosshair|plot_from|prepare_viewers|process_ui_cmds|quit_fun|save_file|save_metadata|save_temp_live_data|set_config|set_ini_positions|set_metadata_about_current_scan|set_metadata_about_dataset|set_scan|set_scan_batch|setup_ui|show_batcher|show_file_attributes|show_file_content|show_log|show_navigator|show_scan_selector|start_scan|start_scan_batch|stop_scan|thread_status|update_actuators|update_file_settings|update_live_plots|update_scan_info|update_status|value_changed,55,Uni-Lab-OS/community_drivers/daq_scan/info.txt
dash_board,dash_board,Dash Board是一款后处理设备，主要功能包括初始化、加载、启动、复位、扫描、数据保存。,后处理设备,后处理设备(experimental_step),72,auto-activate_overshoot|auto-activate_remote|auto-activate_shortcut|auto-add_det|auto-add_det_from_extension|auto-add_move|auto-add_move_from_extension|auto-add_status|auto-check_update|auto-clear_move_det_controllers|auto-connect_things|auto-create_activated_shortcut|auto-create_menu_slot|auto-create_menu_slot_ext|auto-create_menu_slot_over|auto-create_menu_slot_remote|auto-create_menu_slot_roi|auto-create_overshoot|auto-create_preset|auto-create_remote|auto-create_roi_file|auto-do_stuff_from_out_bounds|auto-init_pygame|auto-load_adaptive|auto-load_bayesian|auto-load_console|auto-load_datamixer|auto-load_extension_from_name|auto-load_extensions_module|auto-load_layout_state|auto-load_log_module|auto-load_pid_module|auto-load_scan_module|auto-modify_overshoot|auto-modify_preset|auto-modify_remote|auto-modify_roi|auto-override_det_from_extension|auto-parameter_tree_changed|auto-poll_init|auto-pygame_loop|auto-quit_fun|auto-remove_actuators|auto-remove_detectors|auto-remove_modules|auto-remove_preset_related_files|auto-restart_fun|auto-save_layout_state|auto-save_layout_state_auto|auto-set_extra_preset_params|auto-set_file_preset|auto-set_overshoot_configuration|auto-set_preset_mode|auto-set_preset_path|auto-set_remote_configuration|auto-set_roi_configuration|auto-setup_actions|auto-setup_docks|auto-setup_menu|auto-show_about|auto-show_config|auto-show_file_attributes|auto-show_help|auto-show_log|auto-start_plugin_manager|auto-stop_moves|auto-stop_moves_from_overshoot|auto-update_init_tree|auto-update_module_manager|auto-update_preset_action|auto-update_preset_action_list|auto-update_status,activate_overshoot|activate_remote|activate_shortcut|add_det|add_det_from_extension|add_move|add_move_from_extension|add_status|check_update|clear_move_det_controllers|connect_things|create_activated_shortcut|create_menu_slot|create_menu_slot_ext|create_menu_slot_over|create_menu_slot_remote|create_menu_slot_roi|create_overshoot|create_preset|create_remote|create_roi_file|do_stuff_from_out_bounds|init_pygame|load_adaptive|load_bayesian|load_console|load_datamixer|load_extension_from_name|load_extensions_module|load_layout_state|load_log_module|load_pid_module|load_scan_module|modify_overshoot|modify_preset|modify_remote|modify_roi|override_det_from_extension|parameter_tree_changed|poll_init|pygame_loop|quit_fun|remove_actuators|remove_detectors|remove_modules|remove_preset_related_files|restart_fun|save_layout_state|save_layout_state_auto|set_extra_preset_params|set_file_preset|set_overshoot_configuration|set_preset_mode|set_preset_path|set_remote_configuration|set_roi_configuration|setup_actions|setup_docks|setup_menu|show_about|show_config|show_file_attributes|show_help|show_log|start_plugin_manager|stop_moves|stop_moves_from_overshoot|update_init_tree|update_module_manager|update_preset_action|update_preset_action_list|update_status,83,Uni-Lab-OS/community_drivers/dash_board/info.txt
data_device,data_device,Data Device是一款实验执行&合成设备，主要功能包括中止、位置设置、使能、写入数据、初始化、功率设置。,实验执行&合成设备,实验执行&合成设备(experimental_step),8,auto-abort|auto-disable|auto-enable|auto-grab_next_data|auto-receiveClient|auto-receiveData|auto-set_client|auto-update_settings,abort|disable|enable|grab_next_data|receiveClient|receiveData|set_client|update_settings,129,Uni-Lab-OS/community_drivers/data_device/info.txt
data_group,data_group,Data Group是一款实验执行&合成设备，主要功能包括设备连接、运动控制。,实验执行&合成设备,实验执行&合成设备(experimental_step),18,auto-append_data_group|auto-append_display_item|auto-connect_display_items|auto-counted_display_items|auto-create_proxy|auto-data_groups|auto-disconnect_display_items|auto-display_item_specifiers|auto-display_items|auto-insert_data_group|auto-insert_display_item|auto-item_specifier|auto-project|auto-remove_data_group|auto-remove_display_item|auto-subtract_counted_display_items|auto-title|auto-update_counted_display_items,append_data_group|append_display_item|connect_display_items|counted_display_items|create_proxy|data_groups|disconnect_display_items|display_item_specifiers|display_items|insert_data_group|insert_display_item|item_specifier|project|remove_data_group|remove_display_item|subtract_counted_display_items|title|update_counted_display_items,35,Uni-Lab-OS/community_drivers/data_group/info.txt
data_item,data_item,Data Item是一款实验执行&合成设备，主要功能包括使能、关闭、写入数据、加载、读取数据、运动控制。,实验执行&合成设备,实验执行&合成设备(experimental_step),108,auto-add_display_data_channel|auto-caption|auto-category|auto-clone|auto-close|auto-collection_dimension_count|auto-combine_display_title|auto-combine_placeholder_title|auto-combine_source_titles|auto-computation_title_changed|auto-create_proxy|auto-created|auto-created_local|auto-created_local_as_string|auto-data|auto-data_and_metadata|auto-data_descriptor|auto-data_dtype|auto-data_item_changes|auto-data_metadata|auto-data_modified|auto-data_ref|auto-data_shape|auto-data_source_changes|auto-data_updated|auto-date_for_sorting|auto-date_for_sorting_local|auto-date_for_sorting_local_as_string|auto-datum_dimension_count|auto-datum_dimension_shape|auto-decrement_data_ref_count|auto-delete_metadata_value|auto-description|auto-dimensional_calibrations|auto-dimensional_shape|auto-display_data_channels|auto-dynamic_title|auto-dynamic_title_enabled|auto-finalize|auto-get_data_value|auto-get_metadata_value|auto-has_data|auto-has_metadata_value|auto-humanbytes|auto-in_transaction_state|auto-increment_data_ref_count|auto-intensity_calibration|auto-is_collection|auto-is_data_1d|auto-is_data_2d|auto-is_data_3d|auto-is_data_4d|auto-is_data_bool|auto-is_data_complex_type|auto-is_data_loaded|auto-is_data_rgb|auto-is_data_rgb_type|auto-is_data_rgba|auto-is_data_scalar_type|auto-is_datum_1d|auto-is_datum_2d|auto-is_live|auto-is_sequence|auto-is_unloadable|auto-item_specifier|auto-metadata|auto-notify_property_changed|auto-persistent_object_context_changed|auto-placeholder_title_stream|auto-project|auto-properties|auto-queue_partial_update|auto-read_from_dict|auto-remove_display_data_channel|auto-reserve_data|auto-session|auto-session_data|auto-session_id|auto-session_metadata|auto-set_data|auto-set_data_and_metadata|auto-set_data_and_metadata_partial|auto-set_dimensional_calibration|auto-set_dimensional_calibrations|auto-set_dynamic_title_by_id|auto-set_intensity_calibration|auto-set_metadata_value|auto-set_pending_xdata|auto-set_session_manager|auto-set_xdata|auto-size_and_data_format_as_string|auto-snapshot|auto-source|auto-source_data_items_changed|auto-source_file_path|auto-source_specifier|auto-storage_space_string|auto-storage_string|auto-timezone|auto-timezone_offset|auto-title|auto-title_stream|auto-update_dynamic_title|auto-update_session|auto-update_to_pending_xdata|auto-write_data_if_not_delayed|auto-write_to_dict|auto-xdata,add_display_data_channel|caption|category|clone|close|collection_dimension_count|combine_display_title|combine_placeholder_title|combine_source_titles|computation_title_changed|create_proxy|created|created_local|created_local_as_string|data|data_and_metadata|data_descriptor|data_dtype|data_item_changes|data_metadata|data_modified|data_ref|data_shape|data_source_changes|data_updated|date_for_sorting|date_for_sorting_local|date_for_sorting_local_as_string|datum_dimension_count|datum_dimension_shape|decrement_data_ref_count|delete_metadata_value|description|dimensional_calibrations|dimensional_shape|display_data_channels|dynamic_title|dynamic_title_enabled|finalize|get_data_value|get_metadata_value|has_data|has_metadata_value|humanbytes|in_transaction_state|increment_data_ref_count|intensity_calibration|is_collection|is_data_1d|is_data_2d|is_data_3d|is_data_4d|is_data_bool|is_data_complex_type|is_data_loaded|is_data_rgb|is_data_rgb_type|is_data_rgba|is_data_scalar_type|is_datum_1d|is_datum_2d|is_live|is_sequence|is_unloadable|item_specifier|metadata|notify_property_changed|persistent_object_context_changed|placeholder_title_stream|project|properties|queue_partial_update|read_from_dict|remove_display_data_channel|reserve_data|session|session_data|session_id|session_metadata|set_data|set_data_and_metadata|set_data_and_metadata_partial|set_dimensional_calibration|set_dimensional_calibrations|set_dynamic_title_by_id|set_intensity_calibration|set_metadata_value|set_pending_xdata|set_session_manager|set_xdata|size_and_data_format_as_string|snapshot|source|source_data_items_changed|source_file_path|source_specifier|storage_space_string|storage_string|timezone|timezone_offset|title|title_stream|update_dynamic_title|update_session|update_to_pending_xdata|write_data_if_not_delayed|write_to_dict|xdata,174,Uni-Lab-OS/community_drivers/data_item/info.txt
data_mixer,data_mixer,Data Mixer是一款后处理设备，主要功能包括绘图、设备连接、设置。,后处理设备,后处理设备(experimental_step),16,auto-connect_detectors|auto-connect_things|auto-create_computed_detectors|auto-ini_model|auto-plot_computed_results|auto-process_data|auto-quit_fun|auto-set_model|auto-setup_actions|auto-setup_docks|auto-setup_menu|auto-snap|auto-update_connect_detectors|auto-update_model_settings_from_action|auto-validate_config|auto-value_changed,connect_detectors|connect_things|create_computed_detectors|ini_model|plot_computed_results|process_data|quit_fun|set_model|setup_actions|setup_docks|setup_menu|snap|update_connect_detectors|update_model_settings_from_action|validate_config|value_changed,20,Uni-Lab-OS/community_drivers/data_mixer/info.txt
data_source,data_source,DataRay 中红外光束质量分析仪是由杭州谱镭光电技术有限公司生产的专业实验设备。,红外光谱仪,红外光谱仪(device_template_tag),13,auto-close|auto-data|auto-get_data|auto-get_shape_from_metadata|auto-mode|auto-nbytes|auto-read|auto-set_metadata|auto-set_metadata_from_configuration_experiment|auto-setup|auto-shape|auto-voxel_size|auto-write,close|data|get_data|get_shape_from_metadata|mode|nbytes|read|set_metadata|set_metadata_from_configuration_experiment|setup|shape|voxel_size|write,21,Uni-Lab-OS/community_drivers/data_source/info.txt
dd_mq,dd_mq,QuTech DD MQ Module是由QuTech生产的表征设备，主要功能包括日志记录、称量、设备连接。,表征设备,表征设备(experimental_step),11,auto-add_additional_parameters|auto-add_parameter|auto-add_parameters|auto-ask|auto-connect_message|auto-get_idn|auto-get_time|auto-log|auto-prepare_DSB_weight_and_rotation|auto-prepare_SSB_weight_and_rotation|auto-set_time,add_additional_parameters|add_parameter|add_parameters|ask|connect_message|get_idn|get_time|log|prepare_DSB_weight_and_rotation|prepare_SSB_weight_and_rotation|set_time,77,Uni-Lab-OS/community_drivers/dd_mq/info.txt
dds_quantity,dds_quantity,DDS Frequency/Phase/Amplitude是一款表征设备，主要功能包括使能、关闭、打开、禁用、触发。,表征设备,表征设备(experimental_step),38,auto-add_device|auto-add_instruction|auto-apply_calibration|auto-clock_limit|auto-constant|auto-customramp|auto-disable|auto-do_checks|auto-enable|auto-exp_ramp|auto-exp_ramp_t|auto-expand_timeseries|auto-generate_code|auto-get_all_outputs|auto-get_change_times|auto-get_ramp_times|auto-go_high|auto-go_low|auto-instruction_to_string|auto-make_timeseries|auto-offset_instructions_from_trigger|auto-piecewise_accel_ramp|auto-pulse|auto-ramp|auto-repeat_pulse_sequence|auto-setamp|auto-setfreq|auto-setphase|auto-sine|auto-sine4_ramp|auto-sine4_reverse_ramp|auto-sine_ramp|auto-square_wave|auto-square_wave_levels|auto-static_value|auto-trigger|auto-trigger_delay|auto-wait_delay,add_device|add_instruction|apply_calibration|clock_limit|constant|customramp|disable|do_checks|enable|exp_ramp|exp_ramp_t|expand_timeseries|generate_code|get_all_outputs|get_change_times|get_ramp_times|go_high|go_low|instruction_to_string|make_timeseries|offset_instructions_from_trigger|piecewise_accel_ramp|pulse|ramp|repeat_pulse_sequence|setamp|setfreq|setphase|sine|sine4_ramp|sine4_reverse_ramp|sine_ramp|square_wave|square_wave_levels|static_value|trigger|trigger_delay|wait_delay,67,Uni-Lab-OS/community_drivers/dds_quantity/info.txt
debug_echo_device,debug_echo_device,Debug Echo Device是一款实验执行&合成设备，主要功能包括初始化。,实验执行&合成设备,实验执行&合成设备(experimental_step),2,auto-doInitializeDevice|auto-doShutdownDevice,doInitializeDevice|doShutdownDevice,6,Uni-Lab-OS/community_drivers/debug_echo_device/info.txt
debug_physical_device,debug_physical_device,Debug Physical Device是一款实验执行&合成设备，主要功能包括停止、初始化、启动、设备连接、运动控制。,实验执行&合成设备,实验执行&合成设备(experimental_step),2,auto-doInitializeDevice|auto-doShutdownDevice,doInitializeDevice|doShutdownDevice,33,Uni-Lab-OS/community_drivers/debug_physical_device/info.txt
debug_port,debug_port,Debug Port是一款实验执行&合成设备，主要功能包括关闭、写入数据、打开、读取数据。,实验执行&合成设备,实验执行&合成设备(experimental_step),8,auto-bytesAvailable|auto-close|auto-flush|auto-open|auto-processInputBuffers|auto-readData|auto-writeData|auto-writeToOutputBuffer,bytesAvailable|close|flush|open|processInputBuffers|readData|writeData|writeToOutputBuffer,12,Uni-Lab-OS/community_drivers/debug_port/info.txt
debyeflex3003,debyeflex3003,Debyeflex3003是由Rich.,实验执行&合成设备,实验执行&合成设备(experimental_step),21,auto-activate_timer|auto-close_shutter|auto-deactivate_timer|auto-get_actual_current|auto-get_actual_time|auto-get_actual_voltage|auto-get_nominal_current|auto-get_nominal_time|auto-get_nominal_voltage|auto-get_status|auto-init|auto-lock_keyboard|auto-open_shutter|auto-read|auto-set_current|auto-set_high_voltage_off|auto-set_high_voltage_on|auto-set_timer|auto-set_voltage|auto-unlock_keyboard|auto-write,activate_timer|close_shutter|deactivate_timer|get_actual_current|get_actual_time|get_actual_voltage|get_nominal_current|get_nominal_time|get_nominal_voltage|get_status|init|lock_keyboard|open_shutter|read|set_current|set_high_voltage_off|set_high_voltage_on|set_timer|set_voltage|unlock_keyboard|write,22,Uni-Lab-OS/community_drivers/debyeflex3003/info.txt
decadac,decadac,DecaDAC 16-bit DAC Module是由Harvard/Delft生产的专业实验设备。,表征设备,表征设备(experimental_step),10,auto-ask|auto-connect_message|auto-end_script|auto-get_idn|auto-ramp_all|auto-run_script|auto-set_all|auto-start_script|auto-trigger|auto-write,ask|connect_message|end_script|get_idn|ramp_all|run_script|set_all|start_script|trigger|write,32,Uni-Lab-OS/community_drivers/decadac/info.txt
decoder,decoder,Decoder是一款实验执行&合成设备，主要功能包括写入数据、启动、复位、日志记录。,实验执行&合成设备,实验执行&合成设备(experimental_step),12,auto-check_correct_chip|auto-decode|auto-flush|auto-handle_reg_0x00|auto-handle_reg_0x01|auto-handle_reg_0x02|auto-handle_reg_0x03|auto-handle_write_reg|auto-put_logic_states|auto-putx|auto-reset|auto-start,check_correct_chip|decode|flush|handle_reg_0x00|handle_reg_0x01|handle_reg_0x02|handle_reg_0x03|handle_write_reg|put_logic_states|putx|reset|start,14,Uni-Lab-OS/community_drivers/decoder/info.txt
default_writer,default_writer,Default Writer是一款后处理设备，主要功能包括关闭、写入数据。,后处理设备,后处理设备(experimental_step),3,auto-close|auto-writeData|auto-writeHeader,close|writeData|writeHeader,6,Uni-Lab-OS/community_drivers/default_writer/info.txt
delta__electronics_s6_40,delta__electronics_s6_40,丹麦DeltaPix 3D数码显微镜_DPX M12000驱动（南京覃思科技有限公司），支持measureR/measurei/seti。,表征设备,表征设备(experimental_step),3,auto-measureR|auto-measurei|auto-seti,measureR|measurei|seti,11,Uni-Lab-OS/community_drivers/delta__electronics_s6_40/info.txt
device,device,Device是设备驱动。,实验执行&合成设备,实验执行&合成设备(experimental_step),18,auto-attach_kernel_driver|auto-backend|auto-clear_halt|auto-configurations|auto-ctrl_transfer|auto-detach_kernel_driver|auto-get_active_configuration|auto-is_kernel_driver_active|auto-langids|auto-manufacturer|auto-parent|auto-product|auto-read|auto-reset|auto-serial_number|auto-set_configuration|auto-set_interface_altsetting|auto-write,attach_kernel_driver|backend|clear_halt|configurations|ctrl_transfer|detach_kernel_driver|get_active_configuration|is_kernel_driver_active|langids|manufacturer|parent|product|read|reset|serial_number|set_configuration|set_interface_altsetting|write,78,Uni-Lab-OS/community_drivers/device/info.txt
device_handle,device_handle,Device Handle是一款实验执行&合成设备，主要功能包括写入数据、复位、打开、读取数据。,实验执行&合成设备,实验执行&合成设备(experimental_step),15,auto-bulkRead|auto-bulkWrite|auto-claimInterface|auto-clearHalt|auto-controlMsg|auto-detachKernelDriver|auto-getDescriptor|auto-getString|auto-interruptRead|auto-interruptWrite|auto-releaseInterface|auto-reset|auto-resetEndpoint|auto-setAltInterface|auto-setConfiguration,bulkRead|bulkWrite|claimInterface|clearHalt|controlMsg|detachKernelDriver|getDescriptor|getString|interruptRead|interruptWrite|releaseInterface|reset|resetEndpoint|setAltInterface|setConfiguration,24,Uni-Lab-OS/community_drivers/device_handle/info.txt
device_manager,device_manager,DeviceManager class manages the lifecycle and interactions with devices,spectracq3,,5,auto-discover_devices|auto-start|auto-start_icl|auto-stop|auto-stop_icl,discover_devices|start|start_icl|stop|stop_icl,15,Uni-Lab-OS/community_drivers/device_manager/info.txt
dexarm,dexarm,Python class for Dexarm,arm,,23,auto-air_picker_nature|auto-air_picker_pick|auto-air_picker_place|auto-air_picker_stop|auto-close|auto-conveyor_belt_backward|auto-conveyor_belt_forward|auto-conveyor_belt_stop|auto-dealy_ms|auto-dealy_s|auto-fast_move_to|auto-go_home|auto-laser_off|auto-laser_on|auto-move_to|auto-set_acceleration|auto-set_module_type|auto-set_workorigin|auto-sliding_rail_init|auto-soft_gripper_nature|auto-soft_gripper_pick|auto-soft_gripper_place|auto-soft_gripper_stop,air_picker_nature|air_picker_pick|air_picker_place|air_picker_stop|close|conveyor_belt_backward|conveyor_belt_forward|conveyor_belt_stop|dealy_ms|dealy_s|fast_move_to|go_home|laser_off|laser_on|move_to|set_acceleration|set_module_type|set_workorigin|sliding_rail_init|soft_gripper_nature|soft_gripper_pick|soft_gripper_place|soft_gripper_stop,27,Uni-Lab-OS/community_drivers/dexarm/info.txt
dg1000_z,dg1000_z,RIGOL DG1000Z Series Function Generator是由RIGOL Technologies生产的表征设备，主要功能包括使能、电压设置、触发。,表征设备,表征设备(experimental_step),22,auto-burst_trigger_now|auto-query_channel_enabled|auto-query_waveform|auto-set_arb_mode|auto-set_arb_samplerate|auto-set_burst_delay|auto-set_burst_enabled|auto-set_burst_mode|auto-set_burst_ncycles|auto-set_burst_period|auto-set_burst_trigger_source|auto-set_channel_arbitrary|auto-set_channel_dc|auto-set_channel_enabled|auto-set_channel_waveform|auto-set_high_voltage_level|auto-set_low_voltage_level|auto-set_pulse_frequency|auto-set_pulse_period|auto-set_pulse_width|auto-set_volatile_waveform|auto-set_voltage_levels,burst_trigger_now|query_channel_enabled|query_waveform|set_arb_mode|set_arb_samplerate|set_burst_delay|set_burst_enabled|set_burst_mode|set_burst_ncycles|set_burst_period|set_burst_trigger_source|set_channel_arbitrary|set_channel_dc|set_channel_enabled|set_channel_waveform|set_high_voltage_level|set_low_voltage_level|set_pulse_frequency|set_pulse_period|set_pulse_width|set_volatile_waveform|set_voltage_levels,24,Uni-Lab-OS/community_drivers/dg1000_z/info.txt
digital_input_task,digital_input_task,Digital Input Task是由National Instruments生产的实验执行&合成设备，主要功能包括写入数据、读取数据。,实验执行&合成设备,实验执行&合成设备(experimental_step),4,auto-max_convert_rate|auto-read|auto-read_scalar|auto-write,max_convert_rate|read|read_scalar|write,9,Uni-Lab-OS/community_drivers/digital_input_task/info.txt
digital_io,digital_io,Digital IO是由National Instruments生产的专业实验设备。,实验执行&合成设备,实验执行&合成设备(experimental_step),9,auto-get_IO_state|auto-get_all_IO_state|auto-get_num_lines|auto-read_all_lines|auto-read_line|auto-set_IO_state|auto-set_all_IO_state|auto-write_all_lines|auto-write_line,get_IO_state|get_all_IO_state|get_num_lines|read_all_lines|read_line|set_IO_state|set_all_IO_state|write_all_lines|write_line,129,Uni-Lab-OS/community_drivers/digital_io/info.txt
dimension_combo,dimension_combo,Dimension Combo是一款实验执行&合成设备，主要功能包括关闭、加载、启动、绘图、设备连接。,实验执行&合成设备,实验执行&合成设备(experimental_step),13,auto-addNodeWidget|auto-addNodeWidgetsFromFlowchart|auto-closeEvent|auto-connectNode|auto-emitSelection|auto-getSelected|auto-loadSnapshot|auto-restart_widget|auto-setDefaultStyle|auto-setDimensions|auto-setSelected|auto-signalDimensionSelection|auto-spinValueChanged,addNodeWidget|addNodeWidgetsFromFlowchart|closeEvent|connectNode|emitSelection|getSelected|loadSnapshot|restart_widget|setDefaultStyle|setDimensions|setSelected|signalDimensionSelection|spinValueChanged,29,Uni-Lab-OS/community_drivers/dimension_combo/info.txt
dir_collection,dir_collection,DirCollection,network_storage|generic,,6,auto-findMember|auto-getMembers|auto-getProperties|auto-recvMember|auto-rootdir|auto-sendData,findMember|getMembers|getProperties|recvMember|rootdir|sendData,63,Uni-Lab-OS/community_drivers/dir_collection/info.txt
display_data_channel,display_data_channel,Display Data Channel是一款后处理设备，主要功能包括关闭、复位、执行、数据保存、校准、状态查询。,后处理设备,后处理设备(experimental_step),28,auto-about_to_be_inserted|auto-about_to_be_removed|auto-adjustments|auto-brightness|auto-clone|auto-close|auto-collection_index|auto-collection_point|auto-color_map_id|auto-complex_display_type|auto-contrast|auto-copy_display_data_properties_from|auto-create_proxy|auto-data_item_reference|auto-decrement_display_ref_count|auto-display_limits|auto-increment_display_ref_count|auto-reset_display_limits|auto-restore_properties|auto-save_properties|auto-sequence_index|auto-slice_center|auto-slice_interval|auto-slice_width|auto-subscribe_to_latest_computed_display_values|auto-subscribe_to_latest_display_values|auto-update_display_data|auto-update_uuids,about_to_be_inserted|about_to_be_removed|adjustments|brightness|clone|close|collection_index|collection_point|color_map_id|complex_display_type|contrast|copy_display_data_properties_from|create_proxy|data_item_reference|decrement_display_ref_count|display_limits|increment_display_ref_count|reset_display_limits|restore_properties|save_properties|sequence_index|slice_center|slice_interval|slice_width|subscribe_to_latest_computed_display_values|subscribe_to_latest_display_values|update_display_data|update_uuids,401,Uni-Lab-OS/community_drivers/display_data_channel/info.txt
display_item,display_item,Display Item是一款实验执行&合成设备，主要功能包括关闭、复位、执行、数据保存、校准、状态查询。,实验执行&合成设备,实验执行&合成设备(experimental_step),110,auto-add_display_layer_for_display_data_channel|auto-add_graphic|auto-append_display_data_channel|auto-append_display_data_channel_for_data_item|auto-append_display_layer|auto-auto_display_legend|auto-calibrated_dimensional_calibrations|auto-calibration_style|auto-calibration_style_id|auto-calibration_styles|auto-caption|auto-category|auto-clone|auto-close|auto-combine_display_title|auto-combine_only_one|auto-create_proxy|auto-created|auto-created_local|auto-created_local_as_string|auto-data_info|auto-data_item|auto-data_items|auto-date_for_sorting|auto-date_for_sorting_local_as_string|auto-datum_calibrations|auto-decrement_display_ref_count|auto-description|auto-dimensional_shape|auto-display_data_channel|auto-display_data_channels|auto-display_data_delta_stream|auto-display_data_shape|auto-display_item_changes|auto-display_layer_info_list|auto-display_layers|auto-display_layers_list|auto-display_layers_match|auto-display_properties|auto-display_type|auto-displayed_dimensional_calibrations|auto-displayed_dimensional_scales|auto-displayed_display_data_calibrations|auto-displayed_intensity_calibration|auto-displayed_title|auto-displayed_titled_changed|auto-finish_project_read|auto-get_cursor_value|auto-get_display_data_channel_for_data_item|auto-get_display_data_channel_layer_use_count|auto-get_display_layer_by_uuid|auto-get_display_layer_display_data_channel|auto-get_display_layer_properties|auto-get_display_layer_property|auto-get_display_property|auto-get_displayed_dimensional_calibrations_with_calibration_style|auto-get_displayed_intensity_calibration_with_calibration_style|auto-get_unique_display_layer_color|auto-get_value_and_position_text|auto-get_value_and_position_text_async|auto-graphic_selection_changed|auto-graphics|auto-grid_tool_tip_str|auto-in_transaction_state|auto-increment_display_ref_count|auto-insert_display_data_channel|auto-insert_display_layer|auto-insert_display_layer_for_display_data_channel|auto-insert_graphic|auto-intensity_calibration_style|auto-intensity_calibration_style_id|auto-intensity_calibration_styles|auto-is_live|auto-item_specifier|auto-list_tool_tip_str|auto-move_display_layer_at_index_backward|auto-move_display_layer_at_index_forward|auto-move_display_layer_backward|auto-move_display_layer_forward|auto-notify_property_changed|auto-persistent_object_context_changed|auto-placeholder_title|auto-project|auto-project_str|auto-properties|auto-read_from_dict|auto-remove_display_data_channel|auto-remove_display_layer|auto-remove_graphic|auto-restore_properties|auto-save_properties|auto-selected_graphic|auto-selected_graphics|auto-session_id|auto-set_display_layer_display_data_channel|auto-set_display_property|auto-set_storage_cache|auto-size_and_data_format_as_string|auto-snapshot|auto-status_str|auto-storage_space_string|auto-storage_string|auto-text_for_filter|auto-title|auto-tool_tip_str|auto-undelete_display_data_channel|auto-undelete_display_layer|auto-update_uuids|auto-used_display_type|auto-view_to_intervals,add_display_layer_for_display_data_channel|add_graphic|append_display_data_channel|append_display_data_channel_for_data_item|append_display_layer|auto_display_legend|calibrated_dimensional_calibrations|calibration_style|calibration_style_id|calibration_styles|caption|category|clone|close|combine_display_title|combine_only_one|create_proxy|created|created_local|created_local_as_string|data_info|data_item|data_items|date_for_sorting|date_for_sorting_local_as_string|datum_calibrations|decrement_display_ref_count|description|dimensional_shape|display_data_channel|display_data_channels|display_data_delta_stream|display_data_shape|display_item_changes|display_layer_info_list|display_layers|display_layers_list|display_layers_match|display_properties|display_type|displayed_dimensional_calibrations|displayed_dimensional_scales|displayed_display_data_calibrations|displayed_intensity_calibration|displayed_title|displayed_titled_changed|finish_project_read|get_cursor_value|get_display_data_channel_for_data_item|get_display_data_channel_layer_use_count|get_display_layer_by_uuid|get_display_layer_display_data_channel|get_display_layer_properties|get_display_layer_property|get_display_property|get_displayed_dimensional_calibrations_with_calibration_style|get_displayed_intensity_calibration_with_calibration_style|get_unique_display_layer_color|get_value_and_position_text|get_value_and_position_text_async|graphic_selection_changed|graphics|grid_tool_tip_str|in_transaction_state|increment_display_ref_count|insert_display_data_channel|insert_display_layer|insert_display_layer_for_display_data_channel|insert_graphic|intensity_calibration_style|intensity_calibration_style_id|intensity_calibration_styles|is_live|item_specifier|list_tool_tip_str|move_display_layer_at_index_backward|move_display_layer_at_index_forward|move_display_layer_backward|move_display_layer_forward|notify_property_changed|persistent_object_context_changed|placeholder_title|project|project_str|properties|read_from_dict|remove_display_data_channel|remove_display_layer|remove_graphic|restore_properties|save_properties|selected_graphic|selected_graphics|session_id|set_display_layer_display_data_channel|set_display_property|set_storage_cache|size_and_data_format_as_string|snapshot|status_str|storage_space_string|storage_string|text_for_filter|title|tool_tip_str|undelete_display_data_channel|undelete_display_layer|update_uuids|used_display_type|view_to_intervals,402,Uni-Lab-OS/community_drivers/display_item/info.txt
distance_sensor,distance_sensor,Distance Sensor是一款表征设备，主要功能包括关闭、触发。,表征设备,表征设备(experimental_step),22,auto-charge_time_limit|auto-close|auto-distance|auto-echo|auto-in_range|auto-is_active|auto-line_detected|auto-max_distance|auto-max_steps|auto-partial|auto-pull_up|auto-queue_len|auto-steps|auto-threshold|auto-threshold_distance|auto-threshold_steps|auto-trigger|auto-value|auto-wait_for_rotate|auto-wait_for_rotate_clockwise|auto-wait_for_rotate_counter_clockwise|auto-wrap,charge_time_limit|close|distance|echo|in_range|is_active|line_detected|max_distance|max_steps|partial|pull_up|queue_len|steps|threshold|threshold_distance|threshold_steps|trigger|value|wait_for_rotate|wait_for_rotate_clockwise|wait_for_rotate_counter_clockwise|wrap,58,Uni-Lab-OS/community_drivers/distance_sensor/info.txt
dl3000,dl3000,RIGOL DL3000 Programmable DC Electronic Load是由RIGOL Technologies生产的电池测试柜，主要功能包括初始化、测量、电流设置。,电池测试柜,电池测试柜(device_template_tag),11,auto-initialize|auto-lock_front_panel|auto-measure_current|auto-measure_voltage|auto-remote_sense|auto-set_current|auto-set_cv_voltage|auto-set_mode_current|auto-set_mode_voltage|auto-set_range|auto-toggle_output,initialize|lock_front_panel|measure_current|measure_voltage|remote_sense|set_current|set_cv_voltage|set_mode_current|set_mode_voltage|set_range|toggle_output,13,Uni-Lab-OS/community_drivers/dl3000/info.txt
dlpc900_dmd,dlpc900_dmd,TI DLPC900 DMD Controller是由Texas Instruments生产的表征设备，主要功能包括停止、初始化、加载、复位、执行、数据保存。,表征设备,表征设备(experimental_step),27,auto-decode_command|auto-decode_flag_byte|auto-decode_response|auto-execute_fwbatch|auto-get_dmd_sequence|auto-get_firmware_type|auto-get_firmware_version|auto-get_fwbatch_name|auto-get_hw_status|auto-get_main_status|auto-get_system_status|auto-get_trigger_in1|auto-get_trigger_in2|auto-initialize|auto-program_dmd_seq|auto-read_error_code|auto-read_error_description|auto-send_command|auto-send_raw_command|auto-set_fwbatch_delay|auto-set_pattern_mode|auto-set_pattern_sequence|auto-set_trigger_in1|auto-set_trigger_in2|auto-set_trigger_out|auto-start_stop_sequence|auto-upload_pattern_sequence,decode_command|decode_flag_byte|decode_response|execute_fwbatch|get_dmd_sequence|get_firmware_type|get_firmware_version|get_fwbatch_name|get_hw_status|get_main_status|get_system_status|get_trigger_in1|get_trigger_in2|initialize|program_dmd_seq|read_error_code|read_error_description|send_command|send_raw_command|set_fwbatch_delay|set_pattern_mode|set_pattern_sequence|set_trigger_in1|set_trigger_in2|set_trigger_out|start_stop_sequence|upload_pattern_sequence,50,Uni-Lab-OS/community_drivers/dlpc900_dmd/info.txt
dmd,dmd,DMD是由Texas Instruments生产的专业实验设备。,实验执行&合成设备,实验执行&合成设备(experimental_step),19,auto-bmpload|auto-changemode|auto-checkforerrors|auto-command|auto-configurelut|auto-definepattern|auto-defsequence|auto-idle_off|auto-idle_on|auto-pausesequence|auto-readreply|auto-reset|auto-setbmp|auto-standby|auto-startsequence|auto-stopsequence|auto-testread|auto-testwrite|auto-wakeup,bmpload|changemode|checkforerrors|command|configurelut|definepattern|defsequence|idle_off|idle_on|pausesequence|readreply|reset|setbmp|standby|startsequence|stopsequence|testread|testwrite|wakeup,22,Uni-Lab-OS/community_drivers/dmd/info.txt
dmm,dmm,DMM，支持voltage、current、resistance等功能。,实验执行&合成设备,实验执行&合成设备(experimental_step),3,auto-current|auto-resistance|auto-voltage,current|resistance|voltage,4,Uni-Lab-OS/community_drivers/dmm/info.txt
doppler,doppler,Doppler Ultrasound Device是一款超声破碎仪，主要功能包括停止、初始化、启动、成像、数据保存、读取数据。,超声破碎仪,超声破碎仪(device_template_tag),37,auto-BulkIn|auto-BulkOut|auto-BulkOutFour|auto-BulkOutLarge|auto-BulkOutTwo|auto-BulkOutTwo512|auto-ControlIn|auto-ControlOut|auto-DLImgs|auto-Init1004|auto-InitArrays|auto-InitOn|auto-InitOneA|auto-InitRegisters|auto-InitSeries10|auto-Read512|auto-StartRun|auto-checkAddress|auto-checkAddressFull|auto-createLoop|auto-createLoopDoppler|auto-fastMotor|auto-freeze|auto-getImages|auto-getImagesDoppler|auto-getRawImages|auto-getUSBImages|auto-initProbe|auto-progIt|auto-readWrite|auto-saveImage|auto-startAcq|auto-startDoppler|auto-startMotor|auto-stopAcq|auto-stopMotor|auto-unfreeze,BulkIn|BulkOut|BulkOutFour|BulkOutLarge|BulkOutTwo|BulkOutTwo512|ControlIn|ControlOut|DLImgs|Init1004|InitArrays|InitOn|InitOneA|InitRegisters|InitSeries10|Read512|StartRun|checkAddress|checkAddressFull|createLoop|createLoopDoppler|fastMotor|freeze|getImages|getImagesDoppler|getRawImages|getUSBImages|initProbe|progIt|readWrite|saveImage|startAcq|startDoppler|startMotor|stopAcq|stopMotor|unfreeze,49,Uni-Lab-OS/community_drivers/doppler/info.txt
dp800,dp800,RIGOL DP800 系列可编程直流电源 电源是由RIGOL Technologies生产的专业实验设备。,实验执行&合成设备,实验执行&合成设备(experimental_step),10,auto-initialize|auto-lock_front_panel|auto-measure_current|auto-measure_power|auto-measure_voltage|auto-remote_sense|auto-select_channel|auto-set_current|auto-set_voltage|auto-toggle_output,initialize|lock_front_panel|measure_current|measure_power|measure_voltage|remote_sense|select_channel|set_current|set_voltage|toggle_output,12,Uni-Lab-OS/community_drivers/dp800/info.txt
dps_psu,dps_psu,DPS 可编程直流电源是由DPS (RD Tech)生产的专业实验设备。,实验执行&合成设备,实验执行&合成设备(experimental_step),11,auto-getCurrent|auto-getFullData|auto-getFwVersion|auto-getInputVoltage|auto-getModel|auto-getPower|auto-getVoltage|auto-setCurrent|auto-setKeyLock|auto-setOutput|auto-setVoltage,getCurrent|getFullData|getFwVersion|getInputVoltage|getModel|getPower|getVoltage|setCurrent|setKeyLock|setOutput|setVoltage,12,Uni-Lab-OS/community_drivers/dps_psu/info.txt
driver_interface,driver_interface,DriverInterface,pid_controller,,1,auto-DeviceFactory,DeviceFactory,18,Uni-Lab-OS/community_drivers/driver_interface/info.txt
driver_socket,driver_socket,Metrohm Autolab Driver Socket 电化学工作站是由Metrohm Autolab生产的专业实验设备。,电化学工作站,电化学工作站(device_template_tag),14,auto-clean_client_threads|auto-close_client_threads|auto-get_device|auto-get_device_structure|auto-get_devices_status|auto-get_driver_model|auto-handshake|auto-interact|auto-listen|auto-log|auto-process_command|auto-read|auto-request_close|auto-write,clean_client_threads|close_client_threads|get_device|get_device_structure|get_devices_status|get_driver_model|handshake|interact|listen|log|process_command|read|request_close|write,28,Uni-Lab-OS/community_drivers/driver_socket/info.txt
ds1052e,ds1052e,RIGOL DS1052E 数字示波器 示波器是由RIGOL Technologies生产的专业实验设备。,表征设备,表征设备(experimental_step),1,query,query,1,Uni-Lab-OS/community_drivers/ds1052e/info.txt
dsox,dsox,DSOX Series Oscilloscope是由Keysight Technologies生产的表征设备，主要功能包括测量。,表征设备,表征设备(experimental_step),1,auto-measureStatistics,measureStatistics,15,Uni-Lab-OS/community_drivers/dsox/info.txt
dsox3xx4_a,dsox3xx4_a,Keysight DSOX3000 系列数字示波器 示波器是由Keysight Technologies生产的表征设备，主要功能包括测量。,表征设备,表征设备(experimental_step),1,auto-measureStatistics,measureStatistics,12,Uni-Lab-OS/community_drivers/dsox3xx4_a/info.txt
e3631_a,e3631_a,Keysight E3631A 三路输出直流电源 电源是由Keysight Technologies生产的专业实验设备。,实验执行&合成设备,实验执行&合成设备(experimental_step),10,auto-initialize|auto-lock_front_panel|auto-measure_current|auto-measure_power|auto-measure_voltage|auto-remote_sense|auto-select_channel|auto-set_current|auto-set_voltage|auto-toggle_output,initialize|lock_front_panel|measure_current|measure_power|measure_voltage|remote_sense|select_channel|set_current|set_voltage|toggle_output,12,Uni-Lab-OS/community_drivers/e3631_a/info.txt
echo_device,echo_device,Echo Device是一款实验执行&合成设备，主要功能包括初始化。,实验执行&合成设备,实验执行&合成设备(experimental_step),2,auto-doInitializeDevice|auto-doShutdownDevice,doInitializeDevice|doShutdownDevice,6,Uni-Lab-OS/community_drivers/echo_device/info.txt
editor_controller,editor_controller,Editor Controller是一款实验执行&合成设备，主要功能包括停止、关闭、打开、数据保存、运行。,实验执行&合成设备,实验执行&合成设备(experimental_step),11,auto-getScriptName|auto-instanceCloseClicked|auto-newFile|auto-openFile|auto-runCurrentCode|auto-runScript|auto-saveAsFile|auto-saveFile|auto-stopExecution|auto-textChanged|auto-verifyNotUnsaved,getScriptName|instanceCloseClicked|newFile|openFile|runCurrentCode|runScript|saveAsFile|saveFile|stopExecution|textChanged|verifyNotUnsaved,12,Uni-Lab-OS/community_drivers/editor_controller/info.txt
ee_prom_feature,ee_prom_feature,prominent/德国普罗名特 电磁隔膜计量泵驱动（上海骊葆科学仪器有限公司），支持has eeprom feature/read eeprom slot/write eeprom slot/read eeprom slot raw。,实验执行&合成设备,实验执行&合成设备(experimental_step),4,auto-has_eeprom_feature|auto-read_eeprom_slot|auto-read_eeprom_slot_raw|auto-write_eeprom_slot,has_eeprom_feature|read_eeprom_slot|read_eeprom_slot_raw|write_eeprom_slot,5,Uni-Lab-OS/community_drivers/ee_prom_feature/info.txt
eeprom,eeprom,Eeprom驱动，支持init fields/is editable/update editable/parse/read eeprom等46个操作。,表征设备,表征设备(experimental_step),46,auto-dump|auto-dump_raman_intensity_calibration|auto-dump_spline|auto-dump_untethered|auto-float_to_uint16|auto-generate_digest|auto-generate_feature_mask|auto-generate_write_buffers|auto-get|auto-get_horizontal_roi|auto-has_detector_tec_calibration|auto-has_horizontal_roi|auto-has_laser_power_calibration|auto-has_mml|auto-has_raman_intensity_calibration|auto-has_sml|auto-init_fields|auto-init_raman_intensity_calibration|auto-init_spline|auto-init_untethered|auto-initialize|auto-is_editable|auto-is_multi_wavelength|auto-is_valid_serial_number|auto-json|auto-laser_power_mW_to_percent|auto-latest_rev|auto-pack|auto-pack_field|auto-parse|auto-printable|auto-read|auto-read_eeprom|auto-read_raman_intensity_calibration|auto-read_spline|auto-read_untethered|auto-set|auto-toJSON|auto-to_dict|auto-unpack|auto-unpack_field|auto-update_editable|auto-write|auto-write_raman_intensity_calibration|auto-write_spline|auto-write_untethered,dump|dump_raman_intensity_calibration|dump_spline|dump_untethered|float_to_uint16|generate_digest|generate_feature_mask|generate_write_buffers|get|get_horizontal_roi|has_detector_tec_calibration|has_horizontal_roi|has_laser_power_calibration|has_mml|has_raman_intensity_calibration|has_sml|init_fields|init_raman_intensity_calibration|init_spline|init_untethered|initialize|is_editable|is_multi_wavelength|is_valid_serial_number|json|laser_power_mW_to_percent|latest_rev|pack|pack_field|parse|printable|read|read_eeprom|read_raman_intensity_calibration|read_spline|read_untethered|set|toJSON|to_dict|unpack|unpack_field|update_editable|write|write_raman_intensity_calibration|write_spline|write_untethered,53,Uni-Lab-OS/community_drivers/eeprom/info.txt
eiger_detector_cam,eiger_detector_cam,Eiger Detector CAM是由DECTRIS生产的专业实验设备。,实验执行&合成设备,实验执行&合成设备(experimental_step),1,query,query,2,Uni-Lab-OS/community_drivers/eiger_detector_cam/info.txt
eiger_detector_io,eiger_detector_io,DECTRIS EIGER X射线探测器 X射线衍射仪是由DECTRIS生产的专业实验设备。,X射线衍射仪,X射线衍射仪(device_template_tag),1,query,query,2,Uni-Lab-OS/community_drivers/eiger_detector_io/info.txt
emc20,emc20,Emc20是由EMC Microcollections生产的专业实验设备。,实验执行&合成设备,实验执行&合成设备(experimental_step),2,auto-read|auto-readback,read|readback,4,Uni-Lab-OS/community_drivers/emc20/info.txt
endpoint,endpoint,Endpoint是设备驱动。,实验执行&合成设备,实验执行&合成设备(experimental_step),3,auto-clear_halt|auto-read|auto-write,clear_halt|read|write,78,Uni-Lab-OS/community_drivers/endpoint/info.txt
entity,entity,Entity是一款实验执行&合成设备，主要功能包括写入数据、初始化、复位。,实验执行&合成设备,实验执行&合成设备(experimental_step),64,auto-actuator_names|auto-actuators|auto-all_joint_names|auto-body_names|auto-camera_names|auto-clear_state|auto-compile|auto-data|auto-find_actuators|auto-find_bodies|auto-find_cameras|auto-find_geoms|auto-find_joints|auto-find_joints_by_actuator_names|auto-find_lights|auto-find_materials|auto-find_sites|auto-find_tendons|auto-geom_names|auto-has_site_actuators|auto-has_tendon_actuators|auto-initialize|auto-is_actuated|auto-is_articulated|auto-is_fixed_base|auto-is_mocap|auto-joint_names|auto-light_names|auto-material_names|auto-num_actuators|auto-num_bodies|auto-num_cameras|auto-num_geoms|auto-num_joints|auto-num_lights|auto-num_materials|auto-num_sites|auto-num_tendons|auto-reset|auto-root_body|auto-set_joint_effort_target|auto-set_joint_position_target|auto-set_joint_velocity_target|auto-set_site_effort_target|auto-set_tendon_effort_target|auto-set_tendon_len_target|auto-set_tendon_vel_target|auto-site_names|auto-spec|auto-tendon_names|auto-to_zip|auto-update|auto-write_ctrl_to_sim|auto-write_data_to_sim|auto-write_external_wrench_to_sim|auto-write_joint_position_to_sim|auto-write_joint_state_to_sim|auto-write_joint_velocity_to_sim|auto-write_mocap_pose_to_sim|auto-write_root_com_velocity_to_sim|auto-write_root_link_pose_to_sim|auto-write_root_link_velocity_to_sim|auto-write_root_state_to_sim|auto-write_xml,actuator_names|actuators|all_joint_names|body_names|camera_names|clear_state|compile|data|find_actuators|find_bodies|find_cameras|find_geoms|find_joints|find_joints_by_actuator_names|find_lights|find_materials|find_sites|find_tendons|geom_names|has_site_actuators|has_tendon_actuators|initialize|is_actuated|is_articulated|is_fixed_base|is_mocap|joint_names|light_names|material_names|num_actuators|num_bodies|num_cameras|num_geoms|num_joints|num_lights|num_materials|num_sites|num_tendons|reset|root_body|set_joint_effort_target|set_joint_position_target|set_joint_velocity_target|set_site_effort_target|set_tendon_effort_target|set_tendon_len_target|set_tendon_vel_target|site_names|spec|tendon_names|to_zip|update|write_ctrl_to_sim|write_data_to_sim|write_external_wrench_to_sim|write_joint_position_to_sim|write_joint_state_to_sim|write_joint_velocity_to_sim|write_mocap_pose_to_sim|write_root_com_velocity_to_sim|write_root_link_pose_to_sim|write_root_link_velocity_to_sim|write_root_state_to_sim|write_xml,77,Uni-Lab-OS/community_drivers/entity/info.txt
enumerate,enumerate,Enumerate是设备驱动。,实验执行&合成设备,实验执行&合成设备(experimental_step),12,auto-IDN_fallback|auto-IDN_for_HP|auto-IDN_for_HP8903|auto-IDN_for_NRVS|auto-df|auto-driver_load|auto-driver_load_all|auto-driver_map|auto-drivers_sorted|auto-enumerate_resources|auto-select|auto-show,IDN_fallback|IDN_for_HP|IDN_for_HP8903|IDN_for_NRVS|df|driver_load|driver_load_all|driver_map|drivers_sorted|enumerate_resources|select|show,14,Uni-Lab-OS/community_drivers/enumerate/info.txt
epics_dxp,epics_dxp,EPICS DXP Digital X-ray Processor X射线衍射仪是由XIA LLC生产的X射线衍射仪，主要功能包括停止。,X射线衍射仪,X射线衍射仪(device_template_tag),2,auto-get_low_level_parameter|auto-stage,get_low_level_parameter|stage,14,Uni-Lab-OS/community_drivers/epics_dxp/info.txt
epics_dxp_base_system,epics_dxp_base_system,Redback Systems RS系列高精度中阶梯光栅光谱仪RS40k驱动（杭州谱镭光电技术有限公司），支持get low level parameter/stage。,透射电子显微镜,透射电子显微镜(device_template_tag),2,auto-get_low_level_parameter|auto-stage,get_low_level_parameter|stage,9,Uni-Lab-OS/community_drivers/epics_dxp_base_system/info.txt
epics_dxp_low_level,epics_dxp_low_level,流式成像颗粒分析系统FlowCam 8000系列驱动（北京赛熹生物科技有限公司），支持get low level parameter/stage。,X射线衍射仪,X射线衍射仪(device_template_tag),2,auto-get_low_level_parameter|auto-stage,get_low_level_parameter|stage,9,Uni-Lab-OS/community_drivers/epics_dxp_low_level/info.txt
epics_dxp_mapping,epics_dxp_mapping,Epics Dxp Mapping X射线衍射仪是由EPICS (Argonne National Lab)生产的X射线衍射仪，主要功能包括停止。,X射线衍射仪,X射线衍射仪(device_template_tag),2,auto-get_low_level_parameter|auto-stage,get_low_level_parameter|stage,9,Uni-Lab-OS/community_drivers/epics_dxp_mapping/info.txt
epics_instrument_server,epics_instrument_server,Epics Instrument Server是由EPICS (Argonne National Lab)生产的实验执行&合成设备，主要功能包括启动、运动控制。,实验执行&合成设备,实验执行&合成设备(experimental_step),8,auto-MoveDone|auto-OnInstName|auto-OnMove|auto-OnPosName|auto-SetInfo|auto-SetTimeStamp|auto-Shutdown|auto-Start,MoveDone|OnInstName|OnMove|OnPosName|SetInfo|SetTimeStamp|Shutdown|Start,9,Uni-Lab-OS/community_drivers/epics_instrument_server/info.txt
epics_mca_record,epics_mca_record,EPICS MCA Record Module X射线衍射仪是由Argonne National Lab (EPICS)生产的X射线衍射仪，主要功能包括停止。,X射线衍射仪,X射线衍射仪(device_template_tag),3,auto-get_low_level_parameter|auto-stage|auto-stop,get_low_level_parameter|stage|stop,8,Uni-Lab-OS/community_drivers/epics_mca_record/info.txt
epics_motor,epics_motor,EPICS Motor Record Controller是由EPICS生产的专业实验设备。,物流/机械,物流/机械(experimental_step),13,auto-check_value|auto-egu|auto-get_lim|auto-home|auto-limits|auto-move|auto-moving|auto-position|auto-precision|auto-report|auto-set_current_position|auto-set_lim|auto-stop,check_value|egu|get_lim|home|limits|move|moving|position|precision|report|set_current_position|set_lim|stop,16,Uni-Lab-OS/community_drivers/epics_motor/info.txt
epics_scaler,epics_scaler,EPICS 计数器/定标器是由EPICS (Argonne National Lab)生产的电子天平。,电子天平,电子天平(device_template_tag),3,auto-match_name|auto-match_names|auto-select_channels,match_name|match_names|select_channels,7,Uni-Lab-OS/community_drivers/epics_scaler/info.txt
era_synth,era_synth,"sentera 多光谱成像仪6X是北京安洲智航科技有限公司提供的设备驱动，提供print_serial_ports, get_configuration, get_diagnostic_status, open_port等12个控制接口。",表征设备,表征设备(experimental_step),12,auto-esp8266_upload_mode|auto-factory_reset|auto-get_configuration|auto-get_diagnostic_status|auto-off|auto-on|auto-open_port|auto-preset|auto-print_serial_ports|auto-run_self_test|auto-wifi_off|auto-wifi_on,esp8266_upload_mode|factory_reset|get_configuration|get_diagnostic_status|off|on|open_port|preset|print_serial_ports|run_self_test|wifi_off|wifi_on,21,Uni-Lab-OS/community_drivers/era_synth/info.txt
esp300,esp300,esp 300,generic,,11,auto-GetChannelObject|auto-GetChannelPhase|auto-GetControlReady|auto-GetMax|auto-GetMin|auto-GetPos|auto-MoveTo|auto-addMenuItems|auto-ledOff|auto-ledOn|auto-stop_all,GetChannelObject|GetChannelPhase|GetControlReady|GetMax|GetMin|GetPos|MoveTo|addMenuItems|ledOff|ledOn|stop_all,12,Uni-Lab-OS/community_drivers/esp300/info.txt
esp32_camera,esp32_camera,Esp32 Camera是由Espressif Systems生产的实验执行&合成设备，主要功能包括停止、关闭、启动、打开、日志记录、触发。,实验执行&合成设备,实验执行&合成设备(experimental_step),17,auto-base_uri|auto-get_id|auto-get_json|auto-getframe|auto-getframes|auto-is_omniscope|auto-post|auto-post_json|auto-restart|auto-setExposureTime|auto-setFrameSize|auto-setGain|auto-setLed|auto-set_id|auto-soft_trigger|auto-start_stream|auto-stop_stream,base_uri|get_id|get_json|getframe|getframes|is_omniscope|post|post_json|restart|setExposureTime|setFrameSize|setGain|setLed|set_id|soft_trigger|start_stream|stop_stream,36,Uni-Lab-OS/community_drivers/esp32_camera/info.txt
esp32_device,esp32_device,Esp32 Device是由Espressif Systems生产的专业实验设备。,实验执行&合成设备,实验执行&合成设备(experimental_step),2,auto-get_info|auto-shutdown,get_info|shutdown,33,Uni-Lab-OS/community_drivers/esp32_device/info.txt
ets2090,ets2090,"Ets2090是ETS-Lindgren提供的设备驱动，提供moving, device_type, limit_upper, limit_upper等16个控制接口。",实验执行&合成设备,实验执行&合成设备(experimental_step),12,auto-device_type|auto-limit_lower|auto-limit_upper|auto-local|auto-moving|auto-polarization|auto-position|auto-sequence|auto-sweep_down|auto-sweep_up|auto-target|auto-target_seek,device_type|limit_lower|limit_upper|local|moving|polarization|position|sequence|sweep_down|sweep_up|target|target_seek,18,Uni-Lab-OS/community_drivers/ets2090/info.txt
eurotherm2408,eurotherm2408,eurotherm 2408,devices|generic,,22,auto-D|auto-D2|auto-I|auto-I2|auto-P|auto-P2|auto-automatic|auto-cutbackHigh|auto-cutbackLow|auto-decimalsDisp|auto-dumpAll|auto-manual|auto-pid|auto-pid2|auto-power|auto-rampRate|auto-rampUnit|auto-reconnect|auto-setpoint|auto-temperatureSensor|auto-tensionRange|auto-timeUnits,D|D2|I|I2|P|P2|automatic|cutbackHigh|cutbackLow|decimalsDisp|dumpAll|manual|pid|pid2|power|rampRate|rampUnit|reconnect|setpoint|temperatureSensor|tensionRange|timeUnits,52,Uni-Lab-OS/community_drivers/eurotherm2408/info.txt
eurotherm__instrument,eurotherm__instrument,Builds OPC-UA address space from configuration,generic,,1,auto-build,build,70,Uni-Lab-OS/community_drivers/eurotherm__instrument/info.txt
event_sequencer,event_sequencer,Event Sequencer Module驱动，支持complete/kickoff/pause/resume/start等10个操作。,表征设备,表征设备(experimental_step),10,auto-complete|auto-get_seq|auto-kickoff|auto-pause|auto-put_seq|auto-resume|auto-show|auto-start|auto-stop|auto-trigger,complete|get_seq|kickoff|pause|put_seq|resume|show|start|stop|trigger,11,Uni-Lab-OS/community_drivers/event_sequencer/info.txt
events,events,UFACTORY Events是由UFACTORY (xArm)生产的专业实验设备。,机械臂,机械臂(device_template_tag),24,auto-register_cmdnum_changed_callback|auto-register_connect_changed_callback|auto-register_count_changed_callback|auto-register_error_warn_changed_callback|auto-register_feedback_callback|auto-register_iden_progress_changed_callback|auto-register_mode_changed_callback|auto-register_mtable_mtbrake_changed_callback|auto-register_report_callback|auto-register_report_location_callback|auto-register_state_changed_callback|auto-register_temperature_changed_callback|auto-release_cmdnum_changed_callback|auto-release_connect_changed_callback|auto-release_count_changed_callback|auto-release_error_warn_changed_callback|auto-release_feedback_callback|auto-release_iden_progress_changed_callback|auto-release_mode_changed_callback|auto-release_mtable_mtbrake_changed_callback|auto-release_report_callback|auto-release_report_location_callback|auto-release_state_changed_callback|auto-release_temperature_changed_callback,register_cmdnum_changed_callback|register_connect_changed_callback|register_count_changed_callback|register_error_warn_changed_callback|register_feedback_callback|register_iden_progress_changed_callback|register_mode_changed_callback|register_mtable_mtbrake_changed_callback|register_report_callback|register_report_location_callback|register_state_changed_callback|register_temperature_changed_callback|release_cmdnum_changed_callback|release_connect_changed_callback|release_count_changed_callback|release_error_warn_changed_callback|release_feedback_callback|release_iden_progress_changed_callback|release_mode_changed_callback|release_mtable_mtbrake_changed_callback|release_report_callback|release_report_location_callback|release_state_changed_callback|release_temperature_changed_callback,27,Uni-Lab-OS/community_drivers/events/info.txt
ex_rxx4_a,ex_rxx4_a,Keysight EXR 四通道示波器 示波器是由Keysight Technologies生产的专业实验设备。,表征设备,表征设备(experimental_step),1,query,query,4,Uni-Lab-OS/community_drivers/ex_rxx4_a/info.txt
ex_rxx8_a,ex_rxx8_a,Keysight EXR 八通道示波器 示波器是由Keysight Technologies生产的专业实验设备。,表征设备,表征设备(experimental_step),1,query,query,4,Uni-Lab-OS/community_drivers/ex_rxx8_a/info.txt
example3_d,example3_d,Example3 D是一款实验执行&合成设备，主要功能包括设备连接。,实验执行&合成设备,实验执行&合成设备(experimental_step),2,auto-all_pvnames|auto-disconnected_pvnames,all_pvnames|disconnected_pvnames,5,Uni-Lab-OS/community_drivers/example3_d/info.txt
example_instrument,example_instrument,示例仪器驱动模板，用于快速开发新仪器驱动的参考实现。,实验执行&合成设备,实验执行&合成设备(experimental_step),6,auto-controler_output|auto-is_connected|auto-quit|auto-read_probes|auto-reset|auto-update,controler_output|is_connected|quit|read_probes|reset|update,15,Uni-Lab-OS/community_drivers/example_instrument/info.txt
example_l2_l,example_l2_l,Example L2 L是一款实验执行&合成设备，主要功能包括设备连接。,实验执行&合成设备,实验执行&合成设备(experimental_step),2,auto-all_pvnames|auto-disconnected_pvnames,all_pvnames|disconnected_pvnames,5,Uni-Lab-OS/community_drivers/example_l2_l/info.txt
excel_compatible_csv,excel_compatible_csv,Excel-Compatible CSV Handler 后处理设备，支持write_data、write_file、reopen、close_file等功能，用于实验室自动化控制与数据采集。,后处理设备,后处理设备(experimental_step),4,auto-close_file|auto-reopen|auto-write_data|auto-write_file,close_file|reopen|write_data|write_file,6,Uni-Lab-OS/community_drivers/excel_compatible_csv/info.txt
experimental_scara,experimental_scara,SCARA Robot Arm是一款机械臂，主要功能包括关闭、归零、打开、运动控制。,机械臂,机械臂(device_template_tag),12,auto-approach|auto-close_gripper|auto-drop_resource|auto-get_cartesian_position|auto-get_joint_position|auto-halt|auto-home|auto-is_gripper_closed|auto-move_to|auto-move_to_safe|auto-open_gripper|auto-pick_up_resource,approach|close_gripper|drop_resource|get_cartesian_position|get_joint_position|halt|home|is_gripper_closed|move_to|move_to_safe|open_gripper|pick_up_resource,13,Uni-Lab-OS/community_drivers/experimental_scara/info.txt
exr,exr,EXR Series Real-Time Oscilloscope是由Keysight Technologies生产的专业实验设备。,表征设备,表征设备(experimental_step),1,query,query,5,Uni-Lab-OS/community_drivers/exr/info.txt
extended_request_support,extended_request_support,Extended Request Support是一款实验执行&合成设备，主要功能包括停止、写入数据、启动、日志记录、读取数据、运行。,实验执行&合成设备,实验执行&合成设备(experimental_step),32,auto-change_ascii_input_delimiter|auto-clear_counters|auto-clear_overrun_count|auto-force_listen_only_mode|auto-get_clear_modbus_plus|auto-get_com_event_counter|auto-get_com_event_log|auto-mask_write_register|auto-read_coils|auto-read_device_information|auto-read_discrete_inputs|auto-read_exception_status|auto-read_holding_registers|auto-read_input_registers|auto-readwrite_registers|auto-report_slave_id|auto-restart_comm_option|auto-return_bus_com_error_count|auto-return_bus_exception_error_count|auto-return_bus_message_count|auto-return_diagnostic_register|auto-return_iop_overrun_count|auto-return_query_data|auto-return_slave_bus_char_overrun_count|auto-return_slave_busy_count|auto-return_slave_message_count|auto-return_slave_no_ack_count|auto-return_slave_no_response_count|auto-write_coil|auto-write_coils|auto-write_register|auto-write_registers,change_ascii_input_delimiter|clear_counters|clear_overrun_count|force_listen_only_mode|get_clear_modbus_plus|get_com_event_counter|get_com_event_log|mask_write_register|read_coils|read_device_information|read_discrete_inputs|read_exception_status|read_holding_registers|read_input_registers|readwrite_registers|report_slave_id|restart_comm_option|return_bus_com_error_count|return_bus_exception_error_count|return_bus_message_count|return_diagnostic_register|return_iop_overrun_count|return_query_data|return_slave_bus_char_overrun_count|return_slave_busy_count|return_slave_message_count|return_slave_no_ack_count|return_slave_no_response_count|write_coil|write_coils|write_register|write_registers,52,Uni-Lab-OS/community_drivers/extended_request_support/info.txt
feature_identification_device,feature_identification_device,Feature Identification Device是一款表征设备，主要功能包括使能、光谱采集、写入数据、复位、扫描、日志记录。,表征设备,表征设备(experimental_step),151,auto-apply_edc|auto-can_laser_fire|auto-check_alert|auto-clear_regions|auto-connect|auto-disconnect|auto-generate_timeout_ms|auto-get_actual_frames|auto-get_actual_integration_time_us|auto-get_ambient_temperature_degC|auto-get_ambient_temperature_degC_arm|auto-get_ambient_temperature_degC_gen15|auto-get_analog_input_value|auto-get_analog_output_state|auto-get_area_scan|auto-get_area_scan_hamamatsu|auto-get_area_scan_xs|auto-get_battery_charging|auto-get_battery_percentage|auto-get_battery_register|auto-get_battery_state_raw|auto-get_ble_firmware_version|auto-get_ccd_sensing_threshold|auto-get_ccd_threshold_sensing_mode|auto-get_dac|auto-get_detector_gain|auto-get_detector_gain_odd|auto-get_detector_offset|auto-get_detector_offset_odd|auto-get_detector_tec_setpoint_degC|auto-get_detector_tec_setpoint_raw|auto-get_detector_temperature_degC|auto-get_detector_temperature_raw|auto-get_discretes_enabled|auto-get_external_trigger_output|auto-get_fan_enabled|auto-get_fpga_configuration_register|auto-get_fpga_firmware_version|auto-get_high_gain_mode_enabled|auto-get_integration_time_ms|auto-get_lamp_enabled|auto-get_laser_enabled|auto-get_laser_interlock|auto-get_laser_power_attenuator|auto-get_laser_tec_mode|auto-get_laser_temperature_degC|auto-get_laser_temperature_raw|auto-get_laser_temperature_setpoint_raw|auto-get_laser_warning_delay_sec|auto-get_laser_watchdog_sec|auto-get_line|auto-get_microcontroller_firmware_version|auto-get_microcontroller_serial_number|auto-get_mod_delay_us|auto-get_mod_duration_us|auto-get_mod_enabled|auto-get_mod_linked_to_integration|auto-get_mod_period_us|auto-get_mod_width_us|auto-get_opt_actual_integration_time|auto-get_opt_area_scan|auto-get_opt_cf_select|auto-get_opt_data_header_tab|auto-get_opt_has_laser|auto-get_opt_horizontal_binning|auto-get_opt_integration_time_resolution|auto-get_opt_laser_control|auto-get_poll_status|auto-get_raman_delay_ms|auto-get_raman_mode_enabled_NOT_USED|auto-get_scans_to_average|auto-get_secondary_adc_calibrated|auto-get_secondary_adc_raw|auto-get_selected_adc|auto-get_selected_laser|auto-get_sensor_line_length|auto-get_shutter_enabled|auto-get_spectrum|auto-get_strobe_enabled|auto-get_tec_enabled|auto-get_trigger_delay|auto-get_trigger_source|auto-get_upper_code|auto-get_vr_continuous_ccd|auto-get_vr_num_frames|auto-handle_requests|auto-has_linearity_coeffs|auto-i2c_write|auto-is_laser_firing|auto-is_sensor_stable|auto-queue_message|auto-refresh_alerts|auto-replace_session_eeprom|auto-require_throwaway|auto-reset|auto-reset_area_scan_frame|auto-reset_fpga|auto-select_adc|auto-set_accessory_enable|auto-set_analog_output_mode|auto-set_analog_output_value|auto-set_area_scan_enable|auto-set_area_scan_line_count|auto-set_area_scan_line_interval|auto-set_area_scan_line_step|auto-set_detector_gain|auto-set_detector_gain_odd|auto-set_detector_offset|auto-set_detector_offset_odd|auto-set_detector_roi|auto-set_detector_tec_setpoint_degC|auto-set_dfu_enable|auto-set_fan_enable|auto-set_high_gain_mode_enable|auto-set_integration_time_ms|auto-set_lamp_enable|auto-set_laser_enable|auto-set_laser_power_attenuator|auto-set_laser_power_high_resolution|auto-set_laser_power_mW|auto-set_laser_power_perc|auto-set_laser_power_perc_immediate|auto-set_laser_power_require_modulation|auto-set_laser_tec_mode|auto-set_laser_temperature_setpoint_raw|auto-set_laser_warning_delay_sec|auto-set_laser_watchdog_sec|auto-set_log_level|auto-set_mod_delay_us|auto-set_mod_duration_us_NOT_USED|auto-set_mod_enable|auto-set_mod_linked_to_integration|auto-set_mod_period_us|auto-set_mod_width_us|auto-set_onboard_scans_to_average|auto-set_pixel_mode|auto-set_raman_delay_ms|auto-set_raman_mode_enable_NOT_USED|auto-set_selected_laser|auto-set_shutter_enable|auto-set_single_region|auto-set_strobe_enable|auto-set_tec_enable|auto-set_trigger_delay|auto-set_trigger_source|auto-set_vertical_roi|auto-update_firmware_log|auto-update_laser_watchdog|auto-update_session_eeprom|auto-update_vertical_roi|auto-write_eeprom,apply_edc|can_laser_fire|check_alert|clear_regions|connect|disconnect|generate_timeout_ms|get_actual_frames|get_actual_integration_time_us|get_ambient_temperature_degC|get_ambient_temperature_degC_arm|get_ambient_temperature_degC_gen15|get_analog_input_value|get_analog_output_state|get_area_scan|get_area_scan_hamamatsu|get_area_scan_xs|get_battery_charging|get_battery_percentage|get_battery_register|get_battery_state_raw|get_ble_firmware_version|get_ccd_sensing_threshold|get_ccd_threshold_sensing_mode|get_dac|get_detector_gain|get_detector_gain_odd|get_detector_offset|get_detector_offset_odd|get_detector_tec_setpoint_degC|get_detector_tec_setpoint_raw|get_detector_temperature_degC|get_detector_temperature_raw|get_discretes_enabled|get_external_trigger_output|get_fan_enabled|get_fpga_configuration_register|get_fpga_firmware_version|get_high_gain_mode_enabled|get_integration_time_ms|get_lamp_enabled|get_laser_enabled|get_laser_interlock|get_laser_power_attenuator|get_laser_tec_mode|get_laser_temperature_degC|get_laser_temperature_raw|get_laser_temperature_setpoint_raw|get_laser_warning_delay_sec|get_laser_watchdog_sec|get_line|get_microcontroller_firmware_version|get_microcontroller_serial_number|get_mod_delay_us|get_mod_duration_us|get_mod_enabled|get_mod_linked_to_integration|get_mod_period_us|get_mod_width_us|get_opt_actual_integration_time|get_opt_area_scan|get_opt_cf_select|get_opt_data_header_tab|get_opt_has_laser|get_opt_horizontal_binning|get_opt_integration_time_resolution|get_opt_laser_control|get_poll_status|get_raman_delay_ms|get_raman_mode_enabled_NOT_USED|get_scans_to_average|get_secondary_adc_calibrated|get_secondary_adc_raw|get_selected_adc|get_selected_laser|get_sensor_line_length|get_shutter_enabled|get_spectrum|get_strobe_enabled|get_tec_enabled|get_trigger_delay|get_trigger_source|get_upper_code|get_vr_continuous_ccd|get_vr_num_frames|handle_requests|has_linearity_coeffs|i2c_write|is_laser_firing|is_sensor_stable|queue_message|refresh_alerts|replace_session_eeprom|require_throwaway|reset|reset_area_scan_frame|reset_fpga|select_adc|set_accessory_enable|set_analog_output_mode|set_analog_output_value|set_area_scan_enable|set_area_scan_line_count|set_area_scan_line_interval|set_area_scan_line_step|set_detector_gain|set_detector_gain_odd|set_detector_offset|set_detector_offset_odd|set_detector_roi|set_detector_tec_setpoint_degC|set_dfu_enable|set_fan_enable|set_high_gain_mode_enable|set_integration_time_ms|set_lamp_enable|set_laser_enable|set_laser_power_attenuator|set_laser_power_high_resolution|set_laser_power_mW|set_laser_power_perc|set_laser_power_perc_immediate|set_laser_power_require_modulation|set_laser_tec_mode|set_laser_temperature_setpoint_raw|set_laser_warning_delay_sec|set_laser_watchdog_sec|set_log_level|set_mod_delay_us|set_mod_duration_us_NOT_USED|set_mod_enable|set_mod_linked_to_integration|set_mod_period_us|set_mod_width_us|set_onboard_scans_to_average|set_pixel_mode|set_raman_delay_ms|set_raman_mode_enable_NOT_USED|set_selected_laser|set_shutter_enable|set_single_region|set_strobe_enable|set_tec_enable|set_trigger_delay|set_trigger_source|set_vertical_roi|update_firmware_log|update_laser_watchdog|update_session_eeprom|update_vertical_roi|write_eeprom,168,Uni-Lab-OS/community_drivers/feature_identification_device/info.txt
feetech_motors_bus,feetech_motors_bus,Feetech Motors BUS是由Feetech RC Model生产的机械臂，主要功能包括写入数据、参数配置、复位、捕获、日志记录、设备连接。,机械臂,机械臂(device_template_tag),16,auto-apply_calibration|auto-apply_calibration_autocorrect|auto-are_motors_configured|auto-autocorrect_calibration|auto-avoid_rotation_reset|auto-connect|auto-disconnect|auto-find_motor_indices|auto-read|auto-read_with_motor_ids|auto-reconnect|auto-revert_calibration|auto-set_bus_baudrate|auto-set_calibration|auto-write|auto-write_with_motor_ids,apply_calibration|apply_calibration_autocorrect|are_motors_configured|autocorrect_calibration|avoid_rotation_reset|connect|disconnect|find_motor_indices|read|read_with_motor_ids|reconnect|revert_calibration|set_bus_baudrate|set_calibration|write|write_with_motor_ids,32,Uni-Lab-OS/community_drivers/feetech_motors_bus/info.txt
fiber_shaker,fiber_shaker,FiberShaker,generic,,3,auto-Notify|auto-TurnOff|auto-TurnOn,Notify|TurnOff|TurnOn,29,Uni-Lab-OS/community_drivers/fiber_shaker/info.txt
fibsem,fibsem,Fibsem是由Thermo Fisher Scientific生产的专业实验设备。,实验执行&合成设备,实验执行&合成设备(experimental_step),42,auto-align|auto-align_current|auto-auto_cb|auto-auto_focus|auto-create_SAV_patterns|auto-create_custom_patterns|auto-create_custom_protocol|auto-create_pattern|auto-create_trench_patterns|auto-custom_file_parser|auto-define_SAVparams_file|auto-define_output_dir|auto-electron_on|auto-getStagePosition|auto-get_current|auto-insert_GIS|auto-ion_on|auto-is_idle|auto-link_stage|auto-makePatterns_SAV|auto-moveStageAbsolute|auto-moveStageRelative|auto-open_GIS|auto-pattern_directory_parser|auto-pattern_parser|auto-print_stage_rot|auto-retract_GIS|auto-run_SAV|auto-run_custom_milling|auto-run_milling|auto-run_milling_custom|auto-run_milling_protocol|auto-run_trench_milling|auto-save_pattern|auto-setIonHFW|auto-stop|auto-stop_patterning|auto-take_image_EB|auto-take_image_EB_SAV|auto-take_image_IB|auto-unlink_stage|auto-write_patterns,align|align_current|auto_cb|auto_focus|create_SAV_patterns|create_custom_patterns|create_custom_protocol|create_pattern|create_trench_patterns|custom_file_parser|define_SAVparams_file|define_output_dir|electron_on|getStagePosition|get_current|insert_GIS|ion_on|is_idle|link_stage|makePatterns_SAV|moveStageAbsolute|moveStageRelative|open_GIS|pattern_directory_parser|pattern_parser|print_stage_rot|retract_GIS|run_SAV|run_custom_milling|run_milling|run_milling_custom|run_milling_protocol|run_trench_milling|save_pattern|setIonHFW|stop|stop_patterning|take_image_EB|take_image_EB_SAV|take_image_IB|unlink_stage|write_patterns,45,Uni-Lab-OS/community_drivers/fibsem/info.txt
file,file,OBF file access,file,,2,auto-close|auto-find_stack_by_name,close|find_stack_by_name,10,Uni-Lab-OS/community_drivers/file/info.txt
file_communicator,file_communicator,File Communicator驱动，支持address/close/flush input/read raw/seek等9个操作。,实验执行&合成设备,实验执行&合成设备(experimental_step),9,auto-address|auto-close|auto-flush_input|auto-read_raw|auto-seek|auto-tell|auto-terminator|auto-timeout|auto-write_raw,address|close|flush_input|read_raw|seek|tell|terminator|timeout|write_raw,15,Uni-Lab-OS/community_drivers/file_communicator/info.txt
file_device,file_device,FileDevice,custom,,3,auto-close|auto-read|auto-write,close|read|write,5,Uni-Lab-OS/community_drivers/file_device/info.txt
file_io,file_io,File IO设备驱动。,实验执行&合成设备,实验执行&合成设备(experimental_step),8,auto-init|auto-makeFile|auto-read|auto-readcsv|auto-readdict|auto-set_filename|auto-write|auto-write_raw,init|makeFile|read|readcsv|readdict|set_filename|write|write_raw,9,Uni-Lab-OS/community_drivers/file_io/info.txt
file_member,file_member,FileMember,generic,,2,auto-getProperties|auto-sendData,getProperties|sendData,63,Uni-Lab-OS/community_drivers/file_member/info.txt
file_persistent_storage_system,file_persistent_storage_system,File Persistent Storage System是一款实验执行&合成设备，主要功能包括关闭、写入数据、加载、复位、读取数据、运动控制。,实验执行&合成设备,实验执行&合成设备(experimental_step),2,auto-close|auto-path,close|path,183,Uni-Lab-OS/community_drivers/file_persistent_storage_system/info.txt
file_project_storage_system,file_project_storage_system,File Project Storage System是一款实验执行&合成设备，主要功能包括关闭、写入数据、加载、复位、读取数据、运动控制。,实验执行&合成设备,实验执行&合成设备(experimental_step),4,auto-encode|auto-get_identifier|auto-load_properties|auto-project_path,encode|get_identifier|load_properties|project_path,183,Uni-Lab-OS/community_drivers/file_project_storage_system/info.txt
file_watcher,file_watcher,File Watcher是一款实验执行&合成设备，主要功能包括停止、启动、数据保存、日志记录、运动控制、运行。,实验执行&合成设备,实验执行&合成设备(experimental_step),9,auto-addToLog|auto-filesInDirectory|auto-getLog|auto-removeFromList|auto-run|auto-saveLog|auto-startLog|auto-stop|auto-updateList,addToLog|filesInDirectory|getLog|removeFromList|run|saveLog|startLog|stop|updateList,10,Uni-Lab-OS/community_drivers/file_watcher/info.txt
file_writer,file_writer,File Writer驱动，支持close/getCommand/getComments/getDataSize/getDevices等29个操作。,后处理设备,后处理设备(experimental_step),29,auto-close|auto-getCommand|auto-getComments|auto-getDataSize|auto-getDevices|auto-getDevicesData|auto-getEndDate|auto-getFileName|auto-getSignals|auto-getSignalsData|auto-getStartDate|auto-getUsername|auto-insertComment|auto-insertDevice|auto-insertDeviceData|auto-insertSignal|auto-insertSignalData|auto-setCommand|auto-setComments|auto-setDataSize|auto-setDevices|auto-setDevicesData|auto-setEndDate|auto-setSignals|auto-setSignalsData|auto-setStartDate|auto-setUsername|auto-writeData|auto-writeHeader,close|getCommand|getComments|getDataSize|getDevices|getDevicesData|getEndDate|getFileName|getSignals|getSignalsData|getStartDate|getUsername|insertComment|insertDevice|insertDeviceData|insertSignal|insertSignalData|setCommand|setComments|setDataSize|setDevices|setDevicesData|setEndDate|setSignals|setSignalsData|setStartDate|setUsername|writeData|writeHeader,30,Uni-Lab-OS/community_drivers/file_writer/info.txt
files_controller,files_controller,Files Controller是一款实验执行&合成设备，主要功能包括打开。,实验执行&合成设备,实验执行&合成设备(experimental_step),5,auto-browse|auto-checkAndOpenItem|auto-deleteItem|auto-openRootInOS|auto-setRootPath,browse|checkAndOpenItem|deleteItem|openRootInOS|setRootPath,6,Uni-Lab-OS/community_drivers/files_controller/info.txt
filter_wheel,filter_wheel,Filter Wheel是一款表征设备，主要功能包括归零校准。,表征设备,表征设备(experimental_step),5,auto-RW|auto-getPosition|auto-setPositionf|auto-setPositionq|auto-zero,RW|getPosition|setPositionf|setPositionq|zero,7,Uni-Lab-OS/community_drivers/filter_wheel/info.txt
fire_sting,fire_sting,FireSting3,custom,,7,auto-amplification|auto-blink|auto-disconnect|auto-frequency|auto-led_intensity|auto-measure|auto-measure_time,amplification|blink|disconnect|frequency|led_intensity|measure|measure_time,105,Uni-Lab-OS/community_drivers/fire_sting/info.txt
flash_firmware,flash_firmware,Flash Firmware是一款实验执行&合成设备。,实验执行&合成设备,实验执行&合成设备(experimental_step),1,ask_quit,ask_quit,36,Uni-Lab-OS/community_drivers/flash_firmware/info.txt
flask_service,flask_service,Flask Service是一款实验执行&合成设备，主要功能包括停止、启动。,实验执行&合成设备,实验执行&合成设备(experimental_step),3,auto-register_routes|auto-start|auto-stop,register_routes|start|stop,6,Uni-Lab-OS/community_drivers/flask_service/info.txt
flow_controller,flow_controller,Flow Controller是由Bronkhorst High-Tech生产的专业实验设备。,实验执行&合成设备,实验执行&合成设备(experimental_step),6,auto-close|auto-get|auto-open|auto-set|auto-set_display|auto-set_gas,close|get|open|set|set_display|set_gas,19,Uni-Lab-OS/community_drivers/flow_controller/info.txt
flow_meter,flow_meter,Flow Meter是由Bronkhorst High-Tech生产的专业实验设备。,实验执行&合成设备,实验执行&合成设备(experimental_step),14,auto-close|auto-create_mix|auto-delete_mix|auto-flush|auto-get|auto-get_firmware|auto-is_connected|auto-is_locked|auto-lock|auto-reset_totalizer|auto-set_gas|auto-tare_pressure|auto-tare_volumetric|auto-unlock,close|create_mix|delete_mix|flush|get|get_firmware|is_connected|is_locked|lock|reset_totalizer|set_gas|tare_pressure|tare_volumetric|unlock,34,Uni-Lab-OS/community_drivers/flow_meter/info.txt
fluke3000,fluke3000,Fluke3000是由Fluke Corporation生产的表征设备，主要功能包括复位、扫描、测量、触发、设备连接、读取数据。,表征设备,表征设备(experimental_step),11,auto-connect|auto-flush|auto-input_range|auto-measure|auto-mode|auto-query_lines|auto-read_lines|auto-relative|auto-reset|auto-scan|auto-trigger_mode,connect|flush|input_range|measure|mode|query_lines|read_lines|relative|reset|scan|trigger_mode,17,Uni-Lab-OS/community_drivers/fluke3000/info.txt
folder_capture,folder_capture,Folder Capture是一款后处理设备，主要功能包括使能、停止、启动、增益设置、状态查询、电流设置。,后处理设备,后处理设备(experimental_step),14,auto-connect|auto-disconnect|auto-enable_auto_exposure|auto-enable_folder_watching|auto-force_refresh|auto-is_folder_watching_enabled|auto-set_current_index|auto-set_exposure|auto-set_fps|auto-set_frame_size|auto-set_gain|auto-start_async|auto-stop|auto-validate_file_list,connect|disconnect|enable_auto_exposure|enable_folder_watching|force_refresh|is_folder_watching_enabled|set_current_index|set_exposure|set_fps|set_frame_size|set_gain|start_async|stop|validate_file_list,44,Uni-Lab-OS/community_drivers/folder_capture/info.txt
frame_grabber,frame_grabber,Frame Grabber是一款实验执行&合成设备，主要功能包括停止、运行。,实验执行&合成设备,实验执行&合成设备(experimental_step),3,auto-run|auto-running|auto-stop,run|running|stop,7,Uni-Lab-OS/community_drivers/frame_grabber/info.txt
fridge__monitor,fridge__monitor,稀释制冷机监控模块是由Oxford Instruments生产的深低温冰箱。,深低温冰箱,深低温冰箱(device_template_tag),2,auto-get_idn|auto-snapshot,get_idn|snapshot,6,Uni-Lab-OS/community_drivers/fridge__monitor/info.txt
ftp_base_wrapper,ftp_base_wrapper,FTP Base Wrapper FTP文件传输模块是由Jeio Tech Co.,物流/机械,物流/机械(experimental_step),8,auto-close|auto-connect|auto-cwd|auto-delete|auto-getlines|auto-list|auto-put|auto-save,close|connect|cwd|delete|getlines|list|put|save,20,Uni-Lab-OS/community_drivers/ftp_base_wrapper/info.txt
ftp_wrapper,ftp_wrapper,Newport Corporation Ftp Wrapper 自动化设备是由Newport Corporation (MKS)生产的物流/机械，主要功能包括关闭、数据保存、设备连接。,物流/机械,物流/机械(experimental_step),7,auto-connect|auto-cwd|auto-delete|auto-getlines|auto-list|auto-put|auto-save,connect|cwd|delete|getlines|list|put|save,20,Uni-Lab-OS/community_drivers/ftp_wrapper/info.txt
func_gen,func_gen,WIGGENS WHT-150恒温恒湿箱是由维根技术（北京）有限公司（WIGGENS）生产的专业实验设备。,表征设备,表征设备(experimental_step),33,auto-close|auto-get_amplitude|auto-get_amplitude_lims|auto-get_custom_waveform|auto-get_error|auto-get_frequency|auto-get_frequency_lims|auto-get_frequency_lock|auto-get_function|auto-get_offset|auto-get_output|auto-get_output_state|auto-get_settings|auto-get_voltage_lims|auto-get_waveform_catalogue|auto-open|auto-print_settings|auto-query|auto-set_amplitude|auto-set_custom_waveform|auto-set_frequency|auto-set_frequency_lock|auto-set_function|auto-set_limit|auto-set_offset|auto-set_output|auto-set_output_state|auto-set_settings|auto-set_stricter_limits|auto-software_trig|auto-syncronise_waveforms|auto-timeout|auto-write,close|get_amplitude|get_amplitude_lims|get_custom_waveform|get_error|get_frequency|get_frequency_lims|get_frequency_lock|get_function|get_offset|get_output|get_output_state|get_settings|get_voltage_lims|get_waveform_catalogue|open|print_settings|query|set_amplitude|set_custom_waveform|set_frequency|set_frequency_lock|set_function|set_limit|set_offset|set_output|set_output_state|set_settings|set_stricter_limits|software_trig|syncronise_waveforms|timeout|write,58,Uni-Lab-OS/community_drivers/func_gen/info.txt
function_generator,function_generator,Laboratory Function Generator是一款表征设备。,表征设备,表征设备(experimental_step),8,auto-amplitude|auto-channel|auto-frequency|auto-function|auto-offset|auto-phase|auto-query|auto-sendcmd,amplitude|channel|frequency|function|offset|phase|query|sendcmd,14,Uni-Lab-OS/community_drivers/function_generator/info.txt
furnace,furnace,A class for the tube furnace in the system,furnace,,4,auto-ChangeAddress|auto-QueryTemp|auto-ReportStatus|auto-SetTemp,ChangeAddress|QueryTemp|ReportStatus|SetTemp,24,Uni-Lab-OS/community_drivers/furnace/info.txt
fw102_b,fw102_b,FW 102B,generic,,2,auto-getPos|auto-setPos,getPos|setPos,3,Uni-Lab-OS/community_drivers/fw102_b/info.txt
g2_v_sunbrick,g2_v_sunbrick,G 2VSunbrick,generic,,5,auto-set_channel_value|auto-set_intensity_factor|auto-set_spectrum|auto-setup_network_arbitration|auto-turn_off,set_channel_value|set_intensity_factor|set_spectrum|setup_network_arbitration|turn_off,53,Uni-Lab-OS/community_drivers/g2_v_sunbrick/info.txt
galil,galil,Galil 运动控制器 自动化设备 Galil是由Galil Motion Control生产的专业实验设备。,物流/机械,物流/机械(experimental_step),18,auto-break_infinite_digital_cycles|auto-digital_out_off|auto-digital_out_on|auto-infinite_digital_cycles|auto-motor_disconnect|auto-motor_move|auto-motor_move_live|auto-motor_off|auto-motor_on|auto-motor_stop|auto-query_all_axis_positions|auto-query_axis|auto-query_moving|auto-read_analog_in|auto-read_digital_in|auto-read_digital_out|auto-set_analog_out|auto-shutdown_event,break_infinite_digital_cycles|digital_out_off|digital_out_on|infinite_digital_cycles|motor_disconnect|motor_move|motor_move_live|motor_off|motor_on|motor_stop|query_all_axis_positions|query_axis|query_moving|read_analog_in|read_digital_in|read_digital_out|set_analog_out|shutdown_event,20,Uni-Lab-OS/community_drivers/galil/info.txt
gamepad6_dof_teleop,gamepad6_dof_teleop,Gamepad6 Dof Teleop是一款机械臂，主要功能包括参数配置、校准、设备连接。,机械臂,机械臂(device_template_tag),10,auto-action_features|auto-calibrate|auto-configure|auto-connect|auto-disconnect|auto-feedback_features|auto-get_action|auto-is_calibrated|auto-is_connected|auto-send_feedback,action_features|calibrate|configure|connect|disconnect|feedback_features|get_action|is_calibrated|is_connected|send_feedback,11,Uni-Lab-OS/community_drivers/gamepad6_dof_teleop/info.txt
gamry,gamry,Gamry Reference 600+ 是由 Gamry Instruments 生产的高性能单通道电化学工作站，广泛应用于腐蚀测试、电池研发、传感器开发及电化学基础研究等领域。,电化学工作站,电化学工作站(device_template_tag),9,auto-close_connection|auto-dump_data|auto-measure|auto-measurement_setup|auto-open_connection|auto-potential_cycle|auto-potential_ramp|auto-simulate|auto-status,close_connection|dump_data|measure|measurement_setup|open_connection|potential_cycle|potential_ramp|simulate|status,15,Uni-Lab-OS/community_drivers/gamry/info.txt
gass,gass,GASS Gas Analysis System (EPICS) 透射电镜是由Generic (EPICS)生产的透射电子显微镜，主要功能包括关闭、压力设置、启动、打开。,透射电子显微镜,透射电子显微镜(device_template_tag),26,auto-close_all_chambers|auto-close_all_valves|auto-close_valve|auto-do_vacuum_all_chambers|auto-do_vacuum_manifold|auto-fill_all_chambers|auto-fill_all_chambers_with_a_gas|auto-get_edge|auto-get_element|auto-get_extratime_manifold|auto-get_extratime_manifold_vacuum|auto-get_gas_proportions|auto-get_pressure_vacuum|auto-get_pressure_work|auto-open_all_chambers|auto-open_all_valves|auto-open_valve|auto-purge_all_chambers|auto-set_edge|auto-set_element|auto-set_extratime_manifold|auto-set_extratime_manifold_vacuum|auto-set_gas_proportions|auto-set_pressure_vacuum|auto-set_pressure_work|auto-start,close_all_chambers|close_all_valves|close_valve|do_vacuum_all_chambers|do_vacuum_manifold|fill_all_chambers|fill_all_chambers_with_a_gas|get_edge|get_element|get_extratime_manifold|get_extratime_manifold_vacuum|get_gas_proportions|get_pressure_vacuum|get_pressure_work|open_all_chambers|open_all_valves|open_valve|purge_all_chambers|set_edge|set_element|set_extratime_manifold|set_extratime_manifold_vacuum|set_gas_proportions|set_pressure_vacuum|set_pressure_work|start,36,Uni-Lab-OS/community_drivers/gass/info.txt
gatan_socket,gatan_socket,gatansocket3,camera,,39,auto-AlignEnergyFilterZeroLossPeak|auto-ExchangeMessages|auto-ExecuteCameraObjectFunction|auto-ExecuteGetDoubleCameraObjectFunction|auto-ExecuteGetDoubleScript|auto-ExecuteGetLongCameraObjectFunction|auto-ExecuteGetLongScript|auto-ExecuteScript|auto-ExecuteSendCameraObjectionFunction|auto-ExecuteSendScript|auto-GetDMVersion|auto-GetEnergyFilter|auto-GetEnergyFilterOffset|auto-GetEnergyFilterWidth|auto-GetImage|auto-GetLong|auto-GetNumberOfCameras|auto-GetPluginVersion|auto-InsertCamera|auto-IsCameraInserted|auto-RunScript|auto-SelectCamera|auto-SendLongGetLong|auto-SetEnergyFilter|auto-SetEnergyFilterOffset|auto-SetEnergyFilterWidth|auto-SetK2Parameters|auto-SetReadMode|auto-SetShutterNormallyClosed|auto-SetupFileSaving|auto-UpdateK2HardwareDarkReference|auto-connect|auto-disconnect|auto-getNumGrabSum|auto-hasScriptFunction|auto-reconnect|auto-recv_data|auto-send_data|auto-setNumGrabSum,AlignEnergyFilterZeroLossPeak|ExchangeMessages|ExecuteCameraObjectFunction|ExecuteGetDoubleCameraObjectFunction|ExecuteGetDoubleScript|ExecuteGetLongCameraObjectFunction|ExecuteGetLongScript|ExecuteScript|ExecuteSendCameraObjectionFunction|ExecuteSendScript|GetDMVersion|GetEnergyFilter|GetEnergyFilterOffset|GetEnergyFilterWidth|GetImage|GetLong|GetNumberOfCameras|GetPluginVersion|InsertCamera|IsCameraInserted|RunScript|SelectCamera|SendLongGetLong|SetEnergyFilter|SetEnergyFilterOffset|SetEnergyFilterWidth|SetK2Parameters|SetReadMode|SetShutterNormallyClosed|SetupFileSaving|UpdateK2HardwareDarkReference|connect|disconnect|getNumGrabSum|hasScriptFunction|reconnect|recv_data|send_data|setNumGrabSum,47,Uni-Lab-OS/community_drivers/gatan_socket/info.txt
gather_n_plugin_v31,gather_n_plugin_v31,Gather N Plugin V31是一款表征设备，主要功能包括使能、成像、禁用、读取数据。,表征设备,表征设备(experimental_step),12,auto-array_pixels|auto-describe_configuration|auto-disable_on_stage|auto-enable_on_stage|auto-ensure_blocking|auto-ensure_nonblocking|auto-image|auto-read_configuration|auto-set|auto-source_plugin|auto-stage|auto-warmup,array_pixels|describe_configuration|disable_on_stage|enable_on_stage|ensure_blocking|ensure_nonblocking|image|read_configuration|set|source_plugin|stage|warmup,23,Uni-Lab-OS/community_drivers/gather_n_plugin_v31/info.txt
gauge_serial,gauge_serial,Serial Vacuum Gauge驱动，支持pressure/egu。,表征设备,表征设备(experimental_step),2,auto-egu|auto-pressure,egu|pressure,12,Uni-Lab-OS/community_drivers/gauge_serial/info.txt
gcode_client,gcode_client,UFACTORY Gcode Client 客户端 气相色谱仪是由UFACTORY (xArm)生产的机械臂，主要功能包括关闭、执行、日志记录。,机械臂,机械臂(device_template_tag),3,auto-close|auto-execute|auto-execute_file,close|execute|execute_file,5,Uni-Lab-OS/community_drivers/gcode_client/info.txt
general_purpose_udp_multicast_bus,general_purpose_udp_multicast_bus,General Purpose UDP Multicast BUS是由Open Standard生产的实验执行&合成设备。,实验执行&合成设备,实验执行&合成设备(experimental_step),4,auto-fileno|auto-recv|auto-send|auto-shutdown,fileno|recv|send|shutdown,13,Uni-Lab-OS/community_drivers/general_purpose_udp_multicast_bus/info.txt
generic_optimization,generic_optimization,Generic Optimization是一款实验执行&合成设备，主要功能包括使能、停止、关闭、启动、数据保存、状态查询。,实验执行&合成设备,实验执行&合成设备(experimental_step),48,auto-add_data|auto-allow_go_to|auto-check_create_save_node|auto-clean_h5_temp|auto-close_file|auto-config_path|auto-connect_things|auto-create_new_file|auto-do_live_plot|auto-do_save|auto-enable_controls_opti|auto-enable_settings_run|auto-format_bounds|auto-get_set_model_params|auto-get_stopping_parameters|auto-go_to|auto-go_to_best|auto-h5saver|auto-ini_custom_attributes|auto-ini_live_plot|auto-ini_model|auto-ini_optimization_runner|auto-ini_saver|auto-ini_temp_file|auto-module_and_data_saver|auto-optimization_done|auto-populate_status_bar|auto-quit|auto-recursive_enable|auto-restart_algo|auto-run_optimization|auto-set_algorithm|auto-set_model|auto-setup_actions|auto-setup_docks|auto-setup_menu|auto-stop_algo|auto-thread_status|auto-title|auto-update_actuators|auto-update_after_actuators_changed|auto-update_bounds|auto-update_data_plot|auto-update_model_settings_from_action|auto-update_prediction_function|auto-update_stopping_criteria|auto-validate_config|auto-value_changed,add_data|allow_go_to|check_create_save_node|clean_h5_temp|close_file|config_path|connect_things|create_new_file|do_live_plot|do_save|enable_controls_opti|enable_settings_run|format_bounds|get_set_model_params|get_stopping_parameters|go_to|go_to_best|h5saver|ini_custom_attributes|ini_live_plot|ini_model|ini_optimization_runner|ini_saver|ini_temp_file|module_and_data_saver|optimization_done|populate_status_bar|quit|recursive_enable|restart_algo|run_optimization|set_algorithm|set_model|setup_actions|setup_docks|setup_menu|stop_algo|thread_status|title|update_actuators|update_after_actuators_changed|update_bounds|update_data_plot|update_model_settings_from_action|update_prediction_function|update_stopping_criteria|validate_config|value_changed,57,Uni-Lab-OS/community_drivers/generic_optimization/info.txt
get_wifi_connection,get_wifi_connection,GET Wifi Connection是一款实验执行&合成设备，主要功能包括设备连接。,实验执行&合成设备,实验执行&合成设备(experimental_step),15,auto-bssid|auto-connected|auto-device|auto-dns|auto-ip_address|auto-last_connected|auto-mac|auto-name|auto-netmask|auto-security|auto-to_dict|auto-to_str|auto-type|auto-url|auto-uuid,bssid|connected|device|dns|ip_address|last_connected|mac|name|netmask|security|to_dict|to_str|type|url|uuid,32,Uni-Lab-OS/community_drivers/get_wifi_connection/info.txt
gev_device,gev_device,GEV Device是由Open Standard (GigE Vision)生产的表征设备，主要功能包括关闭、加载、导出、成像、打开、捕获。,表征设备,表征设备(experimental_step),9,get_device_info|get_device_number|open_device_by_index|open_device_by_ip|open_device_by_mac|open_device_by_sn|open_device_by_user_id|update_all_device_list|update_device_list,get_device_info|get_device_number|open_device_by_index|open_device_by_ip|open_device_by_mac|open_device_by_sn|open_device_by_user_id|update_all_device_list|update_device_list,120,Uni-Lab-OS/community_drivers/gev_device/info.txt
glassman_fr,glassman_fr,Glassman Fr是由Glassman (XP Power)生产的专业实验设备。,实验执行&合成设备,实验执行&合成设备(experimental_step),15,auto-channel|auto-current|auto-current_sense|auto-device_timeout|auto-fault|auto-get_status|auto-mode|auto-output|auto-query|auto-reset|auto-sendcmd|auto-set_status|auto-version|auto-voltage|auto-voltage_sense,channel|current|current_sense|device_timeout|fault|get_status|mode|output|query|reset|sendcmd|set_status|version|voltage|voltage_sense,26,Uni-Lab-OS/community_drivers/glassman_fr/info.txt
gnss_base_service,gnss_base_service,GNSS Base Service 卫星导航基础服务是由Jeio Tech Co.,实验执行&合成设备,实验执行&合成设备(experimental_step),31,auto-activeConfiguration|auto-configChanged|auto-configDir|auto-connected|auto-defConfig|auto-error|auto-estimateInfo|auto-getConfig|auto-listConfigs|auto-loadConfig|auto-logRawData|auto-logRawDataChanged|auto-posValidTimeout|auto-positionUpdate|auto-receiverInfo|auto-restore|auto-satelliteInfo|auto-satellitesChanged|auto-save|auto-saveConfig|auto-setConfig|auto-setConfigDir|auto-setDefConfig|auto-setLogRawData|auto-setPosValidTimeout|auto-setStorDir|auto-statusChanged|auto-storDir|auto-timeInfo|auto-timesyncChanged|auto-timesyncInfo,activeConfiguration|configChanged|configDir|connected|defConfig|error|estimateInfo|getConfig|listConfigs|loadConfig|logRawData|logRawDataChanged|posValidTimeout|positionUpdate|receiverInfo|restore|satelliteInfo|satellitesChanged|save|saveConfig|setConfig|setConfigDir|setDefConfig|setLogRawData|setPosValidTimeout|setStorDir|statusChanged|storDir|timeInfo|timesyncChanged|timesyncInfo,47,Uni-Lab-OS/community_drivers/gnss_base_service/info.txt
goal,goal,Goal是一款实验执行&合成设备，主要功能包括设备连接。,实验执行&合成设备,实验执行&合成设备(experimental_step),14,auto-add_constraints_of_goal|auto-add_goal|auto-add_monitor|auto-add_task|auto-arrange_in_sequence|auto-connect_end_condition_to_all_tasks|auto-connect_monitors_to_all_tasks|auto-connect_pause_condition_to_all_tasks|auto-connect_start_condition_to_all_tasks|auto-get_joint_position_symbol|auto-get_life_cycle_state_expression|auto-get_observation_state_expression|auto-has_tasks|auto-ref_str,add_constraints_of_goal|add_goal|add_monitor|add_task|arrange_in_sequence|connect_end_condition_to_all_tasks|connect_monitors_to_all_tasks|connect_pause_condition_to_all_tasks|connect_start_condition_to_all_tasks|get_joint_position_symbol|get_life_cycle_state_expression|get_observation_state_expression|has_tasks|ref_str,17,Uni-Lab-OS/community_drivers/goal/info.txt
gpib_communicator,gpib_communicator,Gpib Communicator驱动，支持address/close/eoi/eos/flush input等11个操作。,实验执行&合成设备,实验执行&合成设备(experimental_step),11,auto-address|auto-close|auto-eoi|auto-eos|auto-flush_input|auto-read|auto-read_raw|auto-terminator|auto-timeout|auto-write|auto-write_raw,address|close|eoi|eos|flush_input|read|read_raw|terminator|timeout|write|write_raw,19,Uni-Lab-OS/community_drivers/gpib_communicator/info.txt
gpio_device,gpio_device,Gpio Device是一款实验执行&合成设备，主要功能包括关闭。,实验执行&合成设备,实验执行&合成设备(experimental_step),8,auto-all|auto-close|auto-closed|auto-ensure_pin_factory|auto-is_active|auto-namedtuple|auto-pin|auto-value,all|close|closed|ensure_pin_factory|is_active|namedtuple|pin|value,40,Uni-Lab-OS/community_drivers/gpio_device/info.txt
gpio_pca9554,gpio_pca9554,Gpio Pca9554是由NXP Semiconductors生产的专业实验设备。,实验执行&合成设备,实验执行&合成设备(experimental_step),1,auto-init,init,34,Uni-Lab-OS/community_drivers/gpio_pca9554/info.txt
gps_position,gps_position,GPS Position是一款实验执行&合成设备，主要功能包括停止、启动、绘图、读取数据、运行。,实验执行&合成设备,实验执行&合成设备(experimental_step),5,auto-run|auto-run_once|auto-run_threaded|auto-shutdown|auto-update,run|run_once|run_threaded|shutdown|update,22,Uni-Lab-OS/community_drivers/gps_position/info.txt
graphic,graphic,Graphic是一款实验执行&合成设备，主要功能包括使能、关闭、写入数据、启动、复位、成像。,实验执行&合成设备,实验执行&合成设备(experimental_step),45,auto-CAN_REPOSITION|auto-CAN_RESHAPE|auto-CAN_ROTATE|auto-adjust_part|auto-begin_drag|auto-clone|auto-color|auto-create_proxy|auto-display_item|auto-draw|auto-draw_label|auto-end_drag|auto-fill_color|auto-get_attributes|auto-get_mask|auto-get_mask_item|auto-get_region|auto-graphic_id|auto-has_attribute|auto-is_bounds_constrained|auto-is_position_locked|auto-is_rotation_locked|auto-is_shape_locked|auto-item_specifier|auto-label|auto-label_position|auto-mime_data_dict|auto-nudge|auto-project|auto-read_from_mime_data|auto-read_properties_from_dict|auto-reset_position|auto-role|auto-source|auto-source_specifier|auto-stroke_color|auto-stroke_width|auto-test|auto-test_label|auto-update_uuids|auto-used_fill_style|auto-used_role|auto-used_stroke_style|auto-used_stroke_width|auto-write_to_dict,CAN_REPOSITION|CAN_RESHAPE|CAN_ROTATE|adjust_part|begin_drag|clone|color|create_proxy|display_item|draw|draw_label|end_drag|fill_color|get_attributes|get_mask|get_mask_item|get_region|graphic_id|has_attribute|is_bounds_constrained|is_position_locked|is_rotation_locked|is_shape_locked|item_specifier|label|label_position|mime_data_dict|nudge|project|read_from_mime_data|read_properties_from_dict|reset_position|role|source|source_specifier|stroke_color|stroke_width|test|test_label|update_uuids|used_fill_style|used_role|used_stroke_style|used_stroke_width|write_to_dict,402,Uni-Lab-OS/community_drivers/graphic/info.txt
grbl_com_serial,grbl_com_serial,Grbl COM Serial是由GRBL (Open Source)生产的实验执行&合成设备，主要功能包括中止、停止、启动、复位、运行。,实验执行&合成设备,实验执行&合成设备(experimental_step),9,auto-abort|auto-clearCom|auto-gcodeInsert|auto-gcodePush|auto-realTimePush|auto-resetSerial|auto-run|auto-startPooling|auto-stopPooling,abort|clearCom|gcodeInsert|gcodePush|realTimePush|resetSerial|run|startPooling|stopPooling,14,Uni-Lab-OS/community_drivers/grbl_com_serial/info.txt
grbl_controller,grbl_controller,Grbl Controller是由GRBL (Open Source)生产的实验执行&合成设备，主要功能包括位置设置、停止、关闭、写入数据、归零、读取数据。,实验执行&合成设备,实验执行&合成设备(experimental_step),11,auto-close|auto-get_position|auto-home|auto-move|auto-remove_comment|auto-remove_eol_chars|auto-send_gcode_command|auto-send_gcode_command_inThread|auto-send_wake_up|auto-wait_for_movement_completion|auto-write,close|get_position|home|move|remove_comment|remove_eol_chars|send_gcode_command|send_gcode_command_inThread|send_wake_up|wait_for_movement_completion|write,22,Uni-Lab-OS/community_drivers/grbl_controller/info.txt
grbl_driver,grbl_driver,GRBL Motor Driver 自动化设备是由Open Source (GRBL)生产的专业实验设备。,物流/机械,物流/机械(experimental_step),25,auto-alarm_reset|auto-check_alarm|auto-close|auto-controlled_stop|auto-current_position|auto-get_positions|auto-get_status_report|auto-home|auto-move_abs|auto-move_rel|auto-move_xyz|auto-reset_stage|auto-set_laser_intensity|auto-set_led|auto-shake_plate|auto-soft_reset|auto-stop|auto-verify_settings|auto-write_all_settings|auto-write_global_config|auto-xmove|auto-ymove|auto-zero_position|auto-zhome|auto-zmove,alarm_reset|check_alarm|close|controlled_stop|current_position|get_positions|get_status_report|home|move_abs|move_rel|move_xyz|reset_stage|set_laser_intensity|set_led|shake_plate|soft_reset|stop|verify_settings|write_all_settings|write_global_config|xmove|ymove|zero_position|zhome|zmove,32,Uni-Lab-OS/community_drivers/grbl_driver/info.txt
grblboard,grblboard,GRBL Controller Board 自动化设备是由Open Source (GRBL)生产的专业实验设备。,物流/机械,物流/机械(experimental_step),17,auto-auto_detect_serial_unix|auto-close|auto-getcurrentpos|auto-go_to|auto-initserial|auto-move_abs|auto-move_rel|auto-resethome|auto-sendgrbl|auto-set_laser_intensity|auto-set_led|auto-set_units|auto-setaccellaration|auto-setideltime|auto-setphysicalcoords|auto-setspeed|auto-zero_position,auto_detect_serial_unix|close|getcurrentpos|go_to|initserial|move_abs|move_rel|resethome|sendgrbl|set_laser_intensity|set_led|set_units|setaccellaration|setideltime|setphysicalcoords|setspeed|zero_position,18,Uni-Lab-OS/community_drivers/grblboard/info.txt
gripper,gripper,Robotic Gripper驱动，支持cal crc/read uart/write uart/init state/set force等20个操作。,机械臂,机械臂(device_template_tag),20,auto-cal_crc|auto-init_dir|auto-init_feedback|auto-init_rot_feedback|auto-init_state|auto-read_cur|auto-read_err|auto-read_pos|auto-read_rot|auto-read_rot_state|auto-read_state|auto-read_uart|auto-set_abs_rot|auto-set_force|auto-set_pos|auto-set_rel_rot|auto-set_rot_force|auto-set_rot_vel|auto-set_vel|auto-write_uart,cal_crc|init_dir|init_feedback|init_rot_feedback|init_state|read_cur|read_err|read_pos|read_rot|read_rot_state|read_state|read_uart|set_abs_rot|set_force|set_pos|set_rel_rot|set_rot_force|set_rot_vel|set_vel|write_uart,22,Uni-Lab-OS/community_drivers/gripper/info.txt
gripper_controller,gripper_controller,Robotiq 夹爪控制器是由Robotiq Inc.,机械臂,机械臂(device_template_tag),7,auto-Byte_status|auto-activate|auto-add_leading_zeros|auto-close|auto-command_gripper|auto-stat|auto-status,Byte_status|activate|add_leading_zeros|close|command_gripper|stat|status,14,Uni-Lab-OS/community_drivers/gripper_controller/info.txt
gs_usb_bus,gs_usb_bus,GS USB BUS，支持send、shutdown等功能。,实验执行&合成设备,实验执行&合成设备(experimental_step),2,auto-send|auto-shutdown,send|shutdown,4,Uni-Lab-OS/community_drivers/gs_usb_bus/info.txt
gsioc,gsioc,gsioc,generic_devices,,5,auto-bCommand|auto-closeSerial|auto-connect|auto-createSerial|auto-iCommand,bCommand|closeSerial|connect|createSerial|iCommand,6,Uni-Lab-OS/community_drivers/gsioc/info.txt
gsioc_interface,gsioc_interface,An implementation of GSIOC serial communications protocol,devices|serial,,6,auto-buffered_command|auto-buffered_command_async|auto-connect|auto-connect_async|auto-immediate_command|auto-immediate_command_async,buffered_command|buffered_command_async|connect|connect_async|immediate_command|immediate_command_async,9,Uni-Lab-OS/community_drivers/gsioc_interface/info.txt
gsv3_usb,gsv3_usb,GSV-3 USB Strain Gauge Amplifier是由ME-Meßsysteme生产的表征设备，主要功能包括停止、启动、归零校准、数据保存、读取数据。,表征设备,表征设备(experimental_step),18,auto-clear_buffer|auto-clear_maximum|auto-convertValue|auto-get_all|auto-get_firmware_version|auto-get_mode|auto-get_serial_nr|auto-get_special_mode|auto-read_value|auto-save_all|auto-set_bipolar|auto-set_mode|auto-set_offset|auto-set_special_mode|auto-set_unipolar|auto-set_zero|auto-start_transmission|auto-stop_transmission,clear_buffer|clear_maximum|convertValue|get_all|get_firmware_version|get_mode|get_serial_nr|get_special_mode|read_value|save_all|set_bipolar|set_mode|set_offset|set_special_mode|set_unipolar|set_zero|start_transmission|stop_transmission,21,Uni-Lab-OS/community_drivers/gsv3_usb/info.txt
h5_backend,h5_backend,H5 Backend是由HDF Group生产的专业实验设备。,后处理设备,后处理设备(experimental_step),18,auto-add_group|auto-close_file|auto-create_carray|auto-create_earray|auto-create_vlarray|auto-define_compression|auto-flush|auto-h5file|auto-has_attr|auto-is_node_in_group|auto-isopen|auto-open_file|auto-read|auto-root|auto-save_file_as|auto-set_attr|auto-walk_groups|auto-walk_nodes,add_group|close_file|create_carray|create_earray|create_vlarray|define_compression|flush|h5file|has_attr|is_node_in_group|isopen|open_file|read|root|save_file_as|set_attr|walk_groups|walk_nodes,81,Uni-Lab-OS/community_drivers/h5_backend/info.txt
h5_browser,h5_browser,H5 Browser是由HDF Group生产的专业实验设备。,实验执行&合成设备,实验执行&合成设备(experimental_step),19,auto-add_comments|auto-add_log|auto-check_version|auto-connect_things|auto-export_data|auto-get_node_and_plot|auto-get_tree_node_path|auto-load_file|auto-populate_tree|auto-quit_fun|auto-save_file|auto-setup_actions|auto-setup_menu|auto-show_about|auto-show_h5_attributes|auto-show_h5_data|auto-show_help|auto-show_log|auto-show_pixmaps,add_comments|add_log|check_version|connect_things|export_data|get_node_and_plot|get_tree_node_path|load_file|populate_tree|quit_fun|save_file|setup_actions|setup_menu|show_about|show_h5_attributes|show_h5_data|show_help|show_log|show_pixmaps,31,Uni-Lab-OS/community_drivers/h5_browser/info.txt
h_pe3631a,h_pe3631a,HP E3631A Triple Output Power Supply是由Hewlett-Packard (Keysight)生产的实验执行&合成设备。,实验执行&合成设备,实验执行&合成设备(experimental_step),9,auto-channel|auto-channelid|auto-current|auto-mode|auto-output|auto-voltage|auto-voltage_max|auto-voltage_min|auto-voltage_range,channel|channelid|current|mode|output|voltage|voltage_max|voltage_min|voltage_range,8,Uni-Lab-OS/community_drivers/h_pe3631a/info.txt
hal__shim_mq,hal__shim_mq,HAL Shim MQ是由QuTech生产的实验执行&合成设备，主要功能包括日志记录、读取数据。,实验执行&合成设备,实验执行&合成设备(experimental_step),10,auto-get_correlation_detector|auto-get_input_avg_det|auto-get_int_avg_det|auto-get_int_logging_detector|auto-hal_get_flux_amp_parameter|auto-prepare_fluxing|auto-prepare_for_inspire|auto-prepare_for_timedomain|auto-prepare_readout|auto-prepare_timing,get_correlation_detector|get_input_avg_det|get_int_avg_det|get_int_logging_detector|hal_get_flux_amp_parameter|prepare_fluxing|prepare_for_inspire|prepare_for_timedomain|prepare_readout|prepare_timing,24,Uni-Lab-OS/community_drivers/hal__shim_mq/info.txt
hal__shim_sq,hal__shim_sq,HAL Shim SQ是由QuTech生产的实验执行&合成设备，主要功能包括读取数据。,实验执行&合成设备,实验执行&合成设备(experimental_step),12,auto-get_int_avg_det|auto-hal_acq_spec_mode_off|auto-hal_acq_spec_mode_on|auto-hal_flux_get_parameters|auto-hal_spec_source_off|auto-hal_spec_source_on|auto-prepare_PPC|auto-prepare_characterizing|auto-prepare_for_continuous_wave|auto-prepare_for_fluxing|auto-prepare_for_timedomain|auto-prepare_readout,get_int_avg_det|hal_acq_spec_mode_off|hal_acq_spec_mode_on|hal_flux_get_parameters|hal_spec_source_off|hal_spec_source_on|prepare_PPC|prepare_characterizing|prepare_for_continuous_wave|prepare_for_fluxing|prepare_for_timedomain|prepare_readout,38,Uni-Lab-OS/community_drivers/hal__shim_sq/info.txt
hamamatsu_h11890_device,hamamatsu_h11890_device,Hamamatsu H11890 Device是由Hamamatsu Photonics生产的实验执行&合成设备，主要功能包括停止、初始化、启动、读取数据。,实验执行&合成设备,实验执行&合成设备(experimental_step),16,auto-doInitializeDevice|auto-doShutdownDevice|auto-fetchAll|auto-fetchOne|auto-get_high_voltage|auto-get_integration_time|auto-get_repetition|auto-readReply|auto-sendCommand|auto-set_high_voltage|auto-set_integration_time|auto-set_repetition|auto-start_counting|auto-stop_counting|auto-turn_off|auto-turn_on,doInitializeDevice|doShutdownDevice|fetchAll|fetchOne|get_high_voltage|get_integration_time|get_repetition|readReply|sendCommand|set_high_voltage|set_integration_time|set_repetition|start_counting|stop_counting|turn_off|turn_on,17,Uni-Lab-OS/community_drivers/hamamatsu_h11890_device/info.txt
hamamatsu_hardware,hamamatsu_hardware,Hamamatsu Hardware是由Hamamatsu Photonics生产的表征设备，主要功能包括设备连接、设置、读取数据。,表征设备,表征设备(experimental_step),5,auto-connect|auto-disconnect|auto-readOnlyWhenOpt|auto-setup|auto-updateCameraSettings,connect|disconnect|readOnlyWhenOpt|setup|updateCameraSettings,6,Uni-Lab-OS/community_drivers/hamamatsu_hardware/info.txt
hamilton_heater_shaker_backend,hamilton_heater_shaker_backend,Hamilton Heater Shaker Backend 后端模块 恒温摇床 后端控制器是由Hamilton Company生产的专业实验设备。,恒温摇床,恒温摇床(device_template_tag),13,auto-deactivate|auto-get_current_temperature|auto-get_edge_temperature|auto-get_is_shaking|auto-lock_plate|auto-send_hhs_command|auto-serialize|auto-set_temperature|auto-shake|auto-stop_shaking|auto-supports_active_cooling|auto-supports_locking|auto-unlock_plate,deactivate|get_current_temperature|get_edge_temperature|get_is_shaking|lock_plate|send_hhs_command|serialize|set_temperature|shake|stop_shaking|supports_active_cooling|supports_locking|unlock_plate,29,Uni-Lab-OS/community_drivers/hamilton_heater_shaker_backend/info.txt
hamilton_heater_shaker_box,hamilton_heater_shaker_box,Hamilton Heater Shaker Box 加热振荡模块是由上海泽泉科技股份有限公司生产的专业实验设备。,恒温摇床,恒温摇床(device_template_tag),13,auto-deactivate|auto-get_current_temperature|auto-get_edge_temperature|auto-get_is_shaking|auto-lock_plate|auto-send_hhs_command|auto-serialize|auto-set_temperature|auto-shake|auto-stop_shaking|auto-supports_active_cooling|auto-supports_locking|auto-unlock_plate,deactivate|get_current_temperature|get_edge_temperature|get_is_shaking|lock_plate|send_hhs_command|serialize|set_temperature|shake|stop_shaking|supports_active_cooling|supports_locking|unlock_plate,28,Uni-Lab-OS/community_drivers/hamilton_heater_shaker_box/info.txt
hamilton_tcp_backend,hamilton_tcp_backend,Hamilton Tcp Backend 后端模块 后端控制器是由Hamilton Company生产的专业实验设备。,移液工作站,移液工作站(device_template_tag),9,auto-is_connected|auto-parse_error|auto-read|auto-read_exact|auto-send_command|auto-serialize|auto-setup|auto-stop|auto-write,is_connected|parse_error|read|read_exact|send_command|serialize|setup|stop|write,18,Uni-Lab-OS/community_drivers/hamilton_tcp_backend/info.txt
hamilton_tilt_module_backend,hamilton_tilt_module_backend,Hamilton Tilt Module Backend 后端模块 后端控制器是由Hamilton Company生产的专业实验设备。,移液工作站,移液工作站(device_template_tag),23,auto-send_command|auto-set_angle|auto-setup|auto-stop|auto-tilt_go_to_position|auto-tilt_initial_offset|auto-tilt_initialize|auto-tilt_move_to_absolute_step_position|auto-tilt_move_to_relative_step_position|auto-tilt_port_clear_open_collector|auto-tilt_port_set_open_collector|auto-tilt_power_off|auto-tilt_request_error|auto-tilt_request_offset_between_light_barrier_and_init_position|auto-tilt_request_sensor|auto-tilt_set_drain_time|auto-tilt_set_name|auto-tilt_set_speed|auto-tilt_set_temperature|auto-tilt_set_waste_pump_off|auto-tilt_set_waste_pump_on|auto-tilt_switch_encoder|auto-tilt_switch_off_temperature_controller,send_command|set_angle|setup|stop|tilt_go_to_position|tilt_initial_offset|tilt_initialize|tilt_move_to_absolute_step_position|tilt_move_to_relative_step_position|tilt_port_clear_open_collector|tilt_port_set_open_collector|tilt_power_off|tilt_request_error|tilt_request_offset_between_light_barrier_and_init_position|tilt_request_sensor|tilt_set_drain_time|tilt_set_name|tilt_set_speed|tilt_set_temperature|tilt_set_waste_pump_off|tilt_set_waste_pump_on|tilt_switch_encoder|tilt_switch_off_temperature_controller,27,Uni-Lab-OS/community_drivers/hamilton_tilt_module_backend/info.txt
handle,handle,Handle驱动，支持write messages/bulkWrite/bulkRead/controlMsg/reset等16个操作。,实验执行&合成设备,实验执行&合成设备(experimental_step),16,auto-bulkRead|auto-bulkWrite|auto-components_connected|auto-controlMsg|auto-initialize_values|auto-input_pressed|auto-input_released|auto-input_rotation_left|auto-input_rotation_right|auto-input_slide_down|auto-input_slide_up|auto-layout_changed|auto-releaseInterface|auto-reset|auto-set_version_core|auto-write_messages,bulkRead|bulkWrite|components_connected|controlMsg|initialize_values|input_pressed|input_released|input_rotation_left|input_rotation_right|input_slide_down|input_slide_up|layout_changed|releaseInterface|reset|set_version_core|write_messages,32,Uni-Lab-OS/community_drivers/handle/info.txt
hardpotato__instrument,hardpotato__instrument,Communication interface for MethodSCRIPT instruments,emstat_pico,,8,auto-abort_and_sync|auto-load_mscript_from_flash|auto-readline|auto-readlines_until_end|auto-run_mscript_from_flash|auto-send_script|auto-write|auto-writelines,abort_and_sync|load_mscript_from_flash|readline|readlines_until_end|run_mscript_from_flash|send_script|write|writelines,15,Uni-Lab-OS/community_drivers/hardpotato__instrument/info.txt
hardpotato__serial,hardpotato__serial,CdcAcmSerialPort,serial,,0,,,9,Uni-Lab-OS/community_drivers/hardpotato__serial/info.txt
harvester,harvester,Harvester是由Open Source (GenICam)生产的实验执行&合成设备，主要功能包括停止、加载、启动、复位、成像、读取数据。,实验执行&合成设备,实验执行&合成设备(experimental_step),19,auto-add_cti_file|auto-add_file|auto-compose_message|auto-create|auto-create_image_acquirer|auto-cti_files|auto-device_info_list|auto-files|auto-has_revised_device_info_list|auto-image_acquirers|auto-remove_cti_file|auto-remove_cti_files|auto-remove_file|auto-remove_files|auto-reset|auto-timeout_for_update|auto-timer|auto-update|auto-update_device_info_list,add_cti_file|add_file|compose_message|create|create_image_acquirer|cti_files|device_info_list|files|has_revised_device_info_list|image_acquirers|remove_cti_file|remove_cti_files|remove_file|remove_files|reset|timeout_for_update|timer|update|update_device_info_list,231,Uni-Lab-OS/community_drivers/harvester/info.txt
hd_device,hd_device,Zurich Instruments HD Device是由Zurich Instruments生产的表征设备，主要功能包括加载、参数配置、启动、校准、绘图、触发。,表征设备,表征设备(experimental_step),49,auto-awg_dio_snapshot|auto-calibrate_dio_protocol|auto-configure_awg_file|auto-configure_awg_string|auto-connect_device|auto-connect_server|auto-dio_snapshot|auto-dio_testmode|auto-direct|auto-do_get_screenshot|auto-do_single_shot|auto-extclk|auto-features|auto-find|auto-finds|auto-get_channel_data|auto-getd|auto-geti|auto-getv|auto-idn|auto-is_averaging_complete|auto-load_settings|auto-mode|auto-off|auto-on|auto-onOffMultiple|auto-poll|auto-read_scope|auto-reconnect|auto-restart|auto-sampleclk|auto-set_average_count|auto-set_averaging|auto-set_channel_scale|auto-set_format_real|auto-set_maximum_rate|auto-set_time_scale|auto-set_trigger_coupling|auto-set_trigger_ext|auto-set_trigger_level|auto-set_trigger_mode|auto-set_trigger_slope|auto-set_trigger_src|auto-setd|auto-seti|auto-setv|auto-subs|auto-sync|auto-unsubs,awg_dio_snapshot|calibrate_dio_protocol|configure_awg_file|configure_awg_string|connect_device|connect_server|dio_snapshot|dio_testmode|direct|do_get_screenshot|do_single_shot|extclk|features|find|finds|get_channel_data|getd|geti|getv|idn|is_averaging_complete|load_settings|mode|off|on|onOffMultiple|poll|read_scope|reconnect|restart|sampleclk|set_average_count|set_averaging|set_channel_scale|set_format_real|set_maximum_rate|set_time_scale|set_trigger_coupling|set_trigger_ext|set_trigger_level|set_trigger_mode|set_trigger_slope|set_trigger_src|setd|seti|setv|subs|sync|unsubs,77,Uni-Lab-OS/community_drivers/hd_device/info.txt
hdawg,hdawg,Zurich Instruments HDAWG是由Zurich Instruments生产的专业实验设备。,表征设备,表征设备(experimental_step),11,auto-check_status|auto-compile_sequencer_program|auto-enable_qccs_mode|auto-enable_sequencer|auto-load_from_device|auto-load_sequencer_program|auto-load_validation_schema|auto-read_from_waveform_memory|auto-upload_to_device|auto-wait_done|auto-write_to_waveform_memory,check_status|compile_sequencer_program|enable_qccs_mode|enable_sequencer|load_from_device|load_sequencer_program|load_validation_schema|read_from_waveform_memory|upload_to_device|wait_done|write_to_waveform_memory,15,Uni-Lab-OS/community_drivers/hdawg/info.txt
hdf5_file_entry,hdf5_file_entry,Hdf5 File Entry是由HDF Group生产的专业实验设备。,实验执行&合成设备,实验执行&合成设备(experimental_step),3,auto-close|auto-fp|auto-open,close|fp|open,40,Uni-Lab-OS/community_drivers/hdf5_file_entry/info.txt
hdlc,hdlc,Hdlc是由Open Standard (HDLC)生产的专业实验设备。,实验执行&合成设备,实验执行&合成设备(experimental_step),8,auto-collect|auto-encode|auto-encode_byte|auto-fcs16|auto-mkfcstab|auto-read|auto-valiter|auto-write,collect|encode|encode_byte|fcs16|mkfcstab|read|valiter|write,8,Uni-Lab-OS/community_drivers/hdlc/info.txt
heraeus_cytomat_backend,heraeus_cytomat_backend,Thermo Heraeus Cytomat 培养箱 培养箱 培养箱是由Thermo Fisher Scientific生产的微生物培养箱，主要功能包括传输、停止、关闭、初始化、加载、启动。,微生物培养箱,微生物培养箱(device_template_tag),16,auto-close_door|auto-deserialize|auto-fetch_plate_to_loading_tray|auto-get_temperature|auto-initialize|auto-open_door|auto-read_plate_detection_xfer|auto-serialize|auto-set_racks|auto-set_temperature|auto-setup|auto-start_shaking|auto-stop|auto-stop_shaking|auto-take_in_plate|auto-wait_for_transfer_station,close_door|deserialize|fetch_plate_to_loading_tray|get_temperature|initialize|open_door|read_plate_detection_xfer|serialize|set_racks|set_temperature|setup|start_shaking|stop|stop_shaking|take_in_plate|wait_for_transfer_station,21,Uni-Lab-OS/community_drivers/heraeus_cytomat_backend/info.txt
hp3325a,hp3325a,Hewlett-Packard Hp3325a是由Hewlett-Packard (Keysight)生产的表征设备，主要功能包括归零校准。,表征设备,表征设备(experimental_step),12,auto-amplitude|auto-amplitude_calibration|auto-amplitude_modulation|auto-assign_zero_phase|auto-frequency|auto-function|auto-high_voltage|auto-marker_frequency|auto-offset|auto-phase|auto-query|auto-query_error,amplitude|amplitude_calibration|amplitude_modulation|assign_zero_phase|frequency|function|high_voltage|marker_frequency|offset|phase|query|query_error,8,Uni-Lab-OS/community_drivers/hp3325a/info.txt
hp3456a,hp3456a,Hewlett-Packard Hp3456a是由Hewlett-Packard (Keysight)生产的专业实验设备。,表征设备,表征设备(experimental_step),23,auto-auto_range|auto-autozero|auto-count|auto-delay|auto-fetch|auto-filter|auto-input_range|auto-lower|auto-math_mode|auto-mean|auto-measure|auto-mode|auto-nplc|auto-number_of_digits|auto-number_of_readings|auto-r|auto-relative|auto-trigger|auto-trigger_mode|auto-upper|auto-variance|auto-y|auto-z,auto_range|autozero|count|delay|fetch|filter|input_range|lower|math_mode|mean|measure|mode|nplc|number_of_digits|number_of_readings|r|relative|trigger|trigger_mode|upper|variance|y|z,32,Uni-Lab-OS/community_drivers/hp3456a/info.txt
hp3488_a,hp3488_a,Hp3488 A是由Hewlett-Packard生产的专业实验设备。,实验执行&合成设备,实验执行&合成设备(experimental_step),6,auto-cards|auto-state|auto-switch|auto-switches|auto-view|auto-viewtext,cards|state|switch|switches|view|viewtext,11,Uni-Lab-OS/community_drivers/hp3488_a/info.txt
hp437_b,hp437_b,"Hp437 B是Hewlett-Packard提供的设备驱动，提供preset, discover, measure, message等15个控制接口。",实验执行&合成设备,实验执行&合成设备(experimental_step),15,auto-calibrate|auto-correctionfactor|auto-discover|auto-displayread|auto-key|auto-lin|auto-measure|auto-message|auto-preset|auto-rangeauto|auto-rangehold|auto-rangemanual|auto-statusmessage|auto-unitslog|auto-zero,calibrate|correctionfactor|discover|displayread|key|lin|measure|message|preset|rangeauto|rangehold|rangemanual|statusmessage|unitslog|zero,16,Uni-Lab-OS/community_drivers/hp437_b/info.txt
hp4395_a,hp4395_a,"Hp4395 A是Hewlett-Packard提供的设备驱动，提供trace, points, points, bandwidth等23个控制接口。",实验执行&合成设备,实验执行&合成设备(experimental_step),12,auto-attenuationa|auto-attenuationb|auto-attenuationr|auto-bandwidth|auto-form|auto-paramater|auto-points|auto-sourcepower|auto-start|auto-stop|auto-sweepformat|auto-trace,attenuationa|attenuationb|attenuationr|bandwidth|form|paramater|points|sourcepower|start|stop|sweepformat|trace,24,Uni-Lab-OS/community_drivers/hp4395_a/info.txt
hp59501_b,hp59501_b,Hp59501 B是由Hewlett-Packard生产的实验执行&合成设备。,实验执行&合成设备,实验执行&合成设备(experimental_step),1,auto-set,set,2,Uni-Lab-OS/community_drivers/hp59501_b/info.txt
hp6624a,hp6624a,Hewlett-Packard Hp6624a是由Hewlett-Packard (Keysight)生产的专业实验设备。,实验执行&合成设备,实验执行&合成设备(experimental_step),11,auto-channel|auto-channel_count|auto-clear|auto-current|auto-current_sense|auto-mode|auto-query|auto-reset|auto-sendcmd|auto-voltage|auto-voltage_sense,channel|channel_count|clear|current|current_sense|mode|query|reset|sendcmd|voltage|voltage_sense,11,Uni-Lab-OS/community_drivers/hp6624a/info.txt
hp6632b,hp6632b,Hewlett-Packard Hp6632b是由Hewlett-Packard (Keysight)生产的实验执行&合成设备，主要功能包括初始化、触发。,实验执行&合成设备,实验执行&合成设备(experimental_step),19,auto-abort_output_trigger|auto-check_error_queue|auto-current_sense_range|auto-current_trigger|auto-digital_data|auto-digital_function|auto-display_brightness|auto-display_contrast|auto-init_output_continuous|auto-init_output_trigger|auto-line_frequency|auto-output_dfi|auto-output_dfi_source|auto-output_protection_delay|auto-output_remote_inhibit|auto-sense_sweep_interval|auto-sense_sweep_points|auto-sense_window|auto-voltage_trigger,abort_output_trigger|check_error_queue|current_sense_range|current_trigger|digital_data|digital_function|display_brightness|display_contrast|init_output_continuous|init_output_trigger|line_frequency|output_dfi|output_dfi_source|output_protection_delay|output_remote_inhibit|sense_sweep_interval|sense_sweep_points|sense_window|voltage_trigger,10,Uni-Lab-OS/community_drivers/hp6632b/info.txt
hp6652a,hp6652a,Hewlett-Packard Hp6652a是由Hewlett-Packard (Keysight)生产的专业实验设备。,实验执行&合成设备,实验执行&合成设备(experimental_step),11,auto-channel|auto-current|auto-display_text|auto-display_textmode|auto-mode|auto-name|auto-output|auto-overcurrent|auto-overvoltage|auto-reset|auto-voltage,channel|current|display_text|display_textmode|mode|name|output|overcurrent|overvoltage|reset|voltage,7,Uni-Lab-OS/community_drivers/hp6652a/info.txt
hp8116_a,hp8116_a,Hp8116 A是由Hewlett-Packard生产的专业实验设备。,实验执行&合成设备,实验执行&合成设备(experimental_step),5,auto-amplitude|auto-frequency|auto-offset|auto-shape|auto-state,amplitude|frequency|offset|shape|state,12,Uni-Lab-OS/community_drivers/hp8116_a/info.txt
hp85645_a,hp85645_a,"Hp85645 A是Hewlett-Packard提供的设备驱动，提供OUTPut_COUPling, OUTPut_COUPling, frequency, frequency等8个控制接口。",实验执行&合成设备,实验执行&合成设备(experimental_step),4,auto-OUTPut_COUPling|auto-amplitude|auto-frequency|auto-output,OUTPut_COUPling|amplitude|frequency|output,9,Uni-Lab-OS/community_drivers/hp85645_a/info.txt
hp8657_a,hp8657_a,Hp8657 A是由Hewlett-Packard生产的专业实验设备。,实验执行&合成设备,实验执行&合成设备(experimental_step),4,auto-amplitude|auto-frequency|auto-modulation_basic|auto-output,amplitude|frequency|modulation_basic|output,9,Uni-Lab-OS/community_drivers/hp8657_a/info.txt
hp8714_es_wrapper,hp8714_es_wrapper,Hewlett-Packard Hp8714 Es Wrapper是由Hewlett-Packard (Keysight)生产的专业实验设备。,表征设备,表征设备(experimental_step),26,auto-amplitudeOffset|auto-amplitudeReference|auto-amplitudeScale|auto-autoset|auto-bandwidthResolution|auto-bandwidthSweepTime|auto-clear_buffers|auto-frequencyCenter|auto-frequencySpan|auto-frequencyStart|auto-frequencyStop|auto-markerFunction|auto-markerMeasure|auto-markerToggle|auto-markerTracking|auto-peakNext|auto-peakSearch|auto-peakSet|auto-powerAttenuation|auto-powerOutput|auto-powerToggle|auto-reset|auto-sweepMode|auto-sweepPoints|auto-traceAcquire|auto-traceSetup,amplitudeOffset|amplitudeReference|amplitudeScale|autoset|bandwidthResolution|bandwidthSweepTime|clear_buffers|frequencyCenter|frequencySpan|frequencyStart|frequencyStop|markerFunction|markerMeasure|markerToggle|markerTracking|peakNext|peakSearch|peakSet|powerAttenuation|powerOutput|powerToggle|reset|sweepMode|sweepPoints|traceAcquire|traceSetup,27,Uni-Lab-OS/community_drivers/hp8714_es_wrapper/info.txt
hp8901_b,hp8901_b,Hp8901 B是由Hewlett-Packard生产的专业实验设备。,实验执行&合成设备,实验执行&合成设备(experimental_step),2,auto-MeasureAM|auto-MeasureFM,MeasureAM|MeasureFM,4,Uni-Lab-OS/community_drivers/hp8901_b/info.txt
hp8903_b,hp8903_b,Hp8903 B是由Hewlett-Packard生产的专业实验设备。,实验执行&合成设备,实验执行&合成设备(experimental_step),1,query,query,1,Uni-Lab-OS/community_drivers/hp8903_b/info.txt
hri,hri,High Resolution Imager驱动，支持clear async/query/query expect/clear/remote等19个操作。,表征设备,表征设备(experimental_step),19,auto-average_voltage|auto-clamp_voltage|auto-clear|auto-clear_async|auto-enabled|auto-mcp|auto-mode|auto-query|auto-query_expect|auto-remote|auto-revision|auto-rfgain|auto-status|auto-temperature|auto-trigger_ecl_level|auto-trigger_ecl_mode|auto-trigger_edge|auto-trigger_logic|auto-trigger_ttl_termination,average_voltage|clamp_voltage|clear|clear_async|enabled|mcp|mode|query|query_expect|remote|revision|rfgain|status|temperature|trigger_ecl_level|trigger_ecl_mode|trigger_edge|trigger_logic|trigger_ttl_termination,23,Uni-Lab-OS/community_drivers/hri/info.txt
http_client,http_client,Http Client是由Open Standard生产的专业实验设备。,实验执行&合成设备,实验执行&合成设备(experimental_step),3,auto-close|auto-make_request|auto-send_encrypted_sdp,close|make_request|send_encrypted_sdp,8,Uni-Lab-OS/community_drivers/http_client/info.txt
http_connection,http_connection,HTTP REST connection adapter based on Requests library,generic,,5,auto-close_connection|auto-is_connection_open|auto-open_connection|auto-receive|auto-transmit,close_connection|is_connection_open|open_connection|receive|transmit,27,Uni-Lab-OS/community_drivers/http_connection/info.txt
http_rule_pusher,http_rule_pusher,HTTPRulePusher,generic,,3,auto-cleanup|auto-fileTasksForFrames|auto-post_rule,cleanup|fileTasksForFrames|post_rule,12,Uni-Lab-OS/community_drivers/http_rule_pusher/info.txt
http_task_pusher,http_task_pusher,HTTPTaskPusher,generic,,2,auto-cleanup|auto-fileTasksForFrames,cleanup|fileTasksForFrames,13,Uni-Lab-OS/community_drivers/http_task_pusher/info.txt
i2c,i2c,I2c是由Open Standard生产的专业实验设备。,实验执行&合成设备,实验执行&合成设备(experimental_step),10,auto-init|auto-is_done|auto-read|auto-reset|auto-set_addr|auto-set_address|auto-set_data|auto-set_size|auto-start|auto-write,init|is_done|read|reset|set_addr|set_address|set_data|set_size|start|write,18,Uni-Lab-OS/community_drivers/i2c/info.txt
i7540d,i7540d,I7540d是由ICP DAS生产的专业实验设备。,实验执行&合成设备,实验执行&合成设备(experimental_step),10,auto-clear_error|auto-connected|auto-get_can_config|auto-get_status|auto-host|auto-reboot|auto-set_can_config|auto-standard_dataframe_query|auto-standard_dataframe_write|auto-timeout,clear_error|connected|get_can_config|get_status|host|reboot|set_can_config|standard_dataframe_query|standard_dataframe_write|timeout,23,Uni-Lab-OS/community_drivers/i7540d/info.txt
i_backend,i_backend,I Backend是一款实验执行&合成设备，主要功能包括传输、关闭、写入数据、复位、打开、读取数据。,实验执行&合成设备,实验执行&合成设备(experimental_step),25,auto-attach_kernel_driver|auto-bulk_read|auto-bulk_write|auto-claim_interface|auto-clear_halt|auto-close_device|auto-ctrl_transfer|auto-detach_kernel_driver|auto-enumerate_devices|auto-get_configuration|auto-get_configuration_descriptor|auto-get_device_descriptor|auto-get_endpoint_descriptor|auto-get_interface_descriptor|auto-get_parent|auto-intr_read|auto-intr_write|auto-is_kernel_driver_active|auto-iso_read|auto-iso_write|auto-open_device|auto-release_interface|auto-reset_device|auto-set_configuration|auto-set_interface_altsetting,attach_kernel_driver|bulk_read|bulk_write|claim_interface|clear_halt|close_device|ctrl_transfer|detach_kernel_driver|enumerate_devices|get_configuration|get_configuration_descriptor|get_device_descriptor|get_endpoint_descriptor|get_interface_descriptor|get_parent|intr_read|intr_write|is_kernel_driver_active|iso_read|iso_write|open_device|release_interface|reset_device|set_configuration|set_interface_altsetting,27,Uni-Lab-OS/community_drivers/i_backend/info.txt
i_chrome_mle,i_chrome_mle,I Chrome MLE是由TOPTICA Photonics生产的专业实验设备。,实验执行&合成设备,实验执行&合成设备(experimental_step),1,auto-devices,devices,37,Uni-Lab-OS/community_drivers/i_chrome_mle/info.txt
i_stream,i_stream,I Stream是一款实验执行&合成设备，主要功能包括关闭、写入数据、打开、读取数据。,实验执行&合成设备,实验执行&合成设备(experimental_step),3,auto-close|auto-read|auto-write,close|read|write,17,Uni-Lab-OS/community_drivers/i_stream/info.txt
ieee488,ieee488,Ieee488是由Open Standard (IEEE 488)生产的专业实验设备。,实验执行&合成设备,实验执行&合成设备(experimental_step),7,auto-ESE|auto-GTL|auto-OPC|auto-RCL|auto-RST|auto-SAV|auto-SRE,ESE|GTL|OPC|RCL|RST|SAV|SRE,19,Uni-Lab-OS/community_drivers/ieee488/info.txt
ieee4882_driver,ieee4882_driver,Ieee4882 Driver是由Open Standard (IEEE 488.,实验执行&合成设备,实验执行&合成设备(experimental_step),25,auto-clear_status|auto-clear_status_async|auto-event_status_enabled|auto-event_status_reg|auto-fitted_options|auto-idn|auto-poweron_status_clear_enabled|auto-recall_state|auto-recall_state_async|auto-reset|auto-reset_async|auto-save_state|auto-save_state_async|auto-self_test|auto-self_test_async|auto-service_request_enabled|auto-set_operation_complete_bit|auto-set_operation_complete_bit_async|auto-status_byte|auto-trigger|auto-trigger_async|auto-wait|auto-wait_async|auto-wait_operation_complete_bit|auto-wait_operation_complete_bit_async,clear_status|clear_status_async|event_status_enabled|event_status_reg|fitted_options|idn|poweron_status_clear_enabled|recall_state|recall_state_async|reset|reset_async|save_state|save_state_async|self_test|self_test_async|service_request_enabled|set_operation_complete_bit|set_operation_complete_bit_async|status_byte|trigger|trigger_async|wait|wait_async|wait_operation_complete_bit|wait_operation_complete_bit_async,20,Uni-Lab-OS/community_drivers/ieee4882_driver/info.txt
image_acquirer,image_acquirer,Image Acquirer是一款实验执行&合成设备，主要功能包括停止、加载、启动、复位、成像、读取数据。,实验执行&合成设备,实验执行&合成设备(experimental_step),33,auto-add_callback|auto-data_streams|auto-destroy|auto-device|auto-fetch|auto-fetch_buffer|auto-interface|auto-is_acquiring|auto-is_acquiring_images|auto-is_armed|auto-is_valid|auto-min_num_buffers|auto-num_buffers|auto-num_filled_buffers_to_hold|auto-num_holding_filled_buffers|auto-remote_device|auto-remove_callback|auto-remove_callbacks|auto-start|auto-start_acquisition|auto-start_image_acquisition|auto-statistics|auto-stop|auto-stop_acquisition|auto-stop_image_acquisition|auto-supported_events|auto-system|auto-thread_image_acquisition|auto-timeout_for_image_acquisition|auto-timeout_on_client_fetch_call|auto-timeout_period_on_client_fetch_call|auto-timeout_period_on_update_event_data_call|auto-try_fetch,add_callback|data_streams|destroy|device|fetch|fetch_buffer|interface|is_acquiring|is_acquiring_images|is_armed|is_valid|min_num_buffers|num_buffers|num_filled_buffers_to_hold|num_holding_filled_buffers|remote_device|remove_callback|remove_callbacks|start|start_acquisition|start_image_acquisition|statistics|stop|stop_acquisition|stop_image_acquisition|supported_events|system|thread_image_acquisition|timeout_for_image_acquisition|timeout_on_client_fetch_call|timeout_period_on_client_fetch_call|timeout_period_on_update_event_data_call|try_fetch,231,Uni-Lab-OS/community_drivers/image_acquirer/info.txt
ims,ims,IMS Integrated Motion System 透射电镜是由Intelligent Motion Systems生产的透射电子显微镜，主要功能包括使能、停止、初始化、参数配置、归零、状态查询。,透射电子显微镜,透射电子显微镜(device_template_tag),40,auto-auto_setup|auto-check_limit_switches|auto-check_pmgr|auto-check_value|auto-clear_all_flags|auto-clear_error|auto-clear_limits|auto-clear_powerup|auto-clear_stall|auto-configure|auto-diff_configuration|auto-disable|auto-done_comparator|auto-egu|auto-enable|auto-filter|auto-find_configuration|auto-format_status_info|auto-get_configuration|auto-get_configuration_values|auto-get_current_values|auto-get_high_limit|auto-get_low_limit|auto-home|auto-homed|auto-limits|auto-md|auto-move|auto-msta|auto-reinitialize|auto-screen|auto-set_current_position|auto-set_high_limit|auto-set_low_limit|auto-setup_pmgr|auto-spg_go|auto-spg_pause|auto-spg_stop|auto-stage|auto-subscribe,auto_setup|check_limit_switches|check_pmgr|check_value|clear_all_flags|clear_error|clear_limits|clear_powerup|clear_stall|configure|diff_configuration|disable|done_comparator|egu|enable|filter|find_configuration|format_status_info|get_configuration|get_configuration_values|get_current_values|get_high_limit|get_low_limit|home|homed|limits|md|move|msta|reinitialize|screen|set_current_position|set_high_limit|set_low_limit|setup_pmgr|spg_go|spg_pause|spg_stop|stage|subscribe,78,Uni-Lab-OS/community_drivers/ims/info.txt
incubator,incubator,Laboratory Incubator 培养箱是一款微生物培养箱，主要功能包括停止、关闭、加载、启动、打开、温度设置。,微生物培养箱,微生物培养箱(device_template_tag),16,auto-close_door|auto-deserialize|auto-fetch_plate_to_loading_tray|auto-find_random_site|auto-find_smallest_site_for_plate|auto-get_num_free_sites|auto-get_site_by_plate_name|auto-get_temperature|auto-open_door|auto-racks|auto-serialize|auto-set_temperature|auto-start_shaking|auto-stop_shaking|auto-summary|auto-take_in_plate,close_door|deserialize|fetch_plate_to_loading_tray|find_random_site|find_smallest_site_for_plate|get_num_free_sites|get_site_by_plate_name|get_temperature|open_door|racks|serialize|set_temperature|start_shaking|stop_shaking|summary|take_in_plate,19,Uni-Lab-OS/community_drivers/incubator/info.txt
incubator_shaker_stack,incubator_shaker_stack,Incubator-Shaker Stack System 透射电镜是一款透射电子显微镜，主要功能包括停止、关闭、加载、启动、打开、设置。,透射电子显微镜,透射电子显微镜(device_template_tag),11,auto-close_all|auto-get_all_temperatures|auto-num_units|auto-open_all|auto-request_loading_tray_states|auto-request_shaking_states|auto-request_temperature_control_states|auto-shake|auto-start_all_temperature_control|auto-stop_all_shaking|auto-stop_all_temperature_control,close_all|get_all_temperatures|num_units|open_all|request_loading_tray_states|request_shaking_states|request_temperature_control_states|shake|start_all_temperature_control|stop_all_shaking|stop_all_temperature_control,16,Uni-Lab-OS/community_drivers/incubator_shaker_stack/info.txt
incubator_stx,incubator_stx,IncubatorSTX,incubator,,7,auto-getClimate|auto-getPresetClimate|auto-inputPlate|auto-is_ready|auto-outputPlate|auto-resetAndActivate|auto-setPresetClimate,getClimate|getPresetClimate|inputPlate|is_ready|outputPlate|resetAndActivate|setPresetClimate,32,Uni-Lab-OS/community_drivers/incubator_stx/info.txt
inheco_incubator_shaker_stack_backend,inheco_incubator_shaker_stack_backend,Inheco SCILA 培养箱摇床堆栈后端是由皕赫科学仪器（上海）有限公司生产的专业实验设备。,恒温摇床,恒温摇床(device_template_tag),70,auto-close|auto-delete_counter|auto-get_temperature|auto-initialize|auto-is_shaking_enabled|auto-is_temperature_control_enabled|auto-number_of_connected_units|auto-open|auto-perform_self_test|auto-read_whole_shaker_calibration_data|auto-request_calibration_high|auto-request_calibration_low|auto-request_delta_temperature|auto-request_drawer_cycles_performed|auto-request_drawer_status|auto-request_firmware_version|auto-request_incubator_type|auto-request_is_initialized|auto-request_labware_detection_threshold|auto-request_last_calibration_date|auto-request_machine_allocation|auto-request_maximum_allowed_temperature|auto-request_motor_current_limit_anticlockwise|auto-request_motor_current_limit_clockwise|auto-request_motor_power_anticlockwise|auto-request_motor_power_clockwise|auto-request_number_of_connected_machines|auto-request_operation_time_in_hours|auto-request_pid_controller_coefficients|auto-request_plate_in_incubator|auto-request_plate_status_known|auto-request_proportionality_factor|auto-request_serial_number|auto-request_shaker_amplitude_x|auto-request_shaker_amplitude_y|auto-request_shaker_calibration_value|auto-request_shaker_frequency_x|auto-request_shaker_frequency_y|auto-request_shaker_phase_shift|auto-request_target_temperature|auto-request_thermal_calibration_date|auto-request_whole_calibration_data|auto-reset_calibration_data|auto-send_command|auto-set_boost_offset|auto-set_boost_time|auto-set_calibration_high|auto-set_calibration_low|auto-set_cooldown_time_factor|auto-set_heatup_offset|auto-set_heatup_time_factor|auto-set_max_allowed_device_temperature|auto-set_motor_current_limit_anticlockwise|auto-set_motor_current_limit_clockwise|auto-set_motor_power_anticlockwise|auto-set_motor_power_clockwise|auto-set_pid_integration_value|auto-set_pid_proportional_gain|auto-set_proportionality_factor|auto-set_shaker_calibration_value|auto-set_shaker_parameters|auto-set_shaker_pattern|auto-set_shaker_status|auto-setup|auto-shake|auto-start_temperature_control|auto-stop|auto-stop_shaking|auto-stop_temperature_control|auto-wait_for_temperature,close|delete_counter|get_temperature|initialize|is_shaking_enabled|is_temperature_control_enabled|number_of_connected_units|open|perform_self_test|read_whole_shaker_calibration_data|request_calibration_high|request_calibration_low|request_delta_temperature|request_drawer_cycles_performed|request_drawer_status|request_firmware_version|request_incubator_type|request_is_initialized|request_labware_detection_threshold|request_last_calibration_date|request_machine_allocation|request_maximum_allowed_temperature|request_motor_current_limit_anticlockwise|request_motor_current_limit_clockwise|request_motor_power_anticlockwise|request_motor_power_clockwise|request_number_of_connected_machines|request_operation_time_in_hours|request_pid_controller_coefficients|request_plate_in_incubator|request_plate_status_known|request_proportionality_factor|request_serial_number|request_shaker_amplitude_x|request_shaker_amplitude_y|request_shaker_calibration_value|request_shaker_frequency_x|request_shaker_frequency_y|request_shaker_phase_shift|request_target_temperature|request_thermal_calibration_date|request_whole_calibration_data|reset_calibration_data|send_command|set_boost_offset|set_boost_time|set_calibration_high|set_calibration_low|set_cooldown_time_factor|set_heatup_offset|set_heatup_time_factor|set_max_allowed_device_temperature|set_motor_current_limit_anticlockwise|set_motor_current_limit_clockwise|set_motor_power_anticlockwise|set_motor_power_clockwise|set_pid_integration_value|set_pid_proportional_gain|set_proportionality_factor|set_shaker_calibration_value|set_shaker_parameters|set_shaker_pattern|set_shaker_status|setup|shake|start_temperature_control|stop|stop_shaking|stop_temperature_control|wait_for_temperature,129,Uni-Lab-OS/community_drivers/inheco_incubator_shaker_stack_backend/info.txt
inheco_incubator_shaker_unit,inheco_incubator_shaker_unit,Inheco 培养箱振荡单元是由皕赫科学仪器（上海）有限公司生产的专业实验设备。,恒温摇床,恒温摇床(device_template_tag),68,auto-close|auto-delete_counter|auto-get_temperature|auto-initialize|auto-is_shaking_enabled|auto-is_temperature_control_enabled|auto-number_of_connected_units|auto-open|auto-perform_self_test|auto-read_whole_shaker_calibration_data|auto-request_calibration_high|auto-request_calibration_low|auto-request_delta_temperature|auto-request_drawer_cycles_performed|auto-request_drawer_status|auto-request_firmware_version|auto-request_incubator_type|auto-request_is_initialized|auto-request_labware_detection_threshold|auto-request_last_calibration_date|auto-request_machine_allocation|auto-request_maximum_allowed_temperature|auto-request_motor_current_limit_anticlockwise|auto-request_motor_current_limit_clockwise|auto-request_motor_power_anticlockwise|auto-request_motor_power_clockwise|auto-request_number_of_connected_machines|auto-request_operation_time_in_hours|auto-request_pid_controller_coefficients|auto-request_plate_in_incubator|auto-request_plate_status_known|auto-request_proportionality_factor|auto-request_serial_number|auto-request_shaker_amplitude_x|auto-request_shaker_amplitude_y|auto-request_shaker_calibration_value|auto-request_shaker_frequency_x|auto-request_shaker_frequency_y|auto-request_shaker_phase_shift|auto-request_target_temperature|auto-request_thermal_calibration_date|auto-request_whole_calibration_data|auto-reset_calibration_data|auto-send_command|auto-set_boost_offset|auto-set_boost_time|auto-set_calibration_high|auto-set_calibration_low|auto-set_cooldown_time_factor|auto-set_heatup_offset|auto-set_heatup_time_factor|auto-set_max_allowed_device_temperature|auto-set_motor_current_limit_anticlockwise|auto-set_motor_current_limit_clockwise|auto-set_motor_power_anticlockwise|auto-set_motor_power_clockwise|auto-set_pid_integration_value|auto-set_pid_proportional_gain|auto-set_proportionality_factor|auto-set_shaker_calibration_value|auto-set_shaker_parameters|auto-set_shaker_pattern|auto-set_shaker_status|auto-shake|auto-start_temperature_control|auto-stop_shaking|auto-stop_temperature_control|auto-wait_for_temperature,close|delete_counter|get_temperature|initialize|is_shaking_enabled|is_temperature_control_enabled|number_of_connected_units|open|perform_self_test|read_whole_shaker_calibration_data|request_calibration_high|request_calibration_low|request_delta_temperature|request_drawer_cycles_performed|request_drawer_status|request_firmware_version|request_incubator_type|request_is_initialized|request_labware_detection_threshold|request_last_calibration_date|request_machine_allocation|request_maximum_allowed_temperature|request_motor_current_limit_anticlockwise|request_motor_current_limit_clockwise|request_motor_power_anticlockwise|request_motor_power_clockwise|request_number_of_connected_machines|request_operation_time_in_hours|request_pid_controller_coefficients|request_plate_in_incubator|request_plate_status_known|request_proportionality_factor|request_serial_number|request_shaker_amplitude_x|request_shaker_amplitude_y|request_shaker_calibration_value|request_shaker_frequency_x|request_shaker_frequency_y|request_shaker_phase_shift|request_target_temperature|request_thermal_calibration_date|request_whole_calibration_data|reset_calibration_data|send_command|set_boost_offset|set_boost_time|set_calibration_high|set_calibration_low|set_cooldown_time_factor|set_heatup_offset|set_heatup_time_factor|set_max_allowed_device_temperature|set_motor_current_limit_anticlockwise|set_motor_current_limit_clockwise|set_motor_power_anticlockwise|set_motor_power_clockwise|set_pid_integration_value|set_pid_proportional_gain|set_proportionality_factor|set_shaker_calibration_value|set_shaker_parameters|set_shaker_pattern|set_shaker_status|shake|start_temperature_control|stop_shaking|stop_temperature_control|wait_for_temperature,129,Uni-Lab-OS/community_drivers/inheco_incubator_shaker_unit/info.txt
inheco_tec_control_box,inheco_tec_control_box,INHECO TEC Control Box热电温度控制模块，用于微孔板精确温度控制。,冷热水机,冷热水机(device_template_tag),5,auto-reset_action_display|auto-send_command|auto-set_touchscreen|auto-setup|auto-stop,reset_action_display|send_command|set_touchscreen|setup|stop,10,Uni-Lab-OS/community_drivers/inheco_tec_control_box/info.txt
inheco_thermoshake_backend,inheco_thermoshake_backend,Inheco ThermoShake 热振荡模块后端是由皕赫科学仪器（上海）有限公司生产的专业实验设备。,恒温摇床,恒温摇床(device_template_tag),8,auto-lock_plate|auto-set_shaker_shape|auto-set_shaker_speed|auto-shake|auto-start_shaking|auto-stop_shaking|auto-supports_locking|auto-unlock_plate,lock_plate|set_shaker_shape|set_shaker_speed|shake|start_shaking|stop_shaking|supports_locking|unlock_plate,10,Uni-Lab-OS/community_drivers/inheco_thermoshake_backend/info.txt
innova300_c,innova300_c,Innova 300C 氩离子激光器驱动是由Coherent Corp.,表征设备,表征设备(experimental_step),14,auto-baudrate|auto-center_powertrack|auto-center_powertrack_async|auto-current_setpoint|auto-etalon_temperature_setpoint|auto-faults|auto-initialize|auto-is_in_start_delay|auto-magnetic_field_setpoint_high|auto-power_setpoint|auto-powertrack_position|auto-query|auto-recalibrate_powertrack|auto-recalibrate_powertrack_async,baudrate|center_powertrack|center_powertrack_async|current_setpoint|etalon_temperature_setpoint|faults|initialize|is_in_start_delay|magnetic_field_setpoint_high|power_setpoint|powertrack_position|query|recalibrate_powertrack|recalibrate_powertrack_async,20,Uni-Lab-OS/community_drivers/innova300_c/info.txt
instru_socket,instru_socket,Instru Socket，支持ask、write等功能。,实验执行&合成设备,实验执行&合成设备(experimental_step),2,auto-ask|auto-write,ask|write,3,Uni-Lab-OS/community_drivers/instru_socket/info.txt
instrument,instrument,Instrument是一款实验执行&合成设备，主要功能包括写入数据、读取数据。,实验执行&合成设备,实验执行&合成设备(experimental_step),2,auto-read_raw|auto-write_raw,read_raw|write_raw,3,Uni-Lab-OS/community_drivers/instrument/info.txt
instrument_db,instrument_db,Instrument DB是一款实验执行&合成设备，主要功能包括数据保存、设备连接、运动控制。,实验执行&合成设备,实验执行&合成设备(experimental_step),34,auto-add_instrument|auto-add_instrument_pvs|auto-add_pv|auto-check_admin_password|auto-check_hostpid|auto-check_version|auto-commit|auto-connect_pvs|auto-create_newdb|auto-get_all_instruments|auto-get_allpvs|auto-get_config|auto-get_instrument|auto-get_instrument_pvs|auto-get_position|auto-get_position_values|auto-get_positionlist|auto-get_positions|auto-get_pv|auto-get_pvtype|auto-get_pvtypes|auto-map_pvtypes|auto-query|auto-remove_instrument|auto-remove_instrument_pv|auto-remove_position|auto-rename_position|auto-restore_complete|auto-restore_position|auto-save_position|auto-set_admin_password|auto-set_config|auto-set_hostpid|auto-set_pvtype,add_instrument|add_instrument_pvs|add_pv|check_admin_password|check_hostpid|check_version|commit|connect_pvs|create_newdb|get_all_instruments|get_allpvs|get_config|get_instrument|get_instrument_pvs|get_position|get_position_values|get_positionlist|get_positions|get_pv|get_pvtype|get_pvtypes|map_pvtypes|query|remove_instrument|remove_instrument_pv|remove_position|rename_position|restore_complete|restore_position|save_position|set_admin_password|set_config|set_hostpid|set_pvtype,40,Uni-Lab-OS/community_drivers/instrument_db/info.txt
instrument_drivers__device,instrument_drivers__device,Driver for the Keysight N777x Tunable Laser Module,laser|keysight,,32,auto-apply|auto-apply_gui_parameters|auto-call|auto-check_errors|auto-check_key_turned|auto-clear_status|auto-configure|auto-configure_list_mode|auto-configure_trigger_output|auto-deinitialize|auto-initialize|auto-is_laser_on|auto-measure|auto-poweroff|auto-poweron|auto-request_result|auto-reset|auto-set_laser_off|auto-set_laser_on|auto-set_power|auto-set_power_unit|auto-set_sweep_cycles|auto-set_sweep_speed|auto-set_sweep_start|auto-set_sweep_step|auto-set_sweep_stop|auto-set_trigger_configuration|auto-set_wavelength|auto-turn_key|auto-unconfigure|auto-update_gui_parameters|auto-wait_for_sweep_completion,apply|apply_gui_parameters|call|check_errors|check_key_turned|clear_status|configure|configure_list_mode|configure_trigger_output|deinitialize|initialize|is_laser_on|measure|poweroff|poweron|request_result|reset|set_laser_off|set_laser_on|set_power|set_power_unit|set_sweep_cycles|set_sweep_speed|set_sweep_start|set_sweep_step|set_sweep_stop|set_trigger_configuration|set_wavelength|turn_key|unconfigure|update_gui_parameters|wait_for_sweep_completion,40,Uni-Lab-OS/community_drivers/instrument_drivers__device/info.txt
instrument_drivers__not_implemented_wrapper,instrument_drivers__not_implemented_wrapper,n77xx,custom,,0,,,51,Uni-Lab-OS/community_drivers/instrument_drivers__not_implemented_wrapper/info.txt
instrument_drivers__scpi,instrument_drivers__scpi,Builds OPC-UA address space from configuration,generic,,1,auto-build,build,20,Uni-Lab-OS/community_drivers/instrument_drivers__scpi/info.txt
integer_id_rule,integer_id_rule,A rule which generates tasks based on a template,generic,,7,auto-bid|auto-inactivate|auto-info|auto-make_range_available|auto-mark_complete|auto-mark_release_complete|auto-poll_timeouts,bid|inactivate|info|make_range_available|mark_complete|mark_release_complete|poll_timeouts,32,Uni-Lab-OS/community_drivers/integer_id_rule/info.txt
internal_device,internal_device,Internal Device是一款实验执行&合成设备，主要功能包括关闭、加载、启动。,实验执行&合成设备,实验执行&合成设备(experimental_step),14,auto-close|auto-closed|auto-end_time|auto-event_delay|auto-host|auto-is_active|auto-load_average|auto-start_time|auto-temperature|auto-usage|auto-utc|auto-value|auto-wait_for_active|auto-wait_for_inactive,close|closed|end_time|event_delay|host|is_active|load_average|start_time|temperature|usage|utc|value|wait_for_active|wait_for_inactive,38,Uni-Lab-OS/community_drivers/internal_device/info.txt
interval_graphic,interval_graphic,Interval Graphic是一款实验执行&合成设备，主要功能包括使能、关闭、写入数据、启动、复位、成像。,实验执行&合成设备,实验执行&合成设备(experimental_step),17,auto-adjust_part|auto-begin_drag|auto-end|auto-end_drag|auto-get_attributes|auto-get_region|auto-interval|auto-mime_data_dict|auto-nudge|auto-read_from_mime_data|auto-read_interval|auto-read_properties_from_dict|auto-reset_position|auto-start|auto-test|auto-validate_interval|auto-write_interval,adjust_part|begin_drag|end|end_drag|get_attributes|get_region|interval|mime_data_dict|nudge|read_from_mime_data|read_interval|read_properties_from_dict|reset_position|start|test|validate_interval|write_interval,401,Uni-Lab-OS/community_drivers/interval_graphic/info.txt
interval_list_connection,interval_list_connection,Interval List Connection是一款实验执行&合成设备，主要功能包括关闭、设备连接。,实验执行&合成设备,实验执行&合成设备(experimental_step),10,auto-connected_items|auto-detach|auto-item_inserted|auto-item_removed|auto-reattach|auto-source_registered|auto-source_specifier|auto-target_registered|auto-target_specifier|auto-unregistered,connected_items|detach|item_inserted|item_removed|reattach|source_registered|source_specifier|target_registered|target_specifier|unregistered,41,Uni-Lab-OS/community_drivers/interval_list_connection/info.txt
io_slave,io_slave,Implementation of IOSlave without context managers on the serial commands,serial_device,,5,auto-GetAnalog|auto-GetTemperature|auto-SetAnalog|auto-SetDigital|auto-SetFlash,GetAnalog|GetTemperature|SetAnalog|SetDigital|SetFlash,29,Uni-Lab-OS/community_drivers/io_slave/info.txt
io_slave_always_open,io_slave_always_open,Implementation of IOSlave without context managers on the serial commands,generic,,6,auto-GetAnalog|auto-GetTemperature|auto-SetAnalog|auto-SetDigital|auto-SetFlash|auto-SetServo,GetAnalog|GetTemperature|SetAnalog|SetDigital|SetFlash|SetServo,29,Uni-Lab-OS/community_drivers/io_slave_always_open/info.txt
ip_camera_capture,ip_camera_capture,IP Camera Capture是一款实验执行&合成设备，主要功能包括使能、停止、启动、增益设置、设备连接。,实验执行&合成设备,实验执行&合成设备(experimental_step),11,auto-discover|auto-enable_auto_exposure|auto-get_config_schema|auto-get_exposure|auto-get_gain|auto-get_latest_frame|auto-set_exposure|auto-set_frame_size|auto-set_gain|auto-start_async|auto-stop,discover|enable_auto_exposure|get_config_schema|get_exposure|get_gain|get_latest_frame|set_exposure|set_frame_size|set_gain|start_async|stop,18,Uni-Lab-OS/community_drivers/ip_camera_capture/info.txt
ip_connection,ip_connection,Class representing the IP connection into the Accurion apps,custom,,1,auto-close,close,7,Uni-Lab-OS/community_drivers/ip_connection/info.txt
iq,iq,Zurich Instruments IQ Demodulator是一款实验执行&合成设备，主要功能包括写入数据、读取数据。,实验执行&合成设备,实验执行&合成设备(experimental_step),8,auto-main|auto-readIqTar|auto-readIqw|auto-readWv|auto-writeIqTar|auto-writeIqw|auto-writeWv|auto-writeXml,main|readIqTar|readIqw|readWv|writeIqTar|writeIqw|writeWv|writeXml,13,Uni-Lab-OS/community_drivers/iq/info.txt
iscan_bus,iscan_bus,Iscan BUS是由Ixxat (HMS Networks)生产的专业实验设备。,实验执行&合成设备,实验执行&合成设备(experimental_step),2,auto-send|auto-shutdown,send|shutdown,7,Uni-Lab-OS/community_drivers/iscan_bus/info.txt
iseg_hv,iseg_hv,Iseg HV是由ISEG Spezialelektronik生产的实验执行&合成设备，主要功能包括写入数据、初始化、启动、状态查询、电压设置、电压读取。,实验执行&合成设备,实验执行&合成设备(experimental_step),61,auto-I_MAX|auto-SOFTWARE_REL|auto-UNIT_NUMBER|auto-V_MAX|auto-answer_delay|auto-autostart|auto-channel|auto-current|auto-current_trip|auto-get_answer_delay|auto-get_autostart|auto-get_current|auto-get_current_channel|auto-get_current_limit|auto-get_current_trip|auto-get_hardware_voltage_limit|auto-get_high_voltage|auto-get_identifier|auto-get_module_description|auto-get_module_status|auto-get_on|auto-get_polarity|auto-get_ramp_speed|auto-get_source_voltage|auto-get_status_description|auto-get_status_word|auto-get_voltage|auto-get_voltage_limit|auto-hv_off|auto-hv_on|auto-identifier|auto-init|auto-module_description|auto-module_msg|auto-module_status|auto-off|auto-on|auto-polarity|auto-query|auto-ramp_speed|auto-read|auto-set_answer_delay|auto-set_autostart|auto-set_current|auto-set_current_channel|auto-set_current_trip|auto-set_high_voltage|auto-set_ramp_speed|auto-set_voltage|auto-set_voltage_limit|auto-set_voltage_range|auto-soruce_volt|auto-source_current|auto-start_voltage_ramp|auto-status_description|auto-status_word|auto-v_lim|auto-voltage|auto-voltage_limit|auto-voltage_target|auto-write,I_MAX|SOFTWARE_REL|UNIT_NUMBER|V_MAX|answer_delay|autostart|channel|current|current_trip|get_answer_delay|get_autostart|get_current|get_current_channel|get_current_limit|get_current_trip|get_hardware_voltage_limit|get_high_voltage|get_identifier|get_module_description|get_module_status|get_on|get_polarity|get_ramp_speed|get_source_voltage|get_status_description|get_status_word|get_voltage|get_voltage_limit|hv_off|hv_on|identifier|init|module_description|module_msg|module_status|off|on|polarity|query|ramp_speed|read|set_answer_delay|set_autostart|set_current|set_current_channel|set_current_trip|set_high_voltage|set_ramp_speed|set_voltage|set_voltage_limit|set_voltage_range|soruce_volt|source_current|start_voltage_ramp|status_description|status_word|v_lim|voltage|voltage_limit|voltage_target|write,68,Uni-Lab-OS/community_drivers/iseg_hv/info.txt
isotcp_connection,isotcp_connection,Isotcp Connection是由Open Standard生产的专业实验设备。,实验执行&合成设备,实验执行&合成设备(experimental_step),5,auto-check_connection|auto-connect|auto-disconnect|auto-receive_data|auto-send_data,check_connection|connect|disconnect|receive_data|send_data,18,Uni-Lab-OS/community_drivers/isotcp_connection/info.txt
it63_xx,it63_xx,It63 XX是由ITECH Electronics生产的专业实验设备。,实验执行&合成设备,实验执行&合成设备(experimental_step),7,auto-beep|auto-channel_off|auto-channel_on|auto-meas_current|auto-meas_voltage|auto-set_current|auto-set_voltage,beep|channel_off|channel_on|meas_current|meas_voltage|set_current|set_voltage,8,Uni-Lab-OS/community_drivers/it63_xx/info.txt
it8500,it8500,IT8500+ Series DC Electronic Load是由ITECH Electronics生产的电池测试柜，主要功能包括初始化、测量、电流设置。,电池测试柜,电池测试柜(device_template_tag),10,auto-initialize|auto-lock_front_panel|auto-measure_current|auto-measure_voltage|auto-remote_sense|auto-set_current|auto-set_cv_voltage|auto-set_mode_current|auto-set_mode_voltage|auto-toggle_output,initialize|lock_front_panel|measure_current|measure_voltage|remote_sense|set_current|set_cv_voltage|set_mode_current|set_mode_voltage|toggle_output,12,Uni-Lab-OS/community_drivers/it8500/info.txt
iv__combined__backend,iv__combined__backend,I-V Combined Measurement Backend是一款表征设备，主要功能包括参数配置、扫频、测量、设备连接。,表征设备,表征设备(experimental_step),5,auto-configure_source|auto-connect_instruments|auto-measure_point|auto-run_sweep|auto-shutdown,configure_source|connect_instruments|measure_point|run_sweep|shutdown,7,Uni-Lab-OS/community_drivers/iv__combined__backend/info.txt
ivvi_current_source,ivvi_current_source,IVVI DAC/Current Source是由Delft University生产的实验执行&合成设备，主要功能包括测量。,实验执行&合成设备,实验执行&合成设备(experimental_step),5,auto-ItomV|auto-mVtoI|auto-measureR|auto-measurei|auto-seti,ItomV|mVtoI|measureR|measurei|seti,8,Uni-Lab-OS/community_drivers/ivvi_current_source/info.txt
ix2,ix2,Olympus IX2 倒置显微镜 光学显微镜 显微镜是由Olympus (Evident)生产的专业实验设备。,普通光学显微镜,普通光学显微镜(device_template_tag),8,auto-idn|auto-init_origin|auto-lamp_status|auto-move_relative|auto-movement_status|auto-query|auto-soft_limits|auto-z,idn|init_origin|lamp_status|move_relative|movement_status|query|soft_limits|z,14,Uni-Lab-OS/community_drivers/ix2/info.txt
ixbx,ixbx,Olympus IX/BX 系列显微镜 光学显微镜 显微镜是由Olympus (Evident)生产的专业实验设备。,普通光学显微镜,普通光学显微镜(device_template_tag),10,auto-idn|auto-init_origin|auto-lamp_status|auto-move_relative|auto-move_relative_async|auto-movement_status|auto-query|auto-soft_limits|auto-stop|auto-z,idn|init_origin|lamp_status|move_relative|move_relative_async|movement_status|query|soft_limits|stop|z,14,Uni-Lab-OS/community_drivers/ixbx/info.txt
ja_socket,ja_socket,JA Socket设备驱动。,实验执行&合成设备,实验执行&合成设备(experimental_step),7,auto-close|auto-open|auto-query|auto-read_raw|auto-timeout|auto-write|auto-write_raw,close|open|query|read_raw|timeout|write|write_raw,8,Uni-Lab-OS/community_drivers/ja_socket/info.txt
ja_visa,ja_visa,JA Visa设备驱动。,实验执行&合成设备,实验执行&合成设备(experimental_step),8,auto-close|auto-open|auto-query|auto-read_raw|auto-reslist|auto-timeout|auto-write|auto-write_raw,close|open|query|read_raw|reslist|timeout|write|write_raw,9,Uni-Lab-OS/community_drivers/ja_visa/info.txt
julabo1000_f,julabo1000_f,Julabo1000 F是由JULABO GmbH生产的实验执行&合成设备，主要功能包括停止、写入数据、初始化、功率设置、功率读取、启动。,实验执行&合成设备,实验执行&合成设备(experimental_step),15,auto-get_mode|auto-get_power|auto-get_set_power|auto-get_set_temp|auto-get_status|auto-get_temp|auto-get_version|auto-init|auto-read|auto-set_mode|auto-set_power|auto-set_temp|auto-start_chiller|auto-stop_chiller|auto-write,get_mode|get_power|get_set_power|get_set_temp|get_status|get_temp|get_version|init|read|set_mode|set_power|set_temp|start_chiller|stop_chiller|write,16,Uni-Lab-OS/community_drivers/julabo1000_f/info.txt
julabo_f32_hd,julabo_f32_hd,Julabo F32 HD是由JULABO GmbH生产的实验执行&合成设备，主要功能包括停止、写入数据、初始化、启动、状态查询、读取数据。,实验执行&合成设备,实验执行&合成设备(experimental_step),7,auto-get_identifier|auto-get_status|auto-init|auto-read|auto-start_thermostat|auto-stop_thermostat|auto-write,get_identifier|get_status|init|read|start_thermostat|stop_thermostat|write,8,Uni-Lab-OS/community_drivers/julabo_f32_hd/info.txt
julabo_fp50,julabo_fp50,Julabo Fp50是由JULABO GmbH生产的实验执行&合成设备，主要功能包括停止、写入数据、初始化、功率设置、启动、状态查询。,实验执行&合成设备,实验执行&合成设备(experimental_step),11,auto-get_set_temp|auto-get_status|auto-get_temp|auto-get_version|auto-init|auto-read|auto-set_power|auto-set_temp|auto-start_chiller|auto-stop_chiller|auto-write,get_set_temp|get_status|get_temp|get_version|init|read|set_power|set_temp|start_chiller|stop_chiller|write,12,Uni-Lab-OS/community_drivers/julabo_fp50/info.txt
k2015,k2015,K2015是由Keithley Instruments生产的专业实验设备。,实验执行&合成设备,实验执行&合成设备(experimental_step),6,auto-beep|auto-read|auto-resistance|auto-serialASK|auto-serialWrite|auto-setresistance,beep|read|resistance|serialASK|serialWrite|setresistance,7,Uni-Lab-OS/community_drivers/k2015/info.txt
kaxxxxp,kaxxxxp,Korad KAxxxxP 可编程直流电源 电源是由Korad Technology生产的专业实验设备。,实验执行&合成设备,实验执行&合成设备(experimental_step),9,auto-initialize|auto-lock_commands|auto-measure_current|auto-measure_power|auto-measure_voltage|auto-remote_sense|auto-set_current|auto-set_voltage|auto-toggle_output,initialize|lock_commands|measure_current|measure_power|measure_voltage|remote_sense|set_current|set_voltage|toggle_output,11,Uni-Lab-OS/community_drivers/kaxxxxp/info.txt
keithley195,keithley195,Keithley195是由Keithley (Tektronix)生产的表征设备，主要功能包括测量、状态查询、自动量程、触发。,表征设备,表征设备(experimental_step),9,auto-auto_range|auto-get_status_word|auto-input_range|auto-measure|auto-mode|auto-parse_status_word|auto-relative|auto-trigger|auto-trigger_mode,auto_range|get_status_word|input_range|measure|mode|parse_status_word|relative|trigger|trigger_mode,14,Uni-Lab-OS/community_drivers/keithley195/info.txt
keithley485,keithley485,Keithley 485 Autoranging Picoammeter是由Keithley (Tektronix)生产的表征设备，主要功能包括归零校准、日志记录、测量、状态查询、自动量程、触发。,表征设备,表征设备(experimental_step),9,auto-auto_range|auto-eoi_mode|auto-get_status|auto-input_range|auto-log|auto-measure|auto-relative|auto-trigger_mode|auto-zero_check,auto_range|eoi_mode|get_status|input_range|log|measure|relative|trigger_mode|zero_check,19,Uni-Lab-OS/community_drivers/keithley485/info.txt
keithley580,keithley580,Keithley580是由Keithley (Tektronix)生产的表征设备，主要功能包括测量、状态查询、自动量程、触发。,表征设备,表征设备(experimental_step),17,auto-auto_range|auto-drive|auto-dry_circuit_test|auto-get_status_word|auto-input_range|auto-measure|auto-operate|auto-parse_measurement|auto-parse_status_word|auto-polarity|auto-query|auto-relative|auto-sendcmd|auto-set_calibration_value|auto-store_calibration_constants|auto-trigger|auto-trigger_mode,auto_range|drive|dry_circuit_test|get_status_word|input_range|measure|operate|parse_measurement|parse_status_word|polarity|query|relative|sendcmd|set_calibration_value|store_calibration_constants|trigger|trigger_mode,25,Uni-Lab-OS/community_drivers/keithley580/info.txt
keithley6220,keithley6220,Keithley6220是由Keithley (Tektronix)生产的表征设备，主要功能包括禁用。,表征设备,表征设备(experimental_step),4,auto-channel|auto-current|auto-disable|auto-voltage,channel|current|disable|voltage,5,Uni-Lab-OS/community_drivers/keithley6220/info.txt
keithley6514,keithley6514,Keithley6514是由Keithley (Tektronix)生产的表征设备，主要功能包括测量、自动量程。,表征设备,表征设备(experimental_step),11,auto-arm_source|auto-auto_config|auto-auto_range|auto-fetch|auto-input_range|auto-mode|auto-read_measurements|auto-trigger_mode|auto-unit|auto-zero_check|auto-zero_correct,arm_source|auto_config|auto_range|fetch|input_range|mode|read_measurements|trigger_mode|unit|zero_check|zero_correct,11,Uni-Lab-OS/community_drivers/keithley6514/info.txt
keithley79996,keithley79996,Keithley79996，由Keithley Instruments提供的设备驱动，用于实验室自动化控制与数据采集。,实验执行&合成设备,实验执行&合成设备(experimental_step),1,query,query,1,Uni-Lab-OS/community_drivers/keithley79996/info.txt
kel10_x,kel10_x,Korad KEL10x DC Electronic Load是由Korad Technology生产的电池测试柜，主要功能包括初始化、测量、电流设置。,电池测试柜,电池测试柜(device_template_tag),11,auto-initialize|auto-lock_front_panel|auto-measure_current|auto-measure_power|auto-measure_voltage|auto-remote_sense|auto-set_current|auto-set_cv_voltage|auto-set_mode_current|auto-set_mode_voltage|auto-toggle_output,initialize|lock_front_panel|measure_current|measure_power|measure_voltage|remote_sense|set_current|set_cv_voltage|set_mode_current|set_mode_voltage|toggle_output,13,Uni-Lab-OS/community_drivers/kel10_x/info.txt
kepco_bop_20_20_m,kepco_bop_20_20_m,Kepco BOP 20-20M 双极性电源 电源是由Kepco Inc.,实验执行&合成设备,实验执行&合成设备(experimental_step),4,auto-measureR|auto-measurei|auto-measurev|auto-seti,measureR|measurei|measurev|seti,9,Uni-Lab-OS/community_drivers/kepco_bop_20_20_m/info.txt
keyboard_listener,keyboard_listener,Keyboard Listener设备驱动。,实验执行&合成设备,实验执行&合成设备(experimental_step),4,auto-run|auto-run_keyboard|auto-start|auto-stop,run|run_keyboard|start|stop,7,Uni-Lab-OS/community_drivers/keyboard_listener/info.txt
keysight,keysight,Keysight 仪器通用接口 Keysight是由Keysight Technologies生产的表征设备，主要功能包括使能、停止、测量、设置、运行。,表征设备,表征设备(experimental_step),44,auto-DVMisEnabled|auto-annotate|auto-annotateColor|auto-annotateOff|auto-channelLabel|auto-channelLabelOff|auto-enableDVM|auto-hardcopy|auto-measureBitRate|auto-measureBurstWidth|auto-measureCounterFrequency|auto-measureDVMacrms|auto-measureDVMdc|auto-measureDVMdcrms|auto-measureDVMfreq|auto-measureFallEdgeCount|auto-measureFallPulseCount|auto-measureFallTime|auto-measureFrequency|auto-measureNegDutyCycle|auto-measureNegPulseWidth|auto-measureOvershoot|auto-measurePeriod|auto-measurePosDutyCycle|auto-measurePosPulseWidth|auto-measurePreshoot|auto-measureRiseEdgeCount|auto-measureRisePulseCount|auto-measureRiseTime|auto-measureTblCall|auto-measureTblUnits|auto-measureVoltAmplitude|auto-measureVoltAverage|auto-measureVoltBase|auto-measureVoltMax|auto-measureVoltMin|auto-measureVoltPP|auto-measureVoltRMS|auto-measureVoltTop|auto-modeRun|auto-modeSingle|auto-modeStop|auto-setupAutoscale|auto-waveformData,DVMisEnabled|annotate|annotateColor|annotateOff|channelLabel|channelLabelOff|enableDVM|hardcopy|measureBitRate|measureBurstWidth|measureCounterFrequency|measureDVMacrms|measureDVMdc|measureDVMdcrms|measureDVMfreq|measureFallEdgeCount|measureFallPulseCount|measureFallTime|measureFrequency|measureNegDutyCycle|measureNegPulseWidth|measureOvershoot|measurePeriod|measurePosDutyCycle|measurePosPulseWidth|measurePreshoot|measureRiseEdgeCount|measureRisePulseCount|measureRiseTime|measureTblCall|measureTblUnits|measureVoltAmplitude|measureVoltAverage|measureVoltBase|measureVoltMax|measureVoltMin|measureVoltPP|measureVoltRMS|measureVoltTop|modeRun|modeSingle|modeStop|setupAutoscale|waveformData,50,Uni-Lab-OS/community_drivers/keysight/info.txt
keysight_dsox2024_a_wrapper,keysight_dsox2024_a_wrapper,Keysight Dsox2024 A Wrapper是由Keysight Technologies生产的专业实验设备。,表征设备,表征设备(experimental_step),20,auto-autoscale|auto-channel_coupling|auto-channel_info|auto-channel_invert|auto-channel_offset|auto-channel_position|auto-channel_probe|auto-channel_scale|auto-channel_toggle|auto-clear_buffers|auto-horizontal_offset|auto-horizontal_scale|auto-measure|auto-measure_setup|auto-reset|auto-trace|auto-trigger_channel|auto-trigger_level|auto-trigger_mode|auto-trigger_slope,autoscale|channel_coupling|channel_info|channel_invert|channel_offset|channel_position|channel_probe|channel_scale|channel_toggle|clear_buffers|horizontal_offset|horizontal_scale|measure|measure_setup|reset|trace|trigger_channel|trigger_level|trigger_mode|trigger_slope,23,Uni-Lab-OS/community_drivers/keysight_dsox2024_a_wrapper/info.txt
keysight_field_fox,keysight_field_fox,Keysight Field FOX是由Keysight Technologies生产的专业实验设备。,实验执行&合成设备,实验执行&合成设备(experimental_step),11,auto-bandwidth|auto-display|auto-format|auto-points|auto-readFormatted|auto-readRI|auto-sparameter|auto-start|auto-stop|auto-sweep|auto-trigger,bandwidth|display|format|points|readFormatted|readRI|sparameter|start|stop|sweep|trigger,20,Uni-Lab-OS/community_drivers/keysight_field_fox/info.txt
keysight_infinii_vision_x,keysight_infinii_vision_x,"Keysight Infinii Vision X是Keysight Technologies提供的设备驱动，提供screenshot, channels, displayed, get_traces_from_displayed_channels等5个控制接口。",实验执行&合成设备,实验执行&合成设备(experimental_step),5,auto-channels|auto-displayed|auto-get_traces_from_displayed_channels|auto-screenshot|auto-trace,channels|displayed|get_traces_from_displayed_channels|screenshot|trace,7,Uni-Lab-OS/community_drivers/keysight_infinii_vision_x/info.txt
keysight_n90nn_b,keysight_n90nn_b,"Keysight N90nn B是Keysight Technologies提供的设备驱动，提供clear_spectrum_state, select, select, sweep_points等46个控制接口。",实验执行&合成设备,实验执行&合成设备(experimental_step),29,auto-NDIVision|auto-PDIVision|auto-clear_spectrum_state|auto-continuous|auto-detector|auto-external_gain|auto-feed|auto-input_attenuator|auto-input_attenuator_auto|auto-reference_level|auto-reference_level_offset|auto-reference_level_offset_state|auto-reference_output|auto-resolution_bandwidth|auto-resolution_bandwidths|auto-screenshot|auto-select|auto-sweep_points|auto-sweep_points_max|auto-sweep_time|auto-trace|auto-trace_data|auto-trace_iq_fcap|auto-trace_iq_fcap_context|auto-trace_sa|auto-trace_type|auto-unit_power|auto-video_bandwidth|auto-view_range,NDIVision|PDIVision|clear_spectrum_state|continuous|detector|external_gain|feed|input_attenuator|input_attenuator_auto|reference_level|reference_level_offset|reference_level_offset_state|reference_output|resolution_bandwidth|resolution_bandwidths|screenshot|select|sweep_points|sweep_points_max|sweep_time|trace|trace_data|trace_iq_fcap|trace_iq_fcap_context|trace_sa|trace_type|unit_power|video_bandwidth|view_range,48,Uni-Lab-OS/community_drivers/keysight_n90nn_b/info.txt
kvaser_bus,kvaser_bus,Kvaser BUS是由Kvaser生产的专业实验设备。,实验执行&合成设备,实验执行&合成设备(experimental_step),4,auto-flash|auto-flush_tx_buffer|auto-send|auto-shutdown,flash|flush_tx_buffer|send|shutdown,21,Uni-Lab-OS/community_drivers/kvaser_bus/info.txt
labjack_device,labjack_device,Labjack Device是由LabJack Corporation生产的实验执行&合成设备，主要功能包括初始化、日志记录。,实验执行&合成设备,实验执行&合成设备(experimental_step),8,auto-configuration|auto-doInitializeDevice|auto-doShutdownDevice|auto-getAnalogVoltage|auto-getDigitalValue|auto-setAnalogVoltage|auto-setConfiguration|auto-setDigitalValue,configuration|doInitializeDevice|doShutdownDevice|getAnalogVoltage|getDigitalValue|setAnalogVoltage|setConfiguration|setDigitalValue,9,Uni-Lab-OS/community_drivers/labjack_device/info.txt
lakeshore336,lakeshore336,Lakeshore336是由Lake Shore Cryotronics生产的冷热水机。,冷热水机,冷热水机(device_template_tag),2,auto-sensor|auto-temperature,sensor|temperature,2,Uni-Lab-OS/community_drivers/lakeshore336/info.txt
lakeshore340,lakeshore340,Lakeshore340是由Lake Shore Cryotronics生产的冷热水机。,冷热水机,冷热水机(device_template_tag),2,auto-sensor|auto-temperature,sensor|temperature,2,Uni-Lab-OS/community_drivers/lakeshore340/info.txt
lakeshore350,lakeshore350,Lake Shore Model 350低温温度控制器驱动，用于实验温度闭环控制与温度日志采集。,冷热水机,冷热水机(device_template_tag),8,auto-close|auto-get_heater_output|auto-get_temperature|auto-reset_and_clear|auto-set_heater_range|auto-set_setpoint|auto-setup_heater|auto-setup_ramp,close|get_heater_output|get_temperature|reset_and_clear|set_heater_range|set_setpoint|setup_heater|setup_ramp,17,Uni-Lab-OS/community_drivers/lakeshore350/info.txt
lakeshore370,lakeshore370,Lakeshore370是由Lake Shore Cryotronics生产的冷热水机。,冷热水机,冷热水机(device_template_tag),2,auto-channel|auto-resistance,channel|resistance,2,Uni-Lab-OS/community_drivers/lakeshore370/info.txt
lambda103,lambda103,Lambda 103 紫外可见分光光度计是由PerkinElmer生产的专业实验设备。,紫外-可见分光光谱仪,紫外-可见分光光谱仪(device_template_tag),10,auto-flush|auto-motorsON|auto-motorsON_async|auto-open_A|auto-position|auto-remote|auto-reset|auto-reset_async|auto-status|auto-status_async,flush|motorsON|motorsON_async|open_A|position|remote|reset|reset_async|status|status_async,10,Uni-Lab-OS/community_drivers/lambda103/info.txt
laser_power_control,laser_power_control,Laser Power Control是一款实验执行&合成设备，主要功能包括归零、设备连接、运动控制。,实验执行&合成设备,实验执行&合成设备(experimental_step),7,auto-execute_home_search|auto-get_lower_bound|auto-get_position|auto-get_upper_bound|auto-move_abs|auto-terminate_connection|auto-unit_transformer,execute_home_search|get_lower_bound|get_position|get_upper_bound|move_abs|terminate_connection|unit_transformer,8,Uni-Lab-OS/community_drivers/laser_power_control/info.txt
lattice_graphic,lattice_graphic,Lattice Graphic是一款后处理设备，主要功能包括使能、关闭、写入数据、启动、复位、成像。,后处理设备,后处理设备(experimental_step),10,auto-adjust_part|auto-begin_drag|auto-end_drag|auto-label_position|auto-mime_data_dict|auto-radius|auto-read_from_mime_data|auto-test|auto-u_pos|auto-v_pos,adjust_part|begin_drag|end_drag|label_position|mime_data_dict|radius|read_from_mime_data|test|u_pos|v_pos,401,Uni-Lab-OS/community_drivers/lattice_graphic/info.txt
lcc25,lcc25,Thorlabs LCC25 液晶控制器是由Thorlabs生产的表征设备，主要功能包括数据保存。,表征设备,表征设备(experimental_step),17,auto-default|auto-dwell|auto-enable|auto-extern|auto-frequency|auto-get_settings|auto-increment|auto-max_voltage|auto-min_voltage|auto-mode|auto-name|auto-remote|auto-save|auto-set_settings|auto-test_mode|auto-voltage1|auto-voltage2,default|dwell|enable|extern|frequency|get_settings|increment|max_voltage|min_voltage|mode|name|remote|save|set_settings|test_mode|voltage1|voltage2,8,Uni-Lab-OS/community_drivers/lcc25/info.txt
lcd__generic,lcd__generic,Generic LCD Display是一款实验执行&合成设备，主要功能包括使能、写入数据、初始化。,实验执行&合成设备,实验执行&合成设备(experimental_step),6,auto-lcd_backlight|auto-lcd_byte|auto-lcd_init|auto-lcd_string_write|auto-lcd_toggle_enable|auto-lcd_write_lines,lcd_backlight|lcd_byte|lcd_init|lcd_string_write|lcd_toggle_enable|lcd_write_lines,7,Uni-Lab-OS/community_drivers/lcd__generic/info.txt
lcd__grove_lcd_rgb,lcd__grove_lcd_rgb,Grove LCD RGB Backlight Display是由Seeed Studio生产的实验执行&合成设备，主要功能包括使能、写入数据、初始化。,实验执行&合成设备,实验执行&合成设备(experimental_step),13,auto-clearDisplay|auto-display_backlight_color|auto-lcd_backlight|auto-lcd_byte|auto-lcd_init|auto-lcd_string_write|auto-lcd_toggle_enable|auto-lcd_write_lines|auto-setCursor|auto-setRGB|auto-setText|auto-writeCommand|auto-writeData,clearDisplay|display_backlight_color|lcd_backlight|lcd_byte|lcd_init|lcd_string_write|lcd_toggle_enable|lcd_write_lines|setCursor|setRGB|setText|writeCommand|writeData,14,Uni-Lab-OS/community_drivers/lcd__grove_lcd_rgb/info.txt
lcr__backend,lcr__backend,LCR Meter Measurement Backend是一款表征设备，主要功能包括停止、关闭、初始化、启动、扫描、日志记录。,表征设备,表征设备(experimental_step),12,auto-close_instrument|auto-create_console_frame|auto-create_graph_frame|auto-create_info_frame|auto-create_input_frame|auto-create_widgets|auto-initialize_instrument|auto-log|auto-perform_measurement|auto-setup_styles|auto-start_sweep|auto-stop_sweep,close_instrument|create_console_frame|create_graph_frame|create_info_frame|create_input_frame|create_widgets|initialize_instrument|log|perform_measurement|setup_styles|start_sweep|stop_sweep,29,Uni-Lab-OS/community_drivers/lcr__backend/info.txt
leoni_switch,leoni_switch,National Instruments Leoni Switch 仪器是由National Instruments (NI)生产的多通阀，主要功能包括关闭。,多通阀,多通阀(device_template_tag),6,auto-close|auto-get_active_channel|auto-get_firmware_rev|auto-get_num_channels|auto-ping|auto-set_active_channel,close|get_active_channel|get_firmware_rev|get_num_channels|ping|set_active_channel,7,Uni-Lab-OS/community_drivers/leoni_switch/info.txt
li_ha,li_ha,Tecan LiHa Liquid Handling Arm是由Tecan Group生产的移液工作站，主要功能包括停止、分液、初始化、启动、吸液、日志记录。,移液工作站,移液工作站(device_template_tag),59,auto-action_move_vector_coordinate_position|auto-aspirate|auto-aspirate96|auto-can_pick_up_tip|auto-discard_disposable_tip_high|auto-dispense|auto-dispense96|auto-drop_resource|auto-drop_tips|auto-drop_tips96|auto-get_disposable_tip|auto-grip_plate|auto-initialize_plunger|auto-liha_connected|auto-mca_connected|auto-move_absolute_z|auto-move_detect_liquid|auto-move_picked_up_resource|auto-move_plunger_relative|auto-move_tracking_relative|auto-num_channels|auto-parse_response|auto-pick_up_resource|auto-pick_up_tips|auto-pick_up_tips96|auto-pnp_connected|auto-position_absolute_all_axis|auto-position_absolute_g|auto-position_initialization_x|auto-position_valve_logical|auto-report_g_param|auto-report_number_tips|auto-report_r_param|auto-report_x_param|auto-report_y_param|auto-report_z_param|auto-roma_connected|auto-send_command|auto-serialize|auto-set_detection_mode|auto-set_end_speed_plunger|auto-set_fast_speed_r|auto-set_fast_speed_x|auto-set_fast_speed_y|auto-set_fast_speed_z|auto-set_gripper_params|auto-set_search_retract_distance|auto-set_search_speed|auto-set_search_submerge|auto-set_search_z_max|auto-set_search_z_start|auto-set_slow_speed_z|auto-set_smooth_move_x|auto-set_stop_speed_plunger|auto-set_target_window_class|auto-set_tracking_distance_z|auto-set_vector_coordinate_position|auto-set_z_travel_height|auto-setup_arm,action_move_vector_coordinate_position|aspirate|aspirate96|can_pick_up_tip|discard_disposable_tip_high|dispense|dispense96|drop_resource|drop_tips|drop_tips96|get_disposable_tip|grip_plate|initialize_plunger|liha_connected|mca_connected|move_absolute_z|move_detect_liquid|move_picked_up_resource|move_plunger_relative|move_tracking_relative|num_channels|parse_response|pick_up_resource|pick_up_tips|pick_up_tips96|pnp_connected|position_absolute_all_axis|position_absolute_g|position_initialization_x|position_valve_logical|report_g_param|report_number_tips|report_r_param|report_x_param|report_y_param|report_z_param|roma_connected|send_command|serialize|set_detection_mode|set_end_speed_plunger|set_fast_speed_r|set_fast_speed_x|set_fast_speed_y|set_fast_speed_z|set_gripper_params|set_search_retract_distance|set_search_speed|set_search_submerge|set_search_z_max|set_search_z_start|set_slow_speed_z|set_smooth_move_x|set_stop_speed_plunger|set_target_window_class|set_tracking_distance_z|set_vector_coordinate_position|set_z_travel_height|setup_arm,81,Uni-Lab-OS/community_drivers/li_ha/info.txt
lib_ftdi,lib_ftdi,艾立本Aliben- LT.,后处理设备,后处理设备(experimental_step),36,auto-baudrate|auto-bytesize|auto-cbus_read|auto-cbus_setup|auto-cbus_write|auto-close|auto-dsrdtr|auto-flush|auto-flushInput|auto-flushOutput|auto-getBaudrate|auto-getByteSize|auto-getDsrDtr|auto-getParity|auto-getRtsCts|auto-getStopbits|auto-getTimeout|auto-getWriteTimeout|auto-getXonXoff|auto-parity|auto-read|auto-rtscts|auto-setBaudrate|auto-setByteSize|auto-setDsrDtr|auto-setParity|auto-setRtsCts|auto-setStopbits|auto-setTimeout|auto-setWriteTimeout|auto-setXonXoff|auto-stopbits|auto-timeout|auto-write|auto-writeTimeout|auto-xonxoff,baudrate|bytesize|cbus_read|cbus_setup|cbus_write|close|dsrdtr|flush|flushInput|flushOutput|getBaudrate|getByteSize|getDsrDtr|getParity|getRtsCts|getStopbits|getTimeout|getWriteTimeout|getXonXoff|parity|read|rtscts|setBaudrate|setByteSize|setDsrDtr|setParity|setRtsCts|setStopbits|setTimeout|setWriteTimeout|setXonXoff|stopbits|timeout|write|writeTimeout|xonxoff,35,Uni-Lab-OS/community_drivers/lib_ftdi/info.txt
library_driver,library_driver,Library Driver是一款实验执行&合成设备。,实验执行&合成设备,实验执行&合成设备(experimental_step),3,auto-argtypes|auto-restype|auto-value,argtypes|restype|value,26,Uni-Lab-OS/community_drivers/library_driver/info.txt
light_crafter,light_crafter,LightCrafter,generic,,22,auto-AdvancePatternSeq|auto-Close|auto-Connect|auto-GenHex|auto-GenStartMetadata|auto-GenVDCLines|auto-SetCalibrationPattern|auto-SetDisplayMode|auto-SetImage|auto-SetLeds|auto-SetLineIllumination|auto-SetMask|auto-SetPattern|auto-SetPatternDefs|auto-SetScanningHex|auto-SetScanningVDC|auto-SetSpot|auto-SetStatic|auto-SetStoredMask|auto-SetTestPattern|auto-SetVDCLines|auto-StartPatternSeq,AdvancePatternSeq|Close|Connect|GenHex|GenStartMetadata|GenVDCLines|SetCalibrationPattern|SetDisplayMode|SetImage|SetLeds|SetLineIllumination|SetMask|SetPattern|SetPatternDefs|SetScanningHex|SetScanningVDC|SetSpot|SetStatic|SetStoredMask|SetTestPattern|SetVDCLines|StartPatternSeq,30,Uni-Lab-OS/community_drivers/light_crafter/info.txt
light_field_detector_cam,light_field_detector_cam,Light Field Detector CAM是由Princeton Instruments生产的专业实验设备。,实验执行&合成设备,实验执行&合成设备(experimental_step),1,query,query,2,Uni-Lab-OS/community_drivers/light_field_detector_cam/info.txt
line_type_graphic,line_type_graphic,Line Type Graphic是一款后处理设备，主要功能包括使能、关闭、写入数据、启动、复位、成像。,后处理设备,后处理设备(experimental_step),20,auto-adjust_part|auto-angle|auto-begin_drag|auto-end|auto-end_arrow_enabled|auto-end_drag|auto-end_x|auto-end_y|auto-length|auto-mime_data_dict|auto-nudge|auto-read_from_mime_data|auto-read_properties_from_dict|auto-reset_position|auto-start|auto-start_arrow_enabled|auto-start_x|auto-start_y|auto-test|auto-vector,adjust_part|angle|begin_drag|end|end_arrow_enabled|end_drag|end_x|end_y|length|mime_data_dict|nudge|read_from_mime_data|read_properties_from_dict|reset_position|start|start_arrow_enabled|start_x|start_y|test|vector,401,Uni-Lab-OS/community_drivers/line_type_graphic/info.txt
liquid_classes,liquid_classes,Liquid Classes是一款移液工作站，主要功能包括写入数据、初始化、日志记录、电流设置、电流读取、运动控制。,移液工作站,移液工作站(device_template_tag),58,auto-actions|auto-add|auto-add_labware|auto-add_new_labware|auto-add_type|auto-autoselect|auto-clearSelection|auto-create|auto-create_labware|auto-create_series|auto-fill|auto-find_free_wells|auto-find_new_tips|auto-get_DITI_series|auto-get_current_labware|auto-get_labware|auto-grid_carrier_line|auto-init_wells|auto-log|auto-moveParallel|auto-newOffset|auto-newPosition|auto-offset|auto-offsetAtParallelMove|auto-offsetFromName|auto-parallelOrder|auto-parse_file|auto-parse_worktable_file|auto-pick_up|auto-posAtParallelMove|auto-position|auto-put|auto-reagent|auto-refill_next_rack|auto-remove|auto-replace_with_new|auto-retire_labware|auto-retire_new_tips|auto-select|auto-selectAll|auto-selectOnly|auto-selected|auto-selected_wells|auto-set_DITI_counter|auto-set_back|auto-set_current|auto-set_current_next_to|auto-set_def_DiTi|auto-set_first_pos|auto-set_next|auto-show_next|auto-show_next_to|auto-size|auto-to_name|auto-vol|auto-waste|auto-wellSelectionStr|auto-write,actions|add|add_labware|add_new_labware|add_type|autoselect|clearSelection|create|create_labware|create_series|fill|find_free_wells|find_new_tips|get_DITI_series|get_current_labware|get_labware|grid_carrier_line|init_wells|log|moveParallel|newOffset|newPosition|offset|offsetAtParallelMove|offsetFromName|parallelOrder|parse_file|parse_worktable_file|pick_up|posAtParallelMove|position|put|reagent|refill_next_rack|remove|replace_with_new|retire_labware|retire_new_tips|select|selectAll|selectOnly|selected|selected_wells|set_DITI_counter|set_back|set_current|set_current_next_to|set_def_DiTi|set_first_pos|set_next|show_next|show_next_to|size|to_name|vol|waste|wellSelectionStr|write,100,Uni-Lab-OS/community_drivers/liquid_classes/info.txt
liquid_level,liquid_level,Tecan Group Liquid Level是由Tecan Group生产的移液工作站，主要功能包括关闭、打开、执行。,移液工作站,移液工作站(device_template_tag),5,auto-close|auto-execute|auto-getlevel|auto-open|auto-setdebug,close|execute|getlevel|open|setdebug,6,Uni-Lab-OS/community_drivers/liquid_level/info.txt
live_plot_client,live_plot_client,Live Plot Client是一款后处理设备，主要功能包括关闭、绘图、设备连接、运动控制。,后处理设备,后处理设备(experimental_step),13,auto-append_xy|auto-append_y|auto-append_z|auto-clear|auto-close|auto-disconnect_received|auto-hide|auto-label|auto-plot_xy|auto-plot_y|auto-plot_z|auto-remove|auto-send_to_plotter,append_xy|append_y|append_z|clear|close|disconnect_received|hide|label|plot_xy|plot_y|plot_z|remove|send_to_plotter,14,Uni-Lab-OS/community_drivers/live_plot_client/info.txt
lm,lm,Thorlabs Laser Module 模块是由Thorlabs生产的专业实验设备。,表征设备,表征设备(experimental_step),15,auto-current|auto-enabled|auto-firmware|auto-maximum_current|auto-off|auto-off_time|auto-on|auto-on_time|auto-power|auto-reset|auto-save|auto-serial_number|auto-status|auto-target|auto-temperature,current|enabled|firmware|maximum_current|off|off_time|on|on_time|power|reset|save|serial_number|status|target|temperature,17,Uni-Lab-OS/community_drivers/lm/info.txt
loader_plotter,loader_plotter,Loader Plotter是一款实验执行&合成设备，主要功能包括加载、数据保存、设备连接、运动控制。,实验执行&合成设备,实验执行&合成设备(experimental_step),13,auto-average_axis|auto-clear_viewers|auto-connect_double_clicked|auto-data|auto-group_0D_data|auto-h5saver|auto-load_data|auto-load_plot_data|auto-prepare_viewers|auto-remove_navigation_axes|auto-set_data_to_viewers|auto-show_data|auto-viewers,average_axis|clear_viewers|connect_double_clicked|data|group_0D_data|h5saver|load_data|load_plot_data|prepare_viewers|remove_navigation_axes|set_data_to_viewers|show_data|viewers,18,Uni-Lab-OS/community_drivers/loader_plotter/info.txt
local_client,local_client,Local Client是一款实验执行&合成设备，主要功能包括加载、运行。,实验执行&合成设备,实验执行&合成设备(experimental_step),4,auto-download|auto-prepare_download|auto-run_command|auto-upload,download|prepare_download|run_command|upload,19,Uni-Lab-OS/community_drivers/local_client/info.txt
local_web_controller,local_web_controller,Local WEB Controller是一款实验执行&合成设备，主要功能包括关闭、打开、读取数据、运行。,实验执行&合成设备,实验执行&合成设备(experimental_step),5,auto-run|auto-run_threaded|auto-shutdown|auto-update|auto-update_wsclients,run|run_threaded|shutdown|update|update_wsclients,31,Uni-Lab-OS/community_drivers/local_web_controller/info.txt
localisation_rule,localisation_rule,LocalisationRule,common,,2,auto-on_data_complete|auto-prepare,on_data_complete|prepare,58,Uni-Lab-OS/community_drivers/localisation_rule/info.txt
logged_pv,logged_pv,Logged PV是由EPICS (Argonne National Lab)生产的专业实验设备。,实验执行&合成设备,实验执行&合成设备(experimental_step),8,auto-flush|auto-onChanges|auto-onConnect|auto-save_current_value|auto-set_desc|auto-set_mdel|auto-write|auto-write_data,flush|onChanges|onConnect|save_current_value|set_desc|set_mdel|write|write_data,23,Uni-Lab-OS/community_drivers/logged_pv/info.txt
logo,logo,Siemens LOGO!,实验执行&合成设备,实验执行&合成设备(experimental_step),3,auto-connect|auto-read|auto-write,connect|read|write,5,Uni-Lab-OS/community_drivers/logo/info.txt
loopback_communicator,loopback_communicator,Loopback Communicator驱动，支持address/close/flush input/read raw/seek等9个操作。,实验执行&合成设备,实验执行&合成设备(experimental_step),9,auto-address|auto-close|auto-flush_input|auto-read_raw|auto-seek|auto-tell|auto-terminator|auto-timeout|auto-write_raw,address|close|flush_input|read_raw|seek|tell|terminator|timeout|write_raw,15,Uni-Lab-OS/community_drivers/loopback_communicator/info.txt
lumiloop_ls_probe,lumiloop_ls_probe,"Lumiloop LS Probe是Lumiloop GmbH提供的设备驱动，提供magnitude, magnitude_all, frequency, frequency等6个控制接口。",实验执行&合成设备,实验执行&合成设备(experimental_step),4,auto-frequency|auto-magnitude|auto-magnitude_all|auto-mode,frequency|magnitude|magnitude_all|mode,8,Uni-Lab-OS/community_drivers/lumiloop_ls_probe/info.txt
luminos_axis,luminos_axis,Luminos Axis 电动平移台是由似空科学仪器（上海）有限公司生产的专业实验设备。,物流/机械,物流/机械(experimental_step),30,auto-arc_second_per_step|auto-disable_anti_backlash_routine|auto-disable_anti_sticktion_routine|auto-disable_circular_phase_microstepping|auto-disable_manual_move_reply|auto-disable_motor_knob|auto-disable_move_tracking|auto-enable_anti_backlash_routine|auto-enable_anti_sticktion_routine|auto-enable_circular_phase_microstepping|auto-enable_manual_move_reply|auto-enable_motor_knob|auto-enable_move_tracking|auto-flash_leds|auto-get_acceleration|auto-get_device_mode_bit_status|auto-get_microstep_resolution|auto-get_speed|auto-home|auto-move_abs|auto-move_rel|auto-nm_per_step|auto-set_acceleration|auto-set_computer_mode|auto-set_default_settings|auto-set_manual_mode|auto-set_microstep_resolution|auto-set_speed|auto-turn_leds_off|auto-turn_leds_on,arc_second_per_step|disable_anti_backlash_routine|disable_anti_sticktion_routine|disable_circular_phase_microstepping|disable_manual_move_reply|disable_motor_knob|disable_move_tracking|enable_anti_backlash_routine|enable_anti_sticktion_routine|enable_circular_phase_microstepping|enable_manual_move_reply|enable_motor_knob|enable_move_tracking|flash_leds|get_acceleration|get_device_mode_bit_status|get_microstep_resolution|get_speed|home|move_abs|move_rel|nm_per_step|set_acceleration|set_computer_mode|set_default_settings|set_manual_mode|set_microstep_resolution|set_speed|turn_leds_off|turn_leds_on,84,Uni-Lab-OS/community_drivers/luminos_axis/info.txt
luminos_axis_pitch,luminos_axis_pitch,Luminos Axis Pitch 俯仰轴控制器是由似空科学仪器（上海）有限公司生产的专业实验设备。,物流/机械,物流/机械(experimental_step),30,auto-arc_second_per_step|auto-disable_anti_backlash_routine|auto-disable_anti_sticktion_routine|auto-disable_circular_phase_microstepping|auto-disable_manual_move_reply|auto-disable_motor_knob|auto-disable_move_tracking|auto-enable_anti_backlash_routine|auto-enable_anti_sticktion_routine|auto-enable_circular_phase_microstepping|auto-enable_manual_move_reply|auto-enable_motor_knob|auto-enable_move_tracking|auto-flash_leds|auto-get_acceleration|auto-get_device_mode_bit_status|auto-get_microstep_resolution|auto-get_speed|auto-home|auto-move_abs|auto-move_rel|auto-nm_per_step|auto-set_acceleration|auto-set_computer_mode|auto-set_default_settings|auto-set_manual_mode|auto-set_microstep_resolution|auto-set_speed|auto-turn_leds_off|auto-turn_leds_on,arc_second_per_step|disable_anti_backlash_routine|disable_anti_sticktion_routine|disable_circular_phase_microstepping|disable_manual_move_reply|disable_motor_knob|disable_move_tracking|enable_anti_backlash_routine|enable_anti_sticktion_routine|enable_circular_phase_microstepping|enable_manual_move_reply|enable_motor_knob|enable_move_tracking|flash_leds|get_acceleration|get_device_mode_bit_status|get_microstep_resolution|get_speed|home|move_abs|move_rel|nm_per_step|set_acceleration|set_computer_mode|set_default_settings|set_manual_mode|set_microstep_resolution|set_speed|turn_leds_off|turn_leds_on,84,Uni-Lab-OS/community_drivers/luminos_axis_pitch/info.txt
luminos_axis_roll,luminos_axis_roll,Luminos Axis Roll 翻滚轴控制器是由似空科学仪器（上海）有限公司生产的专业实验设备。,物流/机械,物流/机械(experimental_step),30,auto-arc_second_per_step|auto-disable_anti_backlash_routine|auto-disable_anti_sticktion_routine|auto-disable_circular_phase_microstepping|auto-disable_manual_move_reply|auto-disable_motor_knob|auto-disable_move_tracking|auto-enable_anti_backlash_routine|auto-enable_anti_sticktion_routine|auto-enable_circular_phase_microstepping|auto-enable_manual_move_reply|auto-enable_motor_knob|auto-enable_move_tracking|auto-flash_leds|auto-get_acceleration|auto-get_device_mode_bit_status|auto-get_microstep_resolution|auto-get_speed|auto-home|auto-move_abs|auto-move_rel|auto-nm_per_step|auto-set_acceleration|auto-set_computer_mode|auto-set_default_settings|auto-set_manual_mode|auto-set_microstep_resolution|auto-set_speed|auto-turn_leds_off|auto-turn_leds_on,arc_second_per_step|disable_anti_backlash_routine|disable_anti_sticktion_routine|disable_circular_phase_microstepping|disable_manual_move_reply|disable_motor_knob|disable_move_tracking|enable_anti_backlash_routine|enable_anti_sticktion_routine|enable_circular_phase_microstepping|enable_manual_move_reply|enable_motor_knob|enable_move_tracking|flash_leds|get_acceleration|get_device_mode_bit_status|get_microstep_resolution|get_speed|home|move_abs|move_rel|nm_per_step|set_acceleration|set_computer_mode|set_default_settings|set_manual_mode|set_microstep_resolution|set_speed|turn_leds_off|turn_leds_on,84,Uni-Lab-OS/community_drivers/luminos_axis_roll/info.txt
luminos_axis_rotate,luminos_axis_rotate,Luminos Axis Rotate 旋转轴控制器是由似空科学仪器（上海）有限公司生产的专业实验设备。,物流/机械,物流/机械(experimental_step),30,auto-arc_second_per_step|auto-disable_anti_backlash_routine|auto-disable_anti_sticktion_routine|auto-disable_circular_phase_microstepping|auto-disable_manual_move_reply|auto-disable_motor_knob|auto-disable_move_tracking|auto-enable_anti_backlash_routine|auto-enable_anti_sticktion_routine|auto-enable_circular_phase_microstepping|auto-enable_manual_move_reply|auto-enable_motor_knob|auto-enable_move_tracking|auto-flash_leds|auto-get_acceleration|auto-get_device_mode_bit_status|auto-get_microstep_resolution|auto-get_speed|auto-home|auto-move_abs|auto-move_rel|auto-nm_per_step|auto-set_acceleration|auto-set_computer_mode|auto-set_default_settings|auto-set_manual_mode|auto-set_microstep_resolution|auto-set_speed|auto-turn_leds_off|auto-turn_leds_on,arc_second_per_step|disable_anti_backlash_routine|disable_anti_sticktion_routine|disable_circular_phase_microstepping|disable_manual_move_reply|disable_motor_knob|disable_move_tracking|enable_anti_backlash_routine|enable_anti_sticktion_routine|enable_circular_phase_microstepping|enable_manual_move_reply|enable_motor_knob|enable_move_tracking|flash_leds|get_acceleration|get_device_mode_bit_status|get_microstep_resolution|get_speed|home|move_abs|move_rel|nm_per_step|set_acceleration|set_computer_mode|set_default_settings|set_manual_mode|set_microstep_resolution|set_speed|turn_leds_off|turn_leds_on,84,Uni-Lab-OS/community_drivers/luminos_axis_rotate/info.txt
luminos_axis_x,luminos_axis_x,Luminos X-Axis Motor 自动化设备是由Luminos Industries生产的专业实验设备。,物流/机械,物流/机械(experimental_step),30,auto-arc_second_per_step|auto-disable_anti_backlash_routine|auto-disable_anti_sticktion_routine|auto-disable_circular_phase_microstepping|auto-disable_manual_move_reply|auto-disable_motor_knob|auto-disable_move_tracking|auto-enable_anti_backlash_routine|auto-enable_anti_sticktion_routine|auto-enable_circular_phase_microstepping|auto-enable_manual_move_reply|auto-enable_motor_knob|auto-enable_move_tracking|auto-flash_leds|auto-get_acceleration|auto-get_device_mode_bit_status|auto-get_microstep_resolution|auto-get_speed|auto-home|auto-move_abs|auto-move_rel|auto-nm_per_step|auto-set_acceleration|auto-set_computer_mode|auto-set_default_settings|auto-set_manual_mode|auto-set_microstep_resolution|auto-set_speed|auto-turn_leds_off|auto-turn_leds_on,arc_second_per_step|disable_anti_backlash_routine|disable_anti_sticktion_routine|disable_circular_phase_microstepping|disable_manual_move_reply|disable_motor_knob|disable_move_tracking|enable_anti_backlash_routine|enable_anti_sticktion_routine|enable_circular_phase_microstepping|enable_manual_move_reply|enable_motor_knob|enable_move_tracking|flash_leds|get_acceleration|get_device_mode_bit_status|get_microstep_resolution|get_speed|home|move_abs|move_rel|nm_per_step|set_acceleration|set_computer_mode|set_default_settings|set_manual_mode|set_microstep_resolution|set_speed|turn_leds_off|turn_leds_on,84,Uni-Lab-OS/community_drivers/luminos_axis_x/info.txt
luminos_axis_y,luminos_axis_y,Luminos Axis Y Y轴平移台是由似空科学仪器（上海）有限公司生产的专业实验设备。,物流/机械,物流/机械(experimental_step),30,auto-arc_second_per_step|auto-disable_anti_backlash_routine|auto-disable_anti_sticktion_routine|auto-disable_circular_phase_microstepping|auto-disable_manual_move_reply|auto-disable_motor_knob|auto-disable_move_tracking|auto-enable_anti_backlash_routine|auto-enable_anti_sticktion_routine|auto-enable_circular_phase_microstepping|auto-enable_manual_move_reply|auto-enable_motor_knob|auto-enable_move_tracking|auto-flash_leds|auto-get_acceleration|auto-get_device_mode_bit_status|auto-get_microstep_resolution|auto-get_speed|auto-home|auto-move_abs|auto-move_rel|auto-nm_per_step|auto-set_acceleration|auto-set_computer_mode|auto-set_default_settings|auto-set_manual_mode|auto-set_microstep_resolution|auto-set_speed|auto-turn_leds_off|auto-turn_leds_on,arc_second_per_step|disable_anti_backlash_routine|disable_anti_sticktion_routine|disable_circular_phase_microstepping|disable_manual_move_reply|disable_motor_knob|disable_move_tracking|enable_anti_backlash_routine|enable_anti_sticktion_routine|enable_circular_phase_microstepping|enable_manual_move_reply|enable_motor_knob|enable_move_tracking|flash_leds|get_acceleration|get_device_mode_bit_status|get_microstep_resolution|get_speed|home|move_abs|move_rel|nm_per_step|set_acceleration|set_computer_mode|set_default_settings|set_manual_mode|set_microstep_resolution|set_speed|turn_leds_off|turn_leds_on,84,Uni-Lab-OS/community_drivers/luminos_axis_y/info.txt
luminos_axis_yaw,luminos_axis_yaw,Luminos Axis Yaw 偏航轴控制器是由似空科学仪器（上海）有限公司生产的专业实验设备。,物流/机械,物流/机械(experimental_step),30,auto-arc_second_per_step|auto-disable_anti_backlash_routine|auto-disable_anti_sticktion_routine|auto-disable_circular_phase_microstepping|auto-disable_manual_move_reply|auto-disable_motor_knob|auto-disable_move_tracking|auto-enable_anti_backlash_routine|auto-enable_anti_sticktion_routine|auto-enable_circular_phase_microstepping|auto-enable_manual_move_reply|auto-enable_motor_knob|auto-enable_move_tracking|auto-flash_leds|auto-get_acceleration|auto-get_device_mode_bit_status|auto-get_microstep_resolution|auto-get_speed|auto-home|auto-move_abs|auto-move_rel|auto-nm_per_step|auto-set_acceleration|auto-set_computer_mode|auto-set_default_settings|auto-set_manual_mode|auto-set_microstep_resolution|auto-set_speed|auto-turn_leds_off|auto-turn_leds_on,arc_second_per_step|disable_anti_backlash_routine|disable_anti_sticktion_routine|disable_circular_phase_microstepping|disable_manual_move_reply|disable_motor_knob|disable_move_tracking|enable_anti_backlash_routine|enable_anti_sticktion_routine|enable_circular_phase_microstepping|enable_manual_move_reply|enable_motor_knob|enable_move_tracking|flash_leds|get_acceleration|get_device_mode_bit_status|get_microstep_resolution|get_speed|home|move_abs|move_rel|nm_per_step|set_acceleration|set_computer_mode|set_default_settings|set_manual_mode|set_microstep_resolution|set_speed|turn_leds_off|turn_leds_on,84,Uni-Lab-OS/community_drivers/luminos_axis_yaw/info.txt
luminos_axis_z,luminos_axis_z,Luminos Axis Z Z轴平移台是由似空科学仪器（上海）有限公司生产的专业实验设备。,物流/机械,物流/机械(experimental_step),30,auto-arc_second_per_step|auto-disable_anti_backlash_routine|auto-disable_anti_sticktion_routine|auto-disable_circular_phase_microstepping|auto-disable_manual_move_reply|auto-disable_motor_knob|auto-disable_move_tracking|auto-enable_anti_backlash_routine|auto-enable_anti_sticktion_routine|auto-enable_circular_phase_microstepping|auto-enable_manual_move_reply|auto-enable_motor_knob|auto-enable_move_tracking|auto-flash_leds|auto-get_acceleration|auto-get_device_mode_bit_status|auto-get_microstep_resolution|auto-get_speed|auto-home|auto-move_abs|auto-move_rel|auto-nm_per_step|auto-set_acceleration|auto-set_computer_mode|auto-set_default_settings|auto-set_manual_mode|auto-set_microstep_resolution|auto-set_speed|auto-turn_leds_off|auto-turn_leds_on,arc_second_per_step|disable_anti_backlash_routine|disable_anti_sticktion_routine|disable_circular_phase_microstepping|disable_manual_move_reply|disable_motor_knob|disable_move_tracking|enable_anti_backlash_routine|enable_anti_sticktion_routine|enable_circular_phase_microstepping|enable_manual_move_reply|enable_motor_knob|enable_move_tracking|flash_leds|get_acceleration|get_device_mode_bit_status|get_microstep_resolution|get_speed|home|move_abs|move_rel|nm_per_step|set_acceleration|set_computer_mode|set_default_settings|set_manual_mode|set_microstep_resolution|set_speed|turn_leds_off|turn_leds_on,84,Uni-Lab-OS/community_drivers/luminos_axis_z/info.txt
luminos_stage,luminos_stage,Luminos Motorized Stage 电机 自动化设备 位移台是由Luminos Industries生产的专业实验设备。,物流/机械,物流/机械(experimental_step),30,auto-arc_second_per_step|auto-disable_anti_backlash_routine|auto-disable_anti_sticktion_routine|auto-disable_circular_phase_microstepping|auto-disable_manual_move_reply|auto-disable_motor_knob|auto-disable_move_tracking|auto-enable_anti_backlash_routine|auto-enable_anti_sticktion_routine|auto-enable_circular_phase_microstepping|auto-enable_manual_move_reply|auto-enable_motor_knob|auto-enable_move_tracking|auto-flash_leds|auto-get_acceleration|auto-get_device_mode_bit_status|auto-get_microstep_resolution|auto-get_speed|auto-home|auto-move_abs|auto-move_rel|auto-nm_per_step|auto-set_acceleration|auto-set_computer_mode|auto-set_default_settings|auto-set_manual_mode|auto-set_microstep_resolution|auto-set_speed|auto-turn_leds_off|auto-turn_leds_on,arc_second_per_step|disable_anti_backlash_routine|disable_anti_sticktion_routine|disable_circular_phase_microstepping|disable_manual_move_reply|disable_motor_knob|disable_move_tracking|enable_anti_backlash_routine|enable_anti_sticktion_routine|enable_circular_phase_microstepping|enable_manual_move_reply|enable_motor_knob|enable_move_tracking|flash_leds|get_acceleration|get_device_mode_bit_status|get_microstep_resolution|get_speed|home|move_abs|move_rel|nm_per_step|set_acceleration|set_computer_mode|set_default_settings|set_manual_mode|set_microstep_resolution|set_speed|turn_leds_off|turn_leds_on,84,Uni-Lab-OS/community_drivers/luminos_stage/info.txt
lusi_slits,lusi_slits,LUSI Beamline Slits是由SLAC National Accelerator Lab生产的表征设备，主要功能包括关闭、打开、状态查询、运动控制。,表征设备,表征设备(experimental_step),17,auto-block|auto-calc_lightpath_state|auto-close|auto-current_aperture|auto-egu|auto-format_status_info|auto-inserted|auto-move|auto-open|auto-position|auto-remove|auto-removed|auto-set|auto-stage|auto-subscribe|auto-unstage|auto-y_states,block|calc_lightpath_state|close|current_aperture|egu|format_status_info|inserted|move|open|position|remove|removed|set|stage|subscribe|unstage|y_states,41,Uni-Lab-OS/community_drivers/lusi_slits/info.txt
machine,machine,Jubilee Multi-Tool Motion Platform 自动化设备是由Jubilee生产的专业实验设备。,物流/机械,物流/机械(experimental_step),38,auto-active_tool_index|auto-axis_limits|auto-configured_axes|auto-configured_tools|auto-connect|auto-delay_time|auto-disconnect|auto-download_file|auto-dwell|auto-gcode|auto-get_position|auto-home_all|auto-home_e|auto-home_in_place|auto-home_u|auto-home_v|auto-home_x|auto-home_xyu|auto-home_y|auto-home_z|auto-load_deck|auto-load_labware|auto-load_tool|auto-move|auto-move_to|auto-park_tool|auto-pickup_tool|auto-pop_machine_state|auto-position|auto-push_machine_state|auto-reload_tool|auto-reset|auto-safe_z_movement|auto-set_tool_offset|auto-split_response_objects|auto-tool_lock|auto-tool_unlock|auto-tool_z_offsets,active_tool_index|axis_limits|configured_axes|configured_tools|connect|delay_time|disconnect|download_file|dwell|gcode|get_position|home_all|home_e|home_in_place|home_u|home_v|home_x|home_xyu|home_y|home_z|load_deck|load_labware|load_tool|move|move_to|park_tool|pickup_tool|pop_machine_state|position|push_machine_state|reload_tool|reset|safe_z_movement|set_tool_offset|split_response_objects|tool_lock|tool_unlock|tool_z_offsets,54,Uni-Lab-OS/community_drivers/machine/info.txt
maestro,maestro,Maestro是由Pololu生产的专业实验设备。,实验执行&合成设备,实验执行&合成设备(experimental_step),6,auto-readline|auto-set_brake|auto-set_headlight|auto-set_pulse|auto-set_turn_left|auto-set_turn_right,readline|set_brake|set_headlight|set_pulse|set_turn_left|set_turn_right,82,Uni-Lab-OS/community_drivers/maestro/info.txt
magnet,magnet,AMI超导磁体电源控制器，支持电磁场强度设定与持续电流模式切换。,表征设备,表征设备(experimental_step),4,auto-BtoI|auto-ItoB|auto-measure_field|auto-step_magfield_to_value,BtoI|ItoB|measure_field|step_magfield_to_value,6,Uni-Lab-OS/community_drivers/magnet/info.txt
marconi_instruments203_n,marconi_instruments203_n,Marconi Instruments203 N是由Marconi Instruments生产的专业实验设备。,实验执行&合成设备,实验执行&合成设备(experimental_step),8,auto-SystemErrorQueue|auto-amplitude|auto-frequency|auto-modulation|auto-modulation_disable|auto-modulation_enable|auto-modulation_output|auto-output,SystemErrorQueue|amplitude|frequency|modulation|modulation_disable|modulation_enable|modulation_output|output,14,Uni-Lab-OS/community_drivers/marconi_instruments203_n/info.txt
masterflex_backend,masterflex_backend,Masterflex&reg;,蠕动泵,蠕动泵(device_template_tag),7,auto-halt|auto-run_continuously|auto-run_revolutions|auto-send_command|auto-serialize|auto-setup|auto-stop,halt|run_continuously|run_revolutions|send_command|serialize|setup|stop,9,Uni-Lab-OS/community_drivers/masterflex_backend/info.txt
masterflex_serial,masterflex_serial,Masterflex Serial是由Cole-Parmer (Masterflex)生产的专业实验设备。,实验执行&合成设备,实验执行&合成设备(experimental_step),31,auto-addr|auto-batch_count|auto-connected|auto-disable|auto-dispense_status|auto-enable|auto-get_software_version|auto-get_version__model|auto-is_valid_integer|auto-off_time_full|auto-on_time_decisecond|auto-on_time_full|auto-on_time_hr|auto-on_time_min|auto-protocol|auto-reset_batch|auto-reset_cumulative|auto-restore_configs|auto-set_addr|auto-set_dir|auto-set_dispense_mode|auto-set_panel_active|auto-speed_percent|auto-speed_rpm|auto-start|auto-status|auto-stop|auto-store_configs|auto-unit_index|auto-volume|auto-volume_rev,addr|batch_count|connected|disable|dispense_status|enable|get_software_version|get_version__model|is_valid_integer|off_time_full|on_time_decisecond|on_time_full|on_time_hr|on_time_min|protocol|reset_batch|reset_cumulative|restore_configs|set_addr|set_dir|set_dispense_mode|set_panel_active|speed_percent|speed_rpm|start|status|stop|store_configs|unit_index|volume|volume_rev,38,Uni-Lab-OS/community_drivers/masterflex_serial/info.txt
mat_compatible_h5,mat_compatible_h5,反应釜 乳化反应釜KINEMATICA乳化反应釜 RT2 是由KINEMATICA ASiA LIMITED生产的专业实验设备。,反应釜,反应釜(device_template_tag),11,auto-batch_complex_write|auto-batch_write|auto-close_file|auto-create_complex_dataset|auto-create_dataset|auto-create_file|auto-create_group|auto-open_file|auto-reopen|auto-write_complex_data|auto-write_data,batch_complex_write|batch_write|close_file|create_complex_dataset|create_dataset|create_file|create_group|open_file|reopen|write_complex_data|write_data,15,Uni-Lab-OS/community_drivers/mat_compatible_h5/info.txt
matchbox_laser,matchbox_laser,MatchboxLaser,generic,,6,auto-GetPower|auto-IsOn|auto-SetPower|auto-TurnOff|auto-TurnOn|auto-getOutputPowerDAC,GetPower|IsOn|SetPower|TurnOff|TurnOn|getOutputPowerDAC,7,Uni-Lab-OS/community_drivers/matchbox_laser/info.txt
maui,maui,LeCroy MAUI Oscilloscope是由Teledyne LeCroy生产的表征设备，主要功能包括停止、扫频、测量、触发、读取数据、运行。,表征设备,表征设备(experimental_step),50,auto-absolute|auto-average|auto-channel|auto-clear_sweeps|auto-current_setting|auto-delete|auto-derivative|auto-difference|auto-envelope|auto-eres|auto-fft|auto-floor|auto-force_trigger|auto-integral|auto-invert|auto-math|auto-measurement|auto-name|auto-number_channels|auto-number_functions|auto-number_measurements|auto-offset|auto-operator|auto-product|auto-query|auto-ratio|auto-read_waveform|auto-reciprocal|auto-ref|auto-rescale|auto-roof|auto-run|auto-scale|auto-self_test|auto-sendcmd|auto-set_parameter|auto-show_id|auto-show_options|auto-sinx|auto-square|auto-square_root|auto-statistics|auto-stop|auto-sum|auto-time_div|auto-trend|auto-trigger_delay|auto-trigger_source|auto-trigger_state|auto-trigger_type,absolute|average|channel|clear_sweeps|current_setting|delete|derivative|difference|envelope|eres|fft|floor|force_trigger|integral|invert|math|measurement|name|number_channels|number_functions|number_measurements|offset|operator|product|query|ratio|read_waveform|reciprocal|ref|rescale|roof|run|scale|self_test|sendcmd|set_parameter|show_id|show_options|sinx|square|square_root|statistics|stop|sum|time_div|trend|trigger_delay|trigger_source|trigger_state|trigger_type,28,Uni-Lab-OS/community_drivers/maui/info.txt
maxon_epos2,maxon_epos2,maxon EPOS2 Motor Controller是由maxon motor生产的物流/机械，主要功能包括位置设置、波长设置、运动控制。,物流/机械,物流/机械(experimental_step),14,auto-calc_motor_acc|auto-get_error_code|auto-get_motor_pos_from_wavelength|auto-get_position_profile|auto-get_state|auto-get_velocity_nm_s|auto-get_wavelength_from_motor_pos|auto-get_wavelength_m|auto-set_default_settings|auto-set_position_profile|auto-set_velocity_nm_s|auto-set_wavelength_m|auto-stop_move|auto-update_motor_position,calc_motor_acc|get_error_code|get_motor_pos_from_wavelength|get_position_profile|get_state|get_velocity_nm_s|get_wavelength_from_motor_pos|get_wavelength_m|set_default_settings|set_position_profile|set_velocity_nm_s|set_wavelength_m|stop_move|update_motor_position,40,Uni-Lab-OS/community_drivers/maxon_epos2/info.txt
mc1,mc1,Thorlabs MC1 Motor Controller是由Thorlabs生产的物流/机械，主要功能包括复位、运动控制。,物流/机械,物流/机械(experimental_step),13,auto-center|auto-firmware|auto-increment|auto-inertia|auto-internal_position|auto-is_centering|auto-lower_limit|auto-move|auto-move_timeout|auto-reset|auto-setting|auto-step_size|auto-upper_limit,center|firmware|increment|inertia|internal_position|is_centering|lower_limit|move|move_timeout|reset|setting|step_size|upper_limit,14,Uni-Lab-OS/community_drivers/mc1/info.txt
mc2000,mc2000,mc 2000,generic,,11,auto-GetChannelObject|auto-GetChannelPhase|auto-GetControlReady|auto-GetId|auto-GetMax|auto-GetMin|auto-GetPos|auto-JoyOff|auto-JoyOn|auto-MoveTo|auto-addMenuItems,GetChannelObject|GetChannelPhase|GetControlReady|GetId|GetMax|GetMin|GetPos|JoyOff|JoyOn|MoveTo|addMenuItems,12,Uni-Lab-OS/community_drivers/mc2000/info.txt
md_sn_c,md_sn_c,Motor Driver SN-C 自动化设备是一款物流/机械，主要功能包括使能。,物流/机械,物流/机械(experimental_step),5,auto-enabled|auto-frequency|auto-main_enabled|auto-power|auto-powerdb,enabled|frequency|main_enabled|power|powerdb,6,Uni-Lab-OS/community_drivers/md_sn_c/info.txt
measurement,measurement,Measurement Instrument Interface是一款实验执行&合成设备，主要功能包括停止、扫频、测量、触发、读取数据、运行。,实验执行&合成设备,实验执行&合成设备(experimental_step),47,auto-absolute|auto-average|auto-channel|auto-clear_sweeps|auto-current_setting|auto-delete|auto-derivative|auto-difference|auto-envelope|auto-eres|auto-fft|auto-floor|auto-force_trigger|auto-integral|auto-invert|auto-math|auto-measurement|auto-name|auto-number_channels|auto-number_functions|auto-number_measurements|auto-offset|auto-operator|auto-product|auto-query|auto-ratio|auto-read_waveform|auto-reciprocal|auto-ref|auto-rescale|auto-roof|auto-scale|auto-self_test|auto-sendcmd|auto-set_parameter|auto-show_id|auto-show_options|auto-sinx|auto-square|auto-square_root|auto-statistics|auto-sum|auto-time_div|auto-trend|auto-trigger_delay|auto-trigger_source|auto-trigger_type,absolute|average|channel|clear_sweeps|current_setting|delete|derivative|difference|envelope|eres|fft|floor|force_trigger|integral|invert|math|measurement|name|number_channels|number_functions|number_measurements|offset|operator|product|query|ratio|read_waveform|reciprocal|ref|rescale|roof|scale|self_test|sendcmd|set_parameter|show_id|show_options|sinx|square|square_root|statistics|sum|time_div|trend|trigger_delay|trigger_source|trigger_type,28,Uni-Lab-OS/community_drivers/measurement/info.txt
memory_persistent_storage_system,memory_persistent_storage_system,Memory Persistent Storage System是一款后处理设备，主要功能包括关闭、写入数据、加载、复位、读取数据、运动控制。,后处理设备,后处理设备(experimental_step),2,auto-close|auto-set_library_properties,close|set_library_properties,183,Uni-Lab-OS/community_drivers/memory_persistent_storage_system/info.txt
memory_project_storage_system,memory_project_storage_system,Memory Project Storage System是一款实验执行&合成设备，主要功能包括关闭、写入数据、加载、复位、读取数据、运动控制。,实验执行&合成设备,实验执行&合成设备(experimental_step),2,auto-data_item_created|auto-get_identifier,data_item_created|get_identifier,183,Uni-Lab-OS/community_drivers/memory_project_storage_system/info.txt
mercury,mercury,Mercury是由Oxford Instruments生产的实验执行&合成设备，主要功能包括中止、位置设置、写入数据、初始化、归零、读取数据。,实验执行&合成设备,实验执行&合成设备(experimental_step),15,auto-LL|auto-abort|auto-find_edge|auto-get_board_number|auto-get_channel|auto-get_position|auto-go_home|auto-init|auto-motor_off|auto-motor_on|auto-move_relative|auto-read|auto-set_home|auto-set_position|auto-write,LL|abort|find_edge|get_board_number|get_channel|get_position|go_home|init|motor_off|motor_on|move_relative|read|set_home|set_position|write,18,Uni-Lab-OS/community_drivers/mercury/info.txt
mercury_stepper,mercury_stepper,mercuryStepper,generic,,20,auto-Cleanup|auto-GetChannelObject|auto-GetChannelPhase|auto-GetControlReady|auto-GetLastPos|auto-GetMax|auto-GetMin|auto-GetPos|auto-GetVelocity|auto-IsMoving|auto-IsOnTarget|auto-MoveTo|auto-ReInit|auto-RefreshPos|auto-SetJoystick|auto-SetSoftLimits|auto-SetVelocity|auto-query|auto-run_cmd|auto-set,Cleanup|GetChannelObject|GetChannelPhase|GetControlReady|GetLastPos|GetMax|GetMin|GetPos|GetVelocity|IsMoving|IsOnTarget|MoveTo|ReInit|RefreshPos|SetJoystick|SetSoftLimits|SetVelocity|query|run_cmd|set,29,Uni-Lab-OS/community_drivers/mercury_stepper/info.txt
message_based_driver,message_based_driver,Message Based Driver驱动，支持finalize/initialize/parse query/query/read等12个操作。,实验执行&合成设备,实验执行&合成设备(experimental_step),12,auto-finalize|auto-initialize|auto-parse_query|auto-query|auto-read|auto-via_gpib|auto-via_serial|auto-via_tcpip|auto-via_tcpip_socket|auto-via_usb|auto-via_usb_raw|auto-write,finalize|initialize|parse_query|query|read|via_gpib|via_serial|via_tcpip|via_tcpip_socket|via_usb|via_usb_raw|write,17,Uni-Lab-OS/community_drivers/message_based_driver/info.txt
message_server_interface,message_server_interface,MessageServerInterface,custom,,0,,,13,Uni-Lab-OS/community_drivers/message_server_interface/info.txt
message_visa_driver,message_visa_driver,Message Visa Driver是由National Instruments (VISA)生产的实验执行&合成设备，主要功能包括初始化、打开。,实验执行&合成设备,实验执行&合成设备(experimental_step),5,auto-finalize|auto-initialize|auto-is_open|auto-raw_recv|auto-raw_send,finalize|initialize|is_open|raw_recv|raw_send,11,Uni-Lab-OS/community_drivers/message_visa_driver/info.txt
meter_care_lite,meter_care_lite,Meter Care Lite是由Mettler Toledo生产的专业实验设备。,实验执行&合成设备,实验执行&合成设备(experimental_step),1,auto-serialASK,serialASK,2,Uni-Lab-OS/community_drivers/meter_care_lite/info.txt
mfc,mfc,A class for the mass flow controllers in the system,devices|generic,,4,auto-ChangeAddress|auto-QueryFlow|auto-QueryOpMode|auto-SetFlow,ChangeAddress|QueryFlow|QueryOpMode|SetFlow,24,Uni-Lab-OS/community_drivers/mfc/info.txt
mfli,mfli,Zurich Instruments MFLI Lock-in Amplifier 仪器 锁相放大器是由Zurich Instruments生产的表征设备。,表征设备,表征设备(experimental_step),1,auto-get_idn,get_idn,2,Uni-Lab-OS/community_drivers/mfli/info.txt
mgt508,mgt508,Mgt508是由D-TACQ Solutions生产的专业实验设备。,实验执行&合成设备,实验执行&合成设备(experimental_step),2,auto-pull|auto-set_capture_length,pull|set_capture_length,135,Uni-Lab-OS/community_drivers/mgt508/info.txt
mgt_dram_pull_client,mgt_dram_pull_client,MGT Dram Pull Client是由D-TACQ Solutions生产的专业实验设备。,实验执行&合成设备,实验执行&合成设备(experimental_step),49,chan2volts|clear_counters|close|data_size|demux_status|elapsed_samples|fetch_all_calibration|get_aggregator_sites|get_aggregator_svc_list|get_blocks|get_elapsed|get_post|get_pre|get_state|get_sys_info|get_total|init_site_client|load_awg|load_dio482pg|load_dpg|load_gpg|load_segments|load_stl|load_wrpg|make_sa_sd_aliases|nchan|post_samples|pre_samples|read|read_chan|read_decims|read_transient_timebase|run_service|samples|scale_raw|set_DO|set_mb_clk|set_segment|set_sync_routing|set_sync_routing_master|set_sync_routing_slave|show_segments|st_monitor|state|uut_demux_enabled|wait_armed|wait_event|wait_state_changed|wait_stopped,chan2volts|clear_counters|close|data_size|demux_status|elapsed_samples|fetch_all_calibration|get_aggregator_sites|get_aggregator_svc_list|get_blocks|get_elapsed|get_post|get_pre|get_state|get_sys_info|get_total|init_site_client|load_awg|load_dio482pg|load_dpg|load_gpg|load_segments|load_stl|load_wrpg|make_sa_sd_aliases|nchan|post_samples|pre_samples|read|read_chan|read_decims|read_transient_timebase|run_service|samples|scale_raw|set_DO|set_mb_clk|set_segment|set_sync_routing|set_sync_routing_master|set_sync_routing_slave|show_segments|st_monitor|state|uut_demux_enabled|wait_armed|wait_event|wait_state_changed|wait_stopped,134,Uni-Lab-OS/community_drivers/mgt_dram_pull_client/info.txt
mhs5200,mhs5200,MHS-5200A DDS Signal Generator 信号发生器是由MHS (Minghe)生产的专业实验设备。,表征设备,表征设备(experimental_step),8,auto-channel|auto-duty_cycle|auto-enable|auto-frequency|auto-function|auto-offset|auto-phase|auto-serial_number,channel|duty_cycle|enable|frequency|function|offset|phase|serial_number,6,Uni-Lab-OS/community_drivers/mhs5200/info.txt
mi6960,mi6960,"Mi6960是Anritsu提供的设备驱动，提供calibrate, settings, calfactor, calfactor等13个控制接口。",实验执行&合成设备,实验执行&合成设备(experimental_step),8,auto-averages|auto-calfactor|auto-calibrate|auto-linearityfactor|auto-offset|auto-power|auto-reference|auto-settings,averages|calfactor|calibrate|linearityfactor|offset|power|reference|settings,15,Uni-Lab-OS/community_drivers/mi6960/info.txt
mi_wave5nn,mi_wave5nn,"MI Wave5nn是Mi-Wave提供的设备驱动，提供attenuation, attenuation等2个控制接口。",实验执行&合成设备,实验执行&合成设备(experimental_step),1,auto-attenuation,attenuation,4,Uni-Lab-OS/community_drivers/mi_wave5nn/info.txt
micro_fpga,micro_fpga,Micro Fpga是由Open Hardware生产的专业实验设备。,实验执行&合成设备,实验执行&合成设备(experimental_step),40,auto-get_analog_state|auto-get_camera_exposure|auto-get_camera_pulse|auto-get_camera_readout|auto-get_camera_state|auto-get_camera_state_ms|auto-get_duration_us|auto-get_id|auto-get_laser_delay|auto-get_laser_state|auto-get_mode_state|auto-get_number_analogs|auto-get_number_lasers|auto-get_number_pwms|auto-get_number_servos|auto-get_number_ttls|auto-get_pwm_state|auto-get_sequence_state|auto-get_servo_state|auto-get_ttl_state|auto-is_active_sync|auto-is_camera_running|auto-is_connected|auto-set_active_sync|auto-set_camera_exposure|auto-set_camera_pulse|auto-set_camera_readout|auto-set_camera_state|auto-set_camera_state_ms|auto-set_duration_us|auto-set_laser_delay|auto-set_laser_state|auto-set_mode_state|auto-set_passive_sync|auto-set_pwm_state|auto-set_sequence_state|auto-set_servo_state|auto-set_ttl_state|auto-start_camera|auto-stop_camera,get_analog_state|get_camera_exposure|get_camera_pulse|get_camera_readout|get_camera_state|get_camera_state_ms|get_duration_us|get_id|get_laser_delay|get_laser_state|get_mode_state|get_number_analogs|get_number_lasers|get_number_pwms|get_number_servos|get_number_ttls|get_pwm_state|get_sequence_state|get_servo_state|get_ttl_state|is_active_sync|is_camera_running|is_connected|set_active_sync|set_camera_exposure|set_camera_pulse|set_camera_readout|set_camera_state|set_camera_state_ms|set_duration_us|set_laser_delay|set_laser_state|set_mode_state|set_passive_sync|set_pwm_state|set_sequence_state|set_servo_state|set_ttl_state|start_camera|stop_camera,45,Uni-Lab-OS/community_drivers/micro_fpga/info.txt
microscope,microscope,Laboratory Microscope 光学显微镜是一款普通光学显微镜，主要功能包括成像、打开、状态查询、电压读取、聚焦、采集。,普通光学显微镜,普通光学显微镜(device_template_tag),72,auto-acquire|auto-get_beam_blanked|auto-get_beam_shift|auto-get_beam_tilt|auto-get_camera_param|auto-get_cameras|auto-get_column_valves_open|auto-get_condenser_mode|auto-get_condenser_stigmator|auto-get_convergence_angle|auto-get_dark_field_mode|auto-get_defocus|auto-get_diffraction_shift|auto-get_family|auto-get_illuminated_area|auto-get_illumination_mode|auto-get_image_shift|auto-get_indicated_camera_length|auto-get_indicated_magnification|auto-get_instrument_mode|auto-get_intensity|auto-get_magnification_index|auto-get_microscope_id|auto-get_objective_excitation|auto-get_objective_stigmator|auto-get_probe_defocus|auto-get_projection_mode|auto-get_projection_mode_string|auto-get_projection_sub_mode|auto-get_screen_current|auto-get_screen_position|auto-get_spot_size_index|auto-get_stage_holder|auto-get_stage_limits|auto-get_stage_position|auto-get_stage_status|auto-get_stem_acquisition_param|auto-get_stem_detector_param|auto-get_stem_detectors|auto-get_stem_magnification|auto-get_stem_rotation|auto-get_vacuum|auto-get_version|auto-get_voltage|auto-is_stem_available|auto-normalize|auto-set_beam_blanked|auto-set_beam_shift|auto-set_beam_tilt|auto-set_camera_param|auto-set_column_valves_open|auto-set_condenser_mode|auto-set_condenser_stigmator|auto-set_convergence_angle|auto-set_dark_field_mode|auto-set_defocus|auto-set_diffraction_shift|auto-set_illuminated_area|auto-set_illumination_mode|auto-set_image_shift|auto-set_instrument_mode|auto-set_intensity|auto-set_magnification_index|auto-set_objective_stigmator|auto-set_probe_defocus|auto-set_projection_mode|auto-set_screen_position|auto-set_spot_size_index|auto-set_stem_acquisition_param|auto-set_stem_detector_param|auto-set_stem_magnification|auto-set_stem_rotation,acquire|get_beam_blanked|get_beam_shift|get_beam_tilt|get_camera_param|get_cameras|get_column_valves_open|get_condenser_mode|get_condenser_stigmator|get_convergence_angle|get_dark_field_mode|get_defocus|get_diffraction_shift|get_family|get_illuminated_area|get_illumination_mode|get_image_shift|get_indicated_camera_length|get_indicated_magnification|get_instrument_mode|get_intensity|get_magnification_index|get_microscope_id|get_objective_excitation|get_objective_stigmator|get_probe_defocus|get_projection_mode|get_projection_mode_string|get_projection_sub_mode|get_screen_current|get_screen_position|get_spot_size_index|get_stage_holder|get_stage_limits|get_stage_position|get_stage_status|get_stem_acquisition_param|get_stem_detector_param|get_stem_detectors|get_stem_magnification|get_stem_rotation|get_vacuum|get_version|get_voltage|is_stem_available|normalize|set_beam_blanked|set_beam_shift|set_beam_tilt|set_camera_param|set_column_valves_open|set_condenser_mode|set_condenser_stigmator|set_convergence_angle|set_dark_field_mode|set_defocus|set_diffraction_shift|set_illuminated_area|set_illumination_mode|set_image_shift|set_instrument_mode|set_intensity|set_magnification_index|set_objective_stigmator|set_probe_defocus|set_projection_mode|set_screen_position|set_spot_size_index|set_stem_acquisition_param|set_stem_detector_param|set_stem_magnification|set_stem_rotation,76,Uni-Lab-OS/community_drivers/microscope/info.txt
mighty_mini,mighty_mini,Mighty Mini是由Mighty Mini (Open Source)生产的专业实验设备。,实验执行&合成设备,实验执行&合成设备(experimental_step),3,auto-infuse|auto-setflowrate|auto-stop,infuse|setflowrate|stop,20,Uni-Lab-OS/community_drivers/mighty_mini/info.txt
mini_las_evo,mini_las_evo,SDL Atlas 自动起球评级系统是由锡莱-亚太拉斯有限公司 SDL Atlas Ltd.,表征设备,表征设备(experimental_step),15,auto-available_features|auto-control_mode|auto-emission_wavelenght|auto-enabled|auto-idn|auto-initialize|auto-maximum_power|auto-operating_hours|auto-power|auto-query|auto-software_version|auto-status|auto-temperature|auto-temperature_max|auto-temperature_min,available_features|control_mode|emission_wavelenght|enabled|idn|initialize|maximum_power|operating_hours|power|query|software_version|status|temperature|temperature_max|temperature_min,18,Uni-Lab-OS/community_drivers/mini_las_evo/info.txt
minipump,minipump,Miniature Pump是一款注射泵，主要功能包括停止、泵送、读取数据。,注射泵,注射泵(device_template_tag),5,auto-primePump|auto-read|auto-readPump|auto-runPump|auto-stopPump,primePump|read|readPump|runPump|stopPump,6,Uni-Lab-OS/community_drivers/minipump/info.txt
minitel,minitel,Minitel是由France Telecom生产的专业实验设备。,实验执行&合成设备,实验执行&合成设备(experimental_step),24,auto-appeler|auto-bip|auto-close|auto-configurer_clavier|auto-couleur|auto-curseur|auto-debut_ligne|auto-definir_mode|auto-definir_vitesse|auto-deviner_vitesse|auto-echo|auto-efface|auto-effet|auto-envoyer|auto-identifier|auto-insere|auto-position|auto-recevoir|auto-recevoir_sequence|auto-redefinir|auto-repeter|auto-semigraphique|auto-supprime|auto-taille,appeler|bip|close|configurer_clavier|couleur|curseur|debut_ligne|definir_mode|definir_vitesse|deviner_vitesse|echo|efface|effet|envoyer|identifier|insere|position|recevoir|recevoir_sequence|redefinir|repeter|semigraphique|supprime|taille,28,Uni-Lab-OS/community_drivers/minitel/info.txt
modbus_adu,modbus_adu,Modbus ADU是由Modbus (Open Standard)生产的实验执行&合成设备，主要功能包括关闭、写入数据、启动、复位、日志记录、读取数据。,实验执行&合成设备,实验执行&合成设备(experimental_step),12,auto-add_data|auto-calc_crc|auto-check_crc|auto-close|auto-half_word|auto-parse_diagnostics|auto-parse_mask_write_register|auto-parse_not_implemented|auto-parse_write_single_coil|auto-parse_write_single_register|auto-puti|auto-putl,add_data|calc_crc|check_crc|close|half_word|parse_diagnostics|parse_mask_write_register|parse_not_implemented|parse_write_single_coil|parse_write_single_register|puti|putl,37,Uni-Lab-OS/community_drivers/modbus_adu/info.txt
modbus_adu_cs,modbus_adu_cs,Modbus ADU CS是由Modbus (Open Standard)生产的实验执行&合成设备，主要功能包括关闭、写入数据、启动、复位、日志记录、读取数据。,实验执行&合成设备,实验执行&合成设备(experimental_step),6,auto-parse|auto-parse_read_data_command|auto-parse_read_file_record|auto-parse_read_write_registers|auto-parse_single_byte_request|auto-parse_write_multiple,parse|parse_read_data_command|parse_read_file_record|parse_read_write_registers|parse_single_byte_request|parse_write_multiple,36,Uni-Lab-OS/community_drivers/modbus_adu_cs/info.txt
modbus_client,modbus_client,Modbus Client是由Modbus (Open Standard)生产的实验执行&合成设备，主要功能包括关闭、写入数据、打开、读取数据。,实验执行&合成设备,实验执行&合成设备(experimental_step),27,auto-auto_close|auto-auto_open|auto-close|auto-custom_request|auto-host|auto-is_open|auto-last_error|auto-last_error_as_txt|auto-last_except|auto-last_except_as_full_txt|auto-last_except_as_txt|auto-on_tx_rx|auto-open|auto-port|auto-read_coils|auto-read_device_identification|auto-read_discrete_inputs|auto-read_holding_registers|auto-read_input_registers|auto-timeout|auto-unit_id|auto-version|auto-write_multiple_coils|auto-write_multiple_registers|auto-write_read_multiple_registers|auto-write_single_coil|auto-write_single_register,auto_close|auto_open|close|custom_request|host|is_open|last_error|last_error_as_txt|last_except|last_except_as_full_txt|last_except_as_txt|on_tx_rx|open|port|read_coils|read_device_identification|read_discrete_inputs|read_holding_registers|read_input_registers|timeout|unit_id|version|write_multiple_coils|write_multiple_registers|write_read_multiple_registers|write_single_coil|write_single_register,55,Uni-Lab-OS/community_drivers/modbus_client/info.txt
modbus_serial_client,modbus_serial_client,Modbus Serial Client是由Modbus (Open Standard)生产的专业实验设备。,实验执行&合成设备,实验执行&合成设备(experimental_step),13,auto-get_baudrate|auto-get_bytesize|auto-get_parity|auto-get_port|auto-get_serial_settings|auto-get_stopbits|auto-get_timeout|auto-set_baudrate|auto-set_bytesize|auto-set_parity|auto-set_port|auto-set_stopbits|auto-set_timeout,get_baudrate|get_bytesize|get_parity|get_port|get_serial_settings|get_stopbits|get_timeout|set_baudrate|set_bytesize|set_parity|set_port|set_stopbits|set_timeout,51,Uni-Lab-OS/community_drivers/modbus_serial_client/info.txt
modbus_serial_worker,modbus_serial_worker,Modbus Serial Worker是由Modbus (Open Standard)生产的专业实验设备。,实验执行&合成设备,实验执行&合成设备(experimental_step),2,auto-loop|auto-srv_engine_entry,loop|srv_engine_entry,10,Uni-Lab-OS/community_drivers/modbus_serial_worker/info.txt
modbus_server,modbus_server,Modbus Server是由Modbus (Open Standard)生产的实验执行&合成设备，主要功能包括停止、写入数据、启动、设置、读取数据、运行。,实验执行&合成设备,实验执行&合成设备(experimental_step),17,auto-add_pack|auto-build_except|auto-clear|auto-except_code|auto-func_code|auto-handle|auto-is_except|auto-is_run|auto-is_valid|auto-new_request|auto-raw|auto-server_running|auto-set_response_mbap|auto-srv_info|auto-start|auto-stop|auto-unpack,add_pack|build_except|clear|except_code|func_code|handle|is_except|is_run|is_valid|new_request|raw|server_running|set_response_mbap|srv_info|start|stop|unpack,59,Uni-Lab-OS/community_drivers/modbus_server/info.txt
modbus_tcp_client,modbus_tcp_client,Modbus TCP Client是由Modbus (Open Standard)生产的专业实验设备。,实验执行&合成设备,实验执行&合成设备(experimental_step),32,change_ascii_input_delimiter|clear_counters|clear_overrun_count|force_listen_only_mode|get_clear_modbus_plus|get_com_event_counter|get_com_event_log|mask_write_register|read_coils|read_device_information|read_discrete_inputs|read_exception_status|read_holding_registers|read_input_registers|readwrite_registers|report_slave_id|restart_comm_option|return_bus_com_error_count|return_bus_exception_error_count|return_bus_message_count|return_diagnostic_register|return_iop_overrun_count|return_query_data|return_slave_bus_char_overrun_count|return_slave_busy_count|return_slave_message_count|return_slave_no_ack_count|return_slave_no_response_count|write_coil|write_coils|write_register|write_registers,change_ascii_input_delimiter|clear_counters|clear_overrun_count|force_listen_only_mode|get_clear_modbus_plus|get_com_event_counter|get_com_event_log|mask_write_register|read_coils|read_device_information|read_discrete_inputs|read_exception_status|read_holding_registers|read_input_registers|readwrite_registers|report_slave_id|restart_comm_option|return_bus_com_error_count|return_bus_exception_error_count|return_bus_message_count|return_diagnostic_register|return_iop_overrun_count|return_query_data|return_slave_bus_char_overrun_count|return_slave_busy_count|return_slave_message_count|return_slave_no_ack_count|return_slave_no_response_count|write_coil|write_coils|write_register|write_registers,51,Uni-Lab-OS/community_drivers/modbus_tcp_client/info.txt
module,module,High Voltage Power Supply Module是一款实验执行&合成设备，主要功能包括使能、复位、状态查询、禁用、过滤。,实验执行&合成设备,实验执行&合成设备(experimental_step),47,auto-adjustment|auto-channel|auto-channels|auto-clear_all_event_status_registers|auto-clear_module_event_status_bits|auto-enter_configuration_mode|auto-exit_configuration_mode|auto-filter_averaging_steps|auto-firmware_name|auto-firmware_release|auto-goto_local|auto-id_string|auto-instruction_set|auto-kill_enable|auto-local_lockout|auto-module_can_address|auto-module_can_bitrate|auto-module_control_register|auto-module_current_limit|auto-module_current_ramp_speed|auto-module_event_channel_mask_register|auto-module_event_channel_status_register|auto-module_event_mask_register|auto-module_event_status_register|auto-module_status|auto-module_status_register|auto-module_supply_voltage|auto-module_supply_voltage_n12v|auto-module_supply_voltage_n24v|auto-module_supply_voltage_p12v|auto-module_supply_voltage_p24v|auto-module_supply_voltage_p3v|auto-module_supply_voltage_p5v|auto-module_temperature|auto-module_voltage_limit|auto-module_voltage_ramp_speed|auto-number_of_channels|auto-reset_module_event_status|auto-reset_to_save_values|auto-serial_baud_rate|auto-serial_echo_disabled|auto-serial_echo_enable|auto-serial_echo_enabled|auto-set_command_set|auto-set_serial_echo_disabled|auto-set_serial_echo_enabled|auto-setvalue_changes_counter,adjustment|channel|channels|clear_all_event_status_registers|clear_module_event_status_bits|enter_configuration_mode|exit_configuration_mode|filter_averaging_steps|firmware_name|firmware_release|goto_local|id_string|instruction_set|kill_enable|local_lockout|module_can_address|module_can_bitrate|module_control_register|module_current_limit|module_current_ramp_speed|module_event_channel_mask_register|module_event_channel_status_register|module_event_mask_register|module_event_status_register|module_status|module_status_register|module_supply_voltage|module_supply_voltage_n12v|module_supply_voltage_n24v|module_supply_voltage_p12v|module_supply_voltage_p24v|module_supply_voltage_p3v|module_supply_voltage_p5v|module_temperature|module_voltage_limit|module_voltage_ramp_speed|number_of_channels|reset_module_event_status|reset_to_save_values|serial_baud_rate|serial_echo_disabled|serial_echo_enable|serial_echo_enabled|set_command_set|set_serial_echo_disabled|set_serial_echo_enabled|setvalue_changes_counter,59,Uni-Lab-OS/community_drivers/module/info.txt
molecular_devices_backend,molecular_devices_backend,Molecular Devices Instrument 酶标仪是由Molecular Devices生产的专业实验设备。,酶标仪,酶标仪(device_template_tag),19,auto-clear_error_log|auto-close|auto-get_firmware_version|auto-get_status|auto-get_temperature|auto-open|auto-read_absorbance|auto-read_error_log|auto-read_fluorescence|auto-read_fluorescence_polarization|auto-read_luminescence|auto-read_time_resolved_fluorescence|auto-send_command|auto-serialize|auto-set_temperature|auto-setup|auto-start_shake|auto-stop|auto-stop_shake,clear_error_log|close|get_firmware_version|get_status|get_temperature|open|read_absorbance|read_error_log|read_fluorescence|read_fluorescence_polarization|read_luminescence|read_time_resolved_fluorescence|send_command|serialize|set_temperature|setup|start_shake|stop|stop_shake,44,Uni-Lab-OS/community_drivers/molecular_devices_backend/info.txt
monochromator,monochromator,Monochromator device This class should not be instanced by the end user,monochromator,,16,auto-calibrate_wavelength|auto-close|auto-close_shutter|auto-configuration|auto-initialize|auto-is_busy|auto-is_initialized|auto-is_open|auto-move_to_target_wavelength|auto-open|auto-open_shutter|auto-set_filter_wheel_position|auto-set_mirror_position|auto-set_slit_position|auto-set_slit_step_position|auto-set_turret_grating,calibrate_wavelength|close|close_shutter|configuration|initialize|is_busy|is_initialized|is_open|move_to_target_wavelength|open|open_shutter|set_filter_wheel_position|set_mirror_position|set_slit_position|set_slit_step_position|set_turret_grating,26,Uni-Lab-OS/community_drivers/monochromator/info.txt
motor_control,motor_control,Motor Control是一款实验执行&合成设备，主要功能包括启动、归零、执行、运动控制。,实验执行&合成设备,实验执行&合成设备(experimental_step),11,auto-define_home|auto-end_session|auto-execute_motor|auto-find_axis|auto-get_position|auto-go_home|auto-move_abs|auto-move_rel|auto-send_command|auto-set_units|auto-start_session,define_home|end_session|execute_motor|find_axis|get_position|go_home|move_abs|move_rel|send_command|set_units|start_session,12,Uni-Lab-OS/community_drivers/motor_control/info.txt
mp285,mp285,Sutter MP-285 微操纵器 自动化设备 机械手是由Sutter Instrument生产的专业实验设备。,物流/机械,物流/机械(experimental_step),15,auto-close|auto-connect_to_serial|auto-convert_microns_to_microsteps|auto-convert_microsteps_to_microns|auto-disconnect_from_serial|auto-get_controller_status|auto-get_current_position|auto-interrupt_move|auto-move_to_specified_position|auto-read_response|auto-refresh_display|auto-reset_controller|auto-send_command|auto-set_absolute_mode|auto-set_resolution_and_velocity,close|connect_to_serial|convert_microns_to_microsteps|convert_microsteps_to_microns|disconnect_from_serial|get_controller_status|get_current_position|interrupt_move|move_to_specified_position|read_response|refresh_display|reset_controller|send_command|set_absolute_mode|set_resolution_and_velocity,16,Uni-Lab-OS/community_drivers/mp285/info.txt
mp71025_x,mp71025_x,MP71025-X Motion Controller 自动化设备是由Multicomp Pro生产的物流/机械，主要功能包括初始化、测量、电压设置、电流设置。,物流/机械,物流/机械(experimental_step),9,auto-initialize|auto-lock_commands|auto-measure_current|auto-measure_power|auto-measure_voltage|auto-remote_sense|auto-set_current|auto-set_voltage|auto-toggle_output,initialize|lock_commands|measure_current|measure_power|measure_voltage|remote_sense|set_current|set_voltage|toggle_output,11,Uni-Lab-OS/community_drivers/mp71025_x/info.txt
mpbcw_laser,mpbcw_laser,MPBCWLaser,generic,,9,auto-Close|auto-GetPower|auto-GetRealPower|auto-IsOn|auto-SetPower|auto-TurnOff|auto-TurnOn|auto-check_on|auto-query,Close|GetPower|GetRealPower|IsOn|SetPower|TurnOff|TurnOn|check_on|query,11,Uni-Lab-OS/community_drivers/mpbcw_laser/info.txt
mpi_sentio_prober,mpi_sentio_prober,This library does not handle asynchronous commands,custom,,50,auto-has_scope_xyz|auto-has_scope_z|auto-light_off_at_contact|auto-light_on_at_separation|auto-loader_scan_station|auto-map_die_get_current_index|auto-map_die_get_current_subsite|auto-map_get_die_seq|auto-map_get_grid_origin|auto-map_get_num_cols|auto-map_get_num_dies|auto-map_get_num_rows|auto-map_get_prop|auto-map_path_get_die|auto-map_step_die|auto-map_step_die_seq|auto-map_step_next_die|auto-map_step_previous_die|auto-map_subsite_get_num|auto-map_subsite_step|auto-move_chuck_center|auto-move_chuck_contact|auto-move_chuck_home|auto-move_chuck_load|auto-move_chuck_separation|auto-move_positioner_xy|auto-read|auto-set_chuck_separation_gap|auto-set_chuck_speed|auto-set_soft_contact|auto-set_vacuum|auto-siph_fast_alignment|auto-siph_get_alignment|auto-siph_get_intensity|auto-siph_gradient_search|auto-siph_move_hover|auto-siph_move_origin|auto-siph_move_separation|auto-siph_power_calibration|auto-siph_set_alignment|auto-status_get_chuck_temp|auto-status_get_machine_id|auto-status_get_machine_status|auto-status_get_prop|auto-status_get_version|auto-status_set_prop|auto-status_show_message|auto-stop_chuck_theta|auto-stop_chuck_xyz|auto-write,has_scope_xyz|has_scope_z|light_off_at_contact|light_on_at_separation|loader_scan_station|map_die_get_current_index|map_die_get_current_subsite|map_get_die_seq|map_get_grid_origin|map_get_num_cols|map_get_num_dies|map_get_num_rows|map_get_prop|map_path_get_die|map_step_die|map_step_die_seq|map_step_next_die|map_step_previous_die|map_subsite_get_num|map_subsite_step|move_chuck_center|move_chuck_contact|move_chuck_home|move_chuck_load|move_chuck_separation|move_positioner_xy|read|set_chuck_separation_gap|set_chuck_speed|set_soft_contact|set_vacuum|siph_fast_alignment|siph_get_alignment|siph_get_intensity|siph_gradient_search|siph_move_hover|siph_move_origin|siph_move_separation|siph_power_calibration|siph_set_alignment|status_get_chuck_temp|status_get_machine_id|status_get_machine_status|status_get_prop|status_get_version|status_set_prop|status_show_message|stop_chuck_theta|stop_chuck_xyz|write,63,Uni-Lab-OS/community_drivers/mpi_sentio_prober/info.txt
mqtt_client,mqtt_client,Mqtt Client是由Open Standard (MQTT)生产的专业实验设备。,实验执行&合成设备,实验执行&合成设备(experimental_step),20,auto-clientLoop|auto-client_down|auto-daemon_kill|auto-getRefreshRate|auto-on_connect|auto-on_disconnect|auto-on_message|auto-poll|auto-publish_avail|auto-publish_avail_topics|auto-publish_hass|auto-publish_state|auto-publish_state_topics|auto-setupClientTopics|auto-setupDevice|auto-setupHassDiscoveryConfigs|auto-setupInitValues|auto-setupSubscribeTopics|auto-startup_client|auto-subsribe_topics,clientLoop|client_down|daemon_kill|getRefreshRate|on_connect|on_disconnect|on_message|poll|publish_avail|publish_avail_topics|publish_hass|publish_state|publish_state_topics|setupClientTopics|setupDevice|setupHassDiscoveryConfigs|setupInitValues|setupSubscribeTopics|startup_client|subsribe_topics,28,Uni-Lab-OS/community_drivers/mqtt_client/info.txt
mso5k,mso5k,Mso5k是由RIGOL Technologies生产的专业实验设备。,实验执行&合成设备,实验执行&合成设备(experimental_step),19,auto-autoscale|auto-freq|auto-getChannelAtte|auto-getChannelScale|auto-getScreenshoot|auto-getTimebaseScale|auto-phase|auto-saveChanneltoFile|auto-setAcquire|auto-setAverageTimes|auto-setChannelAtte|auto-setChannelCouple|auto-setChannelOffet|auto-setChannelScale|auto-setChannelUnit|auto-setTimebaseScale|auto-setTriggerChannel|auto-setTriggerLevel|auto-voltage,autoscale|freq|getChannelAtte|getChannelScale|getScreenshoot|getTimebaseScale|phase|saveChanneltoFile|setAcquire|setAverageTimes|setChannelAtte|setChannelCouple|setChannelOffet|setChannelScale|setChannelUnit|setTimebaseScale|setTriggerChannel|setTriggerLevel|voltage,20,Uni-Lab-OS/community_drivers/mso5k/info.txt
msox,msox,MSOX Series Mixed Signal Oscilloscope是由Keysight Technologies生产的表征设备，主要功能包括测量。,表征设备,表征设备(experimental_step),1,auto-measureStatistics,measureStatistics,15,Uni-Lab-OS/community_drivers/msox/info.txt
msox3000,msox3000,Keysight MSOX3000 混合信号示波器 示波器是由Keysight Technologies生产的专业实验设备。,表征设备,表征设备(experimental_step),41,auto-annotate|auto-annotateColor|auto-annotateOff|auto-channelLabel|auto-channelLabelOff|auto-hardcopy|auto-measureBitRate|auto-measureBurstWidth|auto-measureCounterFrequency|auto-measureDVMacrms|auto-measureDVMdc|auto-measureDVMdcrms|auto-measureDVMfreq|auto-measureFallEdgeCount|auto-measureFallPulseCount|auto-measureFallTime|auto-measureFrequency|auto-measureNegDutyCycle|auto-measureNegPulseWidth|auto-measureOvershoot|auto-measurePeriod|auto-measurePosDutyCycle|auto-measurePosPulseWidth|auto-measurePreshoot|auto-measureRiseEdgeCount|auto-measureRisePulseCount|auto-measureRiseTime|auto-measureStatistics|auto-measureVoltAmplitude|auto-measureVoltAverage|auto-measureVoltBase|auto-measureVoltMax|auto-measureVoltMin|auto-measureVoltPP|auto-measureVoltRMS|auto-measureVoltTop|auto-polish|auto-setupAutoscale|auto-setupLoad|auto-setupSave|auto-waveform,annotate|annotateColor|annotateOff|channelLabel|channelLabelOff|hardcopy|measureBitRate|measureBurstWidth|measureCounterFrequency|measureDVMacrms|measureDVMdc|measureDVMdcrms|measureDVMfreq|measureFallEdgeCount|measureFallPulseCount|measureFallTime|measureFrequency|measureNegDutyCycle|measureNegPulseWidth|measureOvershoot|measurePeriod|measurePosDutyCycle|measurePosPulseWidth|measurePreshoot|measureRiseEdgeCount|measureRisePulseCount|measureRiseTime|measureStatistics|measureVoltAmplitude|measureVoltAverage|measureVoltBase|measureVoltMax|measureVoltMin|measureVoltPP|measureVoltRMS|measureVoltTop|polish|setupAutoscale|setupLoad|setupSave|waveform,45,Uni-Lab-OS/community_drivers/msox3000/info.txt
mstp_director,mstp_director,Mstp Director是由Open Standard (BACnet)生产的实验执行&合成设备，主要功能包括关闭、写入数据、设备连接、读取数据。,实验执行&合成设备,实验执行&合成设备(experimental_step),17,auto-actor_error|auto-add_actor|auto-atexit_handler|auto-close_socket|auto-confirmation|auto-del_actor|auto-get_actor|auto-handle_close|auto-handle_connect|auto-handle_error|auto-handle_read|auto-handle_write|auto-indication|auto-readable|auto-sap_confirmation|auto-sap_indication|auto-writable,actor_error|add_actor|atexit_handler|close_socket|confirmation|del_actor|get_actor|handle_close|handle_connect|handle_error|handle_read|handle_write|indication|readable|sap_confirmation|sap_indication|writable,28,Uni-Lab-OS/community_drivers/mstp_director/info.txt
mstp_multiplexer,mstp_multiplexer,Mstp Multiplexer是由Open Standard (BACnet)生产的专业实验设备。,实验执行&合成设备,实验执行&合成设备(experimental_step),17,auto-actor_error|auto-add_actor|auto-atexit_handler|auto-close_socket|auto-confirmation|auto-del_actor|auto-get_actor|auto-handle_close|auto-handle_connect|auto-handle_error|auto-handle_read|auto-handle_write|auto-indication|auto-readable|auto-sap_confirmation|auto-sap_indication|auto-writable,actor_error|add_actor|atexit_handler|close_socket|confirmation|del_actor|get_actor|handle_close|handle_connect|handle_error|handle_read|handle_write|indication|readable|sap_confirmation|sap_indication|writable,28,Uni-Lab-OS/community_drivers/mstp_multiplexer/info.txt
mtsics,mtsics,Mettler-Toledo SICS 天平接口 接口模块是由Mettler-Toledo生产的专业实验设备。,电子天平,电子天平(device_template_tag),12,auto-clear_tare|auto-mt_sics|auto-mt_sics_commands|auto-name|auto-query|auto-reset|auto-serial_number|auto-tare|auto-tare_value|auto-weight|auto-weight_mode|auto-zero,clear_tare|mt_sics|mt_sics_commands|name|query|reset|serial_number|tare|tare_value|weight|weight_mode|zero,19,Uni-Lab-OS/community_drivers/mtsics/info.txt
mu_xelve,mu_xelve,Elveflow MUX Flow Switch是由Elveflow生产的专业实验设备。,注射泵,注射泵(device_template_tag),7,auto-close|auto-get_valve|auto-home|auto-loadDLL|auto-open|auto-set_valve|auto-wait_for_valve_movement,close|get_valve|home|loadDLL|open|set_valve|wait_for_valve_movement,10,Uni-Lab-OS/community_drivers/mu_xelve/info.txt
multi_dimension_selector,multi_dimension_selector,Multi Dimension Selector是一款后处理设备，主要功能包括关闭、加载、启动、绘图、设备连接。,后处理设备,后处理设备(experimental_step),13,auto-addNodeWidget|auto-addNodeWidgetsFromFlowchart|auto-closeEvent|auto-connectNode|auto-emitSelection|auto-getSelected|auto-loadSnapshot|auto-restart_widget|auto-setDefaultStyle|auto-setDimensions|auto-setSelected|auto-signalDimensionSelection|auto-spinValueChanged,addNodeWidget|addNodeWidgetsFromFlowchart|closeEvent|connectNode|emitSelection|getSelected|loadSnapshot|restart_widget|setDefaultStyle|setDimensions|setSelected|signalDimensionSelection|spinValueChanged,29,Uni-Lab-OS/community_drivers/multi_dimension_selector/info.txt
multi_mca_detector,multi_mca_detector,Multi-Channel Analyzer (MCA) Detector是由Generic (EPICS)生产的表征设备，主要功能包括停止、写入数据、启动、扫描、捕获、数据保存。,表征设备,表征设备(experimental_step),30,auto-ContinuousMode|auto-MCAMode|auto-NDArrayMode|auto-ROIMode|auto-SCAMode|auto-ScalerMode|auto-SpectraMode|auto-arm|auto-config_filesaver|auto-connect_counters|auto-disarm|auto-file_write_complete|auto-finish_capture|auto-finish_pixels|auto-getCurrentPixel|auto-get_calib|auto-get_next_filename|auto-get_numcaptured|auto-get_rois|auto-next_pixel|auto-post_scan|auto-pre_scan|auto-readmca|auto-restore_rois|auto-roi_calib_info|auto-save_arraydata|auto-save_calibration|auto-set_dwelltime|auto-start|auto-stop,ContinuousMode|MCAMode|NDArrayMode|ROIMode|SCAMode|ScalerMode|SpectraMode|arm|config_filesaver|connect_counters|disarm|file_write_complete|finish_capture|finish_pixels|getCurrentPixel|get_calib|get_next_filename|get_numcaptured|get_rois|next_pixel|post_scan|pre_scan|readmca|restore_rois|roi_calib_info|save_arraydata|save_calibration|set_dwelltime|start|stop,39,Uni-Lab-OS/community_drivers/multi_mca_detector/info.txt
multi_rate_cyclic_send_task,multi_rate_cyclic_send_task,Multi Rate Cyclic Send Task是一款实验执行&合成设备，主要功能包括停止、启动、捕获。,实验执行&合成设备,实验执行&合成设备(experimental_step),3,modify_data|start|stop,modify_data|start|stop,32,Uni-Lab-OS/community_drivers/multi_rate_cyclic_send_task/info.txt
multi_xmap,multi_xmap,XIA XMAP 多元素探测器 X射线衍射仪是由XIA LLC生产的专业实验设备。,X射线衍射仪,X射线衍射仪(device_template_tag),43,auto-FileCaptureOff|auto-FileCaptureOn|auto-FileWriteComplete|auto-MCAMode|auto-SCAMode|auto-SpectraMode|auto-Write_CurrentConfig|auto-add_roi|auto-center|auto-clear|auto-clear_rois|auto-del_roi|auto-fileGet|auto-filePut|auto-finish_pixels|auto-getFileName|auto-getFileNameByIndex|auto-getFileNumber|auto-getFilePath|auto-getFileTemplate|auto-getLastFileName|auto-get_calib|auto-get_counts|auto-get_energy|auto-get_rois|auto-net|auto-nextFileNumber|auto-next_pixel|auto-readmca|auto-restore_rois|auto-roi_calib_info|auto-setFileName|auto-setFileNumCapture|auto-setFileNumber|auto-setFilePath|auto-setFileTemplate|auto-setFileWriteMode|auto-set_rois|auto-start|auto-stop|auto-sum|auto-total|auto-width,FileCaptureOff|FileCaptureOn|FileWriteComplete|MCAMode|SCAMode|SpectraMode|Write_CurrentConfig|add_roi|center|clear|clear_rois|del_roi|fileGet|filePut|finish_pixels|getFileName|getFileNameByIndex|getFileNumber|getFilePath|getFileTemplate|getLastFileName|get_calib|get_counts|get_energy|get_rois|net|nextFileNumber|next_pixel|readmca|restore_rois|roi_calib_info|setFileName|setFileNumCapture|setFileNumber|setFilePath|setFileTemplate|setFileWriteMode|set_rois|start|stop|sum|total|width,56,Uni-Lab-OS/community_drivers/multi_xmap/info.txt
multimeter_calibration_app,multimeter_calibration_app,万用表校准应用程序，提供自动化校准流程和校准数据记录功能。,表征设备,表征设备(experimental_step),6,auto-calibrate_multimeter|auto-check_calibration|auto-connect_calibrated_multimeter|auto-connect_multimeter_to_calibrate|auto-connect_power_supply|auto-init_ui,calibrate_multimeter|check_calibration|connect_calibrated_multimeter|connect_multimeter_to_calibrate|connect_power_supply|init_ui,7,Uni-Lab-OS/community_drivers/multimeter_calibration_app/info.txt
mx_rxx4_a,mx_rxx4_a,Keysight MXR 四通道示波器 示波器是由Keysight Technologies生产的表征设备，主要功能包括测量、设置。,表征设备,表征设备(experimental_step),2,auto-measureStatistics|auto-setupAutoscale,measureStatistics|setupAutoscale,6,Uni-Lab-OS/community_drivers/mx_rxx4_a/info.txt
mx_rxx8_a,mx_rxx8_a,Keysight MXR 八通道示波器 示波器是由Keysight Technologies生产的表征设备，主要功能包括测量、设置。,表征设备,表征设备(experimental_step),2,auto-measureStatistics|auto-setupAutoscale,measureStatistics|setupAutoscale,6,Uni-Lab-OS/community_drivers/mx_rxx8_a/info.txt
mx_valve,mx_valve,MXII 多位阀是由IDEX Health & Science生产的专业实验设备。,多通阀,多通阀(device_template_tag),8,auto-change_port|auto-get_port|auto-message_builder|auto-read_message|auto-response_interpret|auto-stripped_hex|auto-wait_ready|auto-write_message,change_port|get_port|message_builder|read_message|response_interpret|stripped_hex|wait_ready|write_message,10,Uni-Lab-OS/community_drivers/mx_valve/info.txt
mxr,mxr,MXR Series Real-Time Oscilloscope是由Keysight Technologies生产的表征设备，主要功能包括测量、设置。,表征设备,表征设备(experimental_step),2,auto-measureStatistics|auto-setupAutoscale,measureStatistics|setupAutoscale,7,Uni-Lab-OS/community_drivers/mxr/info.txt
mythen,mythen,MYTHEN 1D X-ray Detector X射线衍射仪是由DECTRIS生产的专业实验设备。,X射线衍射仪,X射线衍射仪(device_template_tag),19,auto-acquire|auto-canMonitor|auto-canStopCount|auto-changeTime|auto-finish|auto-getValue|auto-isCounting|auto-readFlatfield|auto-readFlip|auto-readout|auto-setCountTime|auto-setFlatfield|auto-setFlip|auto-setPresetValue|auto-settings|auto-startCount|auto-stopCount|auto-wait|auto-waitFinish,acquire|canMonitor|canStopCount|changeTime|finish|getValue|isCounting|readFlatfield|readFlip|readout|setCountTime|setFlatfield|setFlip|setPresetValue|settings|startCount|stopCount|wait|waitFinish,20,Uni-Lab-OS/community_drivers/mythen/info.txt
n8700,n8700,Keysight N8700 自动量程直流电源 电源是由Keysight Technologies生产的专业实验设备。,实验执行&合成设备,实验执行&合成设备(experimental_step),10,auto-initialize|auto-lock_front_panel|auto-measure_current|auto-measure_power|auto-measure_voltage|auto-remote_sense|auto-select_channel|auto-set_current|auto-set_voltage|auto-toggle_output,initialize|lock_front_panel|measure_current|measure_power|measure_voltage|remote_sense|select_channel|set_current|set_voltage|toggle_output,12,Uni-Lab-OS/community_drivers/n8700/info.txt
n9020b,n9020b,Keysight N9020B MXA Signal Analyzer 分析仪 信号分析仪是由Keysight Technologies生产的专业实验设备。,表征设备,表征设备(experimental_step),29,auto-close|auto-query_mark_delta_x|auto-query_mark_x_freq|auto-query_mark_y_power|auto-save_png|auto-set_auto_tune|auto-set_cal_all|auto-set_cont|auto-set_freq|auto-set_freq_cent|auto-set_freq_span|auto-set_freq_span_max|auto-set_freq_start|auto-set_freq_stop|auto-set_mark_all_off|auto-set_mark_del_freq|auto-set_mark_delt_on|auto-set_mark_to_cf|auto-set_marker_freq|auto-set_mode_spectrum_analyzer|auto-set_next_peak|auto-set_peak_search|auto-set_peak_search_continuous_on|auto-set_rbw|auto-set_rbw_auto|auto-set_ref_level|auto-set_single|auto-set_vbw|auto-set_vbw_auto,close|query_mark_delta_x|query_mark_x_freq|query_mark_y_power|save_png|set_auto_tune|set_cal_all|set_cont|set_freq|set_freq_cent|set_freq_span|set_freq_span_max|set_freq_start|set_freq_stop|set_mark_all_off|set_mark_del_freq|set_mark_delt_on|set_mark_to_cf|set_marker_freq|set_mode_spectrum_analyzer|set_next_peak|set_peak_search|set_peak_search_continuous_on|set_rbw|set_rbw_auto|set_ref_level|set_single|set_vbw|set_vbw_auto,30,Uni-Lab-OS/community_drivers/n9020b/info.txt
nano_scan,nano_scan,Nano Scan是由Prior Scientific生产的专业实验设备。,物流/机械,物流/机械(experimental_step),21,auto-closePort|auto-getCmd|auto-getMovingState|auto-getPositionAbs|auto-getPositionRel|auto-getStep|auto-getTravelRange|auto-getVersion|auto-isPortOpen|auto-moveAbsolutePosition|auto-moveDown|auto-moveRelativePosition|auto-moveUp|auto-moveZeroPosition|auto-openPort|auto-resetStage|auto-sendCmd|auto-setCmd|auto-setPosition|auto-setStep|auto-setTravelRange,closePort|getCmd|getMovingState|getPositionAbs|getPositionRel|getStep|getTravelRange|getVersion|isPortOpen|moveAbsolutePosition|moveDown|moveRelativePosition|moveUp|moveZeroPosition|openPort|resetStage|sendCmd|setCmd|setPosition|setStep|setTravelRange,22,Uni-Lab-OS/community_drivers/nano_scan/info.txt
nano_scan_hw,nano_scan_hw,Nano Scan HW是由Prior Scientific生产的专业实验设备。,物流/机械,物流/机械(experimental_step),15,auto-connect|auto-disconnect|auto-getPositionABS|auto-getPositionHW|auto-getTravelRangeHW|auto-moveAbsolutePositionHW|auto-moveDownHW|auto-moveRelativePositionHW|auto-moveUpHW|auto-moveZeroPositionHW|auto-resetStageHW|auto-setPositionHW|auto-setPostionZeroHW|auto-setup|auto-updateHardware,connect|disconnect|getPositionABS|getPositionHW|getTravelRangeHW|moveAbsolutePositionHW|moveDownHW|moveRelativePositionHW|moveUpHW|moveZeroPositionHW|resetStageHW|setPositionHW|setPostionZeroHW|setup|updateHardware,16,Uni-Lab-OS/community_drivers/nano_scan_hw/info.txt
nano_scan_z,nano_scan_z,Nano Scan Z是由Prior Scientific生产的物流/机械，主要功能包括写入数据、归零校准、读取数据、运动控制。,物流/机械,物流/机械(experimental_step),15,auto-baudrate|auto-idn|auto-move_absolute|auto-move_absolute_async|auto-move_relative|auto-move_relative_async|auto-moving|auto-position|auto-query|auto-read|auto-software_version|auto-step|auto-write|auto-zero_position|auto-zero_position_async,baudrate|idn|move_absolute|move_absolute_async|move_relative|move_relative_async|moving|position|query|read|software_version|step|write|zero_position|zero_position_async,17,Uni-Lab-OS/community_drivers/nano_scan_z/info.txt
nanocom,nanocom,Nanocom是由Nanocom生产的专业实验设备。,实验执行&合成设备,实验执行&合成设备(experimental_step),6,auto-close|auto-join|auto-reader|auto-start|auto-stop|auto-writer,close|join|reader|start|stop|writer,13,Uni-Lab-OS/community_drivers/nanocom/info.txt
nanonis_tcp,nanonis_tcp,Nanonis TCP是由Specs Zurich (Nanonis)生产的专业实验设备。,实验执行&合成设备,实验执行&合成设备(experimental_step),15,auto-check_error|auto-close_connection|auto-float32_to_hex|auto-float64_to_hex|auto-hex_to_float32|auto-hex_to_float64|auto-hex_to_int16|auto-hex_to_int32|auto-hex_to_uint16|auto-hex_to_uint32|auto-make_header|auto-receive_response|auto-send_command|auto-string_to_hex|auto-to_hex,check_error|close_connection|float32_to_hex|float64_to_hex|hex_to_float32|hex_to_float64|hex_to_int16|hex_to_int32|hex_to_uint16|hex_to_uint32|make_header|receive_response|send_command|string_to_hex|to_hex,17,Uni-Lab-OS/community_drivers/nanonis_tcp/info.txt
narda601,narda601,"Narda601是Narda Safety Test Solutions提供的设备驱动，提供setup, readback, binarytoVm, returnstr等6个控制接口。",实验执行&合成设备,实验执行&合成设备(experimental_step),5,auto-binarytoVm|auto-decode_example|auto-query|auto-readback|auto-returnstr,binarytoVm|decode_example|query|readback|returnstr,7,Uni-Lab-OS/community_drivers/narda601/info.txt
native_pin,native_pin,PINE Research电化学仪器驱动接口，支持电位控制和电流测量。,紫外-可见分光光谱仪,紫外-可见分光光谱仪(device_template_tag),11,auto-close|auto-export|auto-exported|auto-gpio_base|auto-path|auto-path_dir|auto-path_edge|auto-path_value|auto-unexport|auto-unwatch|auto-watch,close|export|exported|gpio_base|path|path_dir|path_edge|path_value|unexport|unwatch|watch,49,Uni-Lab-OS/community_drivers/native_pin/info.txt
ndram_dataset_java,ndram_dataset_java,Ndram Dataset Java是由Diamond Light Source生产的专业实验设备。,后处理设备,后处理设备(experimental_step),6,auto-add_available_axes|auto-close|auto-has_image|auto-is_finished|auto-read_image|auto-read_metadata,add_available_axes|close|has_image|is_finished|read_image|read_metadata,9,Uni-Lab-OS/community_drivers/ndram_dataset_java/info.txt
neo,neo,NEO设备驱动。,表征设备,表征设备(experimental_step),10,auto-clock_rate|auto-exposure_time|auto-fan_peed|auto-initialize|auto-pixel_encoding|auto-roi|auto-sensor_size|auto-sensor_temp|auto-take_image|auto-take_image_async,clock_rate|exposure_time|fan_peed|initialize|pixel_encoding|roi|sensor_size|sensor_temp|take_image|take_image_async,12,Uni-Lab-OS/community_drivers/neo/info.txt
neo_vi_bus,neo_vi_bus,Intrepid neoVI CAN总线是由Intrepid Control Systems生产的专业实验设备。,实验执行&合成设备,实验执行&合成设备(experimental_step),2,auto-send|auto-shutdown,send|shutdown,16,Uni-Lab-OS/community_drivers/neo_vi_bus/info.txt
neousys_bus,neousys_bus,Neousys BUS是由Neousys Technology生产的专业实验设备。,实验执行&合成设备,实验执行&合成设备(experimental_step),2,auto-send|auto-shutdown,send|shutdown,7,Uni-Lab-OS/community_drivers/neousys_bus/info.txt
netclient,netclient,Netclient是一款实验执行&合成设备，主要功能包括关闭、运行。,实验执行&合成设备,实验执行&合成设备(experimental_step),7,auto-addr|auto-close|auto-closeall|auto-has_data|auto-port|auto-receive_message|auto-send,addr|close|closeall|has_data|port|receive_message|send,24,Uni-Lab-OS/community_drivers/netclient/info.txt
new_scale_mpm,new_scale_mpm,NEW Scale MPM是由New Scale Technologies生产的实验执行&合成设备，主要功能包括停止。,实验执行&合成设备,实验执行&合成设备(experimental_step),6,auto-axes|auto-capabilities|auto-monitor|auto-positionUpdatesPerSecond|auto-quit|auto-stop,axes|capabilities|monitor|positionUpdatesPerSecond|quit|stop,10,Uni-Lab-OS/community_drivers/new_scale_mpm/info.txt
newport,newport,Newport是由Newport Corporation生产的专业实验设备。,实验执行&合成设备,实验执行&合成设备(experimental_step),3,auto-get_spectrum|auto-off|auto-on,get_spectrum|off|on,7,Uni-Lab-OS/community_drivers/newport/info.txt
newport2832c,newport2832c,Newport2832c是由Newport Corporation (MKS)生产的表征设备，主要功能包括停止、启动、日志记录、波长设置、触发。,表征设备,表征设备(experimental_step),25,auto-clear_data_buffer|auto-get_analogue_current_A|auto-get_data_buffer_counts|auto-get_data_buffer_sample|auto-get_data_buffer_samples|auto-get_data_buffer_size|auto-get_data_buffer_units|auto-get_data_store|auto-get_external_trigger|auto-get_external_trigger_edge|auto-get_max_current_A|auto-get_range|auto-get_responsivity_A_W|auto-get_rs232_echo|auto-get_wavelength_m|auto-set_data_buffer_size|auto-set_data_buffer_units|auto-set_data_store|auto-set_external_trigger|auto-set_external_trigger_edge|auto-set_rs232_echo|auto-set_wavelength_m|auto-start_data_acquisition|auto-stop_data_acquisition|auto-verify_channel,clear_data_buffer|get_analogue_current_A|get_data_buffer_counts|get_data_buffer_sample|get_data_buffer_samples|get_data_buffer_size|get_data_buffer_units|get_data_store|get_external_trigger|get_external_trigger_edge|get_max_current_A|get_range|get_responsivity_A_W|get_rs232_echo|get_wavelength_m|set_data_buffer_size|set_data_buffer_units|set_data_store|set_external_trigger|set_external_trigger_edge|set_rs232_echo|set_wavelength_m|start_data_acquisition|stop_data_acquisition|verify_channel,32,Uni-Lab-OS/community_drivers/newport2832c/info.txt
newport_esp301,newport_esp301,Newport ESP301三轴运动控制器，支持步进和伺服电机的精密定位控制。,物流/机械,物流/机械(experimental_step),57,auto-abort_motion|auto-acceleration|auto-acceleration_feed_forward|auto-axis|auto-axis_id|auto-current|auto-deceleration|auto-define_program|auto-derivative_gain|auto-desired_position|auto-desired_velocity|auto-disable|auto-enable|auto-encoder_position|auto-encoder_resolution|auto-error_threshold|auto-estop_deceleration|auto-execute_bulk_command|auto-feedback_configuration|auto-full_step_resolution|auto-get_status|auto-hardware_limit_configuration|auto-home|auto-homing_velocity|auto-integral_gain|auto-integral_saturation_gain|auto-is_motion_done|auto-jerk|auto-jog_high_velocity|auto-jog_low_velocity|auto-left_limit|auto-max_acceleration|auto-max_base_velocity|auto-max_deceleration|auto-max_velocity|auto-microstep_factor|auto-motor_type|auto-move|auto-move_indefinitely|auto-move_to_hardware_limit|auto-position|auto-position_display_resolution|auto-proportional_gain|auto-read_setup|auto-reset|auto-right_limit|auto-run_program|auto-search_for_home|auto-setup_axis|auto-stop_motion|auto-trajectory|auto-units|auto-velocity|auto-voltage|auto-wait_for_motion|auto-wait_for_position|auto-wait_for_stop,abort_motion|acceleration|acceleration_feed_forward|axis|axis_id|current|deceleration|define_program|derivative_gain|desired_position|desired_velocity|disable|enable|encoder_position|encoder_resolution|error_threshold|estop_deceleration|execute_bulk_command|feedback_configuration|full_step_resolution|get_status|hardware_limit_configuration|home|homing_velocity|integral_gain|integral_saturation_gain|is_motion_done|jerk|jog_high_velocity|jog_low_velocity|left_limit|max_acceleration|max_base_velocity|max_deceleration|max_velocity|microstep_factor|motor_type|move|move_indefinitely|move_to_hardware_limit|position|position_display_resolution|proportional_gain|read_setup|reset|right_limit|run_program|search_for_home|setup_axis|stop_motion|trajectory|units|velocity|voltage|wait_for_motion|wait_for_position|wait_for_stop,10,Uni-Lab-OS/community_drivers/newport_esp301/info.txt
newport_xps,newport_xps,Newport XPS高性能通用多轴运动控制平台，支持复杂轨迹规划。,物流/机械,物流/机械(experimental_step),49,auto-abort_group|auto-arm_trajectory|auto-check_error|auto-clean_folders|auto-connect|auto-define_array_trajectory|auto-define_line_trajectories|auto-define_line_trajectories_general|auto-delete_script|auto-disable_group|auto-disconnect|auto-download_script|auto-download_trajectory|auto-enable_group|auto-execute_script|auto-get_group_status|auto-get_hardware_status|auto-get_positioner_errors|auto-get_stage_position|auto-get_trajectory|auto-get_tuning|auto-home_allgroups|auto-home_group|auto-initialize_allgroups|auto-initialize_group|auto-kill_group|auto-list_scripts|auto-move_group|auto-move_stage|auto-move_to_trajectory_start|auto-read_and_save|auto-read_gathering|auto-read_script|auto-read_stage_position|auto-read_systemini|auto-reboot|auto-run_line_trajectory_general|auto-run_trajectory|auto-save_gathering_file|auto-save_stagesini|auto-save_systemini|auto-set_trajectory_group|auto-set_tuning|auto-set_velocity|auto-status_report|auto-upload_script|auto-upload_stagesini|auto-upload_systemini|auto-upload_trajectory,abort_group|arm_trajectory|check_error|clean_folders|connect|define_array_trajectory|define_line_trajectories|define_line_trajectories_general|delete_script|disable_group|disconnect|download_script|download_trajectory|enable_group|execute_script|get_group_status|get_hardware_status|get_positioner_errors|get_stage_position|get_trajectory|get_tuning|home_allgroups|home_group|initialize_allgroups|initialize_group|kill_group|list_scripts|move_group|move_stage|move_to_trajectory_start|read_and_save|read_gathering|read_script|read_stage_position|read_systemini|reboot|run_line_trajectory_general|run_trajectory|save_gathering_file|save_stagesini|save_systemini|set_trajectory_group|set_tuning|set_velocity|status_report|upload_script|upload_stagesini|upload_systemini|upload_trajectory,52,Uni-Lab-OS/community_drivers/newport_xps/info.txt
next_gen_pump,next_gen_pump,Serial port wrapper for Next Generation pumps,pumps,,17,auto-clear_faults|auto-current_conditions|auto-current_state|auto-flowrate|auto-flowrate_compensation|auto-keypad_disable|auto-keypad_enable|auto-lower_pressure_limit|auto-pump_info|auto-read_faults|auto-reset|auto-run|auto-set_leak_mode|auto-solvent|auto-stop|auto-upper_pressure_limit|auto-zero_seal,clear_faults|current_conditions|current_state|flowrate|flowrate_compensation|keypad_disable|keypad_enable|lower_pressure_limit|pump_info|read_faults|reset|run|set_leak_mode|solvent|stop|upper_pressure_limit|zero_seal,27,Uni-Lab-OS/community_drivers/next_gen_pump/info.txt
ni_co_device,ni_co_device,National Instruments Ni Co Device是由National Instruments (NI)生产的实验执行&合成设备，主要功能包括停止、关闭、初始化、启动、触发。,实验执行&合成设备,实验执行&合成设备(experimental_step),14,auto-close|auto-create_task|auto-set_high_time1|auto-set_high_time2|auto-set_initial_delay_chan1|auto-set_initial_delay_chan2|auto-set_low_time1|auto-set_period2|auto-set_trigger|auto-set_trigger_edge|auto-set_trigger_source|auto-start_task|auto-stop_task|auto-update_task,close|create_task|set_high_time1|set_high_time2|set_initial_delay_chan1|set_initial_delay_chan2|set_low_time1|set_period2|set_trigger|set_trigger_edge|set_trigger_source|start_task|stop_task|update_task,15,Uni-Lab-OS/community_drivers/ni_co_device/info.txt
ni_co_hw,ni_co_hw,NI Counter/Timer Hardware是由National Instruments生产的实验执行&合成设备，主要功能包括停止、初始化、启动、触发、设备连接、设置。,实验执行&合成设备,实验执行&合成设备(experimental_step),15,auto-connect|auto-disconnect|auto-get_high_time1|auto-get_high_time2|auto-get_initial_delay_chan1|auto-get_initial_delay_chan2|auto-get_low_time1|auto-get_period2|auto-get_trigger|auto-get_trigger_edge|auto-get_trigger_source|auto-setup|auto-start|auto-stop|auto-update_channels,connect|disconnect|get_high_time1|get_high_time2|get_initial_delay_chan1|get_initial_delay_chan2|get_low_time1|get_period2|get_trigger|get_trigger_edge|get_trigger_source|setup|start|stop|update_channels,16,Uni-Lab-OS/community_drivers/ni_co_hw/info.txt
ni_do_device,ni_do_device,National Instruments Ni Do Device是由National Instruments (NI)生产的实验执行&合成设备，主要功能包括停止、关闭、写入数据。,实验执行&合成设备,实验执行&合成设备(experimental_step),4,auto-Task|auto-close|auto-stop_task|auto-write,Task|close|stop_task|write,5,Uni-Lab-OS/community_drivers/ni_do_device/info.txt
ni_do_hw,ni_do_hw,National Instruments Ni Do Hw是由National Instruments (NI)生产的实验执行&合成设备，主要功能包括写入数据、设备连接、设置。,实验执行&合成设备,实验执行&合成设备(experimental_step),5,auto-connect|auto-disconnect|auto-setup|auto-update_channels|auto-write_value,connect|disconnect|setup|update_channels|write_value,6,Uni-Lab-OS/community_drivers/ni_do_hw/info.txt
ni_xne_tcan_bus,ni_xne_tcan_bus,NI-XNET CAN总线是由National Instruments生产的专业实验设备。,实验执行&合成设备,实验执行&合成设备(experimental_step),3,auto-reset|auto-send|auto-shutdown,reset|send|shutdown,7,Uni-Lab-OS/community_drivers/ni_xne_tcan_bus/info.txt
nican_bus,nican_bus,Nican BUS是由National Instruments生产的专业实验设备。,实验执行&合成设备,实验执行&合成设备(experimental_step),3,auto-reset|auto-send|auto-shutdown,reset|send|shutdown,9,Uni-Lab-OS/community_drivers/nican_bus/info.txt
nobo,nobo,Nobo Energy Control Hub是由Glen Dimplex生产的专业实验设备。,冷热水机,冷热水机(device_template_tag),40,auto-async_add_week_profile|auto-async_connect_hub|auto-async_create_override|auto-async_discover_hubs|auto-async_remove_week_profile|auto-async_send_command|auto-async_update_week_profile|auto-async_update_zone|auto-close|auto-connect|auto-connect_hub|auto-create_override|auto-deregister_callback|auto-discover_hubs|auto-get_current_component_temperature|auto-get_current_zone_mode|auto-get_current_zone_temperature|auto-get_response|auto-get_week_profile_status|auto-get_zone_override_mode|auto-has_temp_sensor|auto-is_valid_datetime|auto-keep_alive|auto-model_id|auto-name|auto-reconnect_hub|auto-register_callback|auto-requires_control_panel|auto-response_handler|auto-send_command|auto-socket_receive|auto-start|auto-stop|auto-supports_comfort|auto-supports_eco|auto-time_is_quarter|auto-type|auto-update_zone|auto-validate_temperature|auto-validate_week_profile,async_add_week_profile|async_connect_hub|async_create_override|async_discover_hubs|async_remove_week_profile|async_send_command|async_update_week_profile|async_update_zone|close|connect|connect_hub|create_override|deregister_callback|discover_hubs|get_current_component_temperature|get_current_zone_mode|get_current_zone_temperature|get_response|get_week_profile_status|get_zone_override_mode|has_temp_sensor|is_valid_datetime|keep_alive|model_id|name|reconnect_hub|register_callback|requires_control_panel|response_handler|send_command|socket_receive|start|stop|supports_comfort|supports_eco|time_is_quarter|type|update_zone|validate_temperature|validate_week_profile,33,Uni-Lab-OS/community_drivers/nobo/info.txt
node_server,node_server,NodeServer,generic,,1,auto-stop,stop,22,Uni-Lab-OS/community_drivers/node_server/info.txt
non__persistent__coil,non__persistent__coil,XENON脉冲光烧结系统驱动（溢鑫科创科技集团），支持set field/get field/step field to value/field to curr/curr to field。,表征设备,表征设备(experimental_step),5,auto-curr_to_field|auto-field_to_curr|auto-get_field|auto-set_field|auto-step_field_to_value,curr_to_field|field_to_curr|get_field|set_field|step_field_to_value,6,Uni-Lab-OS/community_drivers/non__persistent__coil/info.txt
not_implemented_wrapper,not_implemented_wrapper,NanoTemper Monolith X 生物分子互作检测仪是由诺坦普科技（北京）有限公司生产的专业实验设备。,实验执行&合成设备,实验执行&合成设备(experimental_step),39,auto-close_spectrometer|auto-get_electric_dark_pixel_indices|auto-get_formatted_spectrum|auto-get_formatted_spectrum_length|auto-get_light_source_count|auto-get_min_integration_time_microsec|auto-get_model|auto-get_serial_number|auto-get_unformatted_spectrum|auto-get_unformatted_spectrum_length|auto-get_wavelengths|auto-has_continuous_strobe_feature|auto-has_eeprom_feature|auto-has_irrad_calibration_feature|auto-has_irrad_collection_area|auto-has_lamp_feature|auto-has_light_source_feature|auto-has_nonlinearity_coeffs_feature|auto-has_shutter_feature|auto-has_spectrometer_feature|auto-has_stray_light_feature|auto-has_tec_feature|auto-open_spectrometer|auto-read_eeprom_slot|auto-read_irrad_calibration|auto-read_irrad_collection_area|auto-read_tec_temperature|auto-set_continuous_strobe_period_microsec|auto-set_integration_time_microsec|auto-set_light_source_enable|auto-set_light_source_intensity|auto-set_shutter_open|auto-set_tec_enable|auto-set_tec_fan_enable|auto-set_tec_temperature|auto-set_trigger_mode|auto-write_eeprom_slot|auto-write_irrad_calibration|auto-write_irrad_collection_area,close_spectrometer|get_electric_dark_pixel_indices|get_formatted_spectrum|get_formatted_spectrum_length|get_light_source_count|get_min_integration_time_microsec|get_model|get_serial_number|get_unformatted_spectrum|get_unformatted_spectrum_length|get_wavelengths|has_continuous_strobe_feature|has_eeprom_feature|has_irrad_calibration_feature|has_irrad_collection_area|has_lamp_feature|has_light_source_feature|has_nonlinearity_coeffs_feature|has_shutter_feature|has_spectrometer_feature|has_stray_light_feature|has_tec_feature|open_spectrometer|read_eeprom_slot|read_irrad_calibration|read_irrad_collection_area|read_tec_temperature|set_continuous_strobe_period_microsec|set_integration_time_microsec|set_light_source_enable|set_light_source_intensity|set_shutter_open|set_tec_enable|set_tec_fan_enable|set_tec_temperature|set_trigger_mode|write_eeprom_slot|write_irrad_calibration|write_irrad_collection_area,50,Uni-Lab-OS/community_drivers/not_implemented_wrapper/info.txt
notifier,notifier,Notifier是一款实验执行&合成设备，主要功能包括停止、运动控制。,实验执行&合成设备,实验执行&合成设备(experimental_step),7,auto-add_bus|auto-add_listener|auto-bus|auto-find_instances|auto-remove_listener|auto-stop|auto-stopped,add_bus|add_listener|bus|find_instances|remove_listener|stop|stopped,17,Uni-Lab-OS/community_drivers/notifier/info.txt
o_scope,o_scope,Digital Oscilloscope驱动，支持autoscale/chk/screenShot/selfSetup/waveGen等18个操作。,表征设备,表征设备(experimental_step),18,auto-autoscale|auto-burst|auto-chk|auto-delay|auto-measureCurr|auto-measureVolt|auto-off|auto-on|auto-pulseWave|auto-rampWave|auto-screenShot|auto-selfSetup|auto-setCurr|auto-setVolt|auto-sinWave|auto-sqrWave|auto-sweep|auto-waveGen,autoscale|burst|chk|delay|measureCurr|measureVolt|off|on|pulseWave|rampWave|screenShot|selfSetup|setCurr|setVolt|sinWave|sqrWave|sweep|waveGen,23,Uni-Lab-OS/community_drivers/o_scope/info.txt
ob1elve,ob1elve,Elveflow OB1 微流控压力控制器 注射泵是由Elveflow生产的专业实验设备。,注射泵,注射泵(device_template_tag),20,auto-addSensor|auto-close|auto-getFlowUniversal|auto-getPressure|auto-getPressureUniversal|auto-getSensorData|auto-loadCallibration|auto-loadDLL|auto-open|auto-performCallibration|auto-remoteAddPID|auto-remoteChangePID|auto-remoteGetData|auto-remotePausePID|auto-remoteResetPID|auto-remoteSetTarget|auto-remoteStartPID|auto-setPressure|auto-startRemote|auto-stopRemote,addSensor|close|getFlowUniversal|getPressure|getPressureUniversal|getSensorData|loadCallibration|loadDLL|open|performCallibration|remoteAddPID|remoteChangePID|remoteGetData|remotePausePID|remoteResetPID|remoteSetTarget|remoteStartPID|setPressure|startRemote|stopRemote,30,Uni-Lab-OS/community_drivers/ob1elve/info.txt
obis_laser,obis_laser,Obis Laser是由Coherent (OBIS)生产的专业实验设备。,实验执行&合成设备,实验执行&合成设备(experimental_step),6,auto-get_is_on|auto-get_status|auto-initialize|auto-set_trigger|auto-trigger_mode|auto-trigger_type,get_is_on|get_status|initialize|set_trigger|trigger_mode|trigger_type,18,Uni-Lab-OS/community_drivers/obis_laser/info.txt
ocean,ocean,Ocean Insight 微型光纤光谱仪是由Ocean Insight (Ocean Optics)生产的表征设备，主要功能包括关闭、加载、打开、读取数据。,表征设备,表征设备(experimental_step),4,auto-close|auto-loadFile|auto-open|auto-readSpectrum,close|loadFile|open|readSpectrum,5,Uni-Lab-OS/community_drivers/ocean/info.txt
ocean_device,ocean_device,Ocean Insight 光谱仪驱动模块是由Ocean Insight (Ocean Optics)生产的表征设备，主要功能包括扫描、设备连接、采集。,表征设备,表征设备(experimental_step),3,auto-acquire_data|auto-connect|auto-scans_to_average,acquire_data|connect|scans_to_average,6,Uni-Lab-OS/community_drivers/ocean_device/info.txt
odin,odin,Odin是由Diamond Light Source生产的后处理设备，主要功能包括关闭、打开。,后处理设备,后处理设备(experimental_step),3,auto-collect_stream_docs|auto-get_indices_written|auto-observe_indices_written,collect_stream_docs|get_indices_written|observe_indices_written,9,Uni-Lab-OS/community_drivers/odin/info.txt
odin_writer,odin_writer,Odin Writer是由Diamond Light Source生产的后处理设备，主要功能包括关闭、打开。,后处理设备,后处理设备(experimental_step),5,auto-close|auto-collect_stream_docs|auto-get_indices_written|auto-observe_indices_written|auto-open,close|collect_stream_docs|get_indices_written|observe_indices_written|open,9,Uni-Lab-OS/community_drivers/odin_writer/info.txt
oi_spectrometer,oi_spectrometer,OI Spectrometer是由Ocean Insight生产的实验执行&合成设备，主要功能包括初始化、数据保存、状态查询、读取数据。,实验执行&合成设备,实验执行&合成设备(experimental_step),16,auto-doInitializeDevice|auto-doShutdownDevice|auto-flushEndpoints|auto-getCalibration|auto-getIntegrationTime|auto-getParameter|auto-getSerialNumber|auto-getSpectrum|auto-getSpectrumData|auto-getStatus|auto-isSpectrumReady|auto-isSpectrumRequested|auto-readReply|auto-requestSpectrum|auto-sendCommand|auto-setIntegrationTime,doInitializeDevice|doShutdownDevice|flushEndpoints|getCalibration|getIntegrationTime|getParameter|getSerialNumber|getSpectrum|getSpectrumData|getStatus|isSpectrumReady|isSpectrumRequested|readReply|requestSpectrum|sendCommand|setIntegrationTime,39,Uni-Lab-OS/community_drivers/oi_spectrometer/info.txt
olympus_ix81_halogen_lamp,olympus_ix81_halogen_lamp,OlympusIX 81HalogenLamp,generic,,3,auto-IsOn|auto-TurnOff|auto-TurnOn,IsOn|TurnOff|TurnOn,5,Uni-Lab-OS/community_drivers/olympus_ix81_halogen_lamp/info.txt
online_display,online_display,Online Display Status,display,,4,auto-close|auto-processingLoop|auto-setMinimumSendInterval|auto-stopProcessingLoop,close|processingLoop|setMinimumSendInterval|stopProcessingLoop,14,Uni-Lab-OS/community_drivers/online_display/info.txt
open_bci_board,open_bci_board,OpenBCI Brain-Computer Interface Board 控制板 接口模块是由OpenBCI生产的专业实验设备。,表征设备,表征设备(experimental_step),20,auto-check_connection|auto-disable_filters|auto-disconnect|auto-enable_filters|auto-find_port|auto-getNbAUXChannels|auto-getNbEEGChannels|auto-getSampleRate|auto-openbci_id|auto-print_bytes_in|auto-print_incoming_text|auto-print_packets_in|auto-print_register_settings|auto-reconnect|auto-run|auto-set_channel|auto-start_streaming|auto-stop|auto-test_signal|auto-warn,check_connection|disable_filters|disconnect|enable_filters|find_port|getNbAUXChannels|getNbEEGChannels|getSampleRate|openbci_id|print_bytes_in|print_incoming_text|print_packets_in|print_register_settings|reconnect|run|set_channel|start_streaming|stop|test_signal|warn,23,Uni-Lab-OS/community_drivers/open_bci_board/info.txt
open_cv_camera,open_cv_camera,Open CV Camera是由OpenCV (Open Source)生产的实验执行&合成设备，主要功能包括停止、初始化、启动、打开、捕获、读取数据。,实验执行&合成设备,实验执行&合成设备(experimental_step),6,auto-availableCameras|auto-doCaptureFrame|auto-doInitializeDevice|auto-doShutdownDevice|auto-isCompatibleWith|auto-openCVProperties,availableCameras|doCaptureFrame|doInitializeDevice|doShutdownDevice|isCompatibleWith|openCVProperties,17,Uni-Lab-OS/community_drivers/open_cv_camera/info.txt
open_flexure_stage,open_flexure_stage,OpenFlexure Nano Motor Stage 电机 自动化设备 位移台是由OpenFlexure生产的专业实验设备。,物流/机械,物流/机械(experimental_step),14,auto-backlash|auto-focus_rel|auto-gain|auto-home|auto-list_modules|auto-move_abs|auto-move_rel|auto-n_axes|auto-print_help|auto-query|auto-release_motors|auto-scan_linear|auto-scan_z|auto-test_mode,backlash|focus_rel|gain|home|list_modules|move_abs|move_rel|n_axes|print_help|query|release_motors|scan_linear|scan_z|test_mode,24,Uni-Lab-OS/community_drivers/open_flexure_stage/info.txt
open_plc_role_ruleset,open_plc_role_ruleset,Open Plc Role Ruleset是由OpenPLC Project生产的专业实验设备。,后处理设备,后处理设备(experimental_step),9,auto-check_validity|auto-cleanup|auto-create_trust_store|auto-generate_server_certificate|auto-get_security_settings|auto-initialize_security|auto-setup_certificate_validation|auto-setup_server_security|auto-validate_client_certificate,check_validity|cleanup|create_trust_store|generate_server_certificate|get_security_settings|initialize_security|setup_certificate_validation|setup_server_security|validate_client_certificate,20,Uni-Lab-OS/community_drivers/open_plc_role_ruleset/info.txt
opentrons_temperature_module_usb_backend,opentrons_temperature_module_usb_backend,Opentrons Temperature Module USB Backend是由Opentrons生产的专业实验设备。,冷热水机,冷热水机(device_template_tag),6,auto-deactivate|auto-get_current_temperature|auto-serial|auto-serialize|auto-set_temperature|auto-supports_active_cooling,deactivate|get_current_temperature|serial|serialize|set_temperature|supports_active_cooling,10,Uni-Lab-OS/community_drivers/opentrons_temperature_module_usb_backend/info.txt
opentrons_thermocycler_backend,opentrons_thermocycler_backend,Opentrons Thermocycler Backend 后端模块 PCR仪 后端控制器是由Opentrons生产的专业实验设备。,普通PCR仪,普通PCR仪(device_template_tag),20,auto-close_lid|auto-deactivate_block|auto-deactivate_lid|auto-get_block_current_temperature|auto-get_block_status|auto-get_block_target_temperature|auto-get_current_cycle_index|auto-get_current_step_index|auto-get_hold_time|auto-get_lid_current_temperature|auto-get_lid_open|auto-get_lid_status|auto-get_lid_target_temperature|auto-get_total_cycle_count|auto-get_total_step_count|auto-open_lid|auto-run_protocol|auto-serialize|auto-set_block_temperature|auto-set_lid_temperature,close_lid|deactivate_block|deactivate_lid|get_block_current_temperature|get_block_status|get_block_target_temperature|get_current_cycle_index|get_current_step_index|get_hold_time|get_lid_current_temperature|get_lid_open|get_lid_status|get_lid_target_temperature|get_total_cycle_count|get_total_step_count|open_lid|run_protocol|serialize|set_block_temperature|set_lid_temperature,24,Uni-Lab-OS/community_drivers/opentrons_thermocycler_backend/info.txt
opentrons_thermocycler_usb_backend,opentrons_thermocycler_usb_backend,Opentrons Thermocycler Usb Backend 后端模块 PCR仪 后端控制器是由Opentrons生产的专业实验设备。,普通PCR仪,普通PCR仪(device_template_tag),25,auto-close_lid|auto-deactivate_block|auto-deactivate_lid|auto-get_block_current_temperature|auto-get_block_status|auto-get_block_target_temperature|auto-get_current_cycle_index|auto-get_current_step_index|auto-get_device_info|auto-get_hold_time|auto-get_lid_current_temperature|auto-get_lid_open|auto-get_lid_status|auto-get_lid_target_temperature|auto-get_total_cycle_count|auto-get_total_step_count|auto-jog_lid|auto-lift_plate|auto-open_lid|auto-run_protocol|auto-set_block_temperature|auto-set_lid_temperature|auto-set_ramp_rate|auto-setup|auto-stop,close_lid|deactivate_block|deactivate_lid|get_block_current_temperature|get_block_status|get_block_target_temperature|get_current_cycle_index|get_current_step_index|get_device_info|get_hold_time|get_lid_current_temperature|get_lid_open|get_lid_status|get_lid_target_temperature|get_total_cycle_count|get_total_step_count|jog_lid|lift_plate|open_lid|run_protocol|set_block_temperature|set_lid_temperature|set_ramp_rate|setup|stop,33,Uni-Lab-OS/community_drivers/opentrons_thermocycler_usb_backend/info.txt
optical_spectrum_analyzer,optical_spectrum_analyzer,Optical Spectrum Analyzer是一款表征设备，主要功能包括停止、启动。,表征设备,表征设备(experimental_step),7,auto-bandwidth|auto-channel|auto-data|auto-start_sweep|auto-start_wl|auto-stop_wl|auto-wavelength,bandwidth|channel|data|start_sweep|start_wl|stop_wl|wavelength,11,Uni-Lab-OS/community_drivers/optical_spectrum_analyzer/info.txt
oscilloscope,oscilloscope,Oscilloscope是一款表征设备，主要功能包括加载、数据保存。,表征设备,表征设备(experimental_step),11,auto-autoscale|auto-chanAllValidList|auto-chanAnaValidList|auto-getBestClass|auto-polish|auto-series|auto-setupLoad|auto-setupSave|auto-waveform|auto-waveformSaveCSV|auto-waveformSaveNPZ,autoscale|chanAllValidList|chanAnaValidList|getBestClass|polish|series|setupLoad|setupSave|waveform|waveformSaveCSV|waveformSaveNPZ,12,Uni-Lab-OS/community_drivers/oscilloscope/info.txt
oscilloscope_device,oscilloscope_device,Oscilloscope Device是一款实验执行&合成设备，主要功能包括初始化、状态查询、读取数据。,实验执行&合成设备,实验执行&合成设备(experimental_step),14,auto-displayWaveforms|auto-doGetStatusUserInfo|auto-doGetTektronikError|auto-doGetTektronikStatus|auto-doInitializeDevice|auto-doReadBinaryBlock|auto-doSendCommand|auto-doSendFloatQuery|auto-doSendIntQuery|auto-doSendQuery|auto-doShutdownDevice|auto-getWaveform|auto-showHelp|auto-wait,displayWaveforms|doGetStatusUserInfo|doGetTektronikError|doGetTektronikStatus|doInitializeDevice|doReadBinaryBlock|doSendCommand|doSendFloatQuery|doSendIntQuery|doSendQuery|doShutdownDevice|getWaveform|showHelp|wait,16,Uni-Lab-OS/community_drivers/oscilloscope_device/info.txt
owis,owis,OWIS 精密位移台 自动化设备 位移台是由OWIS GmbH生产的专业实验设备。,物流/机械,物流/机械(experimental_step),6,auto-activate|auto-configure|auto-getPos|auto-isMoving|auto-move|auto-setCurrents,activate|configure|getPos|isMoving|move|setCurrents,7,Uni-Lab-OS/community_drivers/owis/info.txt
oxford_itc503,oxford_itc503,Oxford ITC503 温度控制器 温控设备 温度控制器是由Oxford Instruments生产的冷热水机。,冷热水机,冷热水机(device_template_tag),2,auto-sensor|auto-temperature,sensor|temperature,2,Uni-Lab-OS/community_drivers/oxford_itc503/info.txt
oxxius_controller,oxxius_controller,Oxxius 激光器控制器是由Oxxius SA生产的专业实验设备。,表征设备,表征设备(experimental_step),27,auto-Disconnect|auto-LaserOFF|auto-LaserOn|auto-Open|auto-Read|auto-Send|auto-Set|auto-activateLaser|auto-getAnalogModulation|auto-getBaseTemperature|auto-getCurrent|auto-getCurrentSetPoint|auto-getDigitalModulation|auto-getDiodeTemperature|auto-getFault|auto-getInterlock|auto-getLaserInfo|auto-getMode|auto-getOperatingStatus|auto-getPower|auto-getPowerSetPoint|auto-isOpen|auto-setAnalogModulation|auto-setCurrent|auto-setDigitalModulation|auto-setMode|auto-setPower,Disconnect|LaserOFF|LaserOn|Open|Read|Send|Set|activateLaser|getAnalogModulation|getBaseTemperature|getCurrent|getCurrentSetPoint|getDigitalModulation|getDiodeTemperature|getFault|getInterlock|getLaserInfo|getMode|getOperatingStatus|getPower|getPowerSetPoint|isOpen|setAnalogModulation|setCurrent|setDigitalModulation|setMode|setPower,28,Uni-Lab-OS/community_drivers/oxxius_controller/info.txt
parameter_control_module,parameter_control_module,Parameter Control Module是一款实验执行&合成设备，主要功能包括停止、关闭、初始化、数据保存、日志记录、状态查询。,实验执行&合成设备,实验执行&合成设备(experimental_step),4,auto-connect_leco|auto-connect_tcp_ip|auto-process_tcpip_cmds|auto-value_changed,connect_leco|connect_tcp_ip|process_tcpip_cmds|value_changed,39,Uni-Lab-OS/community_drivers/parameter_control_module/info.txt
partner,partner,Partner设备驱动。,实验执行&合成设备,实验执行&合成设备(experimental_step),21,auto-as_b_send|auto-b_recv|auto-b_send|auto-check_as_b_recv_completion|auto-check_as_b_send_completion|auto-create|auto-destroy|auto-get_last_error|auto-get_param|auto-get_recv_data|auto-get_stats|auto-get_status|auto-get_times|auto-set_param|auto-set_recv_callback|auto-set_send_callback|auto-set_send_data|auto-start|auto-start_to|auto-stop|auto-wait_as_b_send_completion,as_b_send|b_recv|b_send|check_as_b_recv_completion|check_as_b_send_completion|create|destroy|get_last_error|get_param|get_recv_data|get_stats|get_status|get_times|set_param|set_recv_callback|set_send_callback|set_send_data|start|start_to|stop|wait_as_b_send_completion,34,Uni-Lab-OS/community_drivers/partner/info.txt
pcan_basic,pcan_basic,PEAK PCAN CAN总线适配器是由PEAK-System Technik生产的专业实验设备。,实验执行&合成设备,实验执行&合成设备(experimental_step),14,auto-FilterMessages|auto-GetErrorText|auto-GetStatus|auto-GetValue|auto-Initialize|auto-InitializeFD|auto-LookUpChannel|auto-Read|auto-ReadFD|auto-Reset|auto-SetValue|auto-Uninitialize|auto-Write|auto-WriteFD,FilterMessages|GetErrorText|GetStatus|GetValue|Initialize|InitializeFD|LookUpChannel|Read|ReadFD|Reset|SetValue|Uninitialize|Write|WriteFD,15,Uni-Lab-OS/community_drivers/pcan_basic/info.txt
pcan_bus,pcan_bus,Pcan BUS是由PEAK-System Technik生产的专业实验设备。,实验执行&合成设备,实验执行&合成设备(experimental_step),14,auto-bits|auto-check_api_version|auto-fd|auto-flash|auto-get_api_version|auto-get_device_number|auto-reset|auto-send|auto-set_device_number|auto-shutdown|auto-state|auto-status|auto-status_is_ok|auto-status_string,bits|check_api_version|fd|flash|get_api_version|get_device_number|reset|send|set_device_number|shutdown|state|status|status_is_ok|status_string,19,Uni-Lab-OS/community_drivers/pcan_bus/info.txt
peeler,peeler,Plate Desealer/Peeler驱动，支持peel/restart。,撕膜仪,撕膜仪(device_template_tag),2,auto-peel|auto-restart,peel|restart,3,Uni-Lab-OS/community_drivers/peeler/info.txt
perkin_elmer_detector_cam,perkin_elmer_detector_cam,Perkin Elmer Detector CAM是由PerkinElmer生产的专业实验设备。,实验执行&合成设备,实验执行&合成设备(experimental_step),1,query,query,2,Uni-Lab-OS/community_drivers/perkin_elmer_detector_cam/info.txt
persistent__coil,persistent__coil,Persistent Current Superconducting Coil是由American Magnetics Inc.,表征设备,表征设备(experimental_step),17,auto-bring_source_to_field|auto-check_for_quench|auto-compensate_for_drift|auto-curr_to_field|auto-fake_folder|auto-field_to_curr|auto-get_all|auto-get_field|auto-get_heater_current|auto-get_source_current|auto-get_switch_state|auto-measure_field|auto-set_field|auto-set_heater_current|auto-set_source_current|auto-set_switch_state|auto-step_field_to_value,bring_source_to_field|check_for_quench|compensate_for_drift|curr_to_field|fake_folder|field_to_curr|get_all|get_field|get_heater_current|get_source_current|get_switch_state|measure_field|set_field|set_heater_current|set_source_current|set_switch_state|step_field_to_value,18,Uni-Lab-OS/community_drivers/persistent__coil/info.txt
persistent__coil_ami,persistent__coil_ami,AMI超导持续电流线圈控制器，用于超导磁体的持续电流模式管理。,表征设备,表征设备(experimental_step),17,auto-bring_source_to_field|auto-check_for_quench|auto-compensate_for_drift|auto-curr_to_field|auto-fake_folder|auto-field_to_curr|auto-get_all|auto-get_field|auto-get_source_field|auto-get_switch_state|auto-heater_enabled|auto-measure_field|auto-set_field|auto-set_source_field|auto-set_switch_state|auto-step_field_to_value|auto-turn_on_heater,bring_source_to_field|check_for_quench|compensate_for_drift|curr_to_field|fake_folder|field_to_curr|get_all|get_field|get_source_field|get_switch_state|heater_enabled|measure_field|set_field|set_source_field|set_switch_state|step_field_to_value|turn_on_heater,18,Uni-Lab-OS/community_drivers/persistent__coil_ami/info.txt
persistent_object,persistent_object,Persistent Object是一款实验执行&合成设备，主要功能包括关闭、写入数据、加载、复位、读取数据、运动控制。,实验执行&合成设备,实验执行&合成设备(experimental_step),64,auto-about_to_be_inserted|auto-about_to_be_removed|auto-append_item|auto-begin_reading|auto-change_relationship_item_uuid|auto-clear_property|auto-close|auto-close_items|auto-close_relationships|auto-container|auto-create_item_proxy|auto-create_item_reference|auto-deepcopy_from|auto-define_item|auto-define_property|auto-define_relationship|auto-define_root_context|auto-define_type|auto-destroy_item_reference|auto-enter_write_delay|auto-exit_write_delay|auto-extend_items|auto-finish_reading|auto-get_item|auto-get_item_by_uuid|auto-get_relationship_items|auto-get_storage_properties|auto-insert_item|auto-insert_model_item|auto-is_write_delayed|auto-item_count|auto-item_index|auto-item_names|auto-item_set|auto-item_specifier|auto-key_names|auto-load_item|auto-lookup_id|auto-modified|auto-modified_count|auto-persistent_object_context|auto-persistent_object_context_changed|auto-persistent_storage|auto-property_changed|auto-property_names|auto-read_external_data|auto-read_from_dict|auto-relationship_names|auto-remove_item|auto-remove_model_item|auto-reserve_external_data|auto-resolve_item_specifier|auto-rewrite|auto-set_item|auto-set_storage_system|auto-type|auto-undefine_items|auto-undefine_properties|auto-undefine_relationships|auto-unload_item|auto-update_item_context|auto-update_storage_system|auto-write_external_data|auto-write_to_dict,about_to_be_inserted|about_to_be_removed|append_item|begin_reading|change_relationship_item_uuid|clear_property|close|close_items|close_relationships|container|create_item_proxy|create_item_reference|deepcopy_from|define_item|define_property|define_relationship|define_root_context|define_type|destroy_item_reference|enter_write_delay|exit_write_delay|extend_items|finish_reading|get_item|get_item_by_uuid|get_relationship_items|get_storage_properties|insert_item|insert_model_item|is_write_delayed|item_count|item_index|item_names|item_set|item_specifier|key_names|load_item|lookup_id|modified|modified_count|persistent_object_context|persistent_object_context_changed|persistent_storage|property_changed|property_names|read_external_data|read_from_dict|relationship_names|remove_item|remove_model_item|reserve_external_data|resolve_item_specifier|rewrite|set_item|set_storage_system|type|undefine_items|undefine_properties|undefine_relationships|unload_item|update_item_context|update_storage_system|write_external_data|write_to_dict,166,Uni-Lab-OS/community_drivers/persistent_object/info.txt
persistent_property,persistent_property,Persistent Property是一款实验执行&合成设备，主要功能包括关闭、写入数据、加载、复位、读取数据、运动控制。,实验执行&合成设备,实验执行&合成设备(experimental_step),7,auto-close|auto-get_comparable_string|auto-is_equal|auto-json_value|auto-read_from_dict|auto-set_value|auto-write_to_dict,close|get_comparable_string|is_equal|json_value|read_from_dict|set_value|write_to_dict,165,Uni-Lab-OS/community_drivers/persistent_property/info.txt
persistent_storage_system,persistent_storage_system,Persistent Storage System是一款后处理设备，主要功能包括关闭、写入数据、加载、复位、读取数据、运动控制。,后处理设备,后处理设备(experimental_step),26,auto-clear_property|auto-close|auto-enter_transaction|auto-enter_write_delay|auto-exit_transaction|auto-exit_write_delay|auto-insert_relationship_item|auto-is_write_delayed|auto-load_component_item|auto-load_properties|auto-load_relationship_item|auto-migrate_to_latest|auto-prune|auto-read_external_data|auto-read_project_properties|auto-remove_relationship_item|auto-reserve_external_data|auto-reset|auto-restore_item|auto-rewrite_item|auto-set_component_item|auto-set_property|auto-set_root_item|auto-unload_item|auto-unload_relationship_item|auto-write_external_data,clear_property|close|enter_transaction|enter_write_delay|exit_transaction|exit_write_delay|insert_relationship_item|is_write_delayed|load_component_item|load_properties|load_relationship_item|migrate_to_latest|prune|read_external_data|read_project_properties|remove_relationship_item|reserve_external_data|reset|restore_item|rewrite_item|set_component_item|set_property|set_root_item|unload_item|unload_relationship_item|write_external_data,183,Uni-Lab-OS/community_drivers/persistent_storage_system/info.txt
petite_fleur_chiller,petite_fleur_chiller,Collection of command definitions for Huber PetiteFleur chiller,generic,,13,auto-check_errors|auto-clear_errors|auto-initialize_device|auto-interpret_status|auto-is_connected|auto-is_idle|auto-ramp_temperature|auto-set_circulator_control|auto-set_temperature|auto-start_temp_ctrl|auto-start_temperature_regulation|auto-stop_temperature_regulation|auto-temp_transform,check_errors|clear_errors|initialize_device|interpret_status|is_connected|is_idle|ramp_temperature|set_circulator_control|set_temperature|start_temp_ctrl|start_temperature_regulation|stop_temperature_regulation|temp_transform,21,Uni-Lab-OS/community_drivers/petite_fleur_chiller/info.txt
pfeiffer_rs485_serial,pfeiffer_rs485_serial,Pfeiffer Rs485 Serial是由Pfeiffer Vacuum生产的实验执行&合成设备，主要功能包括关闭、读取数据。,实验执行&合成设备,实验执行&合成设备(experimental_step),3,auto-close|auto-nextMessage|auto-serialReadNextLine,close|nextMessage|serialReadNextLine,6,Uni-Lab-OS/community_drivers/pfeiffer_rs485_serial/info.txt
phd2000,phd2000,Phd2000是由Harvard Apparatus生产的专业实验设备。,实验执行&合成设备,实验执行&合成设备(experimental_step),2,auto-settargetvolume|auto-stop,settargetvolume|stop,21,Uni-Lab-OS/community_drivers/phd2000/info.txt
phidget_tc,phidget_tc,Phidget Thermocouple Interface是由Phidgets Inc.,表征设备,表征设备(experimental_step),3,auto-connect|auto-disconnect|auto-rcv_vals,connect|disconnect|rcv_vals,4,Uni-Lab-OS/community_drivers/phidget_tc/info.txt
phoxx_laser,phoxx_laser,PhoxxLaser,laser,,8,auto-Close|auto-GetOutputmW|auto-GetPower|auto-GetStatusText|auto-IsOn|auto-SetPower|auto-TurnOff|auto-TurnOn,Close|GetOutputmW|GetPower|GetStatusText|IsOn|SetPower|TurnOff|TurnOn,17,Uni-Lab-OS/community_drivers/phoxx_laser/info.txt
physical_device,physical_device,Physical Device是一款实验执行&合成设备，主要功能包括停止、初始化、启动、状态查询、设备连接。,实验执行&合成设备,实验执行&合成设备(experimental_step),20,auto-any|auto-anyDevice|auto-backgroundStatusUpdates|auto-commandHelp|auto-connectedDevices|auto-doGetStatusUserInfo|auto-doInitializeDevice|auto-doShutdownDevice|auto-initializeDevice|auto-initializeIfNeeded|auto-isAbstractClass|auto-isCompatibleWith|auto-isDebugClass|auto-isMonitoring|auto-sendCommand|auto-shutdownDevice|auto-startBackgroundStatusUpdates|auto-stopBackgroundStatusUpdates|auto-uniqueDevice|auto-vidpids,any|anyDevice|backgroundStatusUpdates|commandHelp|connectedDevices|doGetStatusUserInfo|doInitializeDevice|doShutdownDevice|initializeDevice|initializeIfNeeded|isAbstractClass|isCompatibleWith|isDebugClass|isMonitoring|sendCommand|shutdownDevice|startBackgroundStatusUpdates|stopBackgroundStatusUpdates|uniqueDevice|vidpids,22,Uni-Lab-OS/community_drivers/physical_device/info.txt
pi_cam_detector_cam,pi_cam_detector_cam,PI CAM Detector CAM是由Raspberry Pi Foundation生产的专业实验设备。,实验执行&合成设备,实验执行&合成设备(experimental_step),1,query,query,2,Uni-Lab-OS/community_drivers/pi_cam_detector_cam/info.txt
pi_controler,pi_controler,Physik Instrumente Pi Controler 自动化设备是由Physik Instrumente (PI)生产的专业实验设备。,物流/机械,物流/机械(experimental_step),6,auto-controler_output|auto-is_connected|auto-quit|auto-read_probes|auto-reset|auto-update,controler_output|is_connected|quit|read_probes|reset|update,15,Uni-Lab-OS/community_drivers/pi_controler/info.txt
pi_gpio_factory,pi_gpio_factory,Physik Instrumente Pi Gpio Factory是由Physik Instrumente (PI)生产的实验执行&合成设备，主要功能包括传输、关闭、设备连接。,实验执行&合成设备,实验执行&合成设备(experimental_step),9,auto-close|auto-closed|auto-connection|auto-host|auto-port|auto-spi|auto-ticks|auto-ticks_diff|auto-transfer,close|closed|connection|host|port|spi|ticks|ticks_diff|transfer,60,Uni-Lab-OS/community_drivers/pi_gpio_factory/info.txt
pi_gpio_hardware_spi,pi_gpio_hardware_spi,Pi GPIO Hardware SPI 树莓派硬件SPI接口是由复纳科学仪器（上海）有限公司生产的专业实验设备。,表征设备,表征设备(experimental_step),9,auto-close|auto-closed|auto-connection|auto-host|auto-port|auto-spi|auto-ticks|auto-ticks_diff|auto-transfer,close|closed|connection|host|port|spi|ticks|ticks_diff|transfer,61,Uni-Lab-OS/community_drivers/pi_gpio_hardware_spi/info.txt
pi_gpio_software_spi,pi_gpio_software_spi,Pi GPIO Software SPI 树莓派软件SPI接口是由复纳科学仪器（上海）有限公司生产的专业实验设备。,表征设备,表征设备(experimental_step),9,auto-close|auto-closed|auto-connection|auto-host|auto-port|auto-spi|auto-ticks|auto-ticks_diff|auto-transfer,close|closed|connection|host|port|spi|ticks|ticks_diff|transfer,61,Uni-Lab-OS/community_drivers/pi_gpio_software_spi/info.txt
pi_oled_circuitpython,pi_oled_circuitpython,Physik Instrumente Pi Oled Circuitpython 仪器 LED光源是由Physik Instrumente (PI)生产的专业实验设备。,实验执行&合成设备,实验执行&合成设备(experimental_step),3,auto-lcd_backlight|auto-lcd_init|auto-lcd_write_lines,lcd_backlight|lcd_init|lcd_write_lines,4,Uni-Lab-OS/community_drivers/pi_oled_circuitpython/info.txt
pica_launcher_app,pica_launcher_app,"Picarro 水同位素分析仪 δ18O、δ17O、δD 和 17O-盈余 L2140-i 是由Picarro, Inc.",实验执行&合成设备,实验执行&合成设备(experimental_step),13,auto-create_launcher_panel|auto-create_resource_panel|auto-create_widgets|auto-launch_script|auto-log|auto-open_license|auto-open_manual_file|auto-open_readme|auto-open_repo|auto-open_script_folder|auto-open_updates|auto-run_gpib_test|auto-setup_styles,create_launcher_panel|create_resource_panel|create_widgets|launch_script|log|open_license|open_manual_file|open_readme|open_repo|open_script_folder|open_updates|run_gpib_test|setup_styles,30,Uni-Lab-OS/community_drivers/pica_launcher_app/info.txt
pico_motor_controller8742,pico_motor_controller8742,单光子计数器（TCSPC）德国picoquant是由武汉东隆科技有限公司生产的专业实验设备。,物流/机械,物流/机械(experimental_step),34,auto-abort_motion|auto-acceleration|auto-axis|auto-controller_address|auto-controller_configuration|auto-dhcp_mode|auto-error_code|auto-error_code_and_message|auto-firmware_version|auto-gateway|auto-home_position|auto-hostname|auto-ip_address|auto-is_stopped|auto-mac_address|auto-motor_check|auto-motor_type|auto-move_absolute|auto-move_indefinite|auto-move_relative|auto-multiple_controllers|auto-name|auto-netmask|auto-position|auto-purge|auto-query|auto-recall_parameters|auto-reset|auto-save_settings|auto-scan|auto-scan_controllers|auto-scan_done|auto-sendcmd|auto-velocity,abort_motion|acceleration|axis|controller_address|controller_configuration|dhcp_mode|error_code|error_code_and_message|firmware_version|gateway|home_position|hostname|ip_address|is_stopped|mac_address|motor_check|motor_type|move_absolute|move_indefinite|move_relative|multiple_controllers|name|netmask|position|purge|query|recall_parameters|reset|save_settings|scan|scan_controllers|scan_done|sendcmd|velocity,33,Uni-Lab-OS/community_drivers/pico_motor_controller8742/info.txt
picomotor_stage,picomotor_stage,Newport Picomotor Piezo Stage 电机 自动化设备 位移台是由Newport (MKS)生产的专业实验设备。,物流/机械,物流/机械(experimental_step),7,auto-get_controllers_scan|auto-get_home_position|auto-get_product_id|auto-resolve_address_conflicts|auto-set_home_position|auto-wait_motor_moved|auto-wait_scan_done,get_controllers_scan|get_home_position|get_product_id|resolve_address_conflicts|set_home_position|wait_motor_moved|wait_scan_done,41,Uni-Lab-OS/community_drivers/picomotor_stage/info.txt
picosecond_delayer,picosecond_delayer,Microphoton devices picosecond delay module,timing,,21,auto-Disable|auto-Enable|auto-GenStartMetadata|auto-GetDelay|auto-GetEdge|auto-GetFrequencyDivider|auto-GetIO|auto-GetMaxDelay|auto-GetPulseWidth|auto-GetTemperature|auto-GetTriggerLevel|auto-delay|auto-echo_mode|auto-edge|auto-frequency_divider|auto-high_speed_mode|auto-io|auto-pulse_width|auto-register|auto-send_command|auto-trigger_level,Disable|Enable|GenStartMetadata|GetDelay|GetEdge|GetFrequencyDivider|GetIO|GetMaxDelay|GetPulseWidth|GetTemperature|GetTriggerLevel|delay|echo_mode|edge|frequency_divider|high_speed_mode|io|pulse_width|register|send_command|trigger_level,33,Uni-Lab-OS/community_drivers/picosecond_delayer/info.txt
piezo_c867,piezo_c867,c867,devices|piezo,,15,auto-GetChannelObject|auto-GetChannelPhase|auto-GetControlReady|auto-GetFirmwareVersion|auto-GetMax|auto-GetMin|auto-GetPos|auto-GetPosXY|auto-GetVelocity|auto-MoveRel|auto-MoveTo|auto-MoveToXY|auto-ReInit|auto-SetServo|auto-SetVelocity,GetChannelObject|GetChannelPhase|GetControlReady|GetFirmwareVersion|GetMax|GetMin|GetPos|GetPosXY|GetVelocity|MoveRel|MoveTo|MoveToXY|ReInit|SetServo|SetVelocity,40,Uni-Lab-OS/community_drivers/piezo_c867/info.txt
piezo_c867_t,piezo_c867_t,c867,piezo,,18,auto-GetChannelObject|auto-GetChannelPhase|auto-GetControlReady|auto-GetFirmwareVersion|auto-GetMax|auto-GetMin|auto-GetPos|auto-GetPosXY|auto-GetVelocity|auto-MoveInDir|auto-MoveTo|auto-MoveToXY|auto-OnTarget|auto-ReInit|auto-SetServo|auto-SetVelocity|auto-StopMove|auto-close,GetChannelObject|GetChannelPhase|GetControlReady|GetFirmwareVersion|GetMax|GetMin|GetPos|GetPosXY|GetVelocity|MoveInDir|MoveTo|MoveToXY|OnTarget|ReInit|SetServo|SetVelocity|StopMove|close,40,Uni-Lab-OS/community_drivers/piezo_c867_t/info.txt
piezo_channel,piezo_channel,压电通道控制驱动，支持单通道或多通道压电陶瓷位移精密控制。,物流/机械,物流/机械(experimental_step),31,auto-backlash_correction|auto-change_position_control_mode|auto-channel|auto-destination|auto-drive_op_parameters|auto-enabled|auto-enabled_multi|auto-enabled_single|auto-go_home|auto-home_parameters|auto-identify|auto-jog_parameters|auto-led_intensity|auto-max_travel|auto-model_number|auto-motion_timeout|auto-motor_model|auto-move|auto-move_abs|auto-move_jog|auto-move_jog_stop|auto-n_channels|auto-name|auto-output_position|auto-position|auto-position_control_closed|auto-position_count|auto-position_encoder|auto-serial_number|auto-set_scale|auto-status_bits,backlash_correction|change_position_control_mode|channel|destination|drive_op_parameters|enabled|enabled_multi|enabled_single|go_home|home_parameters|identify|jog_parameters|led_intensity|max_travel|model_number|motion_timeout|motor_model|move|move_abs|move_jog|move_jog_stop|n_channels|name|output_position|position|position_control_closed|position_count|position_encoder|serial_number|set_scale|status_bits,13,Uni-Lab-OS/community_drivers/piezo_channel/info.txt
piezo_e255,piezo_e255,e255,devices|generic,,7,auto-GetChannelObject|auto-GetChannelPhase|auto-GetControlReady|auto-GetMax|auto-GetMin|auto-GetPos|auto-MoveTo,GetChannelObject|GetChannelPhase|GetControlReady|GetMax|GetMin|GetPos|MoveTo,8,Uni-Lab-OS/community_drivers/piezo_e255/info.txt
piezo_e662,piezo_e662,e662,generic,,7,auto-GetChannelObject|auto-GetChannelPhase|auto-GetControlReady|auto-GetMax|auto-GetMin|auto-GetPos|auto-MoveTo,GetChannelObject|GetChannelPhase|GetControlReady|GetMax|GetMin|GetPos|MoveTo,8,Uni-Lab-OS/community_drivers/piezo_e662/info.txt
piezo_e709,piezo_e709,e709,devices|generic,,11,auto-GetChannelObject|auto-GetChannelPhase|auto-GetControlReady|auto-GetFirmwareVersion|auto-GetMax|auto-GetMin|auto-GetPos|auto-MoveRel|auto-MoveTo|auto-ReInit|auto-SetServo,GetChannelObject|GetChannelPhase|GetControlReady|GetFirmwareVersion|GetMax|GetMin|GetPos|MoveRel|MoveTo|ReInit|SetServo,31,Uni-Lab-OS/community_drivers/piezo_e709/info.txt
piezo_e709_t,piezo_e709_t,e709,piezo,,17,auto-GetChannelObject|auto-GetChannelPhase|auto-GetControlReady|auto-GetFirmwareVersion|auto-GetMax|auto-GetMin|auto-GetPos|auto-GetPosXY|auto-GetTargetPos|auto-MoveInDir|auto-MoveRel|auto-MoveTo|auto-OnTarget|auto-ReInit|auto-SetServo|auto-StopMove|auto-close,GetChannelObject|GetChannelPhase|GetControlReady|GetFirmwareVersion|GetMax|GetMin|GetPos|GetPosXY|GetTargetPos|MoveInDir|MoveRel|MoveTo|OnTarget|ReInit|SetServo|StopMove|close,31,Uni-Lab-OS/community_drivers/piezo_e709_t/info.txt
piezo_e816,piezo_e816,e816,generic,,7,auto-GetChannelObject|auto-GetChannelPhase|auto-GetControlReady|auto-GetMax|auto-GetMin|auto-GetPos|auto-MoveTo,GetChannelObject|GetChannelPhase|GetControlReady|GetMax|GetMin|GetPos|MoveTo,8,Uni-Lab-OS/community_drivers/piezo_e816/info.txt
piezo_e816_t,piezo_e816_t,e816,generic,,16,auto-GetChannelObject|auto-GetChannelPhase|auto-GetControlReady|auto-GetFirmwareVersion|auto-GetMax|auto-GetMin|auto-GetPos|auto-GetPosXY|auto-GetTargetPos|auto-MoveInDir|auto-MoveRel|auto-MoveTo|auto-OnTarget|auto-ReInit|auto-SetDriftCompensation|auto-close,GetChannelObject|GetChannelPhase|GetControlReady|GetFirmwareVersion|GetMax|GetMin|GetPos|GetPosXY|GetTargetPos|MoveInDir|MoveRel|MoveTo|OnTarget|ReInit|SetDriftCompensation|close,33,Uni-Lab-OS/community_drivers/piezo_e816_t/info.txt
piezo_e816b,piezo_e816b,e816b,generic,,7,auto-GetChannelObject|auto-GetChannelPhase|auto-GetControlReady|auto-GetMax|auto-GetMin|auto-GetPos|auto-MoveTo,GetChannelObject|GetChannelPhase|GetControlReady|GetMax|GetMin|GetPos|MoveTo,8,Uni-Lab-OS/community_drivers/piezo_e816b/info.txt
pim,pim,PIM Pulse Intensity Monitor是一款表征设备，主要功能包括启动、状态查询、运动控制。,表征设备,表征设备(experimental_step),10,auto-format_status_info|auto-infer_prefix|auto-insert|auto-inserted|auto-prefix_start|auto-remove|auto-removed|auto-stage|auto-unstage|auto-y_states,format_status_info|infer_prefix|insert|inserted|prefix_start|remove|removed|stage|unstage|y_states,18,Uni-Lab-OS/community_drivers/pim/info.txt
pipette_controller,pipette_controller,PipetteController,generic,,16,auto-aspirate|auto-blowout|auto-check_connection|auto-clear_and_reset|auto-disconnect_pipette|auto-dispense|auto-eject|auto-eject_and_home|auto-initiate_rline|auto-parseError|auto-readFeedback|auto-reset|auto-sendCmd|auto-tellLevel|auto-tellPosition|auto-waitAck,aspirate|blowout|check_connection|clear_and_reset|disconnect_pipette|dispense|eject|eject_and_home|initiate_rline|parseError|readFeedback|reset|sendCmd|tellLevel|tellPosition|waitAck,17,Uni-Lab-OS/community_drivers/pipette_controller/info.txt
plant,plant,Process Plant Controller驱动，支持quit/read probes/run/start/is connected等8个操作。,表征设备,表征设备(experimental_step),8,auto-controler_output|auto-is_connected|auto-quit|auto-read_probes|auto-reset|auto-run|auto-start|auto-update,controler_output|is_connected|quit|read_probes|reset|run|start|update,15,Uni-Lab-OS/community_drivers/plant/info.txt
plate_reader,plate_reader,Microplate Reader 酶标仪是一款酶标仪，主要功能包括关闭、打开、读取数据。,酶标仪,酶标仪(device_template_tag),8,auto-assign_child_resource|auto-close|auto-get_plate|auto-open|auto-read_absorbance|auto-read_fluorescence|auto-read_luminescence|auto-serialize,assign_child_resource|close|get_plate|open|read_absorbance|read_fluorescence|read_luminescence|serialize,9,Uni-Lab-OS/community_drivers/plate_reader/info.txt
plc,plc,Programmable Logic Controller是一款实验执行&合成设备，主要功能包括关闭、写入数据、设备连接、读取数据。,实验执行&合成设备,实验执行&合成设备(experimental_step),14,auto-Close|auto-ConnectionSize|auto-Discover|auto-GetDeviceProperties|auto-GetModuleProperties|auto-GetPLCTime|auto-GetProgramTagList|auto-GetProgramsList|auto-GetTagList|auto-Message|auto-Read|auto-ReceiveMessage|auto-SetPLCTime|auto-Write,Close|ConnectionSize|Discover|GetDeviceProperties|GetModuleProperties|GetPLCTime|GetProgramTagList|GetProgramsList|GetTagList|Message|Read|ReceiveMessage|SetPLCTime|Write,67,Uni-Lab-OS/community_drivers/plc/info.txt
pm100_usb,pm100_usb,Thorlabs PM100USB 光功率计是由Thorlabs生产的表征设备，主要功能包括读取数据。,表征设备,表征设备(experimental_step),10,auto-averaging_count|auto-cache_units|auto-calibration_message|auto-flags|auto-measurement_configuration|auto-name|auto-read|auto-sensor|auto-serial_number|auto-type,averaging_count|cache_units|calibration_message|flags|measurement_configuration|name|read|sensor|serial_number|type,7,Uni-Lab-OS/community_drivers/pm100_usb/info.txt
point_type_graphic,point_type_graphic,Point Type Graphic是一款后处理设备，主要功能包括使能、关闭、写入数据、启动、复位、成像。,后处理设备,后处理设备(experimental_step),9,auto-adjust_part|auto-begin_drag|auto-end_drag|auto-mime_data_dict|auto-nudge|auto-position|auto-read_from_mime_data|auto-reset_position|auto-test,adjust_part|begin_drag|end_drag|mime_data_dict|nudge|position|read_from_mime_data|reset_position|test,401,Uni-Lab-OS/community_drivers/point_type_graphic/info.txt
polled_internal_device,polled_internal_device,Polled Internal Device是一款实验执行&合成设备，主要功能包括关闭、加载、启动。,实验执行&合成设备,实验执行&合成设备(experimental_step),14,auto-close|auto-closed|auto-end_time|auto-event_delay|auto-host|auto-is_active|auto-load_average|auto-start_time|auto-temperature|auto-usage|auto-utc|auto-value|auto-wait_for_active|auto-wait_for_inactive,close|closed|end_time|event_delay|host|is_active|load_average|start_time|temperature|usage|utc|value|wait_for_active|wait_for_inactive,38,Uni-Lab-OS/community_drivers/polled_internal_device/info.txt
port,port,通用设备通信端口接口，支持串口、TCP等多种底层传输协议。,实验执行&合成设备,实验执行&合成设备(experimental_step),8,auto-channel_count|auto-create|auto-fileno|auto-get_stages|auto-recv_message|auto-run|auto-send_message|auto-serial_number,channel_count|create|fileno|get_stages|recv_message|run|send_message|serial_number,19,Uni-Lab-OS/community_drivers/port/info.txt
port_reader,port_reader,Port Reader是一款实验执行&合成设备，主要功能包括关闭、读取数据。,实验执行&合成设备,实验执行&合成设备(experimental_step),5,auto-clear_array|auto-close_PortReader|auto-takeNpArray|auto-takeReadout|auto-thread_foo,clear_array|close_PortReader|takeNpArray|takeReadout|thread_foo,6,Uni-Lab-OS/community_drivers/port_reader/info.txt
post_wifi_connection,post_wifi_connection,Post Wifi Connection是一款实验执行&合成设备。,实验执行&合成设备,实验执行&合成设备(experimental_step),9,auto-address|auto-device|auto-dns|auto-gateway|auto-netmask|auto-security|auto-ssid|auto-to_dict|auto-to_str,address|device|dns|gateway|netmask|security|ssid|to_dict|to_str,20,Uni-Lab-OS/community_drivers/post_wifi_connection/info.txt
post_wifi_connections,post_wifi_connections,Post Wifi Connections是一款实验执行&合成设备。,实验执行&合成设备,实验执行&合成设备(experimental_step),9,auto-address|auto-device|auto-dns|auto-gateway|auto-netmask|auto-security|auto-ssid|auto-to_dict|auto-to_str,address|device|dns|gateway|netmask|security|ssid|to_dict|to_str,20,Uni-Lab-OS/community_drivers/post_wifi_connections/info.txt
power_meter1830c,power_meter1830c,Newport 1830-C 光功率计是由Newport Corporation生产的专业实验设备。,表征设备,表征设备(experimental_step),16,auto-attenuator|auto-autocalibration|auto-autocalibration_async|auto-beeper|auto-data|auto-echo|auto-filter|auto-go|auto-keypad|auto-lockout|auto-range|auto-store_reference|auto-store_reference_async|auto-units|auto-wavelength|auto-zero,attenuator|autocalibration|autocalibration_async|beeper|data|echo|filter|go|keypad|lockout|range|store_reference|store_reference_async|units|wavelength|zero,26,Uni-Lab-OS/community_drivers/power_meter1830c/info.txt
power_supply_device,power_supply_device,Programmable Power Supply是一款实验执行&合成设备，主要功能包括初始化。,实验执行&合成设备,实验执行&合成设备(experimental_step),1,auto-initialize,initialize,3,Uni-Lab-OS/community_drivers/power_supply_device/info.txt
powermeter1830c,powermeter1830c,Newport 1830-C 光功率计驱动是由Newport Corporation生产的专业实验设备。,表征设备,表征设备(experimental_step),17,auto-attenuator|auto-autocalibration|auto-autocalibration_async|auto-beeper|auto-data|auto-echo|auto-filter|auto-go|auto-initialize|auto-keypad|auto-lockout|auto-range|auto-store_reference|auto-store_reference_async|auto-units|auto-wavelength|auto-zero,attenuator|autocalibration|autocalibration_async|beeper|data|echo|filter|go|initialize|keypad|lockout|range|store_reference|store_reference_async|units|wavelength|zero,28,Uni-Lab-OS/community_drivers/powermeter1830c/info.txt
pqsc,pqsc,Zurich Instruments PQSC 量子系统控制器是由Zurich Instruments生产的专业实验设备。,透射电子显微镜,透射电子显微镜(device_template_tag),8,auto-arm|auto-arm_and_run|auto-check_ref_clock|auto-check_zsync_connection|auto-find_zsync_worker_port|auto-run|auto-stop|auto-wait_done,arm|arm_and_run|check_ref_clock|check_zsync_connection|find_zsync_worker_port|run|stop|wait_done,10,Uni-Lab-OS/community_drivers/pqsc/info.txt
pressure_trans,pressure_trans,A class for pressure transducers,generic,,2,auto-QueryPressure|auto-ReportStatus,QueryPressure|ReportStatus,24,Uni-Lab-OS/community_drivers/pressure_trans/info.txt
prior,prior,Prior是由Prior Scientific生产的专业实验设备。,实验执行&合成设备,实验执行&合成设备(experimental_step),9,auto-MoveAbs|auto-MoveRelX|auto-MoveRelY|auto-MoveTo|auto-checkhardlimits|auto-checksoftlimit|auto-checksoftlimitAbs|auto-error|auto-getPosition,MoveAbs|MoveRelX|MoveRelY|MoveTo|checkhardlimits|checksoftlimit|checksoftlimitAbs|error|getPosition,12,Uni-Lab-OS/community_drivers/prior/info.txt
prior_lumen,prior_lumen,Pretend we're a laser so that we can re-use the laser GUI controls,devices|generic,,3,auto-IsOn|auto-TurnOff|auto-TurnOn,IsOn|TurnOff|TurnOn,5,Uni-Lab-OS/community_drivers/prior_lumen/info.txt
priorarclampshutter,priorarclampshutter,Priorarclampshutter,shutter,,4,auto-GetName|auto-IsOn|auto-TurnOff|auto-TurnOn,GetName|IsOn|TurnOff|TurnOn,5,Uni-Lab-OS/community_drivers/priorarclampshutter/info.txt
pro_scan_iii,pro_scan_iii,PRO Scan III是由Prior Scientific生产的专业实验设备。,实验执行&合成设备,实验执行&合成设备(experimental_step),1,auto-devices,devices,22,Uni-Lab-OS/community_drivers/pro_scan_iii/info.txt
property_connection,property_connection,Property Connection是一款实验执行&合成设备，主要功能包括关闭、设备连接。,实验执行&合成设备,实验执行&合成设备(experimental_step),5,auto-close|auto-source_property|auto-source_specifier|auto-target_property|auto-target_specifier,close|source_property|source_specifier|target_property|target_specifier,41,Uni-Lab-OS/community_drivers/property_connection/info.txt
proplc,proplc,Process Control PLC是一款实验执行&合成设备，主要功能包括停止、泵送、运行。,实验执行&合成设备,实验执行&合成设备(experimental_step),5,auto-egu|auto-info|auto-off|auto-on|auto-pressure,egu|info|off|on|pressure,13,Uni-Lab-OS/community_drivers/proplc/info.txt
proxy,proxy,Proxy,custom,,1,auto-unpack_result,unpack_result,9,Uni-Lab-OS/community_drivers/proxy/info.txt
psc_eth,psc_eth,PSC ETH是由Pfeiffer Vacuum生产的表征设备，主要功能包括复位、数据保存、电压设置、电流设置。,表征设备,表征设备(experimental_step),12,auto-current|auto-current_limit|auto-current_max|auto-name|auto-recall|auto-reset|auto-save|auto-set_current_limit|auto-set_voltage_limit|auto-voltage|auto-voltage_limit|auto-voltage_max,current|current_limit|current_max|name|recall|reset|save|set_current_limit|set_voltage_limit|voltage|voltage_limit|voltage_max,9,Uni-Lab-OS/community_drivers/psc_eth/info.txt
pseudoclock,pseudoclock,Pseudo-Clock Timing Module是一款实验执行&合成设备，主要功能包括初始化、触发。,实验执行&合成设备,实验执行&合成设备(experimental_step),13,auto-add_device|auto-clock_limit|auto-collect_change_times|auto-do_checks|auto-expand_change_times|auto-generate_clock|auto-generate_code|auto-get_outputs_by_clockline|auto-is_master_pseudoclock|auto-minimum_clock_high_time|auto-offset_instructions_from_trigger|auto-set_initial_trigger_time|auto-trigger,add_device|clock_limit|collect_change_times|do_checks|expand_change_times|generate_clock|generate_code|get_outputs_by_clockline|is_master_pseudoclock|minimum_clock_high_time|offset_instructions_from_trigger|set_initial_trigger_time|trigger,24,Uni-Lab-OS/community_drivers/pseudoclock/info.txt
ptc,ptc,Tecan Group Ptc是由Tecan Group生产的专业实验设备。,移液工作站,移液工作站(device_template_tag),19,auto-cancel|auto-clearbesr|auto-close|auto-erase|auto-execute|auto-folders|auto-geterrors|auto-getlidstatus|auto-getstatus|auto-gettemp|auto-lidclose|auto-lidopen|auto-program|auto-programs|auto-run|auto-setdebug|auto-setlidforce|auto-update|auto-version,cancel|clearbesr|close|erase|execute|folders|geterrors|getlidstatus|getstatus|gettemp|lidclose|lidopen|program|programs|run|setdebug|setlidforce|update|version,23,Uni-Lab-OS/community_drivers/ptc/info.txt
pulsar,pulsar,QuTech Pulsar Pulse Generation Module是由QuTech生产的表征设备，主要功能包括停止、启动。,表征设备,表征设备(experimental_step),8,auto-AWG_obj|auto-channel_opt|auto-clock|auto-define_channel|auto-program_awgs|auto-update_AWG5014_settings|auto-update_channel_settings|auto-used_AWGs,AWG_obj|channel_opt|clock|define_channel|program_awgs|update_AWG5014_settings|update_channel_settings|used_AWGs,24,Uni-Lab-OS/community_drivers/pulsar/info.txt
pulse_picker,pulse_picker,Optical Pulse Picker驱动，支持burst/close/flipflop/follower/open等6个操作。,表征设备,表征设备(experimental_step),6,auto-burst|auto-close|auto-flipflop|auto-follower|auto-open|auto-reset,burst|close|flipflop|follower|open|reset,13,Uni-Lab-OS/community_drivers/pulse_picker/info.txt
pump,pump,Pump设备驱动。,实验执行&合成设备,实验执行&合成设备(experimental_step),9,auto-infuse|auto-read|auto-setdiameter|auto-setflowrate|auto-settargetvolume|auto-stop|auto-waituntiltarget|auto-withdraw|auto-write,infuse|read|setdiameter|setflowrate|settargetvolume|stop|waituntiltarget|withdraw|write,21,Uni-Lab-OS/community_drivers/pump/info.txt
put_ftp,put_ftp,PUT FTP是由Open Standard (FTP)生产的专业实验设备。,实验执行&合成设备,实验执行&合成设备(experimental_step),2,auto-close|auto-uploadFile,close|uploadFile,5,Uni-Lab-OS/community_drivers/put_ftp/info.txt
pv_log_folder,pv_log_folder,PV LOG Folder是由EPICS (Argonne National Lab)生产的专业实验设备。,实验执行&合成设备,实验执行&合成设备(experimental_step),7,auto-parse_logfiles|auto-read_all_logs_text|auto-read_folder|auto-read_logfile|auto-read_motor_events|auto-reset_new_logfiles|auto-start_next_process,parse_logfiles|read_all_logs_text|read_folder|read_logfile|read_motor_events|reset_new_logfiles|start_next_process,25,Uni-Lab-OS/community_drivers/pv_log_folder/info.txt
pv_logger,pv_logger,PV Logger是由EPICS (Argonne National Lab)生产的专业实验设备。,实验执行&合成设备,实验执行&合成设备(experimental_step),9,auto-add_pv|auto-connect_pvs|auto-finish|auto-look_for_exit_signal|auto-look_for_new_pvs|auto-make_pvlog_folder|auto-on_exit|auto-read_configfile|auto-run,add_pv|connect_pvs|finish|look_for_exit_signal|look_for_new_pvs|make_pvlog_folder|on_exit|read_configfile|run,24,Uni-Lab-OS/community_drivers/pv_logger/info.txt
pv_positioner,pv_positioner,Pv Positioner驱动，支持check value/move/stop/egu/put complete等9个操作。,物流/机械,物流/机械(experimental_step),9,auto-check_value|auto-done_comparator|auto-egu|auto-limits|auto-move|auto-moving|auto-put_complete|auto-report|auto-stop,check_value|done_comparator|egu|limits|move|moving|put_complete|report|stop,26,Uni-Lab-OS/community_drivers/pv_positioner/info.txt
pvcam_detector_cam,pvcam_detector_cam,Pvcam Detector CAM是由Teledyne Photometrics生产的专业实验设备。,实验执行&合成设备,实验执行&合成设备(experimental_step),1,query,query,2,Uni-Lab-OS/community_drivers/pvcam_detector_cam/info.txt
pvi_device_connector,pvi_device_connector,Pvi Device Connector是由B&R Automation生产的后处理设备，主要功能包括设备连接。,后处理设备,后处理设备(experimental_step),3,auto-connect_mock|auto-connect_real|auto-create_children_from_annotations,connect_mock|connect_real|create_children_from_annotations,9,Uni-Lab-OS/community_drivers/pvi_device_connector/info.txt
pwm_output_device,pwm_output_device,Pwm Output Device是一款实验执行&合成设备，主要功能包括停止、关闭。,实验执行&合成设备,实验执行&合成设备(experimental_step),35,auto-active_high|auto-angle|auto-backward|auto-blink|auto-blue|auto-close|auto-closed|auto-color|auto-detach|auto-forward|auto-frame_width|auto-frequency|auto-green|auto-is_active|auto-max|auto-max_angle|auto-max_pulse_width|auto-max_tone|auto-mid|auto-mid_tone|auto-min|auto-min_angle|auto-min_pulse_width|auto-min_tone|auto-octaves|auto-off|auto-on|auto-play|auto-pulse|auto-pulse_width|auto-red|auto-reverse|auto-toggle|auto-tone|auto-value,active_high|angle|backward|blink|blue|close|closed|color|detach|forward|frame_width|frequency|green|is_active|max|max_angle|max_pulse_width|max_tone|mid|mid_tone|min|min_angle|min_pulse_width|min_tone|octaves|off|on|play|pulse|pulse_width|red|reverse|toggle|tone|value,106,Uni-Lab-OS/community_drivers/pwm_output_device/info.txt
pwm_steering,pwm_steering,PWM Steering是一款实验执行&合成设备，主要功能包括读取数据、运行。,实验执行&合成设备,实验执行&合成设备(experimental_step),4,auto-run|auto-run_threaded|auto-shutdown|auto-update,run|run_threaded|shutdown|update,82,Uni-Lab-OS/community_drivers/pwm_steering/info.txt
pwm_throttle,pwm_throttle,PWM Throttle是一款实验执行&合成设备，主要功能包括读取数据、运行。,实验执行&合成设备,实验执行&合成设备(experimental_step),4,auto-run|auto-run_threaded|auto-shutdown|auto-update,run|run_threaded|shutdown|update,82,Uni-Lab-OS/community_drivers/pwm_throttle/info.txt
py_opticon_socket_client,py_opticon_socket_client,Py Opticon Socket Client是一款实验执行&合成设备，主要功能包括关闭。,实验执行&合成设备,实验执行&合成设备(experimental_step),6,auto-close|auto-do_confirm|auto-do_eval|auto-do_exec|auto-get_field|auto-set_field,close|do_confirm|do_eval|do_exec|get_field|set_field,9,Uni-Lab-OS/community_drivers/py_opticon_socket_client/info.txt
py_spec_client,py_spec_client,PY Spec Client是一款实验执行&合成设备，主要功能包括设备连接、读取数据、运行。,实验执行&合成设备,实验执行&合成设备(experimental_step),9,auto-block_for_count|auto-block_for_ready|auto-cd|auto-count|auto-get_counter|auto-get_motor|auto-get_variable|auto-mkdir|auto-run_cmd,block_for_count|block_for_ready|cd|count|get_counter|get_motor|get_variable|mkdir|run_cmd,13,Uni-Lab-OS/community_drivers/py_spec_client/info.txt
py_uvvis,py_uvvis,PY Uvvis是一款实验执行&合成设备，主要功能包括关闭、加载、启动、数据保存、绘图、记录。,实验执行&合成设备,实验执行&合成设备(experimental_step),37,auto-OnQuit|auto-OnRTBAvgDec|auto-OnRTBAvgInc|auto-OnRTBExpDec|auto-OnRTBExpInc|auto-OnRTBGainDec|auto-OnRTBGainInc|auto-OnTBAuto|auto-OnTBAvgDec|auto-OnTBAvgInc|auto-OnTBDark|auto-OnTBDelete|auto-OnTBExpDec|auto-OnTBExpInc|auto-OnTBGainDec|auto-OnTBGainInc|auto-OnTBLoad|auto-OnTBMode|auto-OnTBRecord|auto-OnTBSave|auto-OnTBStart|auto-OnUpdate|auto-addLine|auto-camClose|auto-camSetExp|auto-camSetGain|auto-camSupportsExp|auto-camSupportsGain|auto-connectCamera|auto-connectOO|auto-connectUC480|auto-createPlotWnd|auto-createTB|auto-createUI|auto-getWlAxis|auto-readCamera|auto-refreshPlot,OnQuit|OnRTBAvgDec|OnRTBAvgInc|OnRTBExpDec|OnRTBExpInc|OnRTBGainDec|OnRTBGainInc|OnTBAuto|OnTBAvgDec|OnTBAvgInc|OnTBDark|OnTBDelete|OnTBExpDec|OnTBExpInc|OnTBGainDec|OnTBGainInc|OnTBLoad|OnTBMode|OnTBRecord|OnTBSave|OnTBStart|OnUpdate|addLine|camClose|camSetExp|camSetGain|camSupportsExp|camSupportsGain|connectCamera|connectOO|connectUC480|createPlotWnd|createTB|createUI|getWlAxis|readCamera|refreshPlot,38,Uni-Lab-OS/community_drivers/py_uvvis/info.txt
pylon_com,pylon_com,Pylon COM是由Basler AG生产的专业实验设备。,实验执行&合成设备,实验执行&合成设备(experimental_step),2,auto-GetReply|auto-close,GetReply|close,4,Uni-Lab-OS/community_drivers/pylon_com/info.txt
pylontech,pylontech,Pylontech是由Pylontech生产的专业实验设备。,实验执行&合成设备,实验执行&合成设备(experimental_step),12,auto-get_frame_checksum|auto-get_info_length|auto-get_management_info|auto-get_manufacturer_info|auto-get_module_serial_number|auto-get_protocol_version|auto-get_system_parameters|auto-get_values|auto-get_values_single|auto-read_frame|auto-scan_for_batteries|auto-send_cmd,get_frame_checksum|get_info_length|get_management_info|get_manufacturer_info|get_module_serial_number|get_protocol_version|get_system_parameters|get_values|get_values_single|read_frame|scan_for_batteries|send_cmd,24,Uni-Lab-OS/community_drivers/pylontech/info.txt
pylontech_rs485,pylontech_rs485,Pylontech Rs485是由Pylontech生产的实验执行&合成设备，主要功能包括关闭、设备连接。,实验执行&合成设备,实验执行&合成设备(experimental_step),7,auto-clear_rx_buffer|auto-close|auto-get_chk_sum|auto-receive|auto-reconnect|auto-send|auto-verbose,clear_rx_buffer|close|get_chk_sum|receive|reconnect|send|verbose,16,Uni-Lab-OS/community_drivers/pylontech_rs485/info.txt
pymepix_connection,pymepix_connection,Pymepix Connection是由Nikhef生产的专业实验设备。,实验执行&合成设备,实验执行&合成设备(experimental_step),14,auto-biasVoltage|auto-chanAddress|auto-dataCallback|auto-data_thread|auto-enablePolling|auto-getDevice|auto-isAcquiring|auto-numDevices|auto-poll|auto-pollBufferLength|auto-start|auto-start_recording|auto-stop|auto-stop_recording,biasVoltage|chanAddress|dataCallback|data_thread|enablePolling|getDevice|isAcquiring|numDevices|poll|pollBufferLength|start|start_recording|stop|stop_recording,25,Uni-Lab-OS/community_drivers/pymepix_connection/info.txt
pyro_io,pyro_io,FireSting3,oxygen|pyroscience,,46,auto-blink|auto-calibrate_air|auto-calibrate_zero|auto-clear_background|auto-connect|auto-disconnect|auto-load_from_flash|auto-measure_background|auto-read|auto-read_all_cal_registers|auto-read_all_result_registers|auto-read_all_settings_registers|auto-read_ambient_light|auto-read_bkgd_amp|auto-read_bkgd_dphi|auto-read_cal_register_by_name|auto-read_calibration_register|auto-read_dphi|auto-read_multiple_registers|auto-read_pressure|auto-read_register|auto-read_result_register|auto-read_result_register_by_name|auto-read_sample_temperature|auto-read_signal_intensity|auto-read_status|auto-read_unique_id|auto-save_to_flash|auto-send|auto-trigger_humidity_measurement|auto-trigger_oxygen_measurement|auto-trigger_pressure_measurement|auto-trigger_temperature_measurement|auto-write|auto-write_amplification_setting|auto-write_bkgd_amp|auto-write_bkgd_dphi|auto-write_calibration_register_by_name|auto-write_fiber_type_setting|auto-write_frequency_setting|auto-write_intensity_setting|auto-write_measure_time_setting|auto-write_pressure_setting|auto-write_register|auto-write_salinity_setting|auto-write_temperature_setting,blink|calibrate_air|calibrate_zero|clear_background|connect|disconnect|load_from_flash|measure_background|read|read_all_cal_registers|read_all_result_registers|read_all_settings_registers|read_ambient_light|read_bkgd_amp|read_bkgd_dphi|read_cal_register_by_name|read_calibration_register|read_dphi|read_multiple_registers|read_pressure|read_register|read_result_register|read_result_register_by_name|read_sample_temperature|read_signal_intensity|read_status|read_unique_id|save_to_flash|send|trigger_humidity_measurement|trigger_oxygen_measurement|trigger_pressure_measurement|trigger_temperature_measurement|write|write_amplification_setting|write_bkgd_amp|write_bkgd_dphi|write_calibration_register_by_name|write_fiber_type_setting|write_frequency_setting|write_intensity_setting|write_measure_time_setting|write_pressure_setting|write_register|write_salinity_setting|write_temperature_setting,105,Uni-Lab-OS/community_drivers/pyro_io/info.txt
pyroelectric_backend,pyroelectric_backend,Pyroelectric Measurement Backend是一款表征设备，主要功能包括关闭、初始化、启动、扫描、日志记录、测量。,表征设备,表征设备(experimental_step),15,auto-close_instruments|auto-create_console_frame|auto-create_graph_frame|auto-create_header|auto-create_info_frame|auto-create_input_frame|auto-create_widgets|auto-get_measurement|auto-initialize_instruments|auto-log|auto-setup_styles|auto-start_measurement|auto-start_ramp|auto-start_stabilization|auto-stop_measurement,close_instruments|create_console_frame|create_graph_frame|create_header|create_info_frame|create_input_frame|create_widgets|get_measurement|initialize_instruments|log|setup_styles|start_measurement|start_ramp|start_stabilization|stop_measurement,36,Uni-Lab-OS/community_drivers/pyroelectric_backend/info.txt
python_microscopy__camera,python_microscopy__camera,Represents Hamamatsu readout camera for the streak unit,camera,,0,,,78,Uni-Lab-OS/community_drivers/python_microscopy__camera/info.txt
python_microscopy__streamer,python_microscopy__streamer,Base class for streaming data through an LSL outlet | 型号:ble2lsl,universal,,2,auto-start|auto-stop,start|stop,13,Uni-Lab-OS/community_drivers/python_microscopy__streamer/info.txt
pytuyo,pytuyo,Pytuyo是由Pytuyo生产的专业实验设备。,实验执行&合成设备,实验执行&合成设备(experimental_step),7,auto-check_resp|auto-get_device_info|auto-get_reading|auto-request_device_info|auto-request_read|auto-send_cmd|auto-set_unit_scale,check_resp|get_device_info|get_reading|request_device_info|request_read|send_cmd|set_unit_scale,13,Uni-Lab-OS/community_drivers/pytuyo/info.txt
q_dac2,q_dac2,QDevil QDAC-II 24-Channel DAC是由QDevil (Quantum Machines)生产的表征设备，主要功能包括中止、停止、写入数据、初始化、启动、复位。,表征设备,表征设备(experimental_step),80,auto-abort|auto-actual_values_V|auto-actual_voltages|auto-add_correction|auto-allocate_trace|auto-allocate_trigger|auto-append|auto-arbitrary_wave|auto-arrange|auto-ask|auto-ask_channel|auto-available_A|auto-channel|auto-channel_numbers|auto-clear|auto-clear_measurements|auto-clear_read_queue|auto-connect_external_trigger|auto-contact_names|auto-correction_matrix|auto-currents_A|auto-cycles_remaining|auto-dc_list|auto-dc_sweep|auto-end_marker|auto-error|auto-errors|auto-free_all_triggers|auto-free_trigger|auto-get_recorded_scpi_commands|auto-get_trigger_by_name|auto-initiate_correction|auto-leakage|auto-mac|auto-measurement|auto-n_available|auto-n_channels|auto-n_cycles_remaining|auto-n_errors|auto-n_external_inputs|auto-n_external_outputs|auto-n_triggers|auto-name|auto-number|auto-output_mode|auto-peek_A|auto-period_end_marker|auto-period_start_marker|auto-points|auto-remove_traces|auto-reset|auto-set_virtual_voltage|auto-set_virtual_voltages|auto-shape|auto-sine_wave|auto-size|auto-square_wave|auto-start_V|auto-start_all|auto-start_marker|auto-start_on|auto-start_on_external|auto-start_recording_scpi|auto-step_end_marker|auto-step_start_marker|auto-stop_V|auto-time_s|auto-traces|auto-triangle_wave|auto-value|auto-values_V|auto-virtual_detune|auto-virtual_sweep|auto-virtual_sweep2d|auto-virtual_voltage|auto-waveform|auto-write|auto-write_channel|auto-write_channel_floats|auto-write_floats,abort|actual_values_V|actual_voltages|add_correction|allocate_trace|allocate_trigger|append|arbitrary_wave|arrange|ask|ask_channel|available_A|channel|channel_numbers|clear|clear_measurements|clear_read_queue|connect_external_trigger|contact_names|correction_matrix|currents_A|cycles_remaining|dc_list|dc_sweep|end_marker|error|errors|free_all_triggers|free_trigger|get_recorded_scpi_commands|get_trigger_by_name|initiate_correction|leakage|mac|measurement|n_available|n_channels|n_cycles_remaining|n_errors|n_external_inputs|n_external_outputs|n_triggers|name|number|output_mode|peek_A|period_end_marker|period_start_marker|points|remove_traces|reset|set_virtual_voltage|set_virtual_voltages|shape|sine_wave|size|square_wave|start_V|start_all|start_marker|start_on|start_on_external|start_recording_scpi|step_end_marker|step_start_marker|stop_V|time_s|traces|triangle_wave|value|values_V|virtual_detune|virtual_sweep|virtual_sweep2d|virtual_voltage|waveform|write|write_channel|write_channel_floats|write_floats,242,Uni-Lab-OS/community_drivers/q_dac2/info.txt
qcc,qcc,QuTech QCC 中央控制器是由QuTech生产的表征设备，主要功能包括停止、启动、校准、读取数据。,表征设备,表征设备(experimental_step),11,auto-add_additional_parameters|auto-add_standard_parameters|auto-calibrate_dio_protocol|auto-getOperationComplete|auto-get_idn|auto-get_operation_complete|auto-output_dio_calibration_data|auto-print_control_store|auto-print_qisa_opcodes|auto-print_qisa_with_control_store|auto-print_readable_idn,add_additional_parameters|add_standard_parameters|calibrate_dio_protocol|getOperationComplete|get_idn|get_operation_complete|output_dio_calibration_data|print_control_store|print_qisa_opcodes|print_qisa_with_control_store|print_readable_idn,29,Uni-Lab-OS/community_drivers/qcc/info.txt
qick_instrument,qick_instrument,QICK (Quantum Instrumentation Control Kit) 量子仪器控制平台驱动。,实验执行&合成设备,实验执行&合成设备(experimental_step),3,auto-cycles2sec_tproc|auto-get_idn|auto-sec2cycles_tproc,cycles2sec_tproc|get_idn|sec2cycles_tproc,5,Uni-Lab-OS/community_drivers/qick_instrument/info.txt
qu_tech__control_box,qu_tech__control_box,QU Tech Control BOX是由QuTech生产的表征设备，主要功能包括使能、停止、写入数据、初始化、加载、启动。,表征设备,表征设备(experimental_step),28,auto-add_params|auto-convert_arrary_to_signed|auto-convert_to_signed|auto-create_message|auto-create_timing_tape_entry|auto-decode_message|auto-enable_dac|auto-get_all|auto-get_dac_offset|auto-get_input_avg_results|auto-get_integrated_avg_results|auto-get_integration_log_results|auto-get_qubit_state_log_counters|auto-get_qubit_state_log_results|auto-get_streaming_results|auto-init_params|auto-restart_awg_tape|auto-run_test_suite|auto-send_stop_streaming|auto-serial_read|auto-serial_write|auto-set_averaging_parameters|auto-set_awg_lookuptable|auto-set_conditional_tape|auto-set_dac_offset|auto-set_ecc_truthtable|auto-set_segmented_tape|auto-upload_standard_weights,add_params|convert_arrary_to_signed|convert_to_signed|create_message|create_timing_tape_entry|decode_message|enable_dac|get_all|get_dac_offset|get_input_avg_results|get_integrated_avg_results|get_integration_log_results|get_qubit_state_log_counters|get_qubit_state_log_results|get_streaming_results|init_params|restart_awg_tape|run_test_suite|send_stop_streaming|serial_read|serial_write|set_averaging_parameters|set_awg_lookuptable|set_conditional_tape|set_dac_offset|set_ecc_truthtable|set_segmented_tape|upload_standard_weights,103,Uni-Lab-OS/community_drivers/qu_tech__control_box/info.txt
qu_tech__control_box_v3,qu_tech__control_box_v3,JeioTech 进口高低温交变试验箱 KMV-025驱动（Jeio Tech Co.,表征设备,表征设备(experimental_step),5,auto-add_params|auto-get_master_controller_params|auto-init_params|auto-load_instructions|auto-run_test_suite,add_params|get_master_controller_params|init_params|load_instructions|run_test_suite,23,Uni-Lab-OS/community_drivers/qu_tech__control_box_v3/info.txt
qu_tech__duplexer,qu_tech__duplexer,QU Tech Duplexer是由QuTech生产的专业实验设备。,表征设备,表征设备(experimental_step),7,auto-add_parameter|auto-add_parameters|auto-calculate_attenuation|auto-get_scaling_increment|auto-set_all_attenuations_to|auto-set_all_phases_to|auto-set_all_switches_to,add_parameter|add_parameters|calculate_attenuation|get_scaling_increment|set_all_attenuations_to|set_all_phases_to|set_all_switches_to,10,Uni-Lab-OS/community_drivers/qu_tech__duplexer/info.txt
qu_tech_awg__module,qu_tech_awg__module,QU Tech AWG Module是由QuTech生产的表征设备，主要功能包括停止、关闭、初始化、加载、启动、校准。,表征设备,表征设备(experimental_step),22,auto-JSON_parser|auto-add_parameter|auto-add_parameters|auto-calibrate_dio_protocol|auto-createWaveformReal|auto-deleteWaveform|auto-detect_underdrive|auto-dio_calibrate|auto-dio_calibration|auto-dio_calibration_rapport|auto-getErrors|auto-getWaveformDataFloat|auto-getWaveformLength|auto-getWaveformType|auto-loadWaveformOrSequence|auto-newWaveformReal|auto-sendWaveformDataReal|auto-setSeqElemLoopInfiniteOn|auto-setSeqLength|auto-snapshot_base|auto-start|auto-stop,JSON_parser|add_parameter|add_parameters|calibrate_dio_protocol|createWaveformReal|deleteWaveform|detect_underdrive|dio_calibrate|dio_calibration|dio_calibration_rapport|getErrors|getWaveformDataFloat|getWaveformLength|getWaveformType|loadWaveformOrSequence|newWaveformReal|sendWaveformDataReal|setSeqElemLoopInfiniteOn|setSeqLength|snapshot_base|start|stop,48,Uni-Lab-OS/community_drivers/qu_tech_awg__module/info.txt
qu_tech_spi_s4g__flux_current,qu_tech_spi_s4g__flux_current,JeioTech 进口高低温交变试验箱 KMV-025驱动（Jeio Tech Co.,表征设备,表征设备(experimental_step),2,auto-print_overview|auto-set_dacs_zero,print_overview|set_dacs_zero,6,Uni-Lab-OS/community_drivers/qu_tech_spi_s4g__flux_current/info.txt
qubit,qubit,Qubit Fluorometer是由Thermo Fisher Scientific生产的表征设备，主要功能包括初始化、校准、测量、设备连接。,表征设备,表征设备(experimental_step),47,auto-add_config_parameters|auto-add_flux_parameters|auto-add_generic_qubit_parameters|auto-add_instrument_ref_parameters|auto-add_mw_parameters|auto-add_operation|auto-add_parameters|auto-add_pulse_parameter|auto-add_ro_parameters|auto-add_spec_parameters|auto-calculate_frequency|auto-calibrate_Flux_pulse_latency|auto-calibrate_MW_RO_latency|auto-calibrate_frequency_ramsey|auto-calibrate_frequency_ramsey_ramzz|auto-calibrate_mixer_offsets_drive|auto-calibrate_motzoi|auto-calibrate_optimal_weights|auto-calibrate_spec_pow|auto-connect_message|auto-find_frequency|auto-find_qubit_resonator_fluxline|auto-find_resonator_frequency|auto-find_resonator_frequency_initial|auto-find_resonator_sweetspot|auto-find_resonators|auto-find_test_resonators|auto-find_test_resonators_test|auto-get_idn|auto-get_operation_dict|auto-link_param_to_operation|auto-measure_T1|auto-measure_allxy|auto-measure_echo|auto-measure_flipping|auto-measure_heterodyne_spectroscopy|auto-measure_individual_resonators|auto-measure_motzoi|auto-measure_rabi|auto-measure_ramsey|auto-measure_ramsey_ramzz|auto-measure_resonator_power|auto-measure_spectroscopy|auto-measure_ssro|auto-measure_transients|auto-tune_freq_to|auto-tune_freq_to_sweetspot,add_config_parameters|add_flux_parameters|add_generic_qubit_parameters|add_instrument_ref_parameters|add_mw_parameters|add_operation|add_parameters|add_pulse_parameter|add_ro_parameters|add_spec_parameters|calculate_frequency|calibrate_Flux_pulse_latency|calibrate_MW_RO_latency|calibrate_frequency_ramsey|calibrate_frequency_ramsey_ramzz|calibrate_mixer_offsets_drive|calibrate_motzoi|calibrate_optimal_weights|calibrate_spec_pow|connect_message|find_frequency|find_qubit_resonator_fluxline|find_resonator_frequency|find_resonator_frequency_initial|find_resonator_sweetspot|find_resonators|find_test_resonators|find_test_resonators_test|get_idn|get_operation_dict|link_param_to_operation|measure_T1|measure_allxy|measure_echo|measure_flipping|measure_heterodyne_spectroscopy|measure_individual_resonators|measure_motzoi|measure_rabi|measure_ramsey|measure_ramsey_ramzz|measure_resonator_power|measure_spectroscopy|measure_ssro|measure_transients|tune_freq_to|tune_freq_to_sweetspot,49,Uni-Lab-OS/community_drivers/qubit/info.txt
qwg,qwg,QuTech QWG Qubit Waveform Generator是由QuTech生产的表征设备，主要功能包括校准。,表征设备,表征设备(experimental_step),3,auto-calibrate_dio_protocol|auto-dio_calibration|auto-output_dio_calibration_data,calibrate_dio_protocol|dio_calibration|output_dio_calibration_data,21,Uni-Lab-OS/community_drivers/qwg/info.txt
qwg_core,qwg_core,QWG Core QuTech波形发生器核心模块是由维根技术（北京）有限公司（WIGGENS）生产的专业实验设备。,移液工作站,移液工作站(device_template_tag),52,auto-calibrate_dio_protocol|auto-create_waveform_real|auto-delete_waveform|auto-delete_waveform_all|auto-dio_calibrate|auto-dio_calibration_report|auto-get_amplitude|auto-get_bitmap|auto-get_channel_gain_adjust|auto-get_channel_output_voltage|auto-get_codewords_select|auto-get_dac_temperature|auto-get_dio_active_index|auto-get_dio_calibrate|auto-get_dio_calibrated_inputs|auto-get_dio_interboard|auto-get_dio_lvds|auto-get_dio_mode|auto-get_dio_suitable_indexes|auto-get_fpga_temperature|auto-get_iofront_temperature|auto-get_max_codeword_bits|auto-get_offset|auto-get_output_state|auto-get_run_mode|auto-get_sideband_frequency|auto-get_sideband_phase|auto-get_triggers_logic_input|auto-get_waveform|auto-get_waveform_data_float|auto-get_waveform_length|auto-get_waveform_type|auto-get_wlist|auto-get_wlist_name|auto-get_wlist_size|auto-new_waveform_real|auto-output_dio_calibration_data|auto-send_waveform_data_real|auto-set_amplitude|auto-set_channel_gain_adjust|auto-set_dac_digital_value|auto-set_dio_active_index|auto-set_dio_mode|auto-set_offset|auto-set_output_state|auto-set_run_mode|auto-set_sideband_frequency|auto-set_sideband_phase|auto-set_waveform|auto-start|auto-stop|auto-sync_sideband_generators,calibrate_dio_protocol|create_waveform_real|delete_waveform|delete_waveform_all|dio_calibrate|dio_calibration_report|get_amplitude|get_bitmap|get_channel_gain_adjust|get_channel_output_voltage|get_codewords_select|get_dac_temperature|get_dio_active_index|get_dio_calibrate|get_dio_calibrated_inputs|get_dio_interboard|get_dio_lvds|get_dio_mode|get_dio_suitable_indexes|get_fpga_temperature|get_iofront_temperature|get_max_codeword_bits|get_offset|get_output_state|get_run_mode|get_sideband_frequency|get_sideband_phase|get_triggers_logic_input|get_waveform|get_waveform_data_float|get_waveform_length|get_waveform_type|get_wlist|get_wlist_name|get_wlist_size|new_waveform_real|output_dio_calibration_data|send_waveform_data_real|set_amplitude|set_channel_gain_adjust|set_dac_digital_value|set_dio_active_index|set_dio_mode|set_offset|set_output_state|set_run_mode|set_sideband_frequency|set_sideband_phase|set_waveform|start|stop|sync_sideband_generators,58,Uni-Lab-OS/community_drivers/qwg_core/info.txt
qx_client,qx_client,"QuTech QX Quantum Computer Client是QuTech提供的设备驱动，提供connect, send_cmd, create_qubits, remove_qubits等12个控制接口。",表征设备,表征设备(experimental_step),12,auto-connect|auto-create_circuit|auto-create_qubits|auto-disconnect|auto-get_measurement|auto-get_measurement_average|auto-get_nr_qubits|auto-list_circuits|auto-remove_qubits|auto-run_circuit|auto-run_noisy_circuit|auto-send_cmd,connect|create_circuit|create_qubits|disconnect|get_measurement|get_measurement_average|get_nr_qubits|list_circuits|remove_qubits|run_circuit|run_noisy_circuit|send_cmd,18,Uni-Lab-OS/community_drivers/qx_client/info.txt
qxafs__scan,qxafs__scan,Quick XAFS Scan Controller是EPICS / Synchrotron提供的设备驱动。,表征设备,表征设备(experimental_step),8,auto-add_region|auto-connect_qxafs|auto-finish_qscan|auto-gathering2energy|auto-make_trajectory|auto-post_scan|auto-run|auto-set_energy_pv,add_region|connect_qxafs|finish_qscan|gathering2energy|make_trajectory|post_scan|run|set_energy_pv,15,Uni-Lab-OS/community_drivers/qxafs__scan/info.txt
r_py_lidar,r_py_lidar,RPLiDAR Laser Range Scanner是由Slamtec生产的专业实验设备。,表征设备,表征设备(experimental_step),24,auto-add_checksum|auto-calcAndAddPoints|auto-calcDelta|auto-calcDist|auto-connect|auto-disconnect|auto-drawPoints|auto-getControlInputs|auto-get_device_health|auto-get_device_info|auto-get_sample_rate|auto-readCabin1or3|auto-readCabin2or4|auto-readCabin5|auto-reset|auto-start_express_scan|auto-start_motor_14|auto-start_motor_34|auto-start_motor_half|auto-start_motor_max|auto-start_motor_slow|auto-start_standard_scan|auto-stop_motor|auto-stop_scan,add_checksum|calcAndAddPoints|calcDelta|calcDist|connect|disconnect|drawPoints|getControlInputs|get_device_health|get_device_info|get_sample_rate|readCabin1or3|readCabin2or4|readCabin5|reset|start_express_scan|start_motor_14|start_motor_34|start_motor_half|start_motor_max|start_motor_slow|start_standard_scan|stop_motor|stop_scan,25,Uni-Lab-OS/community_drivers/r_py_lidar/info.txt
ra_scmu200_audio,ra_scmu200_audio,RA Scmu200 Audio，由Rohde & Schwarz提供，支持Measurement等功能，用于实验室自动化控制与数据采集。,表征设备,表征设备(experimental_step),1,auto-Measurement,Measurement,3,Uni-Lab-OS/community_drivers/ra_scmu200_audio/info.txt
racal1992,racal1992,"Racal1992是Racal Instruments提供的设备驱动，提供frequency, preset, port, remote等5个控制接口。",实验执行&合成设备,实验执行&合成设备(experimental_step),5,auto-frequency|auto-local|auto-port|auto-preset|auto-remote,frequency|local|port|preset|remote,7,Uni-Lab-OS/community_drivers/racal1992/info.txt
rail,rail,Rail,generic|rail,,14,auto-check_move|auto-connect_rail|auto-disconnect_rail|auto-getPosition|auto-getProcessTime|auto-getStatus|auto-move|auto-read_intelligent|auto-rel_move|auto-removeerror|auto-resumeMotion|auto-set_ml|auto-set_vel|auto-stopMotion,check_move|connect_rail|disconnect_rail|getPosition|getProcessTime|getStatus|move|read_intelligent|rel_move|removeerror|resumeMotion|set_ml|set_vel|stopMotion,17,Uni-Lab-OS/community_drivers/rail/info.txt
raw2_disk,raw2_disk,Raw2 Disk是一款后处理设备，主要功能包括关闭、写入数据、打开。,后处理设备,后处理设备(experimental_step),3,auto-close|auto-open_file|auto-write,close|open_file|write,8,Uni-Lab-OS/community_drivers/raw2_disk/info.txt
raw_broadcast_udp_client,raw_broadcast_udp_client,Raw Broadcast Udp Client是由Open Standard生产的实验执行&合成设备，主要功能包括关闭、启动、记录、设备连接。,实验执行&合成设备,实验执行&合成设备(experimental_step),38,auto-addpackers|auto-call_0|auto-callit|auto-connect|auto-do_call|auto-dump|auto-forkingloop|auto-forksession|auto-get_port|auto-handle|auto-handle_0|auto-loop|auto-make_call|auto-mkcred|auto-mkverf|auto-my_reply_handler|auto-pack_auth|auto-pack_auth_unix|auto-pack_call_args|auto-pack_callheader|auto-pack_mapping|auto-pack_pmaplist|auto-pack_replyheader|auto-register|auto-session|auto-set|auto-set_reply_handler|auto-set_timeout|auto-start_call|auto-turn_around|auto-unpack_auth|auto-unpack_call_result|auto-unpack_callheader|auto-unpack_mapping|auto-unpack_pmaplist|auto-unpack_replyheader|auto-unregister|auto-unset,addpackers|call_0|callit|connect|do_call|dump|forkingloop|forksession|get_port|handle|handle_0|loop|make_call|mkcred|mkverf|my_reply_handler|pack_auth|pack_auth_unix|pack_call_args|pack_callheader|pack_mapping|pack_pmaplist|pack_replyheader|register|session|set|set_reply_handler|set_timeout|start_call|turn_around|unpack_auth|unpack_call_result|unpack_callheader|unpack_mapping|unpack_pmaplist|unpack_replyheader|unregister|unset,72,Uni-Lab-OS/community_drivers/raw_broadcast_udp_client/info.txt
raw_client,raw_client,RAW Client是一款实验执行&合成设备，主要功能包括使能、停止、关闭、初始化、加载、参数配置。,实验执行&合成设备,实验执行&合成设备(experimental_step),2,auto-get_blocks|auto-read,get_blocks|read,134,Uni-Lab-OS/community_drivers/raw_client/info.txt
reader,reader,Reader是一款实验执行&合成设备，主要功能包括初始化、设备连接、读取数据。,实验执行&合成设备,实验执行&合成设备(experimental_step),6,auto-decode_raw_data|auto-extract_meaningful_data_from_chunk|auto-get_chunked_data|auto-initialize|auto-raw_data_to_keys|auto-read,decode_raw_data|extract_meaningful_data_from_chunk|get_chunked_data|initialize|raw_data_to_keys|read,8,Uni-Lab-OS/community_drivers/reader/info.txt
readout,readout,Quantum Readout Module是由Zurich Instruments生产的专业实验设备。,表征设备,表征设备(experimental_step),22,auto-available_aux_trigger_inputs|auto-available_inputs|auto-available_trigger_inputs|auto-compile_sequencer_program|auto-configure|auto-configure_channel|auto-configure_result_logger|auto-configure_sequencer_triggering|auto-enable_sequencer|auto-factory_reset|auto-get_qudits_results|auto-load_sequencer_program|auto-max_qubits_per_channel|auto-read|auto-read_from_waveform_memory|auto-read_integration_weights|auto-run|auto-start_continuous_sw_trigger|auto-stop|auto-wait_done|auto-write_integration_weights|auto-write_to_waveform_memory,available_aux_trigger_inputs|available_inputs|available_trigger_inputs|compile_sequencer_program|configure|configure_channel|configure_result_logger|configure_sequencer_triggering|enable_sequencer|factory_reset|get_qudits_results|load_sequencer_program|max_qubits_per_channel|read|read_from_waveform_memory|read_integration_weights|run|start_continuous_sw_trigger|stop|wait_done|write_integration_weights|write_to_waveform_memory,41,Uni-Lab-OS/community_drivers/readout/info.txt
real_usb_device,real_usb_device,Wasatch Photonics USB光谱仪是由Wasatch Photonics生产的专业实验设备。,表征设备,表征设备(experimental_step),9,auto-claim_interface|auto-ctrl_transfer|auto-find|auto-read|auto-release_interface|auto-reset|auto-send_code|auto-set_configuration|auto-to_dict,claim_interface|ctrl_transfer|find|read|release_interface|reset|send_code|set_configuration|to_dict,16,Uni-Lab-OS/community_drivers/real_usb_device/info.txt
recipe,recipe,A class for the recipes that will be used for the tube furnace CVD system,generic,,4,auto-initialize|auto-logging|auto-poll|auto-run,initialize|logging|poll|run,6,Uni-Lab-OS/community_drivers/recipe/info.txt
recipe_pusher,recipe_pusher,RecipePusher,generic_device,,1,auto-fileTasksForInputs,fileTasksForInputs,12,Uni-Lab-OS/community_drivers/recipe_pusher/info.txt
recipe_rule,recipe_rule,RecipeRule,generic,,1,auto-prepare,prepare,58,Uni-Lab-OS/community_drivers/recipe_rule/info.txt
recorder,recorder,Metrohm Autolab 数据记录仪 电化学工作站 记录器是由Metrohm Autolab生产的专业实验设备。,电化学工作站,电化学工作站(device_template_tag),10,auto-close|auto-createFolder|auto-getPath|auto-getValue|auto-getValueType|auto-getVariableList|auto-initialize|auto-save|auto-setPath|auto-setValue,close|createFolder|getPath|getValue|getValueType|getVariableList|initialize|save|setPath|setValue,22,Uni-Lab-OS/community_drivers/recorder/info.txt
rectangle_type_graphic,rectangle_type_graphic,Rectangle Type Graphic是一款实验执行&合成设备，主要功能包括使能、关闭、写入数据、启动、复位、成像。,实验执行&合成设备,实验执行&合成设备(experimental_step),19,auto-adjust_part|auto-begin_drag|auto-bounds|auto-center|auto-center_x|auto-center_y|auto-end_drag|auto-get_attributes|auto-get_mask_item|auto-height|auto-mime_data_dict|auto-nudge|auto-read_from_mime_data|auto-reset_position|auto-rotation|auto-rotation_deg|auto-size|auto-test|auto-width,adjust_part|begin_drag|bounds|center|center_x|center_y|end_drag|get_attributes|get_mask_item|height|mime_data_dict|nudge|read_from_mime_data|reset_position|rotation|rotation_deg|size|test|width,401,Uni-Lab-OS/community_drivers/rectangle_type_graphic/info.txt
register_interface,register_interface,Register Interface是一款实验执行&合成设备，主要功能包括写入数据、设备连接、读取数据。,实验执行&合成设备,实验执行&合成设备(experimental_step),4,auto-get_device|auto-is_connected|auto-read|auto-write,get_device|is_connected|read|write,12,Uni-Lab-OS/community_drivers/register_interface/info.txt
remote_microscope,remote_microscope,Remote Microscope Controller 光学显微镜是一款普通光学显微镜，主要功能包括成像、打开、状态查询、电压读取、聚焦、采集。,普通光学显微镜,普通光学显微镜(device_template_tag),73,auto-acquire|auto-get_beam_blanked|auto-get_beam_shift|auto-get_beam_tilt|auto-get_camera_param|auto-get_cameras|auto-get_column_valves_open|auto-get_condenser_mode|auto-get_condenser_stigmator|auto-get_convergence_angle|auto-get_dark_field_mode|auto-get_defocus|auto-get_diffraction_shift|auto-get_family|auto-get_illuminated_area|auto-get_illumination_mode|auto-get_image_shift|auto-get_indicated_camera_length|auto-get_indicated_magnification|auto-get_instrument_mode|auto-get_intensity|auto-get_magnification_index|auto-get_microscope_id|auto-get_objective_excitation|auto-get_objective_stigmator|auto-get_probe_defocus|auto-get_projection_mode|auto-get_projection_mode_string|auto-get_projection_sub_mode|auto-get_screen_current|auto-get_screen_position|auto-get_spot_size_index|auto-get_stage_holder|auto-get_stage_limits|auto-get_stage_position|auto-get_stage_status|auto-get_state|auto-get_stem_acquisition_param|auto-get_stem_detector_param|auto-get_stem_detectors|auto-get_stem_magnification|auto-get_stem_rotation|auto-get_vacuum|auto-get_version|auto-get_voltage|auto-is_stem_available|auto-normalize|auto-set_beam_blanked|auto-set_beam_shift|auto-set_beam_tilt|auto-set_camera_param|auto-set_column_valves_open|auto-set_condenser_mode|auto-set_condenser_stigmator|auto-set_convergence_angle|auto-set_dark_field_mode|auto-set_defocus|auto-set_diffraction_shift|auto-set_illuminated_area|auto-set_illumination_mode|auto-set_image_shift|auto-set_instrument_mode|auto-set_intensity|auto-set_magnification_index|auto-set_objective_stigmator|auto-set_probe_defocus|auto-set_projection_mode|auto-set_screen_position|auto-set_spot_size_index|auto-set_stem_acquisition_param|auto-set_stem_detector_param|auto-set_stem_magnification|auto-set_stem_rotation,acquire|get_beam_blanked|get_beam_shift|get_beam_tilt|get_camera_param|get_cameras|get_column_valves_open|get_condenser_mode|get_condenser_stigmator|get_convergence_angle|get_dark_field_mode|get_defocus|get_diffraction_shift|get_family|get_illuminated_area|get_illumination_mode|get_image_shift|get_indicated_camera_length|get_indicated_magnification|get_instrument_mode|get_intensity|get_magnification_index|get_microscope_id|get_objective_excitation|get_objective_stigmator|get_probe_defocus|get_projection_mode|get_projection_mode_string|get_projection_sub_mode|get_screen_current|get_screen_position|get_spot_size_index|get_stage_holder|get_stage_limits|get_stage_position|get_stage_status|get_state|get_stem_acquisition_param|get_stem_detector_param|get_stem_detectors|get_stem_magnification|get_stem_rotation|get_vacuum|get_version|get_voltage|is_stem_available|normalize|set_beam_blanked|set_beam_shift|set_beam_tilt|set_camera_param|set_column_valves_open|set_condenser_mode|set_condenser_stigmator|set_convergence_angle|set_dark_field_mode|set_defocus|set_diffraction_shift|set_illuminated_area|set_illumination_mode|set_image_shift|set_instrument_mode|set_intensity|set_magnification_index|set_objective_stigmator|set_probe_defocus|set_projection_mode|set_screen_position|set_spot_size_index|set_stem_acquisition_param|set_stem_detector_param|set_stem_magnification|set_stem_rotation,77,Uni-Lab-OS/community_drivers/remote_microscope/info.txt
resources,resources,Resources是一款实验执行&合成设备，主要功能包括读取数据。,实验执行&合成设备,实验执行&合成设备(experimental_step),3,auto-read_layout|auto-read_liquid_classes|auto-read_submethods,read_layout|read_liquid_classes|read_submethods,11,Uni-Lab-OS/community_drivers/resources/info.txt
rest_pi_camera,rest_pi_camera,Rest PI Camera是由Raspberry Pi Foundation生产的实验执行&合成设备，主要功能包括停止、启动、设备连接。,实验执行&合成设备,实验执行&合成设备(experimental_step),12,auto-get_exposuretime|auto-get_iso|auto-get_json|auto-get_preview|auto-get_resolution_preview|auto-get_snap|auto-isConnected|auto-post_json|auto-set_exposuretime|auto-set_iso|auto-start_live|auto-stop_live,get_exposuretime|get_iso|get_json|get_preview|get_resolution_preview|get_snap|isConnected|post_json|set_exposuretime|set_iso|start_live|stop_live,13,Uni-Lab-OS/community_drivers/rest_pi_camera/info.txt
rgbled,rgbled,RGB LED Controller驱动，支持blink/blue/close/color/green等35个操作。,实验执行&合成设备,实验执行&合成设备(experimental_step),35,auto-active_high|auto-angle|auto-backward|auto-blink|auto-blue|auto-close|auto-closed|auto-color|auto-detach|auto-forward|auto-frame_width|auto-frequency|auto-green|auto-is_active|auto-max|auto-max_angle|auto-max_pulse_width|auto-max_tone|auto-mid|auto-mid_tone|auto-min|auto-min_angle|auto-min_pulse_width|auto-min_tone|auto-octaves|auto-off|auto-on|auto-play|auto-pulse|auto-pulse_width|auto-red|auto-reverse|auto-toggle|auto-tone|auto-value,active_high|angle|backward|blink|blue|close|closed|color|detach|forward|frame_width|frequency|green|is_active|max|max_angle|max_pulse_width|max_tone|mid|mid_tone|min|min_angle|min_pulse_width|min_tone|octaves|off|on|play|pulse|pulse_width|red|reverse|toggle|tone|value,106,Uni-Lab-OS/community_drivers/rgbled/info.txt
ric,ric,Acrichi PTC-86全自动固液一体吹扫捕集仪是由北京聚芯追风科技有限公司生产的专业实验设备。,移液工作站,移液工作站(device_template_tag),9,auto-close|auto-execute|auto-gettemp|auto-idle|auto-open|auto-setdebug|auto-settemp|auto-status|auto-version,close|execute|gettemp|idle|open|setdebug|settemp|status|version,10,Uni-Lab-OS/community_drivers/ric/info.txt
rigol,rigol,Rigol是由RIGOL Technologies生产的表征设备，主要功能包括使能、停止、测量、设置、运行。,表征设备,表征设备(experimental_step),44,auto-DVMisEnabled|auto-annotate|auto-annotateColor|auto-annotateOff|auto-channelLabel|auto-channelLabelOff|auto-enableDVM|auto-hardcopy|auto-measureBitRate|auto-measureBurstWidth|auto-measureCounterFrequency|auto-measureDVMacrms|auto-measureDVMdc|auto-measureDVMdcrms|auto-measureDVMfreq|auto-measureFallEdgeCount|auto-measureFallPulseCount|auto-measureFallTime|auto-measureFrequency|auto-measureNegDutyCycle|auto-measureNegPulseWidth|auto-measureOvershoot|auto-measurePeriod|auto-measurePosDutyCycle|auto-measurePosPulseWidth|auto-measurePreshoot|auto-measureRiseEdgeCount|auto-measureRisePulseCount|auto-measureRiseTime|auto-measureTblCall|auto-measureTblUnits|auto-measureVoltAmplitude|auto-measureVoltAverage|auto-measureVoltBase|auto-measureVoltMax|auto-measureVoltMin|auto-measureVoltPP|auto-measureVoltRMS|auto-measureVoltTop|auto-modeRun|auto-modeSingle|auto-modeStop|auto-setupAutoscale|auto-waveformData,DVMisEnabled|annotate|annotateColor|annotateOff|channelLabel|channelLabelOff|enableDVM|hardcopy|measureBitRate|measureBurstWidth|measureCounterFrequency|measureDVMacrms|measureDVMdc|measureDVMdcrms|measureDVMfreq|measureFallEdgeCount|measureFallPulseCount|measureFallTime|measureFrequency|measureNegDutyCycle|measureNegPulseWidth|measureOvershoot|measurePeriod|measurePosDutyCycle|measurePosPulseWidth|measurePreshoot|measureRiseEdgeCount|measureRisePulseCount|measureRiseTime|measureTblCall|measureTblUnits|measureVoltAmplitude|measureVoltAverage|measureVoltBase|measureVoltMax|measureVoltMin|measureVoltPP|measureVoltRMS|measureVoltTop|modeRun|modeSingle|modeStop|setupAutoscale|waveformData,50,Uni-Lab-OS/community_drivers/rigol/info.txt
rigol1054z,rigol1054z,Rigol1054z是由RIGOL Technologies生产的专业实验设备。,表征设备,表征设备(experimental_step),49,auto-autoscale|auto-clear|auto-disable|auto-disabled|auto-enable|auto-enabled|auto-force|auto-get_averaging|auto-get_channels_enabled|auto-get_coupling|auto-get_data|auto-get_data_premable|auto-get_id|auto-get_memory_depth|auto-get_mode|auto-get_offset_V|auto-get_probe_ratio|auto-get_range_V|auto-get_sampling_rate|auto-get_screenshot|auto-get_timebase_mode|auto-get_timebase_offset_s|auto-get_timebase_scale_s_div|auto-get_trigger_holdoff_s|auto-get_trigger_level_V|auto-get_units|auto-get_voltage_rms_V|auto-run|auto-select_channel|auto-selected_channel|auto-set_averaging|auto-set_averaging_mode|auto-set_coupling|auto-set_high_resolution_mode|auto-set_memory_depth|auto-set_normal_mode|auto-set_offset_V|auto-set_peak_mode|auto-set_probe_ratio|auto-set_range_V|auto-set_single_shot|auto-set_timebase_mode|auto-set_timebase_offset_s|auto-set_timebase_scale_s_div|auto-set_trigger_holdoff_s|auto-set_trigger_level_V|auto-set_units|auto-set_vertical_scale_V|auto-stop,autoscale|clear|disable|disabled|enable|enabled|force|get_averaging|get_channels_enabled|get_coupling|get_data|get_data_premable|get_id|get_memory_depth|get_mode|get_offset_V|get_probe_ratio|get_range_V|get_sampling_rate|get_screenshot|get_timebase_mode|get_timebase_offset_s|get_timebase_scale_s_div|get_trigger_holdoff_s|get_trigger_level_V|get_units|get_voltage_rms_V|run|select_channel|selected_channel|set_averaging|set_averaging_mode|set_coupling|set_high_resolution_mode|set_memory_depth|set_normal_mode|set_offset_V|set_peak_mode|set_probe_ratio|set_range_V|set_single_shot|set_timebase_mode|set_timebase_offset_s|set_timebase_scale_s_div|set_trigger_holdoff_s|set_trigger_level_V|set_units|set_vertical_scale_V|stop,67,Uni-Lab-OS/community_drivers/rigol1054z/info.txt
rigol_ds1000_series,rigol_ds1000_series,Rigol Ds1000 Series是由RIGOL Technologies生产的表征设备，主要功能包括停止、触发、读取数据、运行、采集。,表征设备,表征设备(experimental_step),14,auto-acquire_averages|auto-acquire_type|auto-channel|auto-force_trigger|auto-math|auto-name|auto-panel_locked|auto-query|auto-read_waveform|auto-ref|auto-release_panel|auto-run|auto-sendcmd|auto-stop,acquire_averages|acquire_type|channel|force_trigger|math|name|panel_locked|query|read_waveform|ref|release_panel|run|sendcmd|stop,10,Uni-Lab-OS/community_drivers/rigol_ds1000_series/info.txt
rigol_ds4043,rigol_ds4043,Rigol Ds4043是由RIGOL Technologies生产的表征设备，主要功能包括读取数据。,表征设备,表征设备(experimental_step),2,auto-read_channels|auto-readwfm,read_channels|readwfm,9,Uni-Lab-OS/community_drivers/rigol_ds4043/info.txt
rigol_dsa800_wrapper,rigol_dsa800_wrapper,Rigol Dsa800 Wrapper是由RIGOL Technologies生产的表征设备，主要功能包括停止、启动、复位、扫频、读取数据。,表征设备,表征设备(experimental_step),30,auto-amplitudeOffset|auto-amplitudeReference|auto-amplitudeScale|auto-attenuation|auto-autoset|auto-bandwidthResolution|auto-bandwidthSweepTime|auto-bandwidthVideo|auto-clear_buffers|auto-frequencyCenter|auto-frequencySpan|auto-frequencyStart|auto-frequencyStop|auto-getTrace|auto-markerAmplitude|auto-markerFrequency|auto-markerMode|auto-markerReadoutMode|auto-markerToggle|auto-markerTrace|auto-markerTrack|auto-operationComplete|auto-peakExcursion|auto-peakNext|auto-peakSearch|auto-peakSet|auto-peakTable|auto-peakThreshold|auto-preamplifier|auto-reset,amplitudeOffset|amplitudeReference|amplitudeScale|attenuation|autoset|bandwidthResolution|bandwidthSweepTime|bandwidthVideo|clear_buffers|frequencyCenter|frequencySpan|frequencyStart|frequencyStop|getTrace|markerAmplitude|markerFrequency|markerMode|markerReadoutMode|markerToggle|markerTrace|markerTrack|operationComplete|peakExcursion|peakNext|peakSearch|peakSet|peakTable|peakThreshold|preamplifier|reset,32,Uni-Lab-OS/community_drivers/rigol_dsa800_wrapper/info.txt
ring_graphic,ring_graphic,Ring Graphic是一款后处理设备，主要功能包括使能、关闭、写入数据、启动、复位、成像。,后处理设备,后处理设备(experimental_step),10,auto-adjust_part|auto-begin_drag|auto-end_drag|auto-label_position|auto-mime_data_dict|auto-mode|auto-radius_1|auto-radius_2|auto-read_from_mime_data|auto-test,adjust_part|begin_drag|end_drag|label_position|mime_data_dict|mode|radius_1|radius_2|read_from_mime_data|test,401,Uni-Lab-OS/community_drivers/ring_graphic/info.txt
robo_hat_controller,robo_hat_controller,Robo HAT Controller是由Robotics Masters生产的专业实验设备。,机械臂,机械臂(device_template_tag),5,auto-read_serial|auto-run|auto-run_threaded|auto-shutdown|auto-update,read_serial|run|run_threaded|shutdown|update,13,Uni-Lab-OS/community_drivers/robo_hat_controller/info.txt
robo_hat_driver,robo_hat_driver,Robo HAT Driver是由Robotics Masters生产的专业实验设备。,机械臂,机械臂(device_template_tag),6,auto-is_valid_pwm_value|auto-run|auto-set_pulse|auto-shutdown|auto-trim_out_of_bound_value|auto-write_pwm,is_valid_pwm_value|run|set_pulse|shutdown|trim_out_of_bound_value|write_pwm,13,Uni-Lab-OS/community_drivers/robo_hat_driver/info.txt
robot,robot,Class for controlling a Mecademic robot,mechanical_arm,,294,auto-ActivateAndHome|auto-ActivateBrakes|auto-ActivateRobot|auto-ActivateSim|auto-AutoConnectionWatchdog|auto-BrakesOff|auto-BrakesOn|auto-ClearMotion|auto-Connect|auto-ConnectionWatchdog|auto-CreateRegisteredVariable|auto-CreateVariable|auto-DeactivateRobot|auto-DeactivateSim|auto-Delay|auto-DeleteFile|auto-DeleteProgram|auto-DeleteVariable|auto-Disconnect|auto-EnableEtherNetIp|auto-EnableProfinet|auto-EndLogging|auto-ExpectExternalCheckpoint|auto-FileLogger|auto-ForceRealTimeMonitoring|auto-GetAutoConf|auto-GetAutoConfTurn|auto-GetBlending|auto-GetBrakesState|auto-GetCalibrationCfg|auto-GetCapturedTrajectory|auto-GetCapturedTrajectoryPath|auto-GetCartAcc|auto-GetCartAngVel|auto-GetCartLinVel|auto-GetCheckpoint|auto-GetCheckpointDiscarded|auto-GetCmdPendingCount|auto-GetCollisionCfg|auto-GetCollisionStatus|auto-GetConf|auto-GetConfTurn|auto-GetEtherNetIpEnabled|auto-GetExtToolFwVersion|auto-GetExtToolSim|auto-GetFwVersion|auto-GetGripperForce|auto-GetGripperRange|auto-GetGripperVel|auto-GetInterruptableEvent|auto-GetIoSim|auto-GetJointAcc|auto-GetJointLimits|auto-GetJointLimitsCfg|auto-GetJointVel|auto-GetJointVelLimit|auto-GetJoints|auto-GetLoadedPrograms|auto-GetMecaScriptCfg|auto-GetMecaScriptEngineStatus|auto-GetModelJointLimits|auto-GetMonitoringInterval|auto-GetMoveDuration|auto-GetMoveDurationCfg|auto-GetMoveJumpApproachVel|auto-GetMoveJumpHeight|auto-GetMoveMode|auto-GetNetworkCfg|auto-GetNetworkConfig|auto-GetNetworkOptions|auto-GetOperationMode|auto-GetPStop2Cfg|auto-GetPayload|auto-GetPose|auto-GetPowerSupplyInputs|auto-GetProductType|auto-GetProfinetEnabled|auto-GetProgramExecutionStatus|auto-GetRealTimeMonitoring|auto-GetRecoveryMode|auto-GetRobotCalibrated|auto-GetRobotInfo|auto-GetRobotName|auto-GetRobotRtData|auto-GetRobotSerial|auto-GetRtAccelerometer|auto-GetRtCartPos|auto-GetRtCartVel|auto-GetRtConf|auto-GetRtConfTurn|auto-GetRtExtToolStatus|auto-GetRtGripperForce|auto-GetRtGripperPos|auto-GetRtGripperState|auto-GetRtI2t|auto-GetRtInputState|auto-GetRtIoStatus|auto-GetRtJointPos|auto-GetRtJointTorq|auto-GetRtJointVel|auto-GetRtOutputState|auto-GetRtTargetCartPos|auto-GetRtTargetCartVel|auto-GetRtTargetConf|auto-GetRtTargetConfTurn|auto-GetRtTargetJointPos|auto-GetRtTargetJointTorq|auto-GetRtTargetJointVel|auto-GetRtTemperature|auto-GetRtTrf|auto-GetRtVacuumPressure|auto-GetRtVacuumState|auto-GetRtValveState|auto-GetRtWrf|auto-GetRtc|auto-GetSafetyStatus|auto-GetSafetyStopStatus|auto-GetSimModeCfg|auto-GetStatusRobot|auto-GetTimeScaling|auto-GetToolSphere|auto-GetTorqueLimits|auto-GetTorqueLimitsCfg|auto-GetTorqueLimitsStatus|auto-GetTrf|auto-GetVacuumPurgeDuration|auto-GetVacuumThreshold|auto-GetVariable|auto-GetVariableByCyclicId|auto-GetVelTimeout|auto-GetWorkZoneCfg|auto-GetWorkZoneLimits|auto-GetWorkZoneStatus|auto-GetWrf|auto-GripperClose|auto-GripperOpen|auto-Home|auto-IsAllowedToMove|auto-IsConnected|auto-IsControlling|auto-IsDesiredInputState|auto-IsDesiredOutputState|auto-IsSynchronousMode|auto-ListFiles|auto-ListPrograms|auto-ListVariables|auto-LoadFile|auto-LoadProgram|auto-LogTrace|auto-LogUserCommands|auto-MoveGripper|auto-MoveJoints|auto-MoveJointsRel|auto-MoveJointsVel|auto-MoveJump|auto-MoveLin|auto-MoveLinRelTRF|auto-MoveLinRelTrf|auto-MoveLinRelWRF|auto-MoveLinRelWrf|auto-MoveLinVelTRF|auto-MoveLinVelTrf|auto-MoveLinVelWRF|auto-MoveLinVelWrf|auto-MovePose|auto-PauseMotion|auto-RebootRobot|auto-RegisterCallback|auto-RegisterCallbacks|auto-ResetError|auto-ResetPStop|auto-ResetPStop2|auto-ResumeMotion|auto-RunCallbacks|auto-SaveFile|auto-SaveProgram|auto-SendCustomCommand|auto-SetAutoConf|auto-SetAutoConfTurn|auto-SetBlending|auto-SetCalibrationCfg|auto-SetCartAcc|auto-SetCartAngVel|auto-SetCartLinVel|auto-SetCheckpoint|auto-SetCollisionCfg|auto-SetConf|auto-SetConfTurn|auto-SetEob|auto-SetEom|auto-SetExtToolSim|auto-SetGripperForce|auto-SetGripperRange|auto-SetGripperVel|auto-SetIoSim|auto-SetJointAcc|auto-SetJointLimits|auto-SetJointLimitsCfg|auto-SetJointVel|auto-SetJointVelLimit|auto-SetLoadedPrograms|auto-SetMecaScriptCfg|auto-SetMonitoringInterval|auto-SetMoveDuration|auto-SetMoveDurationCfg|auto-SetMoveJumpApproachVel|auto-SetMoveJumpHeight|auto-SetMoveMode|auto-SetNetworkOptions|auto-SetOutputState|auto-SetOutputState_Immediate|auto-SetPStop2Cfg|auto-SetPayload|auto-SetRTC|auto-SetRealTimeMonitoring|auto-SetRecoveryMode|auto-SetRobotName|auto-SetRtc|auto-SetSilentApiMode|auto-SetSimModeCfg|auto-SetSynchronousMode|auto-SetTRF|auto-SetTimeScaling|auto-SetToolSphere|auto-SetTorqueLimits|auto-SetTorqueLimitsCfg|auto-SetTrf|auto-SetVacuumPurgeDuration|auto-SetVacuumPurgeDuration_Immediate|auto-SetVacuumThreshold|auto-SetVacuumThreshold_Immediate|auto-SetValveState|auto-SetVariable|auto-SetVelTimeout|auto-SetWRF|auto-SetWorkZoneCfg|auto-SetWorkZoneLimits|auto-SetWrf|auto-StartLogging|auto-StartOfflineProgram|auto-StartProgram|auto-StopProgram|auto-SwitchToEtherCAT|auto-Sync|auto-SyncCmdQueue|auto-TcpDump|auto-TcpDumpStop|auto-UnregisterCallback|auto-UnregisterCallbacks|auto-UpdateRobot|auto-VacuumGrip|auto-VacuumGrip_Immediate|auto-VacuumPurge|auto-VacuumPurge_Immediate|auto-VacuumRelease|auto-VacuumRelease_Immediate|auto-WaitActivated|auto-WaitConnected|auto-WaitDeactivated|auto-WaitDisconnected|auto-WaitEStopReset|auto-WaitEStopResettable|auto-WaitEndOfCycle|auto-WaitErrorReset|auto-WaitEstopResettable|auto-WaitExtToolSimActivated|auto-WaitExtToolSimDeactivated|auto-WaitForAnyCheckpoint|auto-WaitForError|auto-WaitGripperMoveCompletion|auto-WaitHoldingPart|auto-WaitHomed|auto-WaitIdle|auto-WaitInputState|auto-WaitIoSimDisabled|auto-WaitIoSimEnabled|auto-WaitMecaScriptEngineReady|auto-WaitMotionCleared|auto-WaitMotionPaused|auto-WaitMotionResumed|auto-WaitOutputState|auto-WaitPStop2Reset|auto-WaitPStop2Resettable|auto-WaitProgramDone|auto-WaitProgramsLoaded|auto-WaitPurgeDone|auto-WaitRecoveryMode|auto-WaitReleasedPart|auto-WaitSafetyStopReset|auto-WaitSafetyStopResettable|auto-WaitSafetyStopStateChange|auto-WaitSimActivated|auto-WaitSimDeactivated|auto-sleep,ActivateAndHome|ActivateBrakes|ActivateRobot|ActivateSim|AutoConnectionWatchdog|BrakesOff|BrakesOn|ClearMotion|Connect|ConnectionWatchdog|CreateRegisteredVariable|CreateVariable|DeactivateRobot|DeactivateSim|Delay|DeleteFile|DeleteProgram|DeleteVariable|Disconnect|EnableEtherNetIp|EnableProfinet|EndLogging|ExpectExternalCheckpoint|FileLogger|ForceRealTimeMonitoring|GetAutoConf|GetAutoConfTurn|GetBlending|GetBrakesState|GetCalibrationCfg|GetCapturedTrajectory|GetCapturedTrajectoryPath|GetCartAcc|GetCartAngVel|GetCartLinVel|GetCheckpoint|GetCheckpointDiscarded|GetCmdPendingCount|GetCollisionCfg|GetCollisionStatus|GetConf|GetConfTurn|GetEtherNetIpEnabled|GetExtToolFwVersion|GetExtToolSim|GetFwVersion|GetGripperForce|GetGripperRange|GetGripperVel|GetInterruptableEvent|GetIoSim|GetJointAcc|GetJointLimits|GetJointLimitsCfg|GetJointVel|GetJointVelLimit|GetJoints|GetLoadedPrograms|GetMecaScriptCfg|GetMecaScriptEngineStatus|GetModelJointLimits|GetMonitoringInterval|GetMoveDuration|GetMoveDurationCfg|GetMoveJumpApproachVel|GetMoveJumpHeight|GetMoveMode|GetNetworkCfg|GetNetworkConfig|GetNetworkOptions|GetOperationMode|GetPStop2Cfg|GetPayload|GetPose|GetPowerSupplyInputs|GetProductType|GetProfinetEnabled|GetProgramExecutionStatus|GetRealTimeMonitoring|GetRecoveryMode|GetRobotCalibrated|GetRobotInfo|GetRobotName|GetRobotRtData|GetRobotSerial|GetRtAccelerometer|GetRtCartPos|GetRtCartVel|GetRtConf|GetRtConfTurn|GetRtExtToolStatus|GetRtGripperForce|GetRtGripperPos|GetRtGripperState|GetRtI2t|GetRtInputState|GetRtIoStatus|GetRtJointPos|GetRtJointTorq|GetRtJointVel|GetRtOutputState|GetRtTargetCartPos|GetRtTargetCartVel|GetRtTargetConf|GetRtTargetConfTurn|GetRtTargetJointPos|GetRtTargetJointTorq|GetRtTargetJointVel|GetRtTemperature|GetRtTrf|GetRtVacuumPressure|GetRtVacuumState|GetRtValveState|GetRtWrf|GetRtc|GetSafetyStatus|GetSafetyStopStatus|GetSimModeCfg|GetStatusRobot|GetTimeScaling|GetToolSphere|GetTorqueLimits|GetTorqueLimitsCfg|GetTorqueLimitsStatus|GetTrf|GetVacuumPurgeDuration|GetVacuumThreshold|GetVariable|GetVariableByCyclicId|GetVelTimeout|GetWorkZoneCfg|GetWorkZoneLimits|GetWorkZoneStatus|GetWrf|GripperClose|GripperOpen|Home|IsAllowedToMove|IsConnected|IsControlling|IsDesiredInputState|IsDesiredOutputState|IsSynchronousMode|ListFiles|ListPrograms|ListVariables|LoadFile|LoadProgram|LogTrace|LogUserCommands|MoveGripper|MoveJoints|MoveJointsRel|MoveJointsVel|MoveJump|MoveLin|MoveLinRelTRF|MoveLinRelTrf|MoveLinRelWRF|MoveLinRelWrf|MoveLinVelTRF|MoveLinVelTrf|MoveLinVelWRF|MoveLinVelWrf|MovePose|PauseMotion|RebootRobot|RegisterCallback|RegisterCallbacks|ResetError|ResetPStop|ResetPStop2|ResumeMotion|RunCallbacks|SaveFile|SaveProgram|SendCustomCommand|SetAutoConf|SetAutoConfTurn|SetBlending|SetCalibrationCfg|SetCartAcc|SetCartAngVel|SetCartLinVel|SetCheckpoint|SetCollisionCfg|SetConf|SetConfTurn|SetEob|SetEom|SetExtToolSim|SetGripperForce|SetGripperRange|SetGripperVel|SetIoSim|SetJointAcc|SetJointLimits|SetJointLimitsCfg|SetJointVel|SetJointVelLimit|SetLoadedPrograms|SetMecaScriptCfg|SetMonitoringInterval|SetMoveDuration|SetMoveDurationCfg|SetMoveJumpApproachVel|SetMoveJumpHeight|SetMoveMode|SetNetworkOptions|SetOutputState|SetOutputState_Immediate|SetPStop2Cfg|SetPayload|SetRTC|SetRealTimeMonitoring|SetRecoveryMode|SetRobotName|SetRtc|SetSilentApiMode|SetSimModeCfg|SetSynchronousMode|SetTRF|SetTimeScaling|SetToolSphere|SetTorqueLimits|SetTorqueLimitsCfg|SetTrf|SetVacuumPurgeDuration|SetVacuumPurgeDuration_Immediate|SetVacuumThreshold|SetVacuumThreshold_Immediate|SetValveState|SetVariable|SetVelTimeout|SetWRF|SetWorkZoneCfg|SetWorkZoneLimits|SetWrf|StartLogging|StartOfflineProgram|StartProgram|StopProgram|SwitchToEtherCAT|Sync|SyncCmdQueue|TcpDump|TcpDumpStop|UnregisterCallback|UnregisterCallbacks|UpdateRobot|VacuumGrip|VacuumGrip_Immediate|VacuumPurge|VacuumPurge_Immediate|VacuumRelease|VacuumRelease_Immediate|WaitActivated|WaitConnected|WaitDeactivated|WaitDisconnected|WaitEStopReset|WaitEStopResettable|WaitEndOfCycle|WaitErrorReset|WaitEstopResettable|WaitExtToolSimActivated|WaitExtToolSimDeactivated|WaitForAnyCheckpoint|WaitForError|WaitGripperMoveCompletion|WaitHoldingPart|WaitHomed|WaitIdle|WaitInputState|WaitIoSimDisabled|WaitIoSimEnabled|WaitMecaScriptEngineReady|WaitMotionCleared|WaitMotionPaused|WaitMotionResumed|WaitOutputState|WaitPStop2Reset|WaitPStop2Resettable|WaitProgramDone|WaitProgramsLoaded|WaitPurgeDone|WaitRecoveryMode|WaitReleasedPart|WaitSafetyStopReset|WaitSafetyStopResettable|WaitSafetyStopStateChange|WaitSimActivated|WaitSimDeactivated|sleep,374,Uni-Lab-OS/community_drivers/robot/info.txt
robot_with_tools,robot_with_tools,RobotWithTools,arm,,9,auto-ActivateAndHome|auto-ActivateRobot|auto-DeactivateRobot|auto-Disconnect|auto-HasIoModule|auto-clear_dirty_flags|auto-is_cmd_dirty|auto-set_dirty_if_params_changed|auto-set_if_dirty,ActivateAndHome|ActivateRobot|DeactivateRobot|Disconnect|HasIoModule|clear_dirty_flags|is_cmd_dirty|set_dirty_if_params_changed|set_if_dirty,47,Uni-Lab-OS/community_drivers/robot_with_tools/info.txt
robotell_bus,robotell_bus,Robotell BUS是由Robotell生产的专业实验设备。,实验执行&合成设备,实验执行&合成设备(experimental_step),10,auto-fileno|auto-flush|auto-get_serial_number|auto-send|auto-set_auto_bus_management|auto-set_auto_retransmit|auto-set_bitrate|auto-set_hw_filter|auto-set_serial_rate|auto-shutdown,fileno|flush|get_serial_number|send|set_auto_bus_management|set_auto_retransmit|set_bitrate|set_hw_filter|set_serial_rate|shutdown,17,Uni-Lab-OS/community_drivers/robotell_bus/info.txt
robotiq_gripper,robotiq_gripper,Robotiq 机器人夹爪 夹爪是由Robotiq Inc.,机械臂,机械臂(device_template_tag),14,auto-activate|auto-auto_calibrate|auto-connect|auto-disconnect|auto-get_closed_position|auto-get_current_position|auto-get_max_position|auto-get_min_position|auto-get_open_position|auto-is_active|auto-is_closed|auto-is_open|auto-move|auto-move_and_wait_for_pos,activate|auto_calibrate|connect|disconnect|get_closed_position|get_current_position|get_max_position|get_min_position|get_open_position|is_active|is_closed|is_open|move|move_and_wait_for_pos,20,Uni-Lab-OS/community_drivers/robotiq_gripper/info.txt
rohde_schwarz_nrvs,rohde_schwarz_nrvs,Rohde Schwarz Nrvs是由Rohde & Schwarz生产的专业实验设备。,实验执行&合成设备,实验执行&合成设备(experimental_step),5,auto-amplitude|auto-calibration_data|auto-calibration_dates|auto-frequency|auto-sensor,amplitude|calibration_data|calibration_dates|frequency|sensor,9,Uni-Lab-OS/community_drivers/rohde_schwarz_nrvs/info.txt
rohde_schwarz_shm52,rohde_schwarz_shm52,Rohde Schwarz Shm52是由Rohde & Schwarz生产的专业实验设备。,实验执行&合成设备,实验执行&合成设备(experimental_step),3,auto-amplitude|auto-frequency|auto-output,amplitude|frequency|output,8,Uni-Lab-OS/community_drivers/rohde_schwarz_shm52/info.txt
rosbridge_ws_connection,rosbridge_ws_connection,Rosbridge WS Connection是由Open Robotics (ROS)生产的实验执行&合成设备，主要功能包括关闭、打开、设备连接、运行。,实验执行&合成设备,实验执行&合成设备(experimental_step),7,auto-on_close|auto-on_error|auto-on_message|auto-on_open|auto-registerCallback|auto-run|auto-sendString,on_close|on_error|on_message|on_open|registerCallback|run|sendString,21,Uni-Lab-OS/community_drivers/rosbridge_ws_connection/info.txt
rotary_encoder,rotary_encoder,Rotary Encoder是一款实验执行&合成设备，主要功能包括读取数据。,实验执行&合成设备,实验执行&合成设备(experimental_step),3,auto-run_threaded|auto-shutdown|auto-update,run_threaded|shutdown|update,13,Uni-Lab-OS/community_drivers/rotary_encoder/info.txt
routable,routable,Routable是一款实验执行&合成设备，主要功能包括停止、功率读取、加载、触发、运行。,实验执行&合成设备,实验执行&合成设备(experimental_step),8,auto-dump|auto-get_power|auto-get_releaseable_power|auto-load_config|auto-publish|auto-run|auto-stop|auto-take_power,dump|get_power|get_releaseable_power|load_config|publish|run|stop|take_power,60,Uni-Lab-OS/community_drivers/routable/info.txt
rp_lidar,rp_lidar,RP Lidar是由SLAMTEC生产的实验执行&合成设备，主要功能包括初始化、扫描、绘图、读取数据、运行。,实验执行&合成设备,实验执行&合成设备(experimental_step),3,auto-run_threaded|auto-shutdown|auto-update,run_threaded|shutdown|update,41,Uni-Lab-OS/community_drivers/rp_lidar/info.txt
rp_lidar2,rp_lidar2,RP Lidar2是由SLAMTEC生产的实验执行&合成设备，主要功能包括初始化、扫描、绘图、读取数据、运行。,实验执行&合成设备,实验执行&合成设备(experimental_step),5,auto-poll|auto-run|auto-run_threaded|auto-shutdown|auto-update,poll|run|run_threaded|shutdown|update,41,Uni-Lab-OS/community_drivers/rp_lidar2/info.txt
rs_hmp4040,rs_hmp4040,RS Hmp4040是由Rohde & Schwarz生产的实验执行&合成设备，主要功能包括使能、写入数据、初始化、复位、电压设置、电压读取。,实验执行&合成设备,实验执行&合成设备(experimental_step),16,auto-ask|auto-get_channel|auto-get_current|auto-get_current_limit|auto-get_name|auto-get_set_voltage|auto-get_voltage|auto-init|auto-read|auto-reinit|auto-reset_trip|auto-set_channel|auto-set_current_limit|auto-set_enable|auto-set_voltage|auto-write,ask|get_channel|get_current|get_current_limit|get_name|get_set_voltage|get_voltage|init|read|reinit|reset_trip|set_channel|set_current_limit|set_enable|set_voltage|write,17,Uni-Lab-OS/community_drivers/rs_hmp4040/info.txt
rs_instrument,rs_instrument,Rohde & Schwarz仪器通用SCPI驱动接口，适配R&S系列测试测量仪器。,实验执行&合成设备,实验执行&合成设备(experimental_step),104,auto-add_instr_option|auto-assert_minimum_version|auto-assign_lock|auto-bin_float_numbers_format|auto-bin_int_numbers_format|auto-check_status|auto-clear_global_logging_relative_timestamp|auto-clear_lock|auto-clear_status|auto-close|auto-data_chunk_size|auto-driver_version|auto-encoding|auto-events|auto-file_exists|auto-from_existing_session|auto-full_instrument_model_name|auto-get_driver_version|auto-get_file_size|auto-get_global_logging_relative_timestamp|auto-get_global_logging_target|auto-get_last_sent_cmd|auto-get_lock|auto-get_session_handle|auto-get_total_execution_time|auto-get_total_time|auto-get_total_time_startpoint|auto-go_to_local|auto-go_to_remote|auto-has_instr_option|auto-has_instr_option_k0|auto-has_instr_option_regex|auto-idn_string|auto-instr_err_suppressor|auto-instrument_firmware_version|auto-instrument_model_name|auto-instrument_options|auto-instrument_serial_number|auto-instrument_status_checking|auto-is_connection_active|auto-list_resources|auto-lock_resource|auto-logger|auto-manufacturer|auto-opc_query_after_write|auto-opc_sync_query_mechanism|auto-opc_timeout|auto-process_all_commands|auto-query|auto-query_all_errors|auto-query_all_errors_with_codes|auto-query_bin_block|auto-query_bin_block_to_file|auto-query_bin_block_to_file_with_opc|auto-query_bin_block_with_opc|auto-query_bin_or_ascii_float_list|auto-query_bin_or_ascii_float_list_with_opc|auto-query_bin_or_ascii_int_list|auto-query_bin_or_ascii_int_list_with_opc|auto-query_bool|auto-query_bool_list|auto-query_bool_list_with_opc|auto-query_bool_with_opc|auto-query_float|auto-query_float_with_opc|auto-query_int|auto-query_int_with_opc|auto-query_opc|auto-query_str|auto-query_str_list|auto-query_str_list_with_opc|auto-query_str_stripped|auto-query_str_with_opc|auto-query_stripped|auto-query_with_opc|auto-read_file_from_instrument_to_pc|auto-reconnect|auto-remove_instr_option|auto-reset|auto-reset_time_statistics|auto-resource_name|auto-self_test|auto-send_file_from_pc_to_instrument|auto-set_global_logging_relative_time_of_first_entry|auto-set_global_logging_relative_timestamp|auto-set_global_logging_relative_timestamp_now|auto-set_global_logging_target|auto-supported_models|auto-unlock_resource|auto-visa_manufacturer|auto-visa_timeout|auto-visa_tout_suppressor|auto-write|auto-write_bin_block|auto-write_bin_block_from_file|auto-write_bool|auto-write_bool_with_opc|auto-write_float|auto-write_float_with_opc|auto-write_int|auto-write_int_with_opc|auto-write_str|auto-write_str_with_opc|auto-write_with_opc,add_instr_option|assert_minimum_version|assign_lock|bin_float_numbers_format|bin_int_numbers_format|check_status|clear_global_logging_relative_timestamp|clear_lock|clear_status|close|data_chunk_size|driver_version|encoding|events|file_exists|from_existing_session|full_instrument_model_name|get_driver_version|get_file_size|get_global_logging_relative_timestamp|get_global_logging_target|get_last_sent_cmd|get_lock|get_session_handle|get_total_execution_time|get_total_time|get_total_time_startpoint|go_to_local|go_to_remote|has_instr_option|has_instr_option_k0|has_instr_option_regex|idn_string|instr_err_suppressor|instrument_firmware_version|instrument_model_name|instrument_options|instrument_serial_number|instrument_status_checking|is_connection_active|list_resources|lock_resource|logger|manufacturer|opc_query_after_write|opc_sync_query_mechanism|opc_timeout|process_all_commands|query|query_all_errors|query_all_errors_with_codes|query_bin_block|query_bin_block_to_file|query_bin_block_to_file_with_opc|query_bin_block_with_opc|query_bin_or_ascii_float_list|query_bin_or_ascii_float_list_with_opc|query_bin_or_ascii_int_list|query_bin_or_ascii_int_list_with_opc|query_bool|query_bool_list|query_bool_list_with_opc|query_bool_with_opc|query_float|query_float_with_opc|query_int|query_int_with_opc|query_opc|query_str|query_str_list|query_str_list_with_opc|query_str_stripped|query_str_with_opc|query_stripped|query_with_opc|read_file_from_instrument_to_pc|reconnect|remove_instr_option|reset|reset_time_statistics|resource_name|self_test|send_file_from_pc_to_instrument|set_global_logging_relative_time_of_first_entry|set_global_logging_relative_timestamp|set_global_logging_relative_timestamp_now|set_global_logging_target|supported_models|unlock_resource|visa_manufacturer|visa_timeout|visa_tout_suppressor|write|write_bin_block|write_bin_block_from_file|write_bool|write_bool_with_opc|write_float|write_float_with_opc|write_int|write_int_with_opc|write_str|write_str_with_opc|write_with_opc,118,Uni-Lab-OS/community_drivers/rs_instrument/info.txt
rt__backend__active,rt__backend__active,RT Measurement Backend (Active)是一款表征设备，主要功能包括停止、加热、参数配置、启动、扫描、日志记录。,表征设备,表征设备(experimental_step),14,auto-configure_instruments|auto-connect|auto-create_widgets|auto-get_measurement|auto-get_temperature|auto-log|auto-set_heater_range|auto-set_setpoint|auto-set_ui_state|auto-setup_styles|auto-shutdown|auto-start_experiment|auto-start_ramp|auto-stop_experiment,configure_instruments|connect|create_widgets|get_measurement|get_temperature|log|set_heater_range|set_setpoint|set_ui_state|setup_styles|shutdown|start_experiment|start_ramp|stop_experiment,36,Uni-Lab-OS/community_drivers/rt__backend__active/info.txt
rt__backend__passive,rt__backend__passive,RT Measurement Backend (Passive)是一款表征设备，主要功能包括停止、参数配置、启动、扫描、日志记录、测量。,表征设备,表征设备(experimental_step),10,auto-configure_instruments|auto-connect|auto-create_widgets|auto-get_measurement|auto-log|auto-set_ui_state|auto-setup_styles|auto-shutdown|auto-start_experiment|auto-stop_experiment,configure_instruments|connect|create_widgets|get_measurement|log|set_ui_state|setup_styles|shutdown|start_experiment|stop_experiment,28,Uni-Lab-OS/community_drivers/rt__backend__passive/info.txt
rtde,rtde,Real-Time Data Exchange Protocol是由Universal Robots生产的机械臂，主要功能包括启动、设备连接、设置。,机械臂,机械臂(device_template_tag),13,auto-connect|auto-disconnect|auto-get_controller_version|auto-has_data|auto-is_connected|auto-negotiate_protocol_version|auto-receive|auto-send|auto-send_input_setup|auto-send_message|auto-send_output_setup|auto-send_pause|auto-send_start,connect|disconnect|get_controller_version|has_data|is_connected|negotiate_protocol_version|receive|send|send_input_setup|send_message|send_output_setup|send_pause|send_start,30,Uni-Lab-OS/community_drivers/rtde/info.txt
rtde_urx,rtde_urx,UR Robot RTDE Interface是由Universal Robots生产的专业实验设备。,机械臂,机械臂(device_template_tag),8,auto-angle_antipodal_grasp|auto-close_gripper|auto-initialize|auto-list_to_setp|auto-movel|auto-open_gripper|auto-setp_to_list|auto-wait,angle_antipodal_grasp|close_gripper|initialize|list_to_setp|movel|open_gripper|setp_to_list|wait,11,Uni-Lab-OS/community_drivers/rtde_urx/info.txt
rto1024_scope,rto1024_scope,R&S RTO1024 4-Channel Oscilloscope是由Rohde & Schwarz生产的表征设备，主要功能包括测量。,表征设备,表征设备(experimental_step),2,auto-measure_trace|auto-prepare_measurement,measure_trace|prepare_measurement,3,Uni-Lab-OS/community_drivers/rto1024_scope/info.txt
rto_scope,rto_scope,R&S RTO Series Real-Time Oscilloscope是由Rohde & Schwarz生产的表征设备，主要功能包括加载、参数配置、启动、校准、绘图、触发。,表征设备,表征设备(experimental_step),49,auto-awg_dio_snapshot|auto-calibrate_dio_protocol|auto-configure_awg_file|auto-configure_awg_string|auto-connect_device|auto-connect_server|auto-dio_snapshot|auto-dio_testmode|auto-direct|auto-do_get_screenshot|auto-do_single_shot|auto-extclk|auto-features|auto-find|auto-finds|auto-get_channel_data|auto-getd|auto-geti|auto-getv|auto-idn|auto-is_averaging_complete|auto-load_settings|auto-mode|auto-off|auto-on|auto-onOffMultiple|auto-poll|auto-read_scope|auto-reconnect|auto-restart|auto-sampleclk|auto-set_average_count|auto-set_averaging|auto-set_channel_scale|auto-set_format_real|auto-set_maximum_rate|auto-set_time_scale|auto-set_trigger_coupling|auto-set_trigger_ext|auto-set_trigger_level|auto-set_trigger_mode|auto-set_trigger_slope|auto-set_trigger_src|auto-setd|auto-seti|auto-setv|auto-subs|auto-sync|auto-unsubs,awg_dio_snapshot|calibrate_dio_protocol|configure_awg_file|configure_awg_string|connect_device|connect_server|dio_snapshot|dio_testmode|direct|do_get_screenshot|do_single_shot|extclk|features|find|finds|get_channel_data|getd|geti|getv|idn|is_averaging_complete|load_settings|mode|off|on|onOffMultiple|poll|read_scope|reconnect|restart|sampleclk|set_average_count|set_averaging|set_channel_scale|set_format_real|set_maximum_rate|set_time_scale|set_trigger_coupling|set_trigger_ext|set_trigger_level|set_trigger_mode|set_trigger_slope|set_trigger_src|setd|seti|setv|subs|sync|unsubs,76,Uni-Lab-OS/community_drivers/rto_scope/info.txt
rule,rule,Single object / thread to watch multiple rules,common,,7,auto-cleanup|auto-join|auto-on_data_complete|auto-prepare|auto-push|auto-status|auto-watch,cleanup|join|on_data_complete|prepare|push|status|watch,58,Uni-Lab-OS/community_drivers/rule/info.txt
rule_server,rule_server,RuleServer,rule_server,,9,auto-add_integer_id_rule|auto-bid_on_tasks|auto-handin|auto-inactivate_rule|auto-mark_release_complete|auto-release_rule_tasks|auto-status|auto-stop|auto-task_advertisements,add_integer_id_rule|bid_on_tasks|handin|inactivate_rule|mark_release_complete|release_rule_tasks|status|stop|task_advertisements,32,Uni-Lab-OS/community_drivers/rule_server/info.txt
safe_buffer_access,safe_buffer_access,B.,后处理设备,后处理设备(experimental_step),46,auto-acquire_mutex|auto-batch_mixed_operations|auto-batch_read_values|auto-batch_write_values|auto-error_msg|auto-get_config_file_args_as_map|auto-get_config_path|auto-get_var_count|auto-get_var_info|auto-get_var_list|auto-get_var_size|auto-get_var_sizes_batch|auto-get_var_value|auto-get_var_values_batch|auto-is_valid|auto-read_bool_input|auto-read_bool_memory|auto-read_bool_output|auto-read_byte_input|auto-read_byte_output|auto-read_dint_input|auto-read_dint_memory|auto-read_dint_output|auto-read_int_input|auto-read_int_memory|auto-read_int_output|auto-read_lint_input|auto-read_lint_memory|auto-read_lint_output|auto-release_mutex|auto-set_var_value|auto-set_var_values_batch|auto-write_bool_input|auto-write_bool_memory|auto-write_bool_output|auto-write_byte_input|auto-write_byte_output|auto-write_dint_input|auto-write_dint_memory|auto-write_dint_output|auto-write_int_input|auto-write_int_memory|auto-write_int_output|auto-write_lint_input|auto-write_lint_memory|auto-write_lint_output,acquire_mutex|batch_mixed_operations|batch_read_values|batch_write_values|error_msg|get_config_file_args_as_map|get_config_path|get_var_count|get_var_info|get_var_list|get_var_size|get_var_sizes_batch|get_var_value|get_var_values_batch|is_valid|read_bool_input|read_bool_memory|read_bool_output|read_byte_input|read_byte_output|read_dint_input|read_dint_memory|read_dint_output|read_int_input|read_int_memory|read_int_output|read_lint_input|read_lint_memory|read_lint_output|release_mutex|set_var_value|set_var_values_batch|write_bool_input|write_bool_memory|write_bool_output|write_byte_input|write_byte_output|write_dint_input|write_dint_memory|write_dint_output|write_int_input|write_int_memory|write_int_output|write_lint_input|write_lint_memory|write_lint_output,47,Uni-Lab-OS/community_drivers/safe_buffer_access/info.txt
sc10,sc10,Thorlabs SC10 光闸控制器是由Thorlabs生产的表征设备，主要功能包括使能、数据保存。,表征设备,表征设备(experimental_step),13,auto-baud_rate|auto-default|auto-enable|auto-mode|auto-name|auto-open_time|auto-out_trigger|auto-repeat|auto-restore|auto-save|auto-save_mode|auto-shut_time|auto-trigger,baud_rate|default|enable|mode|name|open_time|out_trigger|repeat|restore|save|save_mode|shut_time|trigger,11,Uni-Lab-OS/community_drivers/sc10/info.txt
scale_backend,scale_backend,精密实验室天平是一款电子天平，主要功能包括归零校准、称量、读取数据。,电子天平,电子天平(device_template_tag),4,auto-get_weight|auto-read_weight|auto-tare|auto-zero,get_weight|read_weight|tare|zero,5,Uni-Lab-OS/community_drivers/scale_backend/info.txt
scaler_ch,scaler_ch,EPICS 定标器通道是由EPICS (Argonne National Lab)生产的电子天平。,电子天平,电子天平(device_template_tag),3,auto-match_name|auto-match_names|auto-select_channels,match_name|match_names|select_channels,8,Uni-Lab-OS/community_drivers/scaler_ch/info.txt
scaler_channel,scaler_channel,Multi Channel Systems Roboocyte2全自动爪蟾卵母细胞电压钳筛选系统驱动（哈佛生物），支持match name/match names/select channels。,表征设备,表征设备(experimental_step),3,auto-match_name|auto-match_names|auto-select_channels,match_name|match_names|select_channels,7,Uni-Lab-OS/community_drivers/scaler_channel/info.txt
scan_db,scan_db,Scan Database 扫描数据库管理模块是由聚擘国际贸易（上海）有限公司生产的专业实验设备。,表征设备,表征设备(experimental_step),92,auto-add_command|auto-add_common_commands|auto-add_counter|auto-add_detector|auto-add_extrapv|auto-add_instrument|auto-add_macro|auto-add_positioner|auto-add_pv|auto-add_row_attr|auto-add_scandata|auto-add_scandef|auto-add_slewpositioner|auto-add_slewscanstatus|auto-append_scandata|auto-cancel_command|auto-cancel_remaining_commands|auto-check_hostpid|auto-clear_scandata|auto-clear_slewscanstatus|auto-commit|auto-connect_pvs|auto-create_newdb|auto-del_counter|auto-del_detector|auto-del_extrapv|auto-del_positioner|auto-del_scandef|auto-del_slewpositioner|auto-get_all_instruments|auto-get_command_status|auto-get_commands|auto-get_common_commands|auto-get_config|auto-get_config_id|auto-get_counter|auto-get_counters|auto-get_current_command|auto-get_current_command_id|auto-get_detector|auto-get_detectorconfig|auto-get_detectorconfigs|auto-get_detectors|auto-get_extrapv|auto-get_extrapvs|auto-get_instrument|auto-get_macro|auto-get_mostrecent_command|auto-get_position|auto-get_position_vals|auto-get_positioner|auto-get_positioners|auto-get_positionlist|auto-get_positions|auto-get_pv|auto-get_pvrow|auto-get_scandata|auto-get_scandef|auto-get_scandict|auto-get_slewpositioner|auto-get_slewpositioners|auto-get_slewscanstatus|auto-getrow|auto-last_slewscan_status|auto-make_pvmap|auto-make_scan|auto-read_slewscan_status|auto-remove_all_positions|auto-remove_instrument|auto-remove_position|auto-rename_position|auto-rename_scandef|auto-replace_command|auto-restore_complete|auto-restore_position|auto-resubmit_command|auto-save_current_position|auto-save_position|auto-set_command_filename|auto-set_command_output|auto-set_command_run_order|auto-set_command_status|auto-set_config|auto-set_detectorconfig|auto-set_filename|auto-set_hostpid|auto-set_message|auto-set_scandata|auto-set_workdir|auto-test_abort|auto-use_detector|auto-wait_for_pause,add_command|add_common_commands|add_counter|add_detector|add_extrapv|add_instrument|add_macro|add_positioner|add_pv|add_row_attr|add_scandata|add_scandef|add_slewpositioner|add_slewscanstatus|append_scandata|cancel_command|cancel_remaining_commands|check_hostpid|clear_scandata|clear_slewscanstatus|commit|connect_pvs|create_newdb|del_counter|del_detector|del_extrapv|del_positioner|del_scandef|del_slewpositioner|get_all_instruments|get_command_status|get_commands|get_common_commands|get_config|get_config_id|get_counter|get_counters|get_current_command|get_current_command_id|get_detector|get_detectorconfig|get_detectorconfigs|get_detectors|get_extrapv|get_extrapvs|get_instrument|get_macro|get_mostrecent_command|get_position|get_position_vals|get_positioner|get_positioners|get_positionlist|get_positions|get_pv|get_pvrow|get_scandata|get_scandef|get_scandict|get_slewpositioner|get_slewpositioners|get_slewscanstatus|getrow|last_slewscan_status|make_pvmap|make_scan|read_slewscan_status|remove_all_positions|remove_instrument|remove_position|rename_position|rename_scandef|replace_command|restore_complete|restore_position|resubmit_command|save_current_position|save_position|set_command_filename|set_command_output|set_command_run_order|set_command_status|set_config|set_detectorconfig|set_filename|set_hostpid|set_message|set_scandata|set_workdir|test_abort|use_detector|wait_for_pause,98,Uni-Lab-OS/community_drivers/scan_db/info.txt
scan_file,scan_file,Scan File 扫描数据文件管理模块是由聚擘国际贸易（上海）有限公司生产的专业实验设备。,表征设备,表征设备(experimental_step),14,auto-check_writeable|auto-close|auto-flush|auto-get_data|auto-open_for_write|auto-read|auto-write|auto-write_comments|auto-write_data|auto-write_extrapvs|auto-write_legend|auto-write_lines|auto-write_scanparams|auto-write_timestamp,check_writeable|close|flush|get_data|open_for_write|read|write|write_comments|write_data|write_extrapvs|write_legend|write_lines|write_scanparams|write_timestamp,23,Uni-Lab-OS/community_drivers/scan_file/info.txt
scanner_interface,scanner_interface,Scanner Interface是一款实验执行&合成设备，主要功能包括停止、运动控制。,实验执行&合成设备,实验执行&合成设备(experimental_step),2,auto-fileno|auto-send_command,fileno|send_command,30,Uni-Lab-OS/community_drivers/scanner_interface/info.txt
scene,scene,Scene是一款实验执行&合成设备，主要功能包括写入数据、初始化、复位。,实验执行&合成设备,实验执行&合成设备(experimental_step),16,auto-compile|auto-device|auto-entities|auto-env_origins|auto-env_spacing|auto-initialize|auto-num_envs|auto-reset|auto-sensor_context|auto-sensors|auto-spec|auto-terrain|auto-to_zip|auto-update|auto-write|auto-write_data_to_sim,compile|device|entities|env_origins|env_spacing|initialize|num_envs|reset|sensor_context|sensors|spec|terrain|to_zip|update|write|write_data_to_sim,22,Uni-Lab-OS/community_drivers/scene/info.txt
scientifica_control_thread,scientifica_control_thread,Scientifica Control Thread是由Scientifica生产的专业实验设备。,实验执行&合成设备,实验执行&合成设备(experimental_step),11,auto-cancel_move|auto-check_objective|auto-check_position|auto-move|auto-quit|auto-run|auto-send_move_command|auto-set_default_speed|auto-set_obj_callback|auto-set_pos_callback|auto-stop,cancel_move|check_objective|check_position|move|quit|run|send_move_command|set_default_speed|set_obj_callback|set_pos_callback|stop,29,Uni-Lab-OS/community_drivers/scientifica_control_thread/info.txt
scila_backend,scila_backend,Scila Automation Module是一款移液工作站，主要功能包括使能、停止、关闭、启动、打开、测量。,移液工作站,移液工作站(device_template_tag),14,auto-deserialize|auto-is_temperature_control_enabled|auto-measure_temperature|auto-request_co2_flow_status|auto-request_drawer_status|auto-request_drawer_statuses|auto-request_liquid_level|auto-request_status|auto-request_target_temperature|auto-request_temperature_information|auto-request_valve_status|auto-serialize|auto-start_temperature_control|auto-stop_temperature_control,deserialize|is_temperature_control_enabled|measure_temperature|request_co2_flow_status|request_drawer_status|request_drawer_statuses|request_liquid_level|request_status|request_target_temperature|request_temperature_information|request_valve_status|serialize|start_temperature_control|stop_temperature_control,23,Uni-Lab-OS/community_drivers/scila_backend/info.txt
scpi,scpi,SCPI Instrument Interface是由Open Standard (SCPI)生产的实验执行&合成设备，主要功能包括使能、写入数据、复位、状态查询、触发、读取数据。,实验执行&合成设备,实验执行&合成设备(experimental_step),22,auto-ask_float|auto-ask_int|auto-bin_block_read|auto-bin_block_write|auto-clear_status|auto-get_error|auto-get_event_status_enable|auto-get_event_status_enable_register|auto-get_identity|auto-get_operation_complete|auto-get_options|auto-get_service_request_enable|auto-get_status_byte|auto-get_system_error_count|auto-get_system_version|auto-get_test_result|auto-operation_complete|auto-reset|auto-service_request_enable|auto-set_event_status_enable|auto-trigger|auto-wait,ask_float|ask_int|bin_block_read|bin_block_write|clear_status|get_error|get_event_status_enable|get_event_status_enable_register|get_identity|get_operation_complete|get_options|get_service_request_enable|get_status_byte|get_system_error_count|get_system_version|get_test_result|operation_complete|reset|service_request_enable|set_event_status_enable|trigger|wait,27,Uni-Lab-OS/community_drivers/scpi/info.txt
scpi__instrument,scpi__instrument,Scpi Instrument是由Open Standard (SCPI)生产的专业实验设备。,实验执行&合成设备,实验执行&合成设备(experimental_step),15,auto-backend|auto-connected|auto-id|auto-init|auto-instrument|auto-is_connected|auto-port|auto-port_match|auto-query|auto-read|auto-reset|auto-resource_params|auto-rid|auto-value|auto-write,backend|connected|id|init|instrument|is_connected|port|port_match|query|read|reset|resource_params|rid|value|write,34,Uni-Lab-OS/community_drivers/scpi__instrument/info.txt
scpi_device,scpi_device,SCPIDevice,devices|scpi_generic,,85,auto-IDN|auto-abortCommand|auto-calibrateOffsets|auto-checkConnectionPolarity|auto-checkResetStatus|auto-clearState|auto-close|auto-getCurrent|auto-getCurrentMedian|auto-getDataReceiver|auto-getDateTime|auto-getDateTimeStruct|auto-getLineFrequency|auto-getMACAddress|auto-getPotential|auto-getPotentialMedian|auto-getRaiseOnErrorEnabled|auto-getSoftwareInfo|auto-getTemperature|auto-getVoltage|auto-getVoltageMedian|auto-measureCharge|auto-measureDischarge|auto-measureGITT|auto-measureIEStairs|auto-measureOCV|auto-measureOCVScan|auto-measurePITT|auto-measurePolarization|auto-measureProfile|auto-measureRampScanRateForTime|auto-measureRampValueInScanRate|auto-measureRampValueInTime|auto-readDeviceInformations|auto-readState|auto-resetCommand|auto-setAbsoluteTolerance|auto-setAutorangingEnabled|auto-setBandwith|auto-setChargeBreakEnabled|auto-setCoupling|auto-setCurrentParameter|auto-setCurrentRange|auto-setCurrentValue|auto-setDateTime|auto-setFilterFrequency|auto-setGlobalCurrentCheckEnabled|auto-setGlobalLimitCheckToleranceTime|auto-setGlobalVoltageCheckEnabled|auto-setInterpolationEnabled|auto-setLineFrequency|auto-setMaximumCharge|auto-setMaximumCurrentGlobal|auto-setMaximumCurrentParameter|auto-setMaximumShuntIndex|auto-setMaximumTimeParameter|auto-setMaximumVoltageGlobal|auto-setMaximumVoltageParameter|auto-setMinMaxCurrentParameterCheckEnabled|auto-setMinMaxVoltageParameterCheckEnabled|auto-setMinimumCharge|auto-setMinimumCurrentGlobal|auto-setMinimumCurrentParameter|auto-setMinimumShuntIndex|auto-setMinimumTimeParameter|auto-setMinimumVoltageGlobal|auto-setMinimumVoltageParameter|auto-setParameterLimitCheckToleranceTime|auto-setPotentiostatEnabled|auto-setRaiseOnErrorEnabled|auto-setRelativeTolerance|auto-setSamplingFrequency|auto-setScanRateParameter|auto-setShuntIndex|auto-setStepSize|auto-setTimeParameter|auto-setToleranceBreakEnabled|auto-setVoltageParameter|auto-setVoltageParameterRelation|auto-setVoltageRange|auto-setVoltageRangeIndex|auto-setVoltageRelation|auto-setVoltageValue|auto-switchToEPCControl|auto-switchToEPCControlWithoutPotentiostatStateChange,IDN|abortCommand|calibrateOffsets|checkConnectionPolarity|checkResetStatus|clearState|close|getCurrent|getCurrentMedian|getDataReceiver|getDateTime|getDateTimeStruct|getLineFrequency|getMACAddress|getPotential|getPotentialMedian|getRaiseOnErrorEnabled|getSoftwareInfo|getTemperature|getVoltage|getVoltageMedian|measureCharge|measureDischarge|measureGITT|measureIEStairs|measureOCV|measureOCVScan|measurePITT|measurePolarization|measureProfile|measureRampScanRateForTime|measureRampValueInScanRate|measureRampValueInTime|readDeviceInformations|readState|resetCommand|setAbsoluteTolerance|setAutorangingEnabled|setBandwith|setChargeBreakEnabled|setCoupling|setCurrentParameter|setCurrentRange|setCurrentValue|setDateTime|setFilterFrequency|setGlobalCurrentCheckEnabled|setGlobalLimitCheckToleranceTime|setGlobalVoltageCheckEnabled|setInterpolationEnabled|setLineFrequency|setMaximumCharge|setMaximumCurrentGlobal|setMaximumCurrentParameter|setMaximumShuntIndex|setMaximumTimeParameter|setMaximumVoltageGlobal|setMaximumVoltageParameter|setMinMaxCurrentParameterCheckEnabled|setMinMaxVoltageParameterCheckEnabled|setMinimumCharge|setMinimumCurrentGlobal|setMinimumCurrentParameter|setMinimumShuntIndex|setMinimumTimeParameter|setMinimumVoltageGlobal|setMinimumVoltageParameter|setParameterLimitCheckToleranceTime|setPotentiostatEnabled|setRaiseOnErrorEnabled|setRelativeTolerance|setSamplingFrequency|setScanRateParameter|setShuntIndex|setStepSize|setTimeParameter|setToleranceBreakEnabled|setVoltageParameter|setVoltageParameterRelation|setVoltageRange|setVoltageRangeIndex|setVoltageRelation|setVoltageValue|switchToEPCControl|switchToEPCControlWithoutPotentiostatStateChange,92,Uni-Lab-OS/community_drivers/scpi_device/info.txt
scpi_device_searcher,scpi_device_searcher,Search for Zahner devices,devices|generic,,8,auto-getCommandInterface|auto-getDataInterface|auto-getMultimeterPort|auto-searchDevices|auto-searchDevicesWithIDN|auto-searchSerialInterfacesWithZahnerVIDPID|auto-searchZahnerDevices|auto-selectDevice,getCommandInterface|getDataInterface|getMultimeterPort|searchDevices|searchDevicesWithIDN|searchSerialInterfacesWithZahnerVIDPID|searchZahnerDevices|selectDevice,11,Uni-Lab-OS/community_drivers/scpi_device_searcher/info.txt
scpi_function_generator,scpi_function_generator,Physik Instrumente Scpi Function Generator 仪器是由Physik Instrumente (PI)生产的表征设备。,表征设备,表征设备(experimental_step),4,auto-frequency|auto-function|auto-offset|auto-phase,frequency|function|offset|phase,5,Uni-Lab-OS/community_drivers/scpi_function_generator/info.txt
scpi_functional,scpi_functional,Physik Instrumente Scpi Functional是由Physik Instrumente (PI)生产的实验执行&合成设备，主要功能包括扫描、测量。,实验执行&合成设备,实验执行&合成设备(experimental_step),17,auto-MEASure_3DB|auto-MEASure_AM|auto-MEASure_CHPOW|auto-MEASure_FM|auto-MEASure_HARMonic|auto-MEASure_LINEar|auto-MEASure_OFF|auto-MEASure_OIP3|auto-MEASure_PhaseNOISe|auto-MEASure_SNR|auto-MEASure_THD|auto-convert_scpi_to_usb|auto-get_device|auto-scan_raw|auto-selftest|auto-send|auto-take_screenshot,MEASure_3DB|MEASure_AM|MEASure_CHPOW|MEASure_FM|MEASure_HARMonic|MEASure_LINEar|MEASure_OFF|MEASure_OIP3|MEASure_PhaseNOISe|MEASure_SNR|MEASure_THD|convert_scpi_to_usb|get_device|scan_raw|selftest|send|take_screenshot,19,Uni-Lab-OS/community_drivers/scpi_functional/info.txt
scpi_multimeter,scpi_multimeter,Physik Instrumente Scpi Multimeter 仪器 万用表是由Physik Instrumente (PI)生产的专业实验设备。,表征设备,表征设备(experimental_step),11,auto-input_range|auto-measure|auto-mode|auto-relative|auto-resolution|auto-sample_count|auto-sample_source|auto-sample_timer|auto-trigger_count|auto-trigger_delay|auto-trigger_mode,input_range|measure|mode|relative|resolution|sample_count|sample_source|sample_timer|trigger_count|trigger_delay|trigger_mode,13,Uni-Lab-OS/community_drivers/scpi_multimeter/info.txt
sdk_wrapper,sdk_wrapper,Wrapper for Linkam SDK,generic,,8,auto-close|auto-connect|auto-connect_serial|auto-connect_usb|auto-open|auto-process_message|auto-process_message_str|auto-set_logging_level,close|connect|connect_serial|connect_usb|open|process_message|process_message_str|set_logging_level,19,Uni-Lab-OS/community_drivers/sdk_wrapper/info.txt
sdm630,sdm630,Sdm630，由Eastron提供的设备驱动，用于实验室自动化控制与数据采集。,实验执行&合成设备,实验执行&合成设备(experimental_step),1,auto-read_coroutine,read_coroutine,4,Uni-Lab-OS/community_drivers/sdm630/info.txt
sealer,sealer,自动封膜仪是一款封膜仪，主要功能包括关闭、打开、温度设置、温度读取。,封膜仪,封膜仪(device_template_tag),5,auto-close|auto-get_temperature|auto-open|auto-seal|auto-set_temperature,close|get_temperature|open|seal|set_temperature,6,Uni-Lab-OS/community_drivers/sealer/info.txt
sealer_backend,sealer_backend,Plate Sealer (Backend) 后端模块是一款封膜仪，主要功能包括关闭、打开、温度设置、温度读取。,封膜仪,封膜仪(device_template_tag),3,auto-get_temperature|auto-seal|auto-set_temperature,get_temperature|seal|set_temperature,6,Uni-Lab-OS/community_drivers/sealer_backend/info.txt
seeed_bus,seeed_bus,Seeed BUS是由Seeed Studio生产的专业实验设备。,实验执行&合成设备,实验执行&合成设备(experimental_step),6,auto-fileno|auto-flush_buffer|auto-init_frame|auto-send|auto-shutdown|auto-status_frame,fileno|flush_buffer|init_frame|send|shutdown|status_frame,9,Uni-Lab-OS/community_drivers/seeed_bus/info.txt
seekable,seekable,Seekable是一款实验执行&合成设备，主要功能包括关闭、写入数据、启动、记录、读取数据、运行。,实验执行&合成设备,实验执行&合成设备(experimental_step),10,auto-close|auto-has_content|auto-lines|auto-read_from|auto-readline|auto-seek_end_of_file|auto-seek_line_start|auto-truncate_until_end|auto-update_line|auto-writeline,close|has_content|lines|read_from|readline|seek_end_of_file|seek_line_start|truncate_until_end|update_line|writeline,46,Uni-Lab-OS/community_drivers/seekable/info.txt
sensicam,sensicam,Sensicam是PCO AG提供的相机/图像采集设备。,实验执行&合成设备,实验执行&合成设备(experimental_step),21,auto-bel_time|auto-binning|auto-coc|auto-coc_time|auto-delay_time|auto-exp_time|auto-expose|auto-exposure_time|auto-finalize|auto-image_size|auto-image_status|auto-initialize|auto-mode|auto-read_out|auto-roi|auto-run_coc|auto-status|auto-stop_coc|auto-table|auto-take_image|auto-trigger,bel_time|binning|coc|coc_time|delay_time|exp_time|expose|exposure_time|finalize|image_size|image_status|initialize|mode|read_out|roi|run_coc|status|stop_coc|table|take_image|trigger,30,Uni-Lab-OS/community_drivers/sensicam/info.txt
sensirion_bridge_i2_c_device,sensirion_bridge_i2_c_device,Sensirion Bridge I2 C Device是由Sensirion AG生产的实验执行&合成设备，主要功能包括关闭、初始化。,实验执行&合成设备,实验执行&合成设备(experimental_step),5,auto-close|auto-init|auto-power_off|auto-power_on|auto-printInformation,close|init|power_off|power_on|printInformation,9,Uni-Lab-OS/community_drivers/sensirion_bridge_i2_c_device/info.txt
sensirion_ekh4,sensirion_ekh4,Sensirion Ekh4是由Sensirion AG生产的实验执行&合成设备，主要功能包括初始化、温度读取。,实验执行&合成设备,实验执行&合成设备(experimental_step),4,auto-get_dew_point|auto-get_humidity|auto-get_temperature|auto-init,get_dew_point|get_humidity|get_temperature|init,10,Uni-Lab-OS/community_drivers/sensirion_ekh4/info.txt
sensirion_sensor_bridge,sensirion_sensor_bridge,Sensirion Sensor Bridge是由Sensirion AG生产的专业实验设备。,表征设备,表征设备(experimental_step),7,auto-close|auto-disable_i2c_device|auto-init|auto-print_i2c_device_information|auto-read_i2c|auto-setup_i2c_device|auto-write_i2c,close|disable_i2c_device|init|print_i2c_device_information|read_i2c|setup_i2c_device|write_i2c,9,Uni-Lab-OS/community_drivers/sensirion_sensor_bridge/info.txt
sensirion_sht85,sensirion_sht85,Sensirion Sht85是由Sensirion AG生产的实验执行&合成设备，主要功能包括使能、初始化、加热、复位、温度读取、禁用。,实验执行&合成设备,实验执行&合成设备(experimental_step),16,auto-asynchronous|auto-disable_heater|auto-enable_heater|auto-get_dew_point|auto-get_humidity|auto-get_temperature|auto-get_temperature_and_humidity|auto-init|auto-is_heater_on|auto-read|auto-read_asynchronous|auto-read_synchronous|auto-reset_sensor|auto-start_asynchronous_read|auto-stop_asynchronous_read|auto-to_dew_point,asynchronous|disable_heater|enable_heater|get_dew_point|get_humidity|get_temperature|get_temperature_and_humidity|init|is_heater_on|read|read_asynchronous|read_synchronous|reset_sensor|start_asynchronous_read|stop_asynchronous_read|to_dew_point,21,Uni-Lab-OS/community_drivers/sensirion_sht85/info.txt
sensor_polling_thread,sensor_polling_thread,Sensor Polling Thread是一款实验执行&合成设备，主要功能包括复位、读取数据、运行。,实验执行&合成设备,实验执行&合成设备(experimental_step),6,auto-alive|auto-read|auto-read_load_buffer|auto-reset_load_buffer|auto-run|auto-terminate,alive|read|read_load_buffer|reset_load_buffer|run|terminate,7,Uni-Lab-OS/community_drivers/sensor_polling_thread/info.txt
seq_gen,seq_gen,FPGA Sequencer Generator是一款实验执行&合成设备，主要功能包括停止、初始化、启动、复位、读取数据。,实验执行&合成设备,实验执行&合成设备(experimental_step),14,auto-init|auto-is_done|auto-reset|auto-set_clk_divide|auto-set_data|auto-set_en_ext_start|auto-set_nested_repeat|auto-set_nested_start|auto-set_nested_stop|auto-set_repeat|auto-set_repeat_start|auto-set_size|auto-set_wait|auto-start,init|is_done|reset|set_clk_divide|set_data|set_en_ext_start|set_nested_repeat|set_nested_start|set_nested_stop|set_repeat|set_repeat_start|set_size|set_wait|start,28,Uni-Lab-OS/community_drivers/seq_gen/info.txt
serial,serial,Serial是由Open Standard生产的专业实验设备。,实验执行&合成设备,实验执行&合成设备(experimental_step),5,auto-close|auto-init|auto-query|auto-read|auto-write,close|init|query|read|write,7,Uni-Lab-OS/community_drivers/serial/info.txt
serial_bus,serial_bus,Serial BUS是由Open Standard生产的专业实验设备。,实验执行&合成设备,实验执行&合成设备(experimental_step),3,auto-fileno|auto-send|auto-shutdown,fileno|send|shutdown,6,Uni-Lab-OS/community_drivers/serial_bus/info.txt
serial_client,serial_client,Serial Client是由Open Standard生产的专业实验设备。,实验执行&合成设备,实验执行&合成设备(experimental_step),1,auto-close,close,26,Uni-Lab-OS/community_drivers/serial_client/info.txt
serial_command_interface,serial_command_interface,Class which implements the command interface,generic,,2,auto-sendStringAndWaitForReplyString|auto-waitForReplyString,sendStringAndWaitForReplyString|waitForReplyString,19,Uni-Lab-OS/community_drivers/serial_command_interface/info.txt
serial_connection,serial_connection,Serial connection adapter,generic,,6,auto-close_connection|auto-connection_listener|auto-is_connection_open|auto-open_connection|auto-receive|auto-transmit,close_connection|connection_listener|is_connection_open|open_connection|receive|transmit,27,Uni-Lab-OS/community_drivers/serial_connection/info.txt
serial_controller,serial_controller,Serial Controller是由Open Standard生产的专业实验设备。,实验执行&合成设备,实验执行&合成设备(experimental_step),3,auto-run|auto-run_threaded|auto-update,run|run_threaded|update,4,Uni-Lab-OS/community_drivers/serial_controller/info.txt
serial_data_interface,serial_data_interface,Class which implements the data interface,devices|device,,2,auto-availableBytes|auto-readBytes,availableBytes|readBytes,19,Uni-Lab-OS/community_drivers/serial_data_interface/info.txt
serial_device,serial_device,Serial Device是由Open Standard生产的专业实验设备。,实验执行&合成设备,实验执行&合成设备(experimental_step),12,auto-clearBuffer|auto-close|auto-getBaudrate|auto-getPort|auto-hasDataToRead|auto-normalizePortName|auto-open|auto-read|auto-readAll|auto-readUntil|auto-readline|auto-write,clearBuffer|close|getBaudrate|getPort|hasDataToRead|normalizePortName|open|read|readAll|readUntil|readline|write,15,Uni-Lab-OS/community_drivers/serial_device/info.txt
serial_driver,serial_driver,Serial Driver是由Open Standard生产的实验执行&合成设备，主要功能包括初始化、打开。,实验执行&合成设备,实验执行&合成设备(experimental_step),5,auto-finalize|auto-initialize|auto-is_open|auto-raw_recv|auto-raw_send,finalize|initialize|is_open|raw_recv|raw_send,7,Uni-Lab-OS/community_drivers/serial_driver/info.txt
serial_interface,serial_interface,Abstract base class from which the data and command interfaces are derived,generic,,7,auto-close|auto-connect|auto-getDebugString|auto-getLastCommandWithAnswer|auto-isConnected|auto-write|auto-writeLog,close|connect|getDebugString|getLastCommandWithAnswer|isConnected|write|writeLog,19,Uni-Lab-OS/community_drivers/serial_interface/info.txt
serial_line_reader,serial_line_reader,Serial Line Reader是由Open Standard生产的实验执行&合成设备，主要功能包括停止、写入数据、启动、读取数据、运行。,实验执行&合成设备,实验执行&合成设备(experimental_step),5,auto-clear|auto-run|auto-run_threaded|auto-shutdown|auto-update,clear|run|run_threaded|shutdown|update,20,Uni-Lab-OS/community_drivers/serial_line_reader/info.txt
serial_port,serial_port,Serial Port是由Open Standard生产的实验执行&合成设备，主要功能包括停止、写入数据、启动、读取数据、运行。,实验执行&合成设备,实验执行&合成设备(experimental_step),10,auto-buffered|auto-clear|auto-read|auto-readBytes|auto-readln|auto-start|auto-stop|auto-write|auto-writeBytes|auto-writeln,buffered|clear|read|readBytes|readln|start|stop|write|writeBytes|writeln,20,Uni-Lab-OS/community_drivers/serial_port/info.txt
serial_to_i2_c,serial_to_i2_c,Serial TO I2 C是由Open Standard生产的专业实验设备。,实验执行&合成设备,实验执行&合成设备(experimental_step),5,auto-check_i2c_connection|auto-i2c_address|auto-query_i2c|auto-read_register|auto-write_register,check_i2c_connection|i2c_address|query_i2c|read_register|write_register,7,Uni-Lab-OS/community_drivers/serial_to_i2_c/info.txt
serial_visa_driver,serial_visa_driver,Serial Visa Driver是由National Instruments (VISA)生产的实验执行&合成设备，主要功能包括初始化、打开。,实验执行&合成设备,实验执行&合成设备(experimental_step),5,auto-finalize|auto-initialize|auto-is_open|auto-raw_recv|auto-raw_send,finalize|initialize|is_open|raw_recv|raw_send,11,Uni-Lab-OS/community_drivers/serial_visa_driver/info.txt
servo_blaster,servo_blaster,Servo Blaster是由Servo Blaster (Open Source)生产的专业实验设备。,机械臂,机械臂(device_template_tag),3,auto-run|auto-set_pulse|auto-shutdown,run|set_pulse|shutdown,82,Uni-Lab-OS/community_drivers/servo_blaster/info.txt
servo_fiber_shaker,servo_fiber_shaker,"Fiber shaker using a brushless DC motor, requiring 50 Hz PWM (e",generic,,2,auto-TurnOff|auto-TurnOn,TurnOff|TurnOn,30,Uni-Lab-OS/community_drivers/servo_fiber_shaker/info.txt
sftp_wrapper,sftp_wrapper,Newport Corporation Sftp Wrapper 自动化设备是由Newport Corporation (MKS)生产的物流/机械，主要功能包括关闭、数据保存、设备连接。,物流/机械,物流/机械(experimental_step),7,auto-connect|auto-cwd|auto-delete|auto-getlines|auto-list|auto-put|auto-save,connect|cwd|delete|getlines|list|put|save,20,Uni-Lab-OS/community_drivers/sftp_wrapper/info.txt
shaker,shaker,Laboratory Orbital Shaker 恒温摇床是一款恒温摇床，主要功能包括停止。,恒温摇床,恒温摇床(device_template_tag),5,auto-lock_plate|auto-serialize|auto-shake|auto-stop_shaking|auto-unlock_plate,lock_plate|serialize|shake|stop_shaking|unlock_plate,6,Uni-Lab-OS/community_drivers/shaker/info.txt
shaker_chatterbox_backend,shaker_chatterbox_backend,Automated Shaker System 透射电镜是一款透射电子显微镜，主要功能包括停止、设置。,透射电子显微镜,透射电子显微镜(device_template_tag),5,auto-lock_plate|auto-shake|auto-stop_shaking|auto-supports_locking|auto-unlock_plate,lock_plate|shake|stop_shaking|supports_locking|unlock_plate,8,Uni-Lab-OS/community_drivers/shaker_chatterbox_backend/info.txt
shared_serial,shared_serial,Shared Serial是由Open Standard生产的专业实验设备。,实验执行&合成设备,实验执行&合成设备(experimental_step),5,auto-lock|auto-read_until|auto-readline|auto-readlines|auto-write,lock|read_until|readline|readlines|write,14,Uni-Lab-OS/community_drivers/shared_serial/info.txt
shf_scope,shf_scope,SHF 宽带放大器是由凌云光技术股份有限公司生产的专业实验设备。,表征设备,表征设备(experimental_step),22,auto-available_aux_trigger_inputs|auto-available_inputs|auto-available_trigger_inputs|auto-compile_sequencer_program|auto-configure|auto-configure_channel|auto-configure_result_logger|auto-configure_sequencer_triggering|auto-enable_sequencer|auto-factory_reset|auto-get_qudits_results|auto-load_sequencer_program|auto-max_qubits_per_channel|auto-read|auto-read_from_waveform_memory|auto-read_integration_weights|auto-run|auto-start_continuous_sw_trigger|auto-stop|auto-wait_done|auto-write_integration_weights|auto-write_to_waveform_memory,available_aux_trigger_inputs|available_inputs|available_trigger_inputs|compile_sequencer_program|configure|configure_channel|configure_result_logger|configure_sequencer_triggering|enable_sequencer|factory_reset|get_qudits_results|load_sequencer_program|max_qubits_per_channel|read|read_from_waveform_memory|read_integration_weights|run|start_continuous_sw_trigger|stop|wait_done|write_integration_weights|write_to_waveform_memory,41,Uni-Lab-OS/community_drivers/shf_scope/info.txt
shfqa,shfqa,Zurich Instruments SHFQA Quantum Analyzer是由Zurich Instruments生产的表征设备，主要功能包括停止、初始化、加载、参数配置、启动、复位。,表征设备,表征设备(experimental_step),43,auto-acquisition|auto-acquisition_arm|auto-acquisition_finalize|auto-acquisition_get|auto-acquisition_initialize|auto-acquisition_poll|auto-active_channels|auto-active_slots|auto-assure_ext_clock|auto-awg_sequence_acquisition|auto-awg_sequence_acquisition_and_DIO_RED_test|auto-awg_sequence_acquisition_and_DIO_triggered_pulse|auto-awg_sequence_acquisition_and_pulse|auto-awg_sequence_acquisition_and_pulse_SSB|auto-awg_sequence_test_pattern|auto-calibrate_dio_protocol|auto-clock_freq|auto-configure_awg_from_string|auto-configure_spectroscopy|auto-download_crosstalk_matrix|auto-load_default_settings|auto-output_dio_calibration_data|auto-plot_dio_snapshot|auto-prepare_DSB_weight_and_rotation|auto-prepare_SSB_weight_and_rotation|auto-print_correlation_overview|auto-print_crosstalk_overview|auto-print_deskew_overview|auto-print_integration_overview|auto-print_overview|auto-print_rotations_overview|auto-print_thresholds_overview|auto-print_user_regs_overview|auto-push_to_device|auto-reset_acquisition_params|auto-reset_correlation_params|auto-reset_crosstalk_matrix|auto-reset_rotation_params|auto-reset_user_registers|auto-snapshot_base|auto-spec_mode_on|auto-upload_crosstalk_matrix|auto-validate_config,acquisition|acquisition_arm|acquisition_finalize|acquisition_get|acquisition_initialize|acquisition_poll|active_channels|active_slots|assure_ext_clock|awg_sequence_acquisition|awg_sequence_acquisition_and_DIO_RED_test|awg_sequence_acquisition_and_DIO_triggered_pulse|awg_sequence_acquisition_and_pulse|awg_sequence_acquisition_and_pulse_SSB|awg_sequence_test_pattern|calibrate_dio_protocol|clock_freq|configure_awg_from_string|configure_spectroscopy|download_crosstalk_matrix|load_default_settings|output_dio_calibration_data|plot_dio_snapshot|prepare_DSB_weight_and_rotation|prepare_SSB_weight_and_rotation|print_correlation_overview|print_crosstalk_overview|print_deskew_overview|print_integration_overview|print_overview|print_rotations_overview|print_thresholds_overview|print_user_regs_overview|push_to_device|reset_acquisition_params|reset_correlation_params|reset_crosstalk_matrix|reset_rotation_params|reset_user_registers|snapshot_base|spec_mode_on|upload_crosstalk_matrix|validate_config,91,Uni-Lab-OS/community_drivers/shfqa/info.txt
shfqc,shfqc,Zurich Instruments SHFQC Qubit Controller 仪器是由Zurich Instruments生产的专业实验设备。,表征设备,表征设备(experimental_step),30,auto-available_aux_trigger_inputs|auto-available_inputs|auto-available_marker_outputs|auto-available_trigger_inputs|auto-available_trigger_slopes|auto-awg_modulation_freq|auto-check_status|auto-compile_sequencer_program|auto-configure|auto-configure_channel|auto-configure_marker_and_trigger|auto-configure_pulse_modulation|auto-configure_result_logger|auto-configure_sequencer_triggering|auto-configure_sine_generation|auto-enable_sequencer|auto-factory_reset|auto-get_qudits_results|auto-load_from_device|auto-load_sequencer_program|auto-load_validation_schema|auto-max_qubits_per_channel|auto-read|auto-read_from_waveform_memory|auto-read_integration_weights|auto-start_continuous_sw_trigger|auto-upload_to_device|auto-wait_done|auto-write_integration_weights|auto-write_to_waveform_memory,available_aux_trigger_inputs|available_inputs|available_marker_outputs|available_trigger_inputs|available_trigger_slopes|awg_modulation_freq|check_status|compile_sequencer_program|configure|configure_channel|configure_marker_and_trigger|configure_pulse_modulation|configure_result_logger|configure_sequencer_triggering|configure_sine_generation|enable_sequencer|factory_reset|get_qudits_results|load_from_device|load_sequencer_program|load_validation_schema|max_qubits_per_channel|read|read_from_waveform_memory|read_integration_weights|start_continuous_sw_trigger|upload_to_device|wait_done|write_integration_weights|write_to_waveform_memory,63,Uni-Lab-OS/community_drivers/shfqc/info.txt
shfsg,shfsg,Zurich Instruments SHFSG Signal Generator 仪器 信号发生器是由Zurich Instruments生产的专业实验设备。,表征设备,表征设备(experimental_step),19,auto-available_marker_outputs|auto-available_trigger_inputs|auto-available_trigger_slopes|auto-awg_modulation_freq|auto-check_status|auto-compile_sequencer_program|auto-configure_channel|auto-configure_marker_and_trigger|auto-configure_pulse_modulation|auto-configure_sine_generation|auto-enable_sequencer|auto-factory_reset|auto-load_from_device|auto-load_sequencer_program|auto-load_validation_schema|auto-read_from_waveform_memory|auto-upload_to_device|auto-wait_done|auto-write_to_waveform_memory,available_marker_outputs|available_trigger_inputs|available_trigger_slopes|awg_modulation_freq|check_status|compile_sequencer_program|configure_channel|configure_marker_and_trigger|configure_pulse_modulation|configure_sine_generation|enable_sequencer|factory_reset|load_from_device|load_sequencer_program|load_validation_schema|read_from_waveform_memory|upload_to_device|wait_done|write_to_waveform_memory,24,Uni-Lab-OS/community_drivers/shfsg/info.txt
shutter,shutter,Optical Shutter Controller是一款表征设备，主要功能包括使能、关闭、打开、禁用、触发。,表征设备,表征设备(experimental_step),40,auto-add_device|auto-add_instruction|auto-apply_calibration|auto-clock_limit|auto-close|auto-constant|auto-customramp|auto-disable|auto-do_checks|auto-enable|auto-exp_ramp|auto-exp_ramp_t|auto-expand_timeseries|auto-generate_code|auto-get_all_outputs|auto-get_change_times|auto-get_ramp_times|auto-go_high|auto-go_low|auto-instruction_to_string|auto-make_timeseries|auto-offset_instructions_from_trigger|auto-open|auto-piecewise_accel_ramp|auto-pulse|auto-ramp|auto-repeat_pulse_sequence|auto-setamp|auto-setfreq|auto-setphase|auto-sine|auto-sine4_ramp|auto-sine4_reverse_ramp|auto-sine_ramp|auto-square_wave|auto-square_wave_levels|auto-static_value|auto-trigger|auto-trigger_delay|auto-wait_delay,add_device|add_instruction|apply_calibration|clock_limit|close|constant|customramp|disable|do_checks|enable|exp_ramp|exp_ramp_t|expand_timeseries|generate_code|get_all_outputs|get_change_times|get_ramp_times|go_high|go_low|instruction_to_string|make_timeseries|offset_instructions_from_trigger|open|piecewise_accel_ramp|pulse|ramp|repeat_pulse_sequence|setamp|setfreq|setphase|sine|sine4_ramp|sine4_reverse_ramp|sine_ramp|square_wave|square_wave_levels|static_value|trigger|trigger_delay|wait_delay,67,Uni-Lab-OS/community_drivers/shutter/info.txt
si_tcp,si_tcp,SI TCP是由Open Standard生产的专业实验设备。,实验执行&合成设备,实验执行&合成设备(experimental_step),6,auto-close|auto-init|auto-read|auto-reset|auto-reset_fifo|auto-write,close|init|read|reset|reset_fifo|write,15,Uni-Lab-OS/community_drivers/si_tcp/info.txt
si_uart,si_uart,SI Uart，支持init、write、read、close等功能。,实验执行&合成设备,实验执行&合成设备(experimental_step),4,auto-close|auto-init|auto-read|auto-write,close|init|read|write,6,Uni-Lab-OS/community_drivers/si_uart/info.txt
signal,signal,Signal是一款实验执行&合成设备，主要功能包括停止、启动、设备连接、读取数据。,实验执行&合成设备,实验执行&合成设备(experimental_step),3,auto-connect|auto-disconnect|auto-emit,connect|disconnect|emit,27,Uni-Lab-OS/community_drivers/signal/info.txt
siteclient,siteclient,Siteclient是由D-TACQ Solutions生产的专业实验设备。,实验执行&合成设备,实验执行&合成设备(experimental_step),6,auto-build_knobs|auto-get_knob|auto-help|auto-set_knob|auto-sr|auto-synchronized,build_knobs|get_knob|help|set_knob|sr|synchronized,24,Uni-Lab-OS/community_drivers/siteclient/info.txt
skeleton_camera,skeleton_camera,SkeletonCamera,camera,,50,auto-CamReady|auto-CheckCoordinates|auto-DisplayError|auto-ExpReady|auto-ExtractColor|auto-GenStartMetadata|auto-GetAcquisitionMode|auto-GetBWPicture|auto-GetBufferSize|auto-GetCCDHeight|auto-GetCCDTemp|auto-GetCCDTempSetPoint|auto-GetCCDWidth|auto-GetEMGain|auto-GetElectrTemp|auto-GetFPS|auto-GetHorizBin|auto-GetHorzBinValue|auto-GetIntegTime|auto-GetNoiseProperties|auto-GetNumImsBuffered|auto-GetNumberChannels|auto-GetPicHeight|auto-GetPicWidth|auto-GetROIX1|auto-GetROIX2|auto-GetROIY1|auto-GetROIY2|auto-GetSerialNumber|auto-GetStatus|auto-GetVertBin|auto-Init|auto-SetAcquisitionMode|auto-SetActive|auto-SetBaselineClamp|auto-SetBurst|auto-SetCCDTemp|auto-SetCOC|auto-SetEMGain|auto-SetHorizBin|auto-SetIntegTime|auto-SetROI|auto-SetROIIndex|auto-SetShutter|auto-SetVertBin|auto-Shutdown|auto-StartExposure|auto-StartLifePreview|auto-StopAq|auto-StopLifePreview,CamReady|CheckCoordinates|DisplayError|ExpReady|ExtractColor|GenStartMetadata|GetAcquisitionMode|GetBWPicture|GetBufferSize|GetCCDHeight|GetCCDTemp|GetCCDTempSetPoint|GetCCDWidth|GetEMGain|GetElectrTemp|GetFPS|GetHorizBin|GetHorzBinValue|GetIntegTime|GetNoiseProperties|GetNumImsBuffered|GetNumberChannels|GetPicHeight|GetPicWidth|GetROIX1|GetROIX2|GetROIY1|GetROIY2|GetSerialNumber|GetStatus|GetVertBin|Init|SetAcquisitionMode|SetActive|SetBaselineClamp|SetBurst|SetCCDTemp|SetCOC|SetEMGain|SetHorizBin|SetIntegTime|SetROI|SetROIIndex|SetShutter|SetVertBin|Shutdown|StartExposure|StartLifePreview|StopAq|StopLifePreview,53,Uni-Lab-OS/community_drivers/skeleton_camera/info.txt
slave_serial_worker,slave_serial_worker,Slave Serial Worker是由Open Standard生产的专业实验设备。,实验执行&合成设备,实验执行&合成设备(experimental_step),2,auto-handle_request|auto-run,handle_request|run,15,Uni-Lab-OS/community_drivers/slave_serial_worker/info.txt
slcan_bus,slcan_bus,Slcan BUS是由Open Standard (SLCAN)生产的专业实验设备。,实验执行&合成设备,实验执行&合成设备(experimental_step),10,auto-close|auto-fileno|auto-flush|auto-get_serial_number|auto-get_version|auto-open|auto-send|auto-set_bitrate|auto-set_bitrate_reg|auto-shutdown,close|fileno|flush|get_serial_number|get_version|open|send|set_bitrate|set_bitrate_reg|shutdown,14,Uni-Lab-OS/community_drivers/slcan_bus/info.txt
slew__scan,slew__scan,"Slew Scan Controller是EPICS / Synchrotron提供的设备驱动，提供prepare_scan, post_slew_scan, write_master, save_mcs_data等8个控制接口。",表征设备,表征设备(experimental_step),8,auto-check_beam_ok|auto-post_slew_scan|auto-prepare_scan|auto-run|auto-save_envdata|auto-save_extra_data|auto-save_mcs_data|auto-write_master,check_beam_ok|post_slew_scan|prepare_scan|run|save_envdata|save_extra_data|save_mcs_data|write_master,9,Uni-Lab-OS/community_drivers/slew__scan/info.txt
slew__scan1_d,slew__scan1_d,Slew Scan 1D Controller是由EPICS / Synchrotron生产的专业实验设备。,表征设备,表征设备(experimental_step),6,auto-check_beam_ok|auto-gathering2xvals|auto-post_scan|auto-prepare_scan|auto-run|auto-save_envdata,check_beam_ok|gathering2xvals|post_scan|prepare_scan|run|save_envdata,7,Uni-Lab-OS/community_drivers/slew__scan1_d/info.txt
slice_dhv_channel,slice_dhv_channel,Multi Channel Systems Roboocyte2全自动爪蟾卵母细胞电压钳筛选系统驱动（哈佛生物）。,表征设备,表征设备(experimental_step),1,query,query,1,Uni-Lab-OS/community_drivers/slice_dhv_channel/info.txt
socket,socket,Socket是由Open Standard生产的实验执行&合成设备，主要功能包括关闭、写入数据、初始化、读取数据。,实验执行&合成设备,实验执行&合成设备(experimental_step),5,auto-close|auto-init|auto-query|auto-read|auto-write,close|init|query|read|write,6,Uni-Lab-OS/community_drivers/socket/info.txt
socket_can_daemon_bus,socket_can_daemon_bus,Socket CAN Daemon BUS是由Open Standard生产的专业实验设备。,实验执行&合成设备,实验执行&合成设备(experimental_step),2,auto-send|auto-shutdown,send|shutdown,11,Uni-Lab-OS/community_drivers/socket_can_daemon_bus/info.txt
socket_communicator,socket_communicator,Socket Communicator驱动，支持address/close/flush input/read raw/seek等9个操作。,实验执行&合成设备,实验执行&合成设备(experimental_step),9,auto-address|auto-close|auto-flush_input|auto-read_raw|auto-seek|auto-tell|auto-terminator|auto-timeout|auto-write_raw,address|close|flush_input|read_raw|seek|tell|terminator|timeout|write_raw,15,Uni-Lab-OS/community_drivers/socket_communicator/info.txt
socketcan_bus,socketcan_bus,Socketcan BUS是由Open Standard (SocketCAN)生产的专业实验设备。,实验执行&合成设备,实验执行&合成设备(experimental_step),3,auto-fileno|auto-send|auto-shutdown,fileno|send|shutdown,32,Uni-Lab-OS/community_drivers/socketcan_bus/info.txt
soft_dxp_trigger,soft_dxp_trigger,XIA软件数字脉冲处理器(DXP)触发控制模块，用于X射线荧光探测器。,X射线衍射仪,X射线衍射仪(device_template_tag),2,auto-get_low_level_parameter|auto-stage,get_low_level_parameter|stage,8,Uni-Lab-OS/community_drivers/soft_dxp_trigger/info.txt
source_ac,source_ac,Source AC是一款实验执行&合成设备。,实验执行&合成设备,实验执行&合成设备(experimental_step),4,auto-current|auto-frequency|auto-output|auto-volts,current|frequency|output|volts,10,Uni-Lab-OS/community_drivers/source_ac/info.txt
spd1000,spd1000,Siglent SPD1168X 可编程直流电源 电源是由Siglent Technologies生产的专业实验设备。,实验执行&合成设备,实验执行&合成设备(experimental_step),13,auto-get_current|auto-get_output|auto-get_remote_sense|auto-get_voltage|auto-initialize|auto-lock_commands|auto-measure_current|auto-measure_power|auto-measure_voltage|auto-remote_sense|auto-set_current|auto-set_voltage|auto-toggle_output,get_current|get_output|get_remote_sense|get_voltage|initialize|lock_commands|measure_current|measure_power|measure_voltage|remote_sense|set_current|set_voltage|toggle_output,15,Uni-Lab-OS/community_drivers/spd1000/info.txt
spectr_acq3,spectr_acq3,SpectrAcq3 device class,spectrometer,,15,auto-acq_continue|auto-acq_pause|auto-acq_start|auto-acq_stop|auto-clear_error_log|auto-close|auto-force_trigger|auto-is_busy|auto-is_data_available|auto-is_open|auto-open|auto-set_acq_set|auto-set_hv_bias_voltage|auto-set_in_trigger_mode|auto-set_trigger_in_polarity,acq_continue|acq_pause|acq_start|acq_stop|clear_error_log|close|force_trigger|is_busy|is_data_available|is_open|open|set_acq_set|set_hv_bias_voltage|set_in_trigger_mode|set_trigger_in_polarity,30,Uni-Lab-OS/community_drivers/spectr_acq3/info.txt
spectra_iii_light_engine,spectra_iii_light_engine,Spectra III Light Engine是由Lumencor生产的专业实验设备。,实验执行&合成设备,实验执行&合成设备(experimental_step),1,auto-devices,devices,21,Uni-Lab-OS/community_drivers/spectra_iii_light_engine/info.txt
spectrometer,spectrometer,Spectrometer是一款表征设备，主要功能包括数据保存、设备连接。,表征设备,表征设备(experimental_step),6,auto-display|auto-getIntegrationTime|auto-getSerialNumber|auto-getSpectrum|auto-saveSpectrum|auto-setIntegrationTime,display|getIntegrationTime|getSerialNumber|getSpectrum|saveSpectrum|setIntegrationTime,15,Uni-Lab-OS/community_drivers/spectrometer/info.txt
spi,spi,SPI是由Open Standard生产的专业实验设备。,实验执行&合成设备,实验执行&合成设备(experimental_step),16,auto-get_data|auto-get_en|auto-get_mem_size|auto-get_repeat|auto-get_size|auto-get_wait|auto-init|auto-is_done|auto-is_ready|auto-reset|auto-set_data|auto-set_en|auto-set_repeat|auto-set_size|auto-set_wait|auto-start,get_data|get_en|get_mem_size|get_repeat|get_size|get_wait|init|is_done|is_ready|reset|set_data|set_en|set_repeat|set_size|set_wait|start,17,Uni-Lab-OS/community_drivers/spi/info.txt
spi_device,spi_device,SPI Device SPI通信驱动模块是由复纳科学仪器（上海）有限公司生产的专业实验设备。,表征设备,表征设备(experimental_step),21,auto-acquire_data|auto-buffer_bytearray|auto-change_setting|auto-check_crc|auto-compute_crc|auto-connect|auto-decode_read_response|auto-disconnect|auto-errorcode_to_string|auto-fix_crc|auto-flush_input_buffer|auto-gain_to_ff|auto-get_spectrum|auto-init_eeprom|auto-read_page|auto-send_command|auto-set_gain|auto-set_integration_time_ms|auto-to_hex|auto-validate_write_response|auto-wait_for_data_ready,acquire_data|buffer_bytearray|change_setting|check_crc|compute_crc|connect|decode_read_response|disconnect|errorcode_to_string|fix_crc|flush_input_buffer|gain_to_ff|get_spectrum|init_eeprom|read_page|send_command|set_gain|set_integration_time_ms|to_hex|validate_write_response|wait_for_data_ready,25,Uni-Lab-OS/community_drivers/spi_device/info.txt
spi_software,spi_software,SPI Software SPI软件通信模块是由复纳科学仪器（上海）有限公司生产的专业实验设备。,表征设备,表征设备(experimental_step),3,auto-close|auto-closed|auto-transfer,close|closed|transfer,19,Uni-Lab-OS/community_drivers/spi_software/info.txt
spi_software_bus,spi_software_bus,SPI Software Bus SPI软件总线驱动是由复纳科学仪器（上海）有限公司生产的专业实验设备。,表征设备,表征设备(experimental_step),3,auto-close|auto-closed|auto-transfer,close|closed|transfer,19,Uni-Lab-OS/community_drivers/spi_software_bus/info.txt
spidr_controller,spidr_controller,Spidr Controller是由Nikhef生产的专业实验设备。,实验执行&合成设备,实验执行&合成设备(experimental_step),74,auto-CpuToTpx|auto-DeviceAndPorts|auto-ShutterTriggerCount|auto-ShutterTriggerCtrl|auto-ShutterTriggerDelay|auto-ShutterTriggerFreq|auto-ShutterTriggerLength|auto-ShutterTriggerMode|auto-TdcTriggerCounter|auto-UdpMonPacketCounter|auto-UdpPacketCounter|auto-UdpPausePacketCounter|auto-avdd|auto-avddNow|auto-biasVoltage|auto-boardFanSpeed|auto-chipboardFanSpeed|auto-chipboardId|auto-clearBusy|auto-closeShutter|auto-convertHtonl|auto-convertNtohl|auto-datadrivenReadout|auto-deviceCount|auto-deviceIds|auto-disableExternalRefClock|auto-disablePeriphClk80Mhz|auto-dvdd|auto-dvddNow|auto-enableDecoders|auto-enableExternalRefClock|auto-enablePeriphClk80Mhz|auto-externalShutterCounter|auto-firmwareVersion|auto-fpgaTemperature|auto-getAdc|auto-getSpidrReg|auto-humidity|auto-linkCounts|auto-localTemperature|auto-openShutter|auto-pauseReadout|auto-prepare|auto-pressure|auto-reinitDevices|auto-remoteTemperature|auto-request|auto-requestGetBytes|auto-requestGetInt|auto-requestGetIntBytes|auto-requestGetInts|auto-requestSetInt|auto-requestSetIntBytes|auto-requestSetInts|auto-resetCounters|auto-resetDevices|auto-resetModule|auto-resetPacketCounters|auto-resetTimers|auto-restartTimers|auto-sequentialReadout|auto-setBiasSupplyEnable|auto-setBusy|auto-setPowerPulseEnable|auto-setShutterTriggerConfig|auto-setSpidrReg|auto-setTpxPowerPulseEnable|auto-shutterCounter|auto-shutterTriggerConfig|auto-softwareVersion|auto-startAutoTrigger|auto-stopAutoTrigger|auto-vdd|auto-vddNow,CpuToTpx|DeviceAndPorts|ShutterTriggerCount|ShutterTriggerCtrl|ShutterTriggerDelay|ShutterTriggerFreq|ShutterTriggerLength|ShutterTriggerMode|TdcTriggerCounter|UdpMonPacketCounter|UdpPacketCounter|UdpPausePacketCounter|avdd|avddNow|biasVoltage|boardFanSpeed|chipboardFanSpeed|chipboardId|clearBusy|closeShutter|convertHtonl|convertNtohl|datadrivenReadout|deviceCount|deviceIds|disableExternalRefClock|disablePeriphClk80Mhz|dvdd|dvddNow|enableDecoders|enableExternalRefClock|enablePeriphClk80Mhz|externalShutterCounter|firmwareVersion|fpgaTemperature|getAdc|getSpidrReg|humidity|linkCounts|localTemperature|openShutter|pauseReadout|prepare|pressure|reinitDevices|remoteTemperature|request|requestGetBytes|requestGetInt|requestGetIntBytes|requestGetInts|requestSetInt|requestSetIntBytes|requestSetInts|resetCounters|resetDevices|resetModule|resetPacketCounters|resetTimers|restartTimers|sequentialReadout|setBiasSupplyEnable|setBusy|setPowerPulseEnable|setShutterTriggerConfig|setSpidrReg|setTpxPowerPulseEnable|shutterCounter|shutterTriggerConfig|softwareVersion|startAutoTrigger|stopAutoTrigger|vdd|vddNow,91,Uni-Lab-OS/community_drivers/spidr_controller/info.txt
spidr_device,spidr_device,Spidr Device是由Nikhef生产的专业实验设备。,表征设备,表征设备(experimental_step),36,auto-clearPixelConfig|auto-columnTestPulseRegister|auto-genConfig|auto-getDac|auto-getDacOut|auto-getPixelConfig|auto-ipAddrDest|auto-ipAddrSrc|auto-outBlockConfig|auto-pllConfig|auto-powerPulseConfig|auto-readoutSpeed|auto-reinitDevice|auto-reset|auto-resetPixelConfig|auto-resetPixels|auto-serverPort|auto-setDac|auto-setDacDefault|auto-setExternalDac|auto-setHeaderFilter|auto-setOutputMask|auto-setPixelMask|auto-setPixelTestBit|auto-setPixelThreshold|auto-setSenseDac|auto-setSinglePixelMask|auto-setSinglePixelTestBit|auto-setSinglePixelThreshold|auto-setTpPeriodPhase|auto-slaveConfig|auto-t0Sync|auto-timer|auto-tpNumber|auto-uploadPacket|auto-uploadPixelConfig,clearPixelConfig|columnTestPulseRegister|genConfig|getDac|getDacOut|getPixelConfig|ipAddrDest|ipAddrSrc|outBlockConfig|pllConfig|powerPulseConfig|readoutSpeed|reinitDevice|reset|resetPixelConfig|resetPixels|serverPort|setDac|setDacDefault|setExternalDac|setHeaderFilter|setOutputMask|setPixelMask|setPixelTestBit|setPixelThreshold|setSenseDac|setSinglePixelMask|setSinglePixelTestBit|setSinglePixelThreshold|setTpPeriodPhase|slaveConfig|t0Sync|timer|tpNumber|uploadPacket|uploadPixelConfig,59,Uni-Lab-OS/community_drivers/spidr_device/info.txt
spool_local_localization_rule,spool_local_localization_rule,SpoolLocalLocalizationRule,generic|rule,,1,auto-on_data_complete,on_data_complete,58,Uni-Lab-OS/community_drivers/spool_local_localization_rule/info.txt
spot_graphic,spot_graphic,Spot Graphic是一款实验执行&合成设备，主要功能包括使能、关闭、写入数据、启动、复位、成像。,实验执行&合成设备,实验执行&合成设备(experimental_step),16,auto-adjust_part|auto-begin_drag|auto-bounds|auto-center|auto-end_drag|auto-get_attributes|auto-get_mask_item|auto-get_region|auto-label_position|auto-mime_data_dict|auto-nudge|auto-read_from_mime_data|auto-rotation|auto-size|auto-test|auto-used_role,adjust_part|begin_drag|bounds|center|end_drag|get_attributes|get_mask_item|get_region|label_position|mime_data_dict|nudge|read_from_mime_data|rotation|size|test|used_role,401,Uni-Lab-OS/community_drivers/spot_graphic/info.txt
sqlite_reader,sqlite_reader,Sqlite Reader是一款实验执行&合成设备，主要功能包括停止、读取数据。,实验执行&合成设备,实验执行&合成设备(experimental_step),2,auto-read_all|auto-stop,read_all|stop,10,Uni-Lab-OS/community_drivers/sqlite_reader/info.txt
sqlite_writer,sqlite_writer,Sqlite Writer是一款实验执行&合成设备，主要功能包括停止、读取数据。,实验执行&合成设备,实验执行&合成设备(experimental_step),1,auto-stop,stop,10,Uni-Lab-OS/community_drivers/sqlite_writer/info.txt
sqr1,sqr1,SQR1 Quantum Register是一款表征设备，主要功能包括停止、复位、运动控制。,表征设备,表征设备(experimental_step),6,auto-move|auto-multi_axis_move|auto-preset_list|auto-set|auto-stop|auto-sync_setpoints,move|multi_axis_move|preset_list|set|stop|sync_setpoints,8,Uni-Lab-OS/community_drivers/sqr1/info.txt
sr830,sr830,Sr830是由Stanford Research Systems生产的实验执行&合成设备，主要功能包括使能、启动、复位、数据保存、日志记录、测量。,实验执行&合成设备,实验执行&合成设备(experimental_step),44,auto-alarm_enabled|auto-analog_input|auto-analog_output|auto-analog_value|auto-auto_gain|auto-auto_gain_async|auto-auto_offset|auto-auto_offset_async|auto-auto_phase|auto-auto_phase_async|auto-auto_reserve|auto-auto_reserve_async|auto-buffer_length|auto-display|auto-filter_db_per_oct|auto-frequency|auto-front_output|auto-harmonic|auto-input_configuration|auto-input_coupling|auto-input_filter|auto-input_shield|auto-key_click_enabled|auto-measure|auto-pause_data_storage|auto-read_buffer|auto-recall_state|auto-reference_internal|auto-reference_phase_shift|auto-reference_trigger|auto-remote|auto-reserve_mode|auto-reset_data_storage|auto-sample_rate|auto-save_state|auto-sensitivity|auto-sine_output_amplitude|auto-single_shot|auto-start_data_storage|auto-sync_filter|auto-time_constants|auto-trigger|auto-trigger_start_mode|auto-wait_bit1,alarm_enabled|analog_input|analog_output|analog_value|auto_gain|auto_gain_async|auto_offset|auto_offset_async|auto_phase|auto_phase_async|auto_reserve|auto_reserve_async|buffer_length|display|filter_db_per_oct|frequency|front_output|harmonic|input_configuration|input_coupling|input_filter|input_shield|key_click_enabled|measure|pause_data_storage|read_buffer|recall_state|reference_internal|reference_phase_shift|reference_trigger|remote|reserve_mode|reset_data_storage|sample_rate|save_state|sensitivity|sine_output_amplitude|single_shot|start_data_storage|sync_filter|time_constants|trigger|trigger_start_mode|wait_bit1,68,Uni-Lab-OS/community_drivers/sr830/info.txt
sr830_gpib,sr830_gpib,SRS SR830 Lock-In Amplifier (GPIB)是由Stanford Research Systems生产的表征设备，主要功能包括使能、启动、复位、数据保存、日志记录、测量。,表征设备,表征设备(experimental_step),56,auto-alarm_enabled|auto-analog_input|auto-analog_output|auto-analog_value|auto-auto_gain|auto-auto_gain_async|auto-auto_gain_async_async|auto-auto_offset|auto-auto_offset_async|auto-auto_offset_async_async|auto-auto_phase|auto-auto_phase_async|auto-auto_phase_async_async|auto-auto_reserve|auto-auto_reserve_async|auto-auto_reserve_async_async|auto-buffer_length|auto-display|auto-filter_db_per_oct|auto-frequency|auto-front_output|auto-harmonic|auto-input_configuration|auto-input_coupling|auto-input_filter|auto-input_shield|auto-key_click_enabled|auto-measure|auto-measure_async|auto-pause_data_storage|auto-pause_data_storage_async|auto-read_buffer|auto-read_buffer_async|auto-recall_state|auto-recall_state_async|auto-reference_internal|auto-reference_phase_shift|auto-reference_trigger|auto-remote|auto-reserve_mode|auto-reset_data_storage|auto-reset_data_storage_async|auto-sample_rate|auto-save_state|auto-save_state_async|auto-sensitivity|auto-sine_output_amplitude|auto-single_shot|auto-start_data_storage|auto-start_data_storage_async|auto-sync_filter|auto-time_constants|auto-trigger|auto-trigger_async|auto-trigger_start_mode|auto-wait_bit1,alarm_enabled|analog_input|analog_output|analog_value|auto_gain|auto_gain_async|auto_gain_async_async|auto_offset|auto_offset_async|auto_offset_async_async|auto_phase|auto_phase_async|auto_phase_async_async|auto_reserve|auto_reserve_async|auto_reserve_async_async|buffer_length|display|filter_db_per_oct|frequency|front_output|harmonic|input_configuration|input_coupling|input_filter|input_shield|key_click_enabled|measure|measure_async|pause_data_storage|pause_data_storage_async|read_buffer|read_buffer_async|recall_state|recall_state_async|reference_internal|reference_phase_shift|reference_trigger|remote|reserve_mode|reset_data_storage|reset_data_storage_async|sample_rate|save_state|save_state_async|sensitivity|sine_output_amplitude|single_shot|start_data_storage|start_data_storage_async|sync_filter|time_constants|trigger|trigger_async|trigger_start_mode|wait_bit1,68,Uni-Lab-OS/community_drivers/sr830_gpib/info.txt
sr830_serial,sr830_serial,SRS SR830 Lock-In Amplifier (Serial)是由Stanford Research Systems生产的表征设备，主要功能包括使能、启动、复位、数据保存、日志记录、测量。,表征设备,表征设备(experimental_step),56,auto-alarm_enabled|auto-analog_input|auto-analog_output|auto-analog_value|auto-auto_gain|auto-auto_gain_async|auto-auto_gain_async_async|auto-auto_offset|auto-auto_offset_async|auto-auto_offset_async_async|auto-auto_phase|auto-auto_phase_async|auto-auto_phase_async_async|auto-auto_reserve|auto-auto_reserve_async|auto-auto_reserve_async_async|auto-buffer_length|auto-display|auto-filter_db_per_oct|auto-frequency|auto-front_output|auto-harmonic|auto-input_configuration|auto-input_coupling|auto-input_filter|auto-input_shield|auto-key_click_enabled|auto-measure|auto-measure_async|auto-pause_data_storage|auto-pause_data_storage_async|auto-read_buffer|auto-read_buffer_async|auto-recall_state|auto-recall_state_async|auto-reference_internal|auto-reference_phase_shift|auto-reference_trigger|auto-remote|auto-reserve_mode|auto-reset_data_storage|auto-reset_data_storage_async|auto-sample_rate|auto-save_state|auto-save_state_async|auto-sensitivity|auto-sine_output_amplitude|auto-single_shot|auto-start_data_storage|auto-start_data_storage_async|auto-sync_filter|auto-time_constants|auto-trigger|auto-trigger_async|auto-trigger_start_mode|auto-wait_bit1,alarm_enabled|analog_input|analog_output|analog_value|auto_gain|auto_gain_async|auto_gain_async_async|auto_offset|auto_offset_async|auto_offset_async_async|auto_phase|auto_phase_async|auto_phase_async_async|auto_reserve|auto_reserve_async|auto_reserve_async_async|buffer_length|display|filter_db_per_oct|frequency|front_output|harmonic|input_configuration|input_coupling|input_filter|input_shield|key_click_enabled|measure|measure_async|pause_data_storage|pause_data_storage_async|read_buffer|read_buffer_async|recall_state|recall_state_async|reference_internal|reference_phase_shift|reference_trigger|remote|reserve_mode|reset_data_storage|reset_data_storage_async|sample_rate|save_state|save_state_async|sensitivity|sine_output_amplitude|single_shot|start_data_storage|start_data_storage_async|sync_filter|time_constants|trigger|trigger_async|trigger_start_mode|wait_bit1,68,Uni-Lab-OS/community_drivers/sr830_serial/info.txt
srs345,srs345,Stanford Research Systems Srs345 系统 透射电子显微镜是由Stanford Research Systems生产的表征设备。,表征设备,表征设备(experimental_step),4,auto-frequency|auto-function|auto-offset|auto-phase,frequency|function|offset|phase,3,Uni-Lab-OS/community_drivers/srs345/info.txt
srs570,srs570,Stanford Research Systems Srs570 系统 透射电子显微镜是由Stanford Research Systems生产的表征设备，主要功能包括初始化。,表征设备,表征设备(experimental_step),5,auto-decrease_sensitivity|auto-increase_sensitivity|auto-initialize|auto-set_offset|auto-set_sensitivity,decrease_sensitivity|increase_sensitivity|initialize|set_offset|set_sensitivity,6,Uni-Lab-OS/community_drivers/srs570/info.txt
srs830,srs830,Stanford Research Systems Srs830 系统 透射电子显微镜是由Stanford Research Systems生产的专业实验设备。,表征设备,表征设备(experimental_step),22,auto-amplitude|auto-auto_offset|auto-auto_phase|auto-buffer_mode|auto-clear_data_buffer|auto-coupling|auto-data_snap|auto-data_transfer|auto-frequency|auto-frequency_source|auto-init|auto-input_shield_ground|auto-num_data_points|auto-pause|auto-phase|auto-read_data_buffer|auto-sample_rate|auto-set_channel_display|auto-set_offset_expand|auto-start_data_transfer|auto-start_scan|auto-take_measurement,amplitude|auto_offset|auto_phase|buffer_mode|clear_data_buffer|coupling|data_snap|data_transfer|frequency|frequency_source|init|input_shield_ground|num_data_points|pause|phase|read_data_buffer|sample_rate|set_channel_display|set_offset_expand|start_data_transfer|start_scan|take_measurement,16,Uni-Lab-OS/community_drivers/srs830/info.txt
srsdg645,srsdg645,Stanford Research Systems Srsdg645 系统 透射电子显微镜是由Stanford Research Systems生产的表征设备，主要功能包括使能、触发。,表征设备,表征设备(experimental_step),17,auto-burst_count|auto-burst_delay|auto-burst_period|auto-channel|auto-delay|auto-display|auto-enable_adv_triggering|auto-enable_burst_mode|auto-enable_burst_t0_first|auto-holdoff|auto-idx|auto-level_amplitude|auto-level_offset|auto-output|auto-polarity|auto-trigger_rate|auto-trigger_source,burst_count|burst_delay|burst_period|channel|delay|display|enable_adv_triggering|enable_burst_mode|enable_burst_t0_first|holdoff|idx|level_amplitude|level_offset|output|polarity|trigger_rate|trigger_source,24,Uni-Lab-OS/community_drivers/srsdg645/info.txt
ssh_client,ssh_client,SSH Client是由Open Standard (SSH)生产的专业实验设备。,实验执行&合成设备,实验执行&合成设备(experimental_step),9,auto-download|auto-drain|auto-get_sftp|auto-get_ssh|auto-get_transport|auto-prepare_download|auto-run_command|auto-spawn_command|auto-upload,download|drain|get_sftp|get_ssh|get_transport|prepare_download|run_command|spawn_command|upload,19,Uni-Lab-OS/community_drivers/ssh_client/info.txt
standard_frame_source,standard_frame_source,StandardFrameSource,generic,,3,auto-connect|auto-disconnect|auto-tick,connect|disconnect|tick,37,Uni-Lab-OS/community_drivers/standard_frame_source/info.txt
star_backend,star_backend,Hamilton STAR后端是由华洋科仪生产的专业实验设备。,移液工作站,移液工作站(device_template_tag),277,auto-additional_time_stamp|auto-aspirate|auto-aspirate96|auto-aspirate_core_96|auto-aspirate_pip|auto-can_pick_up_tip|auto-can_reach_position|auto-channel_dispensing_drive_move_to_volume_position|auto-channel_dispensing_drive_request_position|auto-channel_id|auto-channel_request_y_minimum_spacing|auto-channels_sense_tip_presence|auto-check_fw_string_error|auto-check_type_is_hhc|auto-clld_probe_x_position_using_channel|auto-clld_probe_y_position_using_channel|auto-clld_probe_z_height_using_channel|auto-collapse_gripper_arm|auto-configure_node_names|auto-core_check_resource_exists_at_location_center|auto-core_get_plate|auto-core_move_picked_up_resource|auto-core_move_plate_to_position|auto-core_open_gripper|auto-core_parked|auto-core_pick_up_resource|auto-core_put_plate|auto-core_read_barcode_of_picked_up_resource|auto-core_release_picked_up_resource|auto-define_tip_needle|auto-disable_cover_control|auto-discard_tip|auto-discard_tips_core96|auto-dispense|auto-dispense96|auto-dispense_core_96|auto-dispense_pip|auto-dispensing_drive_increment_to_mm|auto-dispensing_drive_increment_to_volume|auto-dispensing_drive_mm_to_increment|auto-dispensing_drive_mm_to_vol|auto-dispensing_drive_vol_to_increment|auto-dispensing_drive_vol_to_mm|auto-drain_dual_chamber_system|auto-drop_resource|auto-drop_tips|auto-drop_tips96|auto-empty_tip|auto-empty_tips|auto-enable_cover_control|auto-ensure_can_reach_position|auto-extended_conf|auto-fill_selected_dual_chamber|auto-get_channels_y_positions|auto-get_channels_z_positions|auto-get_core|auto-get_from_hotel|auto-get_id_from_fw_response|auto-get_iswap_version|auto-get_logic_iswap_position|auto-get_temperature_at_hhc|auto-halt|auto-head96_dispensing_drive_and_squeezer_driver_initialize|auto-head96_dispensing_drive_move_to_home_volume|auto-head96_dispensing_drive_move_to_position|auto-head96_dispensing_drive_request_position_mm|auto-head96_dispensing_drive_request_position_uL|auto-head96_installed|auto-head96_move_to_coordinate|auto-head96_move_to_z_safety|auto-head96_move_x|auto-head96_move_y|auto-head96_move_z|auto-head96_park|auto-head96_request_firmware_version|auto-head96_request_position|auto-head96_request_tip_presence|auto-head96_request_type|auto-initialize_auto_load|auto-initialize_autoload|auto-initialize_core_96_head|auto-initialize_dual_pump_station_valves|auto-initialize_hhc|auto-initialize_iswap|auto-initialize_pip|auto-initialize_pipetting_channels|auto-iswap_close_gripper|auto-iswap_dangerous_release_break|auto-iswap_get_plate|auto-iswap_initialize_z_axis|auto-iswap_minimum_traversal_height|auto-iswap_move_picked_up_resource|auto-iswap_open_gripper|auto-iswap_parked|auto-iswap_put_plate|auto-iswap_reengage_break|auto-iswap_rotate|auto-iswap_rotation_drive_request_y|auto-iswap_traversal_height|auto-load_carrier|auto-load_carrier_from_autoload_belt|auto-load_carrier_from_tray_and_scan_carrier_barcode|auto-lock_cover|auto-mm_to_y_drive_increment|auto-mm_to_z_drive_increment|auto-module_id_length|auto-move_96head_to_coordinate|auto-move_all_channels_in_z_safety|auto-move_all_pipetting_channels_to_defined_position|auto-move_auto_load_to_z_save_position|auto-move_autoload_to_safe_z_position|auto-move_autoload_to_save_z_position|auto-move_autoload_to_slot|auto-move_autoload_to_track|auto-move_channel_x|auto-move_channel_x_relative|auto-move_channel_y|auto-move_channel_y_relative|auto-move_channel_z|auto-move_channel_z_relative|auto-move_core_96_head_to_defined_position|auto-move_core_96_head_x|auto-move_core_96_head_y|auto-move_core_96_head_z|auto-move_core_96_to_safe_position|auto-move_iswap_x|auto-move_iswap_x_relative|auto-move_iswap_y|auto-move_iswap_y_relative|auto-move_iswap_z|auto-move_iswap_z_relative|auto-move_left_x_arm_to_position_with_all_attached_components_in_z_safety_position|auto-move_picked_up_resource|auto-move_plate_to_position|auto-move_right_x_arm_to_position_with_all_attached_components_in_z_safety_position|auto-num_arms|auto-num_channels|auto-occupy_and_provide_area_for_external_access|auto-open_not_initialized_gripper|auto-park_autoload|auto-park_iswap|auto-pick_up_core_gripper_tools|auto-pick_up_resource|auto-pick_up_tip|auto-pick_up_tips|auto-pick_up_tips96|auto-pick_up_tips_core96|auto-pierce_foil|auto-plld_probe_z_height_using_channel|auto-position_channels_in_y_direction|auto-position_channels_in_z_direction|auto-position_components_for_free_iswap_y_range|auto-position_left_x_arm_|auto-position_max_free_y_for_n|auto-position_right_x_arm_|auto-position_single_pipetting_channel_in_y_direction|auto-position_single_pipetting_channel_in_z_direction|auto-pre_initialize_instrument|auto-prepare_for_manual_channel_operation|auto-prepare_iswap_teaching|auto-probe_liquid_heights|auto-probe_liquid_volumes|auto-put_core|auto-put_in_hotel|auto-query_whether_temperature_reached_at_hhc|auto-release_all_occupied_areas|auto-release_occupied_area|auto-request_additional_timestamp_data|auto-request_auto_load_slot_position|auto-request_autoload_initialization_status|auto-request_autoload_track|auto-request_autoload_type|auto-request_core_96_head_channel_tadm_error_status|auto-request_core_96_head_channel_tadm_status|auto-request_core_96_head_initialization_status|auto-request_cover_open|auto-request_deck_data|auto-request_device_serial_number|auto-request_download_date|auto-request_eeprom_data_correctness|auto-request_electronic_board_type|auto-request_error_code|auto-request_extended_configuration|auto-request_firmware_version|auto-request_installation_data|auto-request_instrument_initialization_status|auto-request_iswap_in_parking_position|auto-request_iswap_initialization_status|auto-request_iswap_position|auto-request_iswap_rotation_drive_orientation|auto-request_iswap_rotation_drive_position_increments|auto-request_iswap_version|auto-request_iswap_wrist_drive_orientation|auto-request_iswap_wrist_drive_position_increments|auto-request_left_x_arm_last_collision_type|auto-request_left_x_arm_position|auto-request_machine_configuration|auto-request_master_status|auto-request_maximal_ranges_of_x_drives|auto-request_name_of_last_faulty_parameter|auto-request_node_names|auto-request_number_of_presence_sensors_installed|auto-request_parameter_value|auto-request_pip_channel_validation_status|auto-request_pip_channel_version|auto-request_pip_height_last_lld|auto-request_plate_in_iswap|auto-request_position_of_core_96_head|auto-request_presence_of_carriers_on_deck|auto-request_presence_of_carriers_on_loading_tray|auto-request_presence_of_single_carrier_on_loading_tray|auto-request_present_wrap_size_of_installed_arms|auto-request_probe_z_position|auto-request_pump_settings|auto-request_right_x_arm_last_collision_type|auto-request_right_x_arm_position|auto-request_single_carrier_presence|auto-request_supply_voltage|auto-request_tadm_status|auto-request_technical_status_of_assemblies|auto-request_tip_bottom_z_position|auto-request_tip_len_on_channel|auto-request_tip_presence|auto-request_tip_presence_in_core_96_head|auto-request_verification_data|auto-request_volume_in_tip|auto-request_x_pos_channel_n|auto-request_xl_channel_validation_status|auto-request_y_pos_channel_n|auto-request_z_pos_channel_n|auto-reset_output|auto-return_core_gripper_tools|auto-rotate_iswap_rotation_drive|auto-rotate_iswap_wrist|auto-save_all_cycle_counters|auto-save_download_date|auto-save_pip_channel_validation_status|auto-save_technical_status_of_assemblies|auto-save_xl_channel_validation_status|auto-search_for_teach_in_signal_using_pipetting_channel_n_in_x_direction|auto-send_hhs_command|auto-set_1d_barcode_type|auto-set_barcode_type|auto-set_carrier_monitoring|auto-set_cover_output|auto-set_deck_data|auto-set_instrument_configuration|auto-set_loading_indicators|auto-set_minimum_channel_traversal_height|auto-set_minimum_iswap_traversal_height|auto-set_minimum_traversal_height|auto-set_not_stop|auto-set_single_step_mode|auto-set_x_offset_x_axis_core_96_head|auto-set_x_offset_x_axis_core_nano_pipettor_head|auto-set_x_offset_x_axis_iswap|auto-setup|auto-setup_done|auto-slow_iswap|auto-spread_pip_channels|auto-start_temperature_control_at_hhc|auto-step_off_foil|auto-stop|auto-stop_temperature_control_at_hhc|auto-store_installation_data|auto-store_verification_data|auto-take_carrier_out_to_autoload_belt|auto-trigger_next_step|auto-unload_carrier|auto-unload_carrier_after_carrier_barcode_scanning|auto-unlock_cover|auto-unsafe|auto-verify_and_wait_for_carriers|auto-violently_shoot_down_tip|auto-y_drive_increment_to_mm|auto-z_drive_increment_to_mm|auto-ztouch_probe_z_height_using_channel,additional_time_stamp|aspirate|aspirate96|aspirate_core_96|aspirate_pip|can_pick_up_tip|can_reach_position|channel_dispensing_drive_move_to_volume_position|channel_dispensing_drive_request_position|channel_id|channel_request_y_minimum_spacing|channels_sense_tip_presence|check_fw_string_error|check_type_is_hhc|clld_probe_x_position_using_channel|clld_probe_y_position_using_channel|clld_probe_z_height_using_channel|collapse_gripper_arm|configure_node_names|core_check_resource_exists_at_location_center|core_get_plate|core_move_picked_up_resource|core_move_plate_to_position|core_open_gripper|core_parked|core_pick_up_resource|core_put_plate|core_read_barcode_of_picked_up_resource|core_release_picked_up_resource|define_tip_needle|disable_cover_control|discard_tip|discard_tips_core96|dispense|dispense96|dispense_core_96|dispense_pip|dispensing_drive_increment_to_mm|dispensing_drive_increment_to_volume|dispensing_drive_mm_to_increment|dispensing_drive_mm_to_vol|dispensing_drive_vol_to_increment|dispensing_drive_vol_to_mm|drain_dual_chamber_system|drop_resource|drop_tips|drop_tips96|empty_tip|empty_tips|enable_cover_control|ensure_can_reach_position|extended_conf|fill_selected_dual_chamber|get_channels_y_positions|get_channels_z_positions|get_core|get_from_hotel|get_id_from_fw_response|get_iswap_version|get_logic_iswap_position|get_temperature_at_hhc|halt|head96_dispensing_drive_and_squeezer_driver_initialize|head96_dispensing_drive_move_to_home_volume|head96_dispensing_drive_move_to_position|head96_dispensing_drive_request_position_mm|head96_dispensing_drive_request_position_uL|head96_installed|head96_move_to_coordinate|head96_move_to_z_safety|head96_move_x|head96_move_y|head96_move_z|head96_park|head96_request_firmware_version|head96_request_position|head96_request_tip_presence|head96_request_type|initialize_auto_load|initialize_autoload|initialize_core_96_head|initialize_dual_pump_station_valves|initialize_hhc|initialize_iswap|initialize_pip|initialize_pipetting_channels|iswap_close_gripper|iswap_dangerous_release_break|iswap_get_plate|iswap_initialize_z_axis|iswap_minimum_traversal_height|iswap_move_picked_up_resource|iswap_open_gripper|iswap_parked|iswap_put_plate|iswap_reengage_break|iswap_rotate|iswap_rotation_drive_request_y|iswap_traversal_height|load_carrier|load_carrier_from_autoload_belt|load_carrier_from_tray_and_scan_carrier_barcode|lock_cover|mm_to_y_drive_increment|mm_to_z_drive_increment|module_id_length|move_96head_to_coordinate|move_all_channels_in_z_safety|move_all_pipetting_channels_to_defined_position|move_auto_load_to_z_save_position|move_autoload_to_safe_z_position|move_autoload_to_save_z_position|move_autoload_to_slot|move_autoload_to_track|move_channel_x|move_channel_x_relative|move_channel_y|move_channel_y_relative|move_channel_z|move_channel_z_relative|move_core_96_head_to_defined_position|move_core_96_head_x|move_core_96_head_y|move_core_96_head_z|move_core_96_to_safe_position|move_iswap_x|move_iswap_x_relative|move_iswap_y|move_iswap_y_relative|move_iswap_z|move_iswap_z_relative|move_left_x_arm_to_position_with_all_attached_components_in_z_safety_position|move_picked_up_resource|move_plate_to_position|move_right_x_arm_to_position_with_all_attached_components_in_z_safety_position|num_arms|num_channels|occupy_and_provide_area_for_external_access|open_not_initialized_gripper|park_autoload|park_iswap|pick_up_core_gripper_tools|pick_up_resource|pick_up_tip|pick_up_tips|pick_up_tips96|pick_up_tips_core96|pierce_foil|plld_probe_z_height_using_channel|position_channels_in_y_direction|position_channels_in_z_direction|position_components_for_free_iswap_y_range|position_left_x_arm_|position_max_free_y_for_n|position_right_x_arm_|position_single_pipetting_channel_in_y_direction|position_single_pipetting_channel_in_z_direction|pre_initialize_instrument|prepare_for_manual_channel_operation|prepare_iswap_teaching|probe_liquid_heights|probe_liquid_volumes|put_core|put_in_hotel|query_whether_temperature_reached_at_hhc|release_all_occupied_areas|release_occupied_area|request_additional_timestamp_data|request_auto_load_slot_position|request_autoload_initialization_status|request_autoload_track|request_autoload_type|request_core_96_head_channel_tadm_error_status|request_core_96_head_channel_tadm_status|request_core_96_head_initialization_status|request_cover_open|request_deck_data|request_device_serial_number|request_download_date|request_eeprom_data_correctness|request_electronic_board_type|request_error_code|request_extended_configuration|request_firmware_version|request_installation_data|request_instrument_initialization_status|request_iswap_in_parking_position|request_iswap_initialization_status|request_iswap_position|request_iswap_rotation_drive_orientation|request_iswap_rotation_drive_position_increments|request_iswap_version|request_iswap_wrist_drive_orientation|request_iswap_wrist_drive_position_increments|request_left_x_arm_last_collision_type|request_left_x_arm_position|request_machine_configuration|request_master_status|request_maximal_ranges_of_x_drives|request_name_of_last_faulty_parameter|request_node_names|request_number_of_presence_sensors_installed|request_parameter_value|request_pip_channel_validation_status|request_pip_channel_version|request_pip_height_last_lld|request_plate_in_iswap|request_position_of_core_96_head|request_presence_of_carriers_on_deck|request_presence_of_carriers_on_loading_tray|request_presence_of_single_carrier_on_loading_tray|request_present_wrap_size_of_installed_arms|request_probe_z_position|request_pump_settings|request_right_x_arm_last_collision_type|request_right_x_arm_position|request_single_carrier_presence|request_supply_voltage|request_tadm_status|request_technical_status_of_assemblies|request_tip_bottom_z_position|request_tip_len_on_channel|request_tip_presence|request_tip_presence_in_core_96_head|request_verification_data|request_volume_in_tip|request_x_pos_channel_n|request_xl_channel_validation_status|request_y_pos_channel_n|request_z_pos_channel_n|reset_output|return_core_gripper_tools|rotate_iswap_rotation_drive|rotate_iswap_wrist|save_all_cycle_counters|save_download_date|save_pip_channel_validation_status|save_technical_status_of_assemblies|save_xl_channel_validation_status|search_for_teach_in_signal_using_pipetting_channel_n_in_x_direction|send_hhs_command|set_1d_barcode_type|set_barcode_type|set_carrier_monitoring|set_cover_output|set_deck_data|set_instrument_configuration|set_loading_indicators|set_minimum_channel_traversal_height|set_minimum_iswap_traversal_height|set_minimum_traversal_height|set_not_stop|set_single_step_mode|set_x_offset_x_axis_core_96_head|set_x_offset_x_axis_core_nano_pipettor_head|set_x_offset_x_axis_iswap|setup|setup_done|slow_iswap|spread_pip_channels|start_temperature_control_at_hhc|step_off_foil|stop|stop_temperature_control_at_hhc|store_installation_data|store_verification_data|take_carrier_out_to_autoload_belt|trigger_next_step|unload_carrier|unload_carrier_after_carrier_barcode_scanning|unlock_cover|unsafe|verify_and_wait_for_carriers|violently_shoot_down_tip|y_drive_increment_to_mm|z_drive_increment_to_mm|ztouch_probe_z_height_using_channel,317,Uni-Lab-OS/community_drivers/star_backend/info.txt
star_chatterbox_backend,star_chatterbox_backend,Hamilton STAR ChatterBox 通信后端是由华洋科仪生产的专业实验设备。,移液工作站,移液工作站(device_template_tag),18,auto-channel_dispensing_drive_request_position|auto-head96_request_firmware_version|auto-iswap_parked|auto-move_channel_y|auto-move_iswap_x|auto-move_iswap_y|auto-move_iswap_z|auto-pierce_foil|auto-request_extended_configuration|auto-request_iswap_initialization_status|auto-request_machine_configuration|auto-request_tip_presence|auto-request_z_pos_channel_n|auto-send_raw_command|auto-setup|auto-slow_iswap|auto-step_off_foil|auto-stop,channel_dispensing_drive_request_position|head96_request_firmware_version|iswap_parked|move_channel_y|move_iswap_x|move_iswap_y|move_iswap_z|pierce_foil|request_extended_configuration|request_iswap_initialization_status|request_machine_configuration|request_tip_presence|request_z_pos_channel_n|send_raw_command|setup|slow_iswap|step_off_foil|stop,20,Uni-Lab-OS/community_drivers/star_chatterbox_backend/info.txt
static_dds,static_dds,Static DDS (Direct Digital Synthesizer)是一款表征设备，主要功能包括使能、关闭、打开、禁用、触发。,表征设备,表征设备(experimental_step),38,auto-add_device|auto-add_instruction|auto-apply_calibration|auto-clock_limit|auto-constant|auto-customramp|auto-disable|auto-do_checks|auto-enable|auto-exp_ramp|auto-exp_ramp_t|auto-expand_timeseries|auto-generate_code|auto-get_all_outputs|auto-get_change_times|auto-get_ramp_times|auto-go_high|auto-go_low|auto-instruction_to_string|auto-make_timeseries|auto-offset_instructions_from_trigger|auto-piecewise_accel_ramp|auto-pulse|auto-ramp|auto-repeat_pulse_sequence|auto-setamp|auto-setfreq|auto-setphase|auto-sine|auto-sine4_ramp|auto-sine4_reverse_ramp|auto-sine_ramp|auto-square_wave|auto-square_wave_levels|auto-static_value|auto-trigger|auto-trigger_delay|auto-wait_delay,add_device|add_instruction|apply_calibration|clock_limit|constant|customramp|disable|do_checks|enable|exp_ramp|exp_ramp_t|expand_timeseries|generate_code|get_all_outputs|get_change_times|get_ramp_times|go_high|go_low|instruction_to_string|make_timeseries|offset_instructions_from_trigger|piecewise_accel_ramp|pulse|ramp|repeat_pulse_sequence|setamp|setfreq|setphase|sine|sine4_ramp|sine4_reverse_ramp|sine_ramp|square_wave|square_wave_levels|static_value|trigger|trigger_delay|wait_delay,67,Uni-Lab-OS/community_drivers/static_dds/info.txt
step_scan,step_scan,Step Scan Controller是由EPICS / Synchrotron生产的表征设备，主要功能包括写入数据、初始化、打开、扫描、触发、读取数据。,表征设备,表征设备(experimental_step),26,auto-add_counter|auto-add_detector|auto-add_extra_pvs|auto-add_positioner|auto-add_trigger|auto-at_break|auto-check_outputs|auto-clear_data|auto-clear_interrupts|auto-estimate_scan_time|auto-get_bool|auto-init_scandata|auto-look_for_interrupts|auto-open_output_file|auto-post_scan|auto-pre_scan|auto-prepare_scan|auto-publish_data|auto-read_extra_pvs|auto-run|auto-set_all_scandata|auto-set_dwelltime|auto-set_error|auto-set_info|auto-verify_scan|auto-write,add_counter|add_detector|add_extra_pvs|add_positioner|add_trigger|at_break|check_outputs|clear_data|clear_interrupts|estimate_scan_time|get_bool|init_scandata|look_for_interrupts|open_output_file|post_scan|pre_scan|prepare_scan|publish_data|read_extra_pvs|run|set_all_scandata|set_dwelltime|set_error|set_info|verify_scan|write,29,Uni-Lab-OS/community_drivers/step_scan/info.txt
stopper,stopper,Beam Stopper/Shutter是一款表征设备，主要功能包括关闭、打开。,表征设备,表征设备(experimental_step),4,auto-calc_lightpath_state|auto-check_value|auto-close|auto-open,calc_lightpath_state|check_value|close|open,8,Uni-Lab-OS/community_drivers/stopper/info.txt
stpdrv,stpdrv,Stpdrv是一款实验执行&合成设备，主要功能包括停止、归零、设备连接。,实验执行&合成设备,实验执行&合成设备(experimental_step),13,auto-acceleration|auto-address|auto-estop|auto-get_position|auto-goto|auto-home|auto-idn|auto-len_axes_mm|auto-mm_to_steps|auto-motion_timeout|auto-resource_kwargs|auto-speed|auto-steps_to_mm,acceleration|address|estop|get_position|goto|home|idn|len_axes_mm|mm_to_steps|motion_timeout|resource_kwargs|speed|steps_to_mm,23,Uni-Lab-OS/community_drivers/stpdrv/info.txt
stream,stream,Stream,generic,,3,auto-close|auto-finalize|auto-put,close|finalize|put,13,Uni-Lab-OS/community_drivers/stream/info.txt
stream_client,stream_client,Stream Client是一款实验执行&合成设备，主要功能包括使能、停止、关闭、初始化、加载、参数配置。,实验执行&合成设备,实验执行&合成设备(experimental_step),49,chan2volts|clear_counters|close|data_size|demux_status|elapsed_samples|fetch_all_calibration|get_aggregator_sites|get_aggregator_svc_list|get_blocks|get_elapsed|get_post|get_pre|get_state|get_sys_info|get_total|init_site_client|load_awg|load_dio482pg|load_dpg|load_gpg|load_segments|load_stl|load_wrpg|make_sa_sd_aliases|nchan|post_samples|pre_samples|read|read_chan|read_decims|read_transient_timebase|run_service|samples|scale_raw|set_DO|set_mb_clk|set_segment|set_sync_routing|set_sync_routing_master|set_sync_routing_slave|show_segments|st_monitor|state|uut_demux_enabled|wait_armed|wait_event|wait_state_changed|wait_stopped,chan2volts|clear_counters|close|data_size|demux_status|elapsed_samples|fetch_all_calibration|get_aggregator_sites|get_aggregator_svc_list|get_blocks|get_elapsed|get_post|get_pre|get_state|get_sys_info|get_total|init_site_client|load_awg|load_dio482pg|load_dpg|load_gpg|load_segments|load_stl|load_wrpg|make_sa_sd_aliases|nchan|post_samples|pre_samples|read|read_chan|read_decims|read_transient_timebase|run_service|samples|scale_raw|set_DO|set_mb_clk|set_segment|set_sync_routing|set_sync_routing_master|set_sync_routing_slave|show_segments|st_monitor|state|uut_demux_enabled|wait_armed|wait_event|wait_state_changed|wait_stopped,134,Uni-Lab-OS/community_drivers/stream_client/info.txt
stream_pipe,stream_pipe,Stream Pipe是一款实验执行&合成设备，主要功能包括关闭、写入数据、打开、读取数据。,实验执行&合成设备,实验执行&合成设备(experimental_step),3,auto-close|auto-read|auto-write,close|read|write,16,Uni-Lab-OS/community_drivers/stream_pipe/info.txt
stream_serial,stream_serial,Stream Serial是由Open Standard生产的专业实验设备。,实验执行&合成设备,实验执行&合成设备(experimental_step),3,auto-close|auto-read|auto-write,close|read|write,16,Uni-Lab-OS/community_drivers/stream_serial/info.txt
stream_socket,stream_socket,Stream Socket是由Open Standard生产的专业实验设备。,实验执行&合成设备,实验执行&合成设备(experimental_step),2,auto-read|auto-write,read|write,16,Uni-Lab-OS/community_drivers/stream_socket/info.txt
streamer,streamer,Streamer是一款后处理设备，主要功能包括停止、启动、归零校准、设备连接。,后处理设备,后处理设备(experimental_step),9,auto-address|auto-backend|auto-connect|auto-disconnect|auto-make_chunk|auto-send_command|auto-start|auto-stop|auto-subscriptions,address|backend|connect|disconnect|make_chunk|send_command|start|stop|subscriptions,31,Uni-Lab-OS/community_drivers/streamer/info.txt
streamer_lsl,streamer_lsl,OpenBCI LSL Data Streamer是由OpenBCI生产的专业实验设备。,后处理设备,后处理设备(experimental_step),10,auto-begin|auto-change_locations|auto-cleanUp|auto-create_lsl|auto-init_board_settings|auto-initialize_board|auto-send|auto-set_board_settings|auto-start_streaming|auto-stop_streaming,begin|change_locations|cleanUp|create_lsl|init_board_settings|initialize_board|send|set_board_settings|start_streaming|stop_streaming,11,Uni-Lab-OS/community_drivers/streamer_lsl/info.txt
streams_one,streams_one,Streams ONE，支持logtime、open_data_file、run等功能。,实验执行&合成设备,实验执行&合成设备(experimental_step),3,auto-logtime|auto-open_data_file|auto-run,logtime|open_data_file|run,8,Uni-Lab-OS/community_drivers/streams_one/info.txt
stroboscope,stroboscope,Laboratory Stroboscope是一款表征设备。,表征设备,表征设备(experimental_step),2,auto-get_all|auto-get_info,get_all|get_info,3,Uni-Lab-OS/community_drivers/stroboscope/info.txt
sub_client,sub_client,Data Subscriber Client是一款实验执行&合成设备，主要功能包括停止、关闭、初始化、加载、数据保存、设备连接。,实验执行&合成设备,实验执行&合成设备(experimental_step),24,auto-add_parameter|auto-askServer|auto-call|auto-close_instrument|auto-connect|auto-disconnect|auto-find_or_create_instrument|auto-getBluePrint|auto-getParamDict|auto-get_instrument|auto-get_parameters|auto-get_snapshot|auto-initKwargsFromBluePrint|auto-invalidateBlueprint|auto-list_instruments|auto-load_parameters|auto-paramsFromFile|auto-paramsToFile|auto-remove_parameter|auto-save_parameters|auto-setParameters|auto-set_parameters|auto-stop|auto-update,add_parameter|askServer|call|close_instrument|connect|disconnect|find_or_create_instrument|getBluePrint|getParamDict|get_instrument|get_parameters|get_snapshot|initKwargsFromBluePrint|invalidateBlueprint|list_instruments|load_parameters|paramsFromFile|paramsToFile|remove_parameter|save_parameters|setParameters|set_parameters|stop|update,55,Uni-Lab-OS/community_drivers/sub_client/info.txt
sutter_device,sutter_device,Sutter Device是由Sutter Instrument生产的实验执行&合成设备，主要功能包括初始化、归零、读取数据、运动控制。,实验执行&合成设备,实验执行&合成设备(experimental_step),11,auto-doGetPosition|auto-doHome|auto-doInitializeDevice|auto-doMoveBy|auto-doMoveTo|auto-doShutdownDevice|auto-positionInMicrosteps|auto-processInputBuffers|auto-readReply|auto-sendCommandBytes|auto-work,doGetPosition|doHome|doInitializeDevice|doMoveBy|doMoveTo|doShutdownDevice|positionInMicrosteps|processInputBuffers|readReply|sendCommandBytes|work,12,Uni-Lab-OS/community_drivers/sutter_device/info.txt
syn_axis,syn_axis,同步辐射光源实验站轴运动控制驱动，支持多轴联动扫描。,物流/机械,物流/机械(experimental_step),36,auto-check_value|auto-clear_sub|auto-collect|auto-collect_asset_docs|auto-complete|auto-describe|auto-describe_collect|auto-describe_configuration|auto-enum_strs|auto-exposure_time|auto-forward|auto-get|auto-get_file_list|auto-hints|auto-inverse|auto-kickoff|auto-limits|auto-position|auto-precision|auto-put|auto-read|auto-read_configuration|auto-set|auto-sim_put|auto-sim_set_enum_strs|auto-sim_set_func|auto-sim_set_limits|auto-sim_set_putter|auto-stage|auto-start_simulation|auto-subscribe|auto-timestamp|auto-trigger|auto-unstage|auto-unsubscribe|auto-unsubscribe_all,check_value|clear_sub|collect|collect_asset_docs|complete|describe|describe_collect|describe_configuration|enum_strs|exposure_time|forward|get|get_file_list|hints|inverse|kickoff|limits|position|precision|put|read|read_configuration|set|sim_put|sim_set_enum_strs|sim_set_func|sim_set_limits|sim_set_putter|stage|start_simulation|subscribe|timestamp|trigger|unstage|unsubscribe|unsubscribe_all,115,Uni-Lab-OS/community_drivers/syn_axis/info.txt
sync_unix_client,sync_unix_client,Sync Unix Client是由Open Standard生产的专业实验设备。,实验执行&合成设备,实验执行&合成设备(experimental_step),6,auto-close|auto-connect|auto-is_connected|auto-recv_message|auto-send_and_receive|auto-send_message,close|connect|is_connected|recv_message|send_and_receive|send_message,7,Uni-Lab-OS/community_drivers/sync_unix_client/info.txt
system,system,System设备驱动。,实验执行&合成设备,实验执行&合成设备(experimental_step),24,auto-add_cdaq_sync_connection|auto-are_configured_cdaq_sync_ports_disconnected|auto-auto_configure_cdaq_sync_connections|auto-connect_terms|auto-devices|auto-disconnect_terms|auto-driver_version|auto-get_analog_power_up_states|auto-get_analog_power_up_states_with_output_type|auto-get_digital_logic_family_power_up_state|auto-get_digital_power_up_states|auto-get_digital_pull_up_pull_down_states|auto-global_channels|auto-local|auto-remote|auto-remove_cdaq_sync_connection|auto-scales|auto-set_analog_power_up_states|auto-set_analog_power_up_states_with_output_type|auto-set_digital_logic_family_power_up_state|auto-set_digital_power_up_states|auto-set_digital_pull_up_pull_down_states|auto-tasks|auto-tristate_output_term,add_cdaq_sync_connection|are_configured_cdaq_sync_ports_disconnected|auto_configure_cdaq_sync_connections|connect_terms|devices|disconnect_terms|driver_version|get_analog_power_up_states|get_analog_power_up_states_with_output_type|get_digital_logic_family_power_up_state|get_digital_power_up_states|get_digital_pull_up_pull_down_states|global_channels|local|remote|remove_cdaq_sync_connection|scales|set_analog_power_up_states|set_analog_power_up_states_with_output_type|set_digital_logic_family_power_up_state|set_digital_power_up_states|set_digital_pull_up_pull_down_states|tasks|tristate_output_term,28,Uni-Lab-OS/community_drivers/system/info.txt
tango_device,tango_device,Tango Device是由Tango Controls (ESRF)生产的后处理设备，主要功能包括设备连接。,后处理设备,后处理设备(experimental_step),4,auto-connect_mock|auto-connect_real|auto-create_children_from_annotations|auto-set_trl,connect_mock|connect_real|create_children_from_annotations|set_trl,8,Uni-Lab-OS/community_drivers/tango_device/info.txt
tango_device_connector,tango_device_connector,Tango Device Connector是由Tango Controls (ESRF)生产的后处理设备，主要功能包括设备连接。,后处理设备,后处理设备(experimental_step),4,auto-connect_mock|auto-connect_real|auto-create_children_from_annotations|auto-set_trl,connect_mock|connect_real|create_children_from_annotations|set_trl,7,Uni-Lab-OS/community_drivers/tango_device_connector/info.txt
tango_proxy,tango_proxy,Tango Proxy驱动，支持get/get w value/put/get config/get reading等19个操作。,后处理设备,后处理设备(experimental_step),19,auto-allow_events|auto-datatype_allowed|auto-get|auto-get_config|auto-get_datakey|auto-get_reading|auto-get_setpoint|auto-get_value|auto-get_w_value|auto-has_subscription|auto-poll|auto-put|auto-set_callback|auto-set_converter|auto-set_polling|auto-set_trl|auto-source|auto-subscribe_callback|auto-unsubscribe_callback,allow_events|datatype_allowed|get|get_config|get_datakey|get_reading|get_setpoint|get_value|get_w_value|has_subscription|poll|put|set_callback|set_converter|set_polling|set_trl|source|subscribe_callback|unsubscribe_callback,62,Uni-Lab-OS/community_drivers/tango_proxy/info.txt
task_queue,task_queue,TaskQueue,common,,16,auto-checkTimeouts|auto-cleanup|auto-fileResult|auto-fileResults|auto-getCompletedTask|auto-getNumberOpenTasks|auto-getNumberTasksCompleted|auto-getNumberTasksInProgress|auto-getTask|auto-getTasks|auto-postTask|auto-postTasks|auto-purge|auto-returnCompletedTask|auto-returnCompletedTasks|auto-setPopFcn,checkTimeouts|cleanup|fileResult|fileResults|getCompletedTask|getNumberOpenTasks|getNumberTasksCompleted|getNumberTasksInProgress|getTask|getTasks|postTask|postTasks|purge|returnCompletedTask|returnCompletedTasks|setPopFcn,23,Uni-Lab-OS/community_drivers/task_queue/info.txt
task_worker,task_worker,taskWorker,devices|generic,,4,auto-computeLoop|auto-loop_forever|auto-returnLoop|auto-tasksLoop,computeLoop|loop_forever|returnLoop|tasksLoop,17,Uni-Lab-OS/community_drivers/task_worker/info.txt
tc038,tc038,TC038 Temperature Controller是由Novus Automation生产的冷热水机。,冷热水机,冷热水机(device_template_tag),7,auto-information|auto-monitored_quantity|auto-monitored_value|auto-query|auto-sendcmd|auto-setpoint|auto-temperature,information|monitored_quantity|monitored_value|query|sendcmd|setpoint|temperature,12,Uni-Lab-OS/community_drivers/tc038/info.txt
tc038_d,tc038_d,TC038D Temperature Controller是由Novus Automation生产的冷热水机，主要功能包括写入数据、读取数据。,冷热水机,冷热水机(device_template_tag),5,auto-CRC16|auto-readRegister|auto-setpoint|auto-temperature|auto-writeMultiple,CRC16|readRegister|setpoint|temperature|writeMultiple,8,Uni-Lab-OS/community_drivers/tc038_d/info.txt
tc200,tc200,Thorlabs TC200 温度控制器 温控设备 温度控制器是由Thorlabs生产的专业实验设备。,冷热水机,冷热水机(device_template_tag),14,auto-beta|auto-d|auto-degrees|auto-enable|auto-i|auto-max_power|auto-max_temperature|auto-mode|auto-name|auto-p|auto-pid|auto-sensor|auto-status|auto-temperature_set,beta|d|degrees|enable|i|max_power|max_temperature|mode|name|p|pid|sensor|status|temperature_set,20,Uni-Lab-OS/community_drivers/tc200/info.txt
tcp_client,tcp_client,TCP Client是由Open Standard生产的专业实验设备。,实验执行&合成设备,实验执行&合成设备(experimental_step),1,auto-close,close,26,Uni-Lab-OS/community_drivers/tcp_client/info.txt
tcp_client_value,tcp_client_value,TCP Client Value是由Open Standard生产的实验执行&合成设备，主要功能包括复位、设备连接、读取数据、运行。,实验执行&合成设备,实验执行&合成设备(experimental_step),5,auto-is_connected|auto-read|auto-reset|auto-run|auto-shutdown,is_connected|read|reset|run|shutdown,37,Uni-Lab-OS/community_drivers/tcp_client_value/info.txt
tcp_port_mapper_client,tcp_port_mapper_client,TCP端口映射客户端，用于局域网仪器设备的自动发现与连接管理。,实验执行&合成设备,实验执行&合成设备(experimental_step),37,auto-addpackers|auto-call_0|auto-callit|auto-do_call|auto-dump|auto-forkingloop|auto-forksession|auto-get_port|auto-handle|auto-handle_0|auto-loop|auto-make_call|auto-mkcred|auto-mkverf|auto-my_reply_handler|auto-pack_auth|auto-pack_auth_unix|auto-pack_call_args|auto-pack_callheader|auto-pack_mapping|auto-pack_pmaplist|auto-pack_replyheader|auto-register|auto-session|auto-set|auto-set_reply_handler|auto-set_timeout|auto-start_call|auto-turn_around|auto-unpack_auth|auto-unpack_call_result|auto-unpack_callheader|auto-unpack_mapping|auto-unpack_pmaplist|auto-unpack_replyheader|auto-unregister|auto-unset,addpackers|call_0|callit|do_call|dump|forkingloop|forksession|get_port|handle|handle_0|loop|make_call|mkcred|mkverf|my_reply_handler|pack_auth|pack_auth_unix|pack_call_args|pack_callheader|pack_mapping|pack_pmaplist|pack_replyheader|register|session|set|set_reply_handler|set_timeout|start_call|turn_around|unpack_auth|unpack_call_result|unpack_callheader|unpack_mapping|unpack_pmaplist|unpack_replyheader|unregister|unset,72,Uni-Lab-OS/community_drivers/tcp_port_mapper_client/info.txt
tcp_raw_driver,tcp_raw_driver,Tcp Raw Driver是由Open Standard生产的实验执行&合成设备，主要功能包括初始化、打开。,实验执行&合成设备,实验执行&合成设备(experimental_step),5,auto-finalize|auto-initialize|auto-is_open|auto-raw_recv|auto-raw_send,finalize|initialize|is_open|raw_recv|raw_send,7,Uni-Lab-OS/community_drivers/tcp_raw_driver/info.txt
tcp_sampler,tcp_sampler,TCP Sampler是由Open Standard生产的专业实验设备。,实验执行&合成设备,实验执行&合成设备(experimental_step),11,auto-close_file|auto-createConnection|auto-enable|auto-get_useful_packets|auto-init_new_process|auto-outfile_name|auto-post_run|auto-pre_run|auto-record|auto-run|auto-stopRaw2Disk,close_file|createConnection|enable|get_useful_packets|init_new_process|outfile_name|post_run|pre_run|record|run|stopRaw2Disk,17,Uni-Lab-OS/community_drivers/tcp_sampler/info.txt
tcp_serve_value,tcp_serve_value,TCP Serve Value是由Open Standard生产的实验执行&合成设备，主要功能包括复位、设备连接、读取数据、运行。,实验执行&合成设备,实验执行&合成设备(experimental_step),3,auto-run|auto-send|auto-shutdown,run|send|shutdown,37,Uni-Lab-OS/community_drivers/tcp_serve_value/info.txt
tcpip_connection,tcpip_connection,Socket-based TCP/IP connection adapter,network,,6,auto-close_connection|auto-connection_listener|auto-is_connection_open|auto-open_connection|auto-receive|auto-transmit,close_connection|connection_listener|is_connection_open|open_connection|receive|transmit,27,Uni-Lab-OS/community_drivers/tcpip_connection/info.txt
tcpip_instr_vicp,tcpip_instr_vicp,基于TCP/IP VICP协议的仪器通信驱动，兼容LeCroy等示波器厂商标准。,实验执行&合成设备,实验执行&合成设备(experimental_step),18,auto-add_service|auto-after_parsing|auto-assert_trigger|auto-clear|auto-close|auto-flush|auto-get_keepalive|auto-get_low_level_info|auto-get_max_message_kb|auto-list_resources|auto-lock|auto-read|auto-read_stb|auto-remove_service|auto-set_keepalive|auto-set_max_message_kb|auto-unlock|auto-write,add_service|after_parsing|assert_trigger|clear|close|flush|get_keepalive|get_low_level_info|get_max_message_kb|list_resources|lock|read|read_stb|remove_service|set_keepalive|set_max_message_kb|unlock|write,58,Uni-Lab-OS/community_drivers/tcpip_instr_vicp/info.txt
tds1002b,tds1002b,Tektronix TDS1002B 数字示波器 示波器是由Tektronix生产的表征设备。,表征设备,表征设备(experimental_step),1,auto-idn,idn,2,Uni-Lab-OS/community_drivers/tds1002b/info.txt
tds1012,tds1012,Tektronix TDS1012 数字示波器 示波器是由Tektronix生产的专业实验设备。,表征设备,表征设备(experimental_step),26,auto-acquire_curve|auto-acquire_curve_async|auto-acquire_parameters|auto-acquire_parameters_async|auto-autocal|auto-autocal_async|auto-autoset|auto-autoset_async|auto-data_setup|auto-data_setup_async|auto-datasource|auto-forcetrigger|auto-forcetrigger_async|auto-horizontal_division|auto-idn|auto-idn_async|auto-initiate|auto-initiate_async|auto-measure_frequency|auto-measure_maximum|auto-measure_mean|auto-measure_minimum|auto-number_averages|auto-trigger|auto-triggerlevel|auto-triggerlevel_async,acquire_curve|acquire_curve_async|acquire_parameters|acquire_parameters_async|autocal|autocal_async|autoset|autoset_async|data_setup|data_setup_async|datasource|forcetrigger|forcetrigger_async|horizontal_division|idn|idn_async|initiate|initiate_async|measure_frequency|measure_maximum|measure_mean|measure_minimum|number_averages|trigger|triggerlevel|triggerlevel_async,23,Uni-Lab-OS/community_drivers/tds1012/info.txt
tds2024,tds2024,Tektronix TDS2024 数字示波器 示波器是由Tektronix生产的专业实验设备。,表征设备,表征设备(experimental_step),14,auto-acqparams|auto-autoconf|auto-curv|auto-dataencoding|auto-datasource|auto-forcetrigger|auto-idn|auto-initialize|auto-measure_frequency|auto-measure_max|auto-measure_mean|auto-measure_min|auto-trigger|auto-triggerlevel,acqparams|autoconf|curv|dataencoding|datasource|forcetrigger|idn|initialize|measure_frequency|measure_max|measure_mean|measure_min|trigger|triggerlevel,17,Uni-Lab-OS/community_drivers/tds2024/info.txt
tek_dpo4104,tek_dpo4104,Tektronix DPO4104 数字荧光示波器是由AMPTEK INC.,表征设备,表征设备(experimental_step),13,auto-aquisition_continuous|auto-aquisition_length|auto-aquisition_running|auto-channel|auto-coupling|auto-data_source|auto-data_width|auto-force_trigger|auto-math|auto-name|auto-read_waveform|auto-ref|auto-y_offset,aquisition_continuous|aquisition_length|aquisition_running|channel|coupling|data_source|data_width|force_trigger|math|name|read_waveform|ref|y_offset,18,Uni-Lab-OS/community_drivers/tek_dpo4104/info.txt
tek_dpo70000,tek_dpo70000,Tektronix DPO70000 高性能数字示波器是由AMPTEK INC.,表征设备,表征设备(experimental_step),45,auto-acquire_enhanced_enob|auto-acquire_enhanced_state|auto-acquire_interp_8bit|auto-acquire_magnivu|auto-acquire_mode|auto-acquire_num_avgs|auto-acquire_num_envelop|auto-acquire_num_samples|auto-acquire_sampling_mode|auto-acquire_state|auto-acquire_stop_after|auto-channel|auto-data_framestart|auto-data_framestop|auto-data_source|auto-data_start|auto-data_stop|auto-data_sync_sources|auto-force_trigger|auto-horiz_delay_mode|auto-horiz_delay_pos|auto-horiz_delay_time|auto-horiz_main_pos|auto-horiz_mode|auto-horiz_pos|auto-horiz_record_length|auto-horiz_record_length_lim|auto-horiz_roll|auto-horiz_sample_rate|auto-horiz_scale|auto-horiz_unit|auto-math|auto-name|auto-outgoing_binary_format|auto-outgoing_byte_order|auto-outgoing_n_bytes|auto-outgoing_waveform_encoding|auto-query|auto-read_waveform|auto-ref|auto-run|auto-select_fastest_encoding|auto-sendcmd|auto-stop|auto-trigger_state,acquire_enhanced_enob|acquire_enhanced_state|acquire_interp_8bit|acquire_magnivu|acquire_mode|acquire_num_avgs|acquire_num_envelop|acquire_num_samples|acquire_sampling_mode|acquire_state|acquire_stop_after|channel|data_framestart|data_framestop|data_source|data_start|data_stop|data_sync_sources|force_trigger|horiz_delay_mode|horiz_delay_pos|horiz_delay_time|horiz_main_pos|horiz_mode|horiz_pos|horiz_record_length|horiz_record_length_lim|horiz_roll|horiz_sample_rate|horiz_scale|horiz_unit|math|name|outgoing_binary_format|outgoing_byte_order|outgoing_n_bytes|outgoing_waveform_encoding|query|read_waveform|ref|run|select_fastest_encoding|sendcmd|stop|trigger_state,11,Uni-Lab-OS/community_drivers/tek_dpo70000/info.txt
tek_scope,tek_scope,Tektronix Scope 通用示波器驱动是由AMPTEK INC.,表征设备,表征设备(experimental_step),1,auto-generate_code,generate_code,2,Uni-Lab-OS/community_drivers/tek_scope/info.txt
tek_series_curve_feat,tek_series_curve_feat,Tektronix Series 波形数据特征提取模块是由AMPTEK INC.,表征设备,表征设备(experimental_step),1,auto-feature,feature,13,Uni-Lab-OS/community_drivers/tek_series_curve_feat/info.txt
tek_tds224,tek_tds224,Tektronix TDS224 四通道数字示波器是由AMPTEK INC.,表征设备,表征设备(experimental_step),9,auto-channel|auto-coupling|auto-data_source|auto-data_width|auto-force_trigger|auto-math|auto-name|auto-read_waveform|auto-ref,channel|coupling|data_source|data_width|force_trigger|math|name|read_waveform|ref,9,Uni-Lab-OS/community_drivers/tek_tds224/info.txt
tek_tds5xx,tek_tds5xx,Tektronix TDS5xx 数字荧光示波器是由AMPTEK INC.,表征设备,表征设备(experimental_step),24,auto-bandwidth|auto-channel|auto-clock|auto-coupling|auto-data_source|auto-data_width|auto-display_clock|auto-force_trigger|auto-get_hardcopy|auto-horizontal_scale|auto-impedance|auto-math|auto-measurement|auto-name|auto-probe|auto-read|auto-read_waveform|auto-ref|auto-scale|auto-sources|auto-trigger_coupling|auto-trigger_level|auto-trigger_slope|auto-trigger_source,bandwidth|channel|clock|coupling|data_source|data_width|display_clock|force_trigger|get_hardcopy|horizontal_scale|impedance|math|measurement|name|probe|read|read_waveform|ref|scale|sources|trigger_coupling|trigger_level|trigger_slope|trigger_source,26,Uni-Lab-OS/community_drivers/tek_tds5xx/info.txt
telnet,telnet,Telnet是由Open Standard (Telnet)生产的专业实验设备。,实验执行&合成设备,实验执行&合成设备(experimental_step),24,auto-close|auto-expect|auto-fileno|auto-fill_rawq|auto-get_socket|auto-interact|auto-listener|auto-msg|auto-mt_interact|auto-open|auto-process_rawq|auto-rawq_getchar|auto-read_all|auto-read_eager|auto-read_lazy|auto-read_sb_data|auto-read_some|auto-read_until|auto-read_very_eager|auto-read_very_lazy|auto-set_debuglevel|auto-set_option_negotiation_callback|auto-sock_avail|auto-write,close|expect|fileno|fill_rawq|get_socket|interact|listener|msg|mt_interact|open|process_rawq|rawq_getchar|read_all|read_eager|read_lazy|read_sb_data|read_some|read_until|read_very_eager|read_very_lazy|set_debuglevel|set_option_negotiation_callback|sock_avail|write,29,Uni-Lab-OS/community_drivers/telnet/info.txt
temp_dir_collection,temp_dir_collection,Temporary directories do not exist on disk,webdav,,4,auto-findMember|auto-getMembers|auto-getProperties|auto-recvMember,findMember|getMembers|getProperties|recvMember,63,Uni-Lab-OS/community_drivers/temp_dir_collection/info.txt
temper_device,temper_device,Temper Device是由TEMPer (PCsensor)生产的专业实验设备。,表征设备,表征设备(experimental_step),6,auto-close|auto-lookup_humidity_offset|auto-lookup_offset|auto-lookup_sensor_count|auto-set_calibration_data|auto-set_sensor_count,close|lookup_humidity_offset|lookup_offset|lookup_sensor_count|set_calibration_data|set_sensor_count,21,Uni-Lab-OS/community_drivers/temper_device/info.txt
tf_mini,tf_mini,TF Mini是由Benewake生产的专业实验设备。,表征设备,表征设备(experimental_step),5,auto-poll|auto-run|auto-run_threaded|auto-shutdown|auto-update,poll|run|run_threaded|shutdown|update,6,Uni-Lab-OS/community_drivers/tf_mini/info.txt
thermo_fisher_thermocycler_backend,thermo_fisher_thermocycler_backend,ThermoScientific KingFisher Flex全自动核酸提取仪是由赛默飞世尔科技生命科学产品生产的专业实验设备。,普通PCR仪,普通PCR仪(device_template_tag),47,auto-abort_run|auto-block_ramp_single_temp|auto-buzzer_off|auto-buzzer_on|auto-check_run_exists|auto-continue_run|auto-create_run|auto-deactivate_block|auto-deactivate_lid|auto-get_block_current_temperature|auto-get_block_id|auto-get_block_presence|auto-get_block_status|auto-get_block_target_temperature|auto-get_current_cycle_index|auto-get_current_step_index|auto-get_elapsed_run_time|auto-get_elapsed_run_time_from_log|auto-get_error|auto-get_estimated_run_time|auto-get_hold_time|auto-get_lid_current_temperature|auto-get_lid_open|auto-get_lid_status|auto-get_lid_target_temperature|auto-get_log_by_runname|auto-get_nickname|auto-get_remaining_run_time|auto-get_run_info|auto-get_run_name|auto-get_sample_temps|auto-get_total_cycle_count|auto-get_total_step_count|auto-is_block_running|auto-num_blocks|auto-power_off|auto-power_on|auto-run_protocol|auto-send_command|auto-send_morse_code|auto-set_block_idle_temp|auto-set_block_temperature|auto-set_cover_idle_temp|auto-set_lid_temperature|auto-set_nickname|auto-setup|auto-stop,abort_run|block_ramp_single_temp|buzzer_off|buzzer_on|check_run_exists|continue_run|create_run|deactivate_block|deactivate_lid|get_block_current_temperature|get_block_id|get_block_presence|get_block_status|get_block_target_temperature|get_current_cycle_index|get_current_step_index|get_elapsed_run_time|get_elapsed_run_time_from_log|get_error|get_estimated_run_time|get_hold_time|get_lid_current_temperature|get_lid_open|get_lid_status|get_lid_target_temperature|get_log_by_runname|get_nickname|get_remaining_run_time|get_run_info|get_run_name|get_sample_temps|get_total_cycle_count|get_total_step_count|is_block_running|num_blocks|power_off|power_on|run_protocol|send_command|send_morse_code|set_block_idle_temp|set_block_temperature|set_cover_idle_temp|set_lid_temperature|set_nickname|setup|stop,61,Uni-Lab-OS/community_drivers/thermo_fisher_thermocycler_backend/info.txt
thermo_microscope,thermo_microscope,Thermo Microscope是由Thermo Fisher Scientific生产的专业实验设备。,实验执行&合成设备,实验执行&合成设备(experimental_step),47,auto-acquire_chamber_image|auto-acquire_image|auto-auto_focus|auto-autocontrast|auto-beam_shift|auto-check_available_values|auto-clear_patterns|auto-connect_to_microscope|auto-cryo_deposition_v2|auto-draw_bitmap_pattern|auto-draw_circle|auto-draw_line|auto-draw_rectangle|auto-draw_sputter_pattern|auto-estimate_milling_time|auto-finish_milling|auto-finish_sputter|auto-get_available_values|auto-get_gis|auto-get_milling_state|auto-get_stage_orientation|auto-gis_turn_heater_on|auto-insert_gis|auto-insert_manipulator|auto-last_image|auto-move_manipulator_absolute|auto-move_manipulator_corrected|auto-move_manipulator_relative|auto-move_manipulator_to_position_offset|auto-move_stage_absolute|auto-move_stage_relative|auto-pause_milling|auto-project_stable_move|auto-reconnect|auto-resume_milling|auto-retract_gis|auto-retract_manipulator|auto-run_milling|auto-run_sputter|auto-safe_absolute_stage_movement|auto-set_channel|auto-setup_milling|auto-setup_sputter|auto-stable_move|auto-start_milling|auto-stop_milling|auto-vertical_move,acquire_chamber_image|acquire_image|auto_focus|autocontrast|beam_shift|check_available_values|clear_patterns|connect_to_microscope|cryo_deposition_v2|draw_bitmap_pattern|draw_circle|draw_line|draw_rectangle|draw_sputter_pattern|estimate_milling_time|finish_milling|finish_sputter|get_available_values|get_gis|get_milling_state|get_stage_orientation|gis_turn_heater_on|insert_gis|insert_manipulator|last_image|move_manipulator_absolute|move_manipulator_corrected|move_manipulator_relative|move_manipulator_to_position_offset|move_stage_absolute|move_stage_relative|pause_milling|project_stable_move|reconnect|resume_milling|retract_gis|retract_manipulator|run_milling|run_sputter|safe_absolute_stage_movement|set_channel|setup_milling|setup_sputter|stable_move|start_milling|stop_milling|vertical_move,180,Uni-Lab-OS/community_drivers/thermo_microscope/info.txt
thermocycler,thermocycler,Thermocycler PCR仪是由Thermo Fisher Scientific生产的专业实验设备。,普通PCR仪,普通PCR仪(device_template_tag),25,auto-close_lid|auto-deactivate_block|auto-deactivate_lid|auto-get_block_current_temperature|auto-get_block_status|auto-get_block_target_temperature|auto-get_current_cycle_index|auto-get_current_step_index|auto-get_hold_time|auto-get_lid_current_temperature|auto-get_lid_open|auto-get_lid_status|auto-get_lid_target_temperature|auto-get_total_cycle_count|auto-get_total_step_count|auto-is_profile_running|auto-open_lid|auto-run_pcr_profile|auto-run_protocol|auto-serialize|auto-set_block_temperature|auto-set_lid_temperature|auto-wait_for_block|auto-wait_for_lid|auto-wait_for_profile_completion,close_lid|deactivate_block|deactivate_lid|get_block_current_temperature|get_block_status|get_block_target_temperature|get_current_cycle_index|get_current_step_index|get_hold_time|get_lid_current_temperature|get_lid_open|get_lid_status|get_lid_target_temperature|get_total_cycle_count|get_total_step_count|is_profile_running|open_lid|run_pcr_profile|run_protocol|serialize|set_block_temperature|set_lid_temperature|wait_for_block|wait_for_lid|wait_for_profile_completion,26,Uni-Lab-OS/community_drivers/thermocycler/info.txt
thermocycler_backend,thermocycler_backend,Thermocycler Backend 后端模块 PCR仪 后端控制器是由Thermo Fisher Scientific生产的专业实验设备。,普通PCR仪,普通PCR仪(device_template_tag),19,auto-close_lid|auto-deactivate_block|auto-deactivate_lid|auto-get_block_current_temperature|auto-get_block_status|auto-get_block_target_temperature|auto-get_current_cycle_index|auto-get_current_step_index|auto-get_hold_time|auto-get_lid_current_temperature|auto-get_lid_open|auto-get_lid_status|auto-get_lid_target_temperature|auto-get_total_cycle_count|auto-get_total_step_count|auto-open_lid|auto-run_protocol|auto-set_block_temperature|auto-set_lid_temperature,close_lid|deactivate_block|deactivate_lid|get_block_current_temperature|get_block_status|get_block_target_temperature|get_current_cycle_index|get_current_step_index|get_hold_time|get_lid_current_temperature|get_lid_open|get_lid_status|get_lid_target_temperature|get_total_cycle_count|get_total_step_count|open_lid|run_protocol|set_block_temperature|set_lid_temperature,20,Uni-Lab-OS/community_drivers/thermocycler_backend/info.txt
thor_labs_apt,thor_labs_apt,Thorlabs APT 电动调整架控制器是由青岛森泉光电有限公司生产的专业实验设备。,物流/机械,物流/机械(experimental_step),31,auto-backlash_correction|auto-change_position_control_mode|auto-channel|auto-destination|auto-drive_op_parameters|auto-enabled|auto-enabled_multi|auto-enabled_single|auto-go_home|auto-home_parameters|auto-identify|auto-jog_parameters|auto-led_intensity|auto-max_travel|auto-model_number|auto-motion_timeout|auto-motor_model|auto-move|auto-move_abs|auto-move_jog|auto-move_jog_stop|auto-n_channels|auto-name|auto-output_position|auto-position|auto-position_control_closed|auto-position_count|auto-position_encoder|auto-serial_number|auto-set_scale|auto-status_bits,backlash_correction|change_position_control_mode|channel|destination|drive_op_parameters|enabled|enabled_multi|enabled_single|go_home|home_parameters|identify|jog_parameters|led_intensity|max_travel|model_number|motion_timeout|motor_model|move|move_abs|move_jog|move_jog_stop|n_channels|name|output_position|position|position_control_closed|position_count|position_encoder|serial_number|set_scale|status_bits,14,Uni-Lab-OS/community_drivers/thor_labs_apt/info.txt
thorlabs_dc4100,thorlabs_dc4100,Thorlabs Dc4100是由Thorlabs生产的专业实验设备。,实验执行&合成设备,实验执行&合成设备(experimental_step),10,auto-check_if_on|auto-connect_device|auto-firmware|auto-get_brightness|auto-led_off|auto-led_on|auto-manufacturer|auto-serial_number|auto-set_brightness|auto-set_led_channel_state,check_if_on|connect_device|firmware|get_brightness|led_off|led_on|manufacturer|serial_number|set_brightness|set_led_channel_state,14,Uni-Lab-OS/community_drivers/thorlabs_dc4100/info.txt
thorlabs_filter_wheel,thorlabs_filter_wheel,Thorlabs Filter Wheel是由Thorlabs生产的专业实验设备。,实验执行&合成设备,实验执行&合成设备(experimental_step),1,initialize,initialize,14,Uni-Lab-OS/community_drivers/thorlabs_filter_wheel/info.txt
thorlabs_fw102_c,thorlabs_fw102_c,Thorlabs Fw102 C是由Thorlabs生产的专业实验设备。,实验执行&合成设备,实验执行&合成设备(experimental_step),1,initialize,initialize,14,Uni-Lab-OS/community_drivers/thorlabs_fw102_c/info.txt
thorlabs_fw212_c,thorlabs_fw212_c,Thorlabs Fw212 C是由Thorlabs生产的专业实验设备。,实验执行&合成设备,实验执行&合成设备(experimental_step),1,initialize,initialize,14,Uni-Lab-OS/community_drivers/thorlabs_fw212_c/info.txt
thorlabs_pm100_a_wrapper,thorlabs_pm100_a_wrapper,Thorlabs PM100A 光功率计是由青岛森泉光电有限公司生产的专业实验设备。,表征设备,表征设备(experimental_step),6,auto-auto_range|auto-identify|auto-measure|auto-setAutoRange|auto-setWavelength|auto-set_wavelength,auto_range|identify|measure|setAutoRange|setWavelength|set_wavelength,9,Uni-Lab-OS/community_drivers/thorlabs_pm100_a_wrapper/info.txt
tiger_controller,tiger_controller,ASI Tiger Controller 自动化设备是由Applied Scientific Instrumentation生产的专业实验设备。,物流/机械,物流/机械(experimental_step),52,auto-change_filter_wheel_speed|auto-connect_to_serial|auto-disconnect_from_serial|auto-get_axis_addr|auto-get_axis_position|auto-get_axis_position_um|auto-get_default_motor_axis_sequence|auto-get_encoder_counts_per_mm|auto-get_position|auto-get_speed|auto-halt_filter_wheel|auto-is_axis_busy|auto-is_device_busy|auto-is_moving|auto-is_open|auto-logic_card_off|auto-logic_card_on|auto-logic_cell_off|auto-logic_cell_on|auto-move|auto-move_axis|auto-move_dichroic|auto-move_filter_wheel|auto-move_filter_wheel_to_home|auto-moverel|auto-moverel_axis|auto-read_response|auto-report_to_console|auto-scan_ports|auto-scanr|auto-scanv|auto-select_filter_wheel|auto-send_command|auto-send_filter_wheel_command|auto-set_backlash|auto-set_error|auto-set_feedback_alignment|auto-set_finishing_accuracy|auto-set_max_speed|auto-set_speed|auto-set_speed_as_percent_max|auto-setup_control_loop|auto-setup_laser|auto-setup_z_stage|auto-single_axis_mode|auto-single_axis_waveform|auto-square_wave|auto-start_scan|auto-stop|auto-stop_scan|auto-wait_for_device|auto-wait_for_loop,change_filter_wheel_speed|connect_to_serial|disconnect_from_serial|get_axis_addr|get_axis_position|get_axis_position_um|get_default_motor_axis_sequence|get_encoder_counts_per_mm|get_position|get_speed|halt_filter_wheel|is_axis_busy|is_device_busy|is_moving|is_open|logic_card_off|logic_card_on|logic_cell_off|logic_cell_on|move|move_axis|move_dichroic|move_filter_wheel|move_filter_wheel_to_home|moverel|moverel_axis|read_response|report_to_console|scan_ports|scanr|scanv|select_filter_wheel|send_command|send_filter_wheel_command|set_backlash|set_error|set_feedback_alignment|set_finishing_accuracy|set_max_speed|set_speed|set_speed_as_percent_max|setup_control_loop|setup_laser|setup_z_stage|single_axis_mode|single_axis_waveform|square_wave|start_scan|stop|stop_scan|wait_for_device|wait_for_loop,55,Uni-Lab-OS/community_drivers/tiger_controller/info.txt
timepix4_controller,timepix4_controller,Timepix4 Controller是由Medipix/Timepix (CERN)生产的专业实验设备。,表征设备,表征设备(experimental_step),7,auto-closeShutter|auto-openShutter|auto-prepare|auto-resetTimers|auto-restartTimers|auto-setBiasSupplyEnable|auto-setShutterTriggerConfig,closeShutter|openShutter|prepare|resetTimers|restartTimers|setBiasSupplyEnable|setShutterTriggerConfig,19,Uni-Lab-OS/community_drivers/timepix4_controller/info.txt
timepix4_device,timepix4_device,Timepix4 Device是由Medipix/Timepix (CERN)生产的专业实验设备。,实验执行&合成设备,实验执行&合成设备(experimental_step),23,auto-Vthreshold_coarse|auto-Vthreshold_fine|auto-acquisition|auto-config|auto-devIdToString|auto-deviceName|auto-loadConfig|auto-pauseHeartbeat|auto-pixelMask|auto-pixelTest|auto-pixelThreshold|auto-refreshPixels|auto-resetPixels|auto-resumeHeartbeat|auto-setConfigClass|auto-setEthernetFilter|auto-setupAcquisition|auto-setupDevice|auto-start|auto-start_recording|auto-stop|auto-stop_recording|auto-uploadPixels,Vthreshold_coarse|Vthreshold_fine|acquisition|config|devIdToString|deviceName|loadConfig|pauseHeartbeat|pixelMask|pixelTest|pixelThreshold|refreshPixels|resetPixels|resumeHeartbeat|setConfigClass|setEthernetFilter|setupAcquisition|setupDevice|start|start_recording|stop|stop_recording|uploadPixels,31,Uni-Lab-OS/community_drivers/timepix4_device/info.txt
timepix_device,timepix_device,Timepix Device是由Medipix/Timepix (CERN)生产的专业实验设备。,表征设备,表征设备(experimental_step),46,auto-Ibias_DiscS1_OFF|auto-Ibias_DiscS1_ON|auto-Ibias_DiscS2_OFF|auto-Ibias_DiscS2_ON|auto-Ibias_Ikrum|auto-Ibias_PixelDAC|auto-Ibias_Preamp_OFF|auto-Ibias_Preamp_ON|auto-Ibias_TPbufferIn|auto-Ibias_TPbufferOut|auto-VPreamp_NCAS|auto-VTP_coarse|auto-VTP_fine|auto-Vfbk|auto-Vthreshold_coarse|auto-Vthreshold_fine|auto-devIdToString|auto-grayCounter|auto-loadConfig|auto-maskPixelsJsonable|auto-operationMode|auto-pauseHeartbeat|auto-pixelMask|auto-pixelTest|auto-pixelThreshold|auto-polarity|auto-refreshPixels|auto-resetPixels|auto-resumeHeartbeat|auto-setConfigClass|auto-setDac|auto-setEthernetFilter|auto-setupAcquisition|auto-setupDevice|auto-start|auto-start_recording|auto-stop|auto-stop_recording|auto-superPixel|auto-testPulse|auto-testPulseDigitalAnalog|auto-testPulseGeneratorSource|auto-timeOfArrivalClock|auto-timerOverflowControl|auto-update_timer|auto-uploadPixels,Ibias_DiscS1_OFF|Ibias_DiscS1_ON|Ibias_DiscS2_OFF|Ibias_DiscS2_ON|Ibias_Ikrum|Ibias_PixelDAC|Ibias_Preamp_OFF|Ibias_Preamp_ON|Ibias_TPbufferIn|Ibias_TPbufferOut|VPreamp_NCAS|VTP_coarse|VTP_fine|Vfbk|Vthreshold_coarse|Vthreshold_fine|devIdToString|grayCounter|loadConfig|maskPixelsJsonable|operationMode|pauseHeartbeat|pixelMask|pixelTest|pixelThreshold|polarity|refreshPixels|resetPixels|resumeHeartbeat|setConfigClass|setDac|setEthernetFilter|setupAcquisition|setupDevice|start|start_recording|stop|stop_recording|superPixel|testPulse|testPulseDigitalAnalog|testPulseGeneratorSource|timeOfArrivalClock|timerOverflowControl|update_timer|uploadPixels,81,Uni-Lab-OS/community_drivers/timepix_device/info.txt
timing,timing,Timing是一款实验执行&合成设备，主要功能包括使能、初始化、启动、复位、导出、运行。,实验执行&合成设备,实验执行&合成设备(experimental_step),63,auto-ai_conv_active_edge|auto-ai_conv_dig_fltr_enable|auto-ai_conv_dig_fltr_min_pulse_width|auto-ai_conv_dig_fltr_timebase_rate|auto-ai_conv_dig_fltr_timebase_src|auto-ai_conv_dig_sync_enable|auto-ai_conv_rate|auto-ai_conv_src|auto-ai_conv_timebase_div|auto-ai_conv_timebase_src|auto-cfg_burst_handshaking_timing_export_clock|auto-cfg_burst_handshaking_timing_import_clock|auto-cfg_change_detection_timing|auto-cfg_handshaking_timing|auto-cfg_implicit_timing|auto-cfg_pipelined_samp_clk_timing|auto-cfg_samp_clk_timing|auto-change_detect_di_falling_edge_physical_chans|auto-change_detect_di_rising_edge_physical_chans|auto-change_detect_di_tristate|auto-delay_from_samp_clk_delay|auto-delay_from_samp_clk_delay_units|auto-first_samp_clk_offset|auto-first_samp_clk_timescale|auto-first_samp_clk_when|auto-first_samp_timestamp_enable|auto-first_samp_timestamp_timescale|auto-hshk_delay_after_xfer|auto-hshk_sample_input_data_when|auto-hshk_start_cond|auto-implicit_underflow_behavior|auto-master_timebase_rate|auto-master_timebase_src|auto-ref_clk_rate|auto-ref_clk_src|auto-samp_clk_active_edge|auto-samp_clk_dig_fltr_enable|auto-samp_clk_dig_fltr_min_pulse_width|auto-samp_clk_dig_fltr_timebase_rate|auto-samp_clk_dig_fltr_timebase_src|auto-samp_clk_dig_sync_enable|auto-samp_clk_overrun_behavior|auto-samp_clk_rate|auto-samp_clk_src|auto-samp_clk_timebase_active_edge|auto-samp_clk_timebase_div|auto-samp_clk_timebase_master_timebase_div|auto-samp_clk_timebase_rate|auto-samp_clk_timebase_src|auto-samp_clk_underflow_behavior|auto-samp_clk_write_wfm_use_initial_wfm_dt|auto-samp_quant_samp_mode|auto-samp_quant_samp_per_chan|auto-samp_timing_engine|auto-samp_timing_type|auto-simultaneous_ao_enable|auto-sync_clk_interval|auto-sync_pulse_min_delay_to_start|auto-sync_pulse_reset_delay|auto-sync_pulse_src|auto-sync_pulse_time_timescale|auto-sync_pulse_time_when|auto-sync_pulse_type,ai_conv_active_edge|ai_conv_dig_fltr_enable|ai_conv_dig_fltr_min_pulse_width|ai_conv_dig_fltr_timebase_rate|ai_conv_dig_fltr_timebase_src|ai_conv_dig_sync_enable|ai_conv_rate|ai_conv_src|ai_conv_timebase_div|ai_conv_timebase_src|cfg_burst_handshaking_timing_export_clock|cfg_burst_handshaking_timing_import_clock|cfg_change_detection_timing|cfg_handshaking_timing|cfg_implicit_timing|cfg_pipelined_samp_clk_timing|cfg_samp_clk_timing|change_detect_di_falling_edge_physical_chans|change_detect_di_rising_edge_physical_chans|change_detect_di_tristate|delay_from_samp_clk_delay|delay_from_samp_clk_delay_units|first_samp_clk_offset|first_samp_clk_timescale|first_samp_clk_when|first_samp_timestamp_enable|first_samp_timestamp_timescale|hshk_delay_after_xfer|hshk_sample_input_data_when|hshk_start_cond|implicit_underflow_behavior|master_timebase_rate|master_timebase_src|ref_clk_rate|ref_clk_src|samp_clk_active_edge|samp_clk_dig_fltr_enable|samp_clk_dig_fltr_min_pulse_width|samp_clk_dig_fltr_timebase_rate|samp_clk_dig_fltr_timebase_src|samp_clk_dig_sync_enable|samp_clk_overrun_behavior|samp_clk_rate|samp_clk_src|samp_clk_timebase_active_edge|samp_clk_timebase_div|samp_clk_timebase_master_timebase_div|samp_clk_timebase_rate|samp_clk_timebase_src|samp_clk_underflow_behavior|samp_clk_write_wfm_use_initial_wfm_dt|samp_quant_samp_mode|samp_quant_samp_per_chan|samp_timing_engine|samp_timing_type|simultaneous_ao_enable|sync_clk_interval|sync_pulse_min_delay_to_start|sync_pulse_reset_delay|sync_pulse_src|sync_pulse_time_timescale|sync_pulse_time_when|sync_pulse_type,186,Uni-Lab-OS/community_drivers/timing/info.txt
tomato_jumo__device,tomato_jumo__device,Device,universal|temperature_controller,,7,auto-attrs|auto-capabilities|auto-do_measure|auto-prepare_task|auto-reset|auto-set_attr|auto-stop_task,attrs|capabilities|do_measure|prepare_task|reset|set_attr|stop_task,17,Uni-Lab-OS/community_drivers/tomato_jumo__device/info.txt
top_mode,top_mode,TOP Mode是一款表征设备，主要功能包括使能、启动、执行、状态查询、设备连接。,表征设备,表征设备(experimental_step),30,auto-charm_status|auto-correction|auto-correction_status|auto-current_control_status|auto-current_status|auto-display|auto-enable|auto-execute|auto-firmware|auto-first_mode_hop_time|auto-fpga_status|auto-intensity|auto-interlock|auto-is_connected|auto-laser|auto-latest_mode_hop_time|auto-lock_start|auto-locked|auto-mode_hop|auto-model|auto-on_time|auto-production_date|auto-reboot|auto-reference|auto-serial_number|auto-set|auto-tec_status|auto-temperature_control_status|auto-temperature_status|auto-wavelength,charm_status|correction|correction_status|current_control_status|current_status|display|enable|execute|firmware|first_mode_hop_time|fpga_status|intensity|interlock|is_connected|laser|latest_mode_hop_time|lock_start|locked|mode_hop|model|on_time|production_date|reboot|reference|serial_number|set|tec_status|temperature_control_status|temperature_status|wavelength,17,Uni-Lab-OS/community_drivers/top_mode/info.txt
toptica_i_beam_laser,toptica_i_beam_laser,TopticaIBeamLaser,laser|toptica,,5,auto-GetPower|auto-IsOn|auto-SetPower|auto-TurnOff|auto-TurnOn,GetPower|IsOn|SetPower|TurnOff|TurnOn,6,Uni-Lab-OS/community_drivers/toptica_i_beam_laser/info.txt
tpg261,tpg261,Pfeiffer TPG 261 真空计控制器是由Pfeiffer Vacuum生产的专业实验设备。,表征设备,表征设备(experimental_step),3,auto-connect|auto-disconnect|auto-rcv_vals,connect|disconnect|rcv_vals,4,Uni-Lab-OS/community_drivers/tpg261/info.txt
tpg300,tpg300,Pfeiffer TPG 300 真空计控制器是由Pfeiffer Vacuum生产的专业实验设备。,表征设备,表征设备(experimental_step),3,auto-connect|auto-disconnect|auto-rcv_vals,connect|disconnect|rcv_vals,4,Uni-Lab-OS/community_drivers/tpg300/info.txt
tpg36x,tpg36x,Pfeiffer TPG 36x 真空计控制器是由Pfeiffer Vacuum生产的专业实验设备。,表征设备,表征设备(experimental_step),10,auto-channel|auto-ethernet_configuration|auto-language|auto-mac_address|auto-name|auto-number_channels|auto-pressure|auto-query|auto-status|auto-unit,channel|ethernet_configuration|language|mac_address|name|number_channels|pressure|query|status|unit,15,Uni-Lab-OS/community_drivers/tpg36x/info.txt
triton200,triton200,Triton 200 稀释制冷机是由Oxford Instruments生产的专业实验设备。,深低温冰箱,深低温冰箱(device_template_tag),10,auto-controlled_ramp_off|auto-controlled_ramp_on|auto-extract_value|auto-query_and_receive|auto-temperature|auto-temperature_channel|auto-temperature_setpoint|auto-turbo_off|auto-turbo_on|auto-update_heater,controlled_ramp_off|controlled_ramp_on|extract_value|query_and_receive|temperature|temperature_channel|temperature_setpoint|turbo_off|turbo_on|update_heater,13,Uni-Lab-OS/community_drivers/triton200/info.txt
tron1_bridge,tron1_bridge,Tron1 Bridge是一款机械臂，主要功能包括设备连接。,机械臂,机械臂(device_template_tag),4,auto-cmd_vel_callback|auto-connect_ws|auto-destroy_node|auto-send_loop,cmd_vel_callback|connect_ws|destroy_node|send_loop,6,Uni-Lab-OS/community_drivers/tron1_bridge/info.txt
tron1_odom_bridge,tron1_odom_bridge,Tron1 Odom Bridge是一款实验执行&合成设备，主要功能包括使能、关闭、打开、设备连接。,实验执行&合成设备,实验执行&合成设备(experimental_step),8,auto-destroy_node|auto-handle_odom|auto-on_close|auto-on_error|auto-on_message|auto-on_open|auto-send_enable_odom|auto-websocket_loop,destroy_node|handle_odom|on_close|on_error|on_message|on_open|send_enable_odom|websocket_loop,11,Uni-Lab-OS/community_drivers/tron1_odom_bridge/info.txt
tti_ql355tp,tti_ql355tp,TTI Ql355tp是由TTi (Thurlby Thandar)生产的专业实验设备。,实验执行&合成设备,实验执行&合成设备(experimental_step),14,auto-ask|auto-get_current|auto-get_current_limit|auto-get_name|auto-get_set_voltage|auto-get_voltage|auto-init|auto-read|auto-reinit|auto-reset_trip|auto-set_current_limit|auto-set_enable|auto-set_voltage|auto-write,ask|get_current|get_current_limit|get_name|get_set_voltage|get_voltage|init|read|reinit|reset_trip|set_current_limit|set_enable|set_voltage|write,15,Uni-Lab-OS/community_drivers/tti_ql355tp/info.txt
ttipl330_p,ttipl330_p,Ttipl330 P是由TTi (Thurlby Thandar)生产的专业实验设备。,实验执行&合成设备,实验执行&合成设备(experimental_step),3,auto-current|auto-output|auto-volts,current|output|volts,6,Uni-Lab-OS/community_drivers/ttipl330_p/info.txt
tub,tub,TUB是一款后处理设备，主要功能包括写入数据、成像、记录、读取数据、运动控制、运行。,后处理设备,后处理设备(experimental_step),17,auto-check|auto-delete|auto-erase_last_n_records|auto-erase_record|auto-exclude_index|auto-excluded|auto-gather_records|auto-include_index|auto-make_file_name|auto-make_record_paths_absolute|auto-put_record|auto-read_record|auto-remove_record|auto-shutdown|auto-update_df|auto-write_exclude|auto-write_json_record,check|delete|erase_last_n_records|erase_record|exclude_index|excluded|gather_records|include_index|make_file_name|make_record_paths_absolute|put_record|read_record|remove_record|shutdown|update_df|write_exclude|write_json_record,46,Uni-Lab-OS/community_drivers/tub/info.txt
tun_interface,tun_interface,TUN Interface是由Open Standard生产的专业实验设备。,实验执行&合成设备,实验执行&合成设备(experimental_step),7,auto-addr_add|auto-addr_del|auto-close|auto-command|auto-ifconfig|auto-ping6|auto-write,addr_add|addr_del|close|command|ifconfig|ping6|write,12,Uni-Lab-OS/community_drivers/tun_interface/info.txt
twisted_connection,twisted_connection,Twisted Connection是一款实验执行&合成设备，主要功能包括设备连接。,实验执行&合成设备,实验执行&合成设备(experimental_step),11,auto-connected|auto-context|auto-disconnect|auto-getServerInfo|auto-getServersList|auto-getSettingInfo|auto-getSettingInfoByName|auto-getSettingsList|auto-sendMessage|auto-sendRequest|auto-spawn,connected|context|disconnect|getServerInfo|getServersList|getSettingInfo|getSettingInfoByName|getSettingsList|sendMessage|sendRequest|spawn,17,Uni-Lab-OS/community_drivers/twisted_connection/info.txt
typhos_alarm,typhos_alarm,Typhos Alarm是由SLAC National Accelerator Lab生产的实验执行&合成设备，主要功能包括复位、设备连接、设置、过滤。,实验执行&合成设备,实验执行&合成设备(experimental_step),16,auto-add_device|auto-alarm|auto-channel|auto-channels|auto-clear_all_alarm_configs|auto-describe|auto-eventFilter|auto-kindLevel|auto-reset_alarm_state|auto-set_alarm_color|auto-setup_alarm_config|auto-show_alarm_tooltip|auto-update_alarm_config|auto-update_connection|auto-update_current_alarm|auto-update_severity,add_device|alarm|channel|channels|clear_all_alarm_configs|describe|eventFilter|kindLevel|reset_alarm_state|set_alarm_color|setup_alarm_config|show_alarm_tooltip|update_alarm_config|update_connection|update_current_alarm|update_severity,26,Uni-Lab-OS/community_drivers/typhos_alarm/info.txt
typhos_text_edit,typhos_text_edit,Typhos/EPICS设备参数文本编辑界面组件，用于同步辐射光源控制系统。,实验执行&合成设备,实验执行&合成设备(experimental_step),4,auto-send_value|auto-set_display|auto-value_changed|auto-write_access_changed,send_value|set_display|value_changed|write_access_changed,15,Uni-Lab-OS/community_drivers/typhos_text_edit/info.txt
u12,u12,U12驱动，支持initialize/finalize/analog in/analog dif in/analog out等7个操作。,表征设备,表征设备(experimental_step),7,auto-U12|auto-analog_dif_in|auto-analog_in|auto-analog_out|auto-digital_in_out|auto-finalize|auto-initialize,U12|analog_dif_in|analog_in|analog_out|digital_in_out|finalize|initialize,8,Uni-Lab-OS/community_drivers/u12/info.txt
ucan,ucan,Ucan是由Open Standard生产的专业实验设备。,实验执行&合成设备,实验执行&合成设备(experimental_step),2,auto-can_msg_received_event|auto-read_can_msg,can_msg_received_event|read_can_msg,13,Uni-Lab-OS/community_drivers/ucan/info.txt
udp_client,udp_client,Udp Client是由Open Standard生产的实验执行&合成设备，主要功能包括关闭、启动、记录、设备连接。,实验执行&合成设备,实验执行&合成设备(experimental_step),37,auto-addpackers|auto-call_0|auto-callit|auto-do_call|auto-dump|auto-forkingloop|auto-forksession|auto-get_port|auto-handle|auto-handle_0|auto-loop|auto-make_call|auto-mkcred|auto-mkverf|auto-my_reply_handler|auto-pack_auth|auto-pack_auth_unix|auto-pack_call_args|auto-pack_callheader|auto-pack_mapping|auto-pack_pmaplist|auto-pack_replyheader|auto-register|auto-session|auto-set|auto-set_reply_handler|auto-set_timeout|auto-start_call|auto-turn_around|auto-unpack_auth|auto-unpack_call_result|auto-unpack_callheader|auto-unpack_mapping|auto-unpack_pmaplist|auto-unpack_replyheader|auto-unregister|auto-unset,addpackers|call_0|callit|do_call|dump|forkingloop|forksession|get_port|handle|handle_0|loop|make_call|mkcred|mkverf|my_reply_handler|pack_auth|pack_auth_unix|pack_call_args|pack_callheader|pack_mapping|pack_pmaplist|pack_replyheader|register|session|set|set_reply_handler|set_timeout|start_call|turn_around|unpack_auth|unpack_call_result|unpack_callheader|unpack_mapping|unpack_pmaplist|unpack_replyheader|unregister|unset,72,Uni-Lab-OS/community_drivers/udp_client/info.txt
udp_handler,udp_handler,UDP Handler是由Open Standard生产的专业实验设备。,实验执行&合成设备,实验执行&合成设备(experimental_step),1,auto-receive_new_scan_segment,receive_new_scan_segment,4,Uni-Lab-OS/community_drivers/udp_handler/info.txt
udp_multicast_bus,udp_multicast_bus,UDP Multicast BUS是由Open Standard生产的实验执行&合成设备。,实验执行&合成设备,实验执行&合成设备(experimental_step),4,auto-fileno|auto-is_fd|auto-send|auto-shutdown,fileno|is_fd|send|shutdown,13,Uni-Lab-OS/community_drivers/udp_multicast_bus/info.txt
udp_sampler,udp_sampler,UDP Sampler是由Open Standard生产的专业实验设备。,实验执行&合成设备,实验执行&合成设备(experimental_step),10,auto-close_file|auto-create_socket_connection|auto-enable|auto-get_useful_packets|auto-init_new_process|auto-outfile_name|auto-post_run|auto-pre_run|auto-record|auto-run,close_file|create_socket_connection|enable|get_useful_packets|init_new_process|outfile_name|post_run|pre_run|record|run,16,Uni-Lab-OS/community_drivers/udp_sampler/info.txt
udp_value_pub,udp_value_pub,UDP Value PUB是由Open Standard生产的实验执行&合成设备，主要功能包括复位、设备连接、读取数据、运行。,实验执行&合成设备,实验执行&合成设备(experimental_step),2,auto-run|auto-shutdown,run|shutdown,37,Uni-Lab-OS/community_drivers/udp_value_pub/info.txt
udp_value_sub,udp_value_sub,UDP Value SUB是由Open Standard生产的实验执行&合成设备，主要功能包括复位、设备连接、读取数据、运行。,实验执行&合成设备,实验执行&合成设备(experimental_step),5,auto-poll|auto-run|auto-run_threaded|auto-shutdown|auto-update,poll|run|run_threaded|shutdown|update,37,Uni-Lab-OS/community_drivers/udp_value_sub/info.txt
uhf_device,uhf_device,Zurich Instruments UHF Lock-in Amplifier 仪器 锁相放大器是由Zurich Instruments生产的专业实验设备。,表征设备,表征设备(experimental_step),49,auto-awg_dio_snapshot|auto-calibrate_dio_protocol|auto-configure_awg_file|auto-configure_awg_string|auto-connect_device|auto-connect_server|auto-dio_snapshot|auto-dio_testmode|auto-direct|auto-do_get_screenshot|auto-do_single_shot|auto-extclk|auto-features|auto-find|auto-finds|auto-get_channel_data|auto-getd|auto-geti|auto-getv|auto-idn|auto-is_averaging_complete|auto-load_settings|auto-mode|auto-off|auto-on|auto-onOffMultiple|auto-poll|auto-read_scope|auto-reconnect|auto-restart|auto-sampleclk|auto-set_average_count|auto-set_averaging|auto-set_channel_scale|auto-set_format_real|auto-set_maximum_rate|auto-set_time_scale|auto-set_trigger_coupling|auto-set_trigger_ext|auto-set_trigger_level|auto-set_trigger_mode|auto-set_trigger_slope|auto-set_trigger_src|auto-setd|auto-seti|auto-setv|auto-subs|auto-sync|auto-unsubs,awg_dio_snapshot|calibrate_dio_protocol|configure_awg_file|configure_awg_string|connect_device|connect_server|dio_snapshot|dio_testmode|direct|do_get_screenshot|do_single_shot|extclk|features|find|finds|get_channel_data|getd|geti|getv|idn|is_averaging_complete|load_settings|mode|off|on|onOffMultiple|poll|read_scope|reconnect|restart|sampleclk|set_average_count|set_averaging|set_channel_scale|set_format_real|set_maximum_rate|set_time_scale|set_trigger_coupling|set_trigger_ext|set_trigger_level|set_trigger_mode|set_trigger_slope|set_trigger_src|setd|seti|setv|subs|sync|unsubs,76,Uni-Lab-OS/community_drivers/uhf_device/info.txt
uhfli,uhfli,Zurich Instruments UHFLI 锁相放大器是由Zurich Instruments生产的专业实验设备。,表征设备,表征设备(experimental_step),10,auto-check_status|auto-compile_sequencer_program|auto-enable_sequencer|auto-load_from_device|auto-load_sequencer_program|auto-load_validation_schema|auto-read_from_waveform_memory|auto-upload_to_device|auto-wait_done|auto-write_to_waveform_memory,check_status|compile_sequencer_program|enable_sequencer|load_from_device|load_sequencer_program|load_validation_schema|read_from_waveform_memory|upload_to_device|wait_done|write_to_waveform_memory,14,Uni-Lab-OS/community_drivers/uhfli/info.txt
uhfqa,uhfqa,Zurich Instruments UHFQA Quantum Analyzer是由Zurich Instruments生产的专业实验设备。,表征设备,表征设备(experimental_step),14,auto-adjusted_delay|auto-check_status|auto-compile_sequencer_program|auto-crosstalk_matrix|auto-enable_qccs_mode|auto-enable_sequencer|auto-load_from_device|auto-load_sequencer_program|auto-load_validation_schema|auto-read_from_waveform_memory|auto-upload_to_device|auto-wait_done|auto-write_integration_weights|auto-write_to_waveform_memory,adjusted_delay|check_status|compile_sequencer_program|crosstalk_matrix|enable_qccs_mode|enable_sequencer|load_from_device|load_sequencer_program|load_validation_schema|read_from_waveform_memory|upload_to_device|wait_done|write_integration_weights|write_to_waveform_memory,20,Uni-Lab-OS/community_drivers/uhfqa/info.txt
uhfqa_core,uhfqa_core,UHFQA Core UHF量子分析仪核心模块是由维根技术（北京）有限公司（WIGGENS）生产的专业实验设备。,移液工作站,移液工作站(device_template_tag),24,auto-acquisition|auto-acquisition_arm|auto-acquisition_finalize|auto-acquisition_get|auto-acquisition_initialize|auto-acquisition_poll|auto-assure_ext_clock|auto-clear_errors|auto-clock_freq|auto-download_crosstalk_matrix|auto-load_default_settings|auto-print_correlation_overview|auto-print_crosstalk_overview|auto-print_deskew_overview|auto-print_integration_overview|auto-print_overview|auto-print_rotations_overview|auto-print_thresholds_overview|auto-print_user_regs_overview|auto-reset_acquisition_params|auto-reset_correlation_params|auto-reset_crosstalk_matrix|auto-reset_rotation_params|auto-upload_crosstalk_matrix,acquisition|acquisition_arm|acquisition_finalize|acquisition_get|acquisition_initialize|acquisition_poll|assure_ext_clock|clear_errors|clock_freq|download_crosstalk_matrix|load_default_settings|print_correlation_overview|print_crosstalk_overview|print_deskew_overview|print_integration_overview|print_overview|print_rotations_overview|print_thresholds_overview|print_user_regs_overview|reset_acquisition_params|reset_correlation_params|reset_crosstalk_matrix|reset_rotation_params|upload_crosstalk_matrix,36,Uni-Lab-OS/community_drivers/uhfqa_core/info.txt
uhfqc,uhfqc,Zurich Instruments UHF Quantum Controller 仪器是由Zurich Instruments生产的表征设备，主要功能包括加载、校准、称量、绘图、触发。,表征设备,表征设备(experimental_step),21,auto-awg_debug_acquisition|auto-awg_file|auto-awg_sequence_acquisition|auto-awg_sequence_acquisition_and_DIO_RED_test|auto-awg_sequence_acquisition_and_DIO_triggered_pulse|auto-awg_sequence_acquisition_and_pulse|auto-awg_sequence_acquisition_and_pulse_SSB|auto-awg_sequence_test_pattern|auto-awg_update_waveform|auto-calibrate_CC_dio_protocol|auto-calibrate_dio_protocol|auto-load_awg_program_from_file|auto-load_default_settings|auto-output_dio_calibration_data|auto-plot_dio|auto-plot_dio_snapshot|auto-prepare_DSB_weight_and_rotation|auto-prepare_SSB_weight_and_rotation|auto-snapshot_base|auto-spec_mode_off|auto-spec_mode_on,awg_debug_acquisition|awg_file|awg_sequence_acquisition|awg_sequence_acquisition_and_DIO_RED_test|awg_sequence_acquisition_and_DIO_triggered_pulse|awg_sequence_acquisition_and_pulse|awg_sequence_acquisition_and_pulse_SSB|awg_sequence_test_pattern|awg_update_waveform|calibrate_CC_dio_protocol|calibrate_dio_protocol|load_awg_program_from_file|load_default_settings|output_dio_calibration_data|plot_dio|plot_dio_snapshot|prepare_DSB_weight_and_rotation|prepare_SSB_weight_and_rotation|snapshot_base|spec_mode_off|spec_mode_on,39,Uni-Lab-OS/community_drivers/uhfqc/info.txt
up20,up20,UP20 超声波处理器是由Hielscher生产的专业实验设备。,超声破碎仪,超声破碎仪(device_template_tag),37,auto-BulkIn|auto-BulkOut|auto-BulkOutFour|auto-BulkOutLarge|auto-BulkOutTwo|auto-BulkOutTwo512|auto-ControlIn|auto-ControlOut|auto-DLImgs|auto-Init1004|auto-InitArrays|auto-InitOn|auto-InitOneA|auto-InitRegisters|auto-InitSeries10|auto-Read512|auto-StartRun|auto-checkAddress|auto-checkAddressFull|auto-createLoop|auto-createLoopDoppler|auto-fastMotor|auto-freeze|auto-getImages|auto-getImagesDoppler|auto-getRawImages|auto-getUSBImages|auto-initProbe|auto-progIt|auto-readWrite|auto-saveImage|auto-startAcq|auto-startDoppler|auto-startMotor|auto-stopAcq|auto-stopMotor|auto-unfreeze,BulkIn|BulkOut|BulkOutFour|BulkOutLarge|BulkOutTwo|BulkOutTwo512|ControlIn|ControlOut|DLImgs|Init1004|InitArrays|InitOn|InitOneA|InitRegisters|InitSeries10|Read512|StartRun|checkAddress|checkAddressFull|createLoop|createLoopDoppler|fastMotor|freeze|getImages|getImagesDoppler|getRawImages|getUSBImages|initProbe|progIt|readWrite|saveImage|startAcq|startDoppler|startMotor|stopAcq|stopMotor|unfreeze,49,Uni-Lab-OS/community_drivers/up20/info.txt
uploader,uploader,Uploader驱动，支持hide ioconfig/init ui/load config/on close/on combo等38个操作。,后处理设备,后处理设备(experimental_step),38,auto-clear_master_en|auto-clear_slave_en|auto-enable_forms|auto-enable_master|auto-enable_override|auto-enable_slave|auto-enable_tcp|auto-exclude_en_pins|auto-get_config|auto-get_values|auto-hide_ioconfig|auto-init_ui|auto-load_config|auto-on_close|auto-on_combo|auto-on_config_change|auto-on_dns|auto-on_gw|auto-on_id|auto-on_inputs|auto-on_io_change|auto-on_ip|auto-on_mac|auto-on_pin_change|auto-on_pins|auto-on_port|auto-on_result|auto-on_subnet|auto-on_timer|auto-on_update|auto-on_upload|auto-on_wifi|auto-save_config|auto-send_pin_change|auto-set_values|auto-update_inputs|auto-update_src|auto-update_text_ctrl,clear_master_en|clear_slave_en|enable_forms|enable_master|enable_override|enable_slave|enable_tcp|exclude_en_pins|get_config|get_values|hide_ioconfig|init_ui|load_config|on_close|on_combo|on_config_change|on_dns|on_gw|on_id|on_inputs|on_io_change|on_ip|on_mac|on_pin_change|on_pins|on_port|on_result|on_subnet|on_timer|on_update|on_upload|on_wifi|save_config|send_pin_change|set_values|update_inputs|update_src|update_text_ctrl,61,Uni-Lab-OS/community_drivers/uploader/info.txt
us_blini,us_blini,USBlini LIN总线适配器设备驱动。,实验执行&合成设备,实验执行&合成设备(experimental_step),18,auto-clear_errorflags|auto-close|auto-echo_test|auto-frame_listener_add|auto-frame_listener_remove|auto-logic_listener_add|auto-logic_listener_remove|auto-master_set_sequence|auto-master_write|auto-open|auto-reset|auto-set_baudrate|auto-slave_set_frame|auto-start_bootloader|auto-statusreport_listener_add|auto-statusreport_listener_remove|auto-usbtransfer_ep1_callback|auto-usbtransfer_ep2_callback,clear_errorflags|close|echo_test|frame_listener_add|frame_listener_remove|logic_listener_add|logic_listener_remove|master_set_sequence|master_write|open|reset|set_baudrate|slave_set_frame|start_bootloader|statusreport_listener_add|statusreport_listener_remove|usbtransfer_ep1_callback|usbtransfer_ep2_callback,32,Uni-Lab-OS/community_drivers/us_blini/info.txt
us_btin,us_btin,USBtin CAN总线适配器是一款实验执行&合成设备，主要功能包括关闭、写入数据、打开、设备连接、读取数据、过滤。,实验执行&合成设备,实验执行&合成设备(experimental_step),17,auto-add_message_listener|auto-close_can_channel|auto-connect|auto-disconnect|auto-open_can_channel|auto-read_response|auto-remove_message_listener|auto-rx_thread|auto-send|auto-send_first_tx_fifo_message|auto-set_filter|auto-start_rx_thread|auto-stop_rx_thread|auto-transmit|auto-write_mcp_filter_mask_registers|auto-write_mcp_filter_registers|auto-write_mcp_register,add_message_listener|close_can_channel|connect|disconnect|open_can_channel|read_response|remove_message_listener|rx_thread|send|send_first_tx_fifo_message|set_filter|start_rx_thread|stop_rx_thread|transmit|write_mcp_filter_mask_registers|write_mcp_filter_registers|write_mcp_register,21,Uni-Lab-OS/community_drivers/us_btin/info.txt
usb2000,usb2000,Usb2000是由Ocean Insight生产的实验执行&合成设备，主要功能包括初始化、数据保存、状态查询、读取数据。,实验执行&合成设备,实验执行&合成设备(experimental_step),3,auto-doInitializeDevice|auto-getSpectrumData|auto-setIntegrationTime,doInitializeDevice|getSpectrumData|setIntegrationTime,39,Uni-Lab-OS/community_drivers/usb2000/info.txt
usb2_fir,usb2_fir,Usb2 FIR是一款实验执行&合成设备，主要功能包括停止、写入数据、初始化、启动、状态查询、读取数据。,实验执行&合成设备,实验执行&合成设备(experimental_step),11,auto-bulkread|auto-echo_test|auto-get_capability|auto-get_status|auto-initializeFrame|auto-read_memory|auto-start_bfmode|auto-start_bootloader|auto-stop_bfmode|auto-updateFrame|auto-write_memory,bulkread|echo_test|get_capability|get_status|initializeFrame|read_memory|start_bfmode|start_bootloader|stop_bfmode|updateFrame|write_memory,18,Uni-Lab-OS/community_drivers/usb2_fir/info.txt
usb4000,usb4000,Ocean Optics USB4000 光纤光谱仪是由Ocean Insight (Ocean Optics)生产的专业实验设备。,表征设备,表征设备(experimental_step),9,auto-firmware_version|auto-get_status|auto-initialize|auto-integration_time|auto-pcb_temperature|auto-query_config|auto-request_spectra|auto-reset|auto-trigger,firmware_version|get_status|initialize|integration_time|pcb_temperature|query_config|request_spectra|reset|trigger,10,Uni-Lab-OS/community_drivers/usb4000/info.txt
usb4000_2000_plus,usb4000_2000_plus,Usb4000 2000 Plus是由Ocean Insight生产的实验执行&合成设备，主要功能包括初始化、数据保存、状态查询、读取数据。,实验执行&合成设备,实验执行&合成设备(experimental_step),5,auto-doInitializeDevice|auto-getSpectrumData|auto-isSpectrumReady|auto-isSpectrumRequested|auto-setIntegrationTime,doInitializeDevice|getSpectrumData|isSpectrumReady|isSpectrumRequested|setIntegrationTime,39,Uni-Lab-OS/community_drivers/usb4000_2000_plus/info.txt
usb_class,usb_class,Usb Class驱动，支持init/checkConnections/connectUsb/set/poll等8个操作。,实验执行&合成设备,实验执行&合成设备(experimental_step),8,auto-checkConnections|auto-closing|auto-connectUsb|auto-init|auto-poll|auto-receive|auto-restartTimer|auto-set,checkConnections|closing|connectUsb|init|poll|receive|restartTimer|set,9,Uni-Lab-OS/community_drivers/usb_class/info.txt
usb_comm_obp,usb_comm_obp,ABB Ltd Usb Comm Obp是由ABB Ltd生产的实验执行&合成设备，主要功能包括关闭、打开、读取数据。,实验执行&合成设备,实验执行&合成设备(experimental_step),12,auto-close_device|auto-innitiate_query|auto-is_open|auto-open_device|auto-query|auto-receive_query|auto-send_command|auto-set_default_read|auto-usb_read_highspeed|auto-usb_read_highspeed_alt|auto-usb_read_lowspeed|auto-usb_send,close_device|innitiate_query|is_open|open_device|query|receive_query|send_command|set_default_read|usb_read_highspeed|usb_read_highspeed_alt|usb_read_lowspeed|usb_send,21,Uni-Lab-OS/community_drivers/usb_comm_obp/info.txt
usb_comm_ooi,usb_comm_ooi,ABB Ltd Usb Comm Ooi是由ABB Ltd生产的实验执行&合成设备，主要功能包括关闭、打开、读取数据。,实验执行&合成设备,实验执行&合成设备(experimental_step),12,auto-close_device|auto-innitiate_query|auto-is_open|auto-open_device|auto-query|auto-receive_query|auto-send_command|auto-set_default_read|auto-usb_read_highspeed|auto-usb_read_highspeed_alt|auto-usb_read_lowspeed|auto-usb_send,close_device|innitiate_query|is_open|open_device|query|receive_query|send_command|set_default_read|usb_read_highspeed|usb_read_highspeed_alt|usb_read_lowspeed|usb_send,21,Uni-Lab-OS/community_drivers/usb_comm_ooi/info.txt
usb_communicator,usb_communicator,Usb Communicator驱动，支持address/close/flush input/read raw/seek等9个操作。,实验执行&合成设备,实验执行&合成设备(experimental_step),9,auto-address|auto-close|auto-flush_input|auto-read_raw|auto-seek|auto-tell|auto-terminator|auto-timeout|auto-write_raw,address|close|flush_input|read_raw|seek|tell|terminator|timeout|write_raw,15,Uni-Lab-OS/community_drivers/usb_communicator/info.txt
usb_device,usb_device,USB Device Interface是由Open Standard生产的实验执行&合成设备，主要功能包括写入数据、读取数据。,实验执行&合成设备,实验执行&合成设备(experimental_step),5,auto-read|auto-read_raw|auto-write|auto-write_read|auto-write_read_raw,read|read_raw|write|write_read|write_read_raw,6,Uni-Lab-OS/community_drivers/usb_device/info.txt
usb_device_description,usb_device_description,USB Device Description是由Open Standard生产的实验执行&合成设备，主要功能包括打开、设备连接、读取数据。,实验执行&合成设备,实验执行&合成设备(experimental_step),21,auto-assertEqual|auto-assertFalseOrRaise|auto-assertNotEqual|auto-assertRaise|auto-assertTrue|auto-bsdPath|auto-bsdPathMatches|auto-canReadWritePOSIXCommands|auto-canReadWriteUSBCommands|auto-diagnoseConnectivity|auto-hasUniquePOSIXPortMatch|auto-isValidPOSIXPath|auto-isVisible|auto-isVisibleAsPOSIXPort|auto-isVisibleOnUSBHub|auto-portCanBeOpened|auto-posixPort|auto-posixPortCanBeOpened|auto-report|auto-usbPort|auto-usbPortCanBeOpened,assertEqual|assertFalseOrRaise|assertNotEqual|assertRaise|assertTrue|bsdPath|bsdPathMatches|canReadWritePOSIXCommands|canReadWriteUSBCommands|diagnoseConnectivity|hasUniquePOSIXPortMatch|isValidPOSIXPath|isVisible|isVisibleAsPOSIXPort|isVisibleOnUSBHub|portCanBeOpened|posixPort|posixPortCanBeOpened|report|usbPort|usbPortCanBeOpened,25,Uni-Lab-OS/community_drivers/usb_device_description/info.txt
usb_driver,usb_driver,Usb Driver驱动，支持finalize/raw recv/raw send/recv/send等7个操作。,实验执行&合成设备,实验执行&合成设备(experimental_step),7,auto-build_array|auto-finalize|auto-from_bytes|auto-raw_recv|auto-raw_send|auto-recv|auto-send,build_array|finalize|from_bytes|raw_recv|raw_send|recv|send,10,Uni-Lab-OS/community_drivers/usb_driver/info.txt
usb_port,usb_port,USB Port是由Open Standard生产的实验执行&合成设备，主要功能包括关闭、写入数据、打开、读取数据。,实验执行&合成设备,实验执行&合成设备(experimental_step),10,auto-allDevices|auto-bytesAvailable|auto-close|auto-flush|auto-isNotOpen|auto-isOpen|auto-open|auto-readData|auto-readString|auto-writeData,allDevices|bytesAvailable|close|flush|isNotOpen|isOpen|open|readData|readString|writeData,11,Uni-Lab-OS/community_drivers/usb_port/info.txt
usb_train_id,usb_train_id,USB Train ID是由European XFEL生产的专业实验设备。,表征设备,表征设备(experimental_step),2,auto-connect_device|auto-run,connect_device|run,4,Uni-Lab-OS/community_drivers/usb_train_id/info.txt
usbctr,usbctr,Measurement Computing USB Counter/Timer是由Measurement Computing (MCC)生产的表征设备，主要功能包括停止、启动、扫描、数据保存、读取数据。,表征设备,表征设备(experimental_step),22,auto-ContinuousMode|auto-ExternalMode|auto-InternalMode|auto-NDArrayMode|auto-ROIMode|auto-ScalerMode|auto-apply_offsets|auto-arm|auto-config_filesaver|auto-disarm|auto-erase|auto-get_arraydata|auto-mcaNread|auto-post_scan|auto-pre_scan|auto-read_all_mcas|auto-read_scaler_config|auto-readmca|auto-save_arraydata|auto-set_dwelltime|auto-start|auto-stop,ContinuousMode|ExternalMode|InternalMode|NDArrayMode|ROIMode|ScalerMode|apply_offsets|arm|config_filesaver|disarm|erase|get_arraydata|mcaNread|post_scan|pre_scan|read_all_mcas|read_scaler_config|readmca|save_arraydata|set_dwelltime|start|stop,28,Uni-Lab-OS/community_drivers/usbctr/info.txt
usbtmc_communicator,usbtmc_communicator,Usbtmc Communicator驱动，支持close/flush input/read/read raw/seek等11个操作。,实验执行&合成设备,实验执行&合成设备(experimental_step),11,auto-address|auto-close|auto-flush_input|auto-read|auto-read_raw|auto-seek|auto-tell|auto-terminator|auto-timeout|auto-write|auto-write_raw,address|close|flush_input|read|read_raw|seek|tell|terminator|timeout|write|write_raw,16,Uni-Lab-OS/community_drivers/usbtmc_communicator/info.txt
usbtmc_device,usbtmc_device,USB TMC Instrument Interface是由Open Standard (USBTMC)生产的实验执行&合成设备，主要功能包括写入数据、读取数据。,实验执行&合成设备,实验执行&合成设备(experimental_step),3,auto-ask|auto-read|auto-write,ask|read|write,5,Uni-Lab-OS/community_drivers/usbtmc_device/info.txt
usbtmc_driver,usbtmc_driver,Usbtmc Driver是由Open Standard (USBTMC)生产的实验执行&合成设备。,实验执行&合成设备,实验执行&合成设备(experimental_step),4,auto-build_array|auto-from_bytes|auto-recv|auto-send,build_array|from_bytes|recv|send,10,Uni-Lab-OS/community_drivers/usbtmc_driver/info.txt
usbtmclight,usbtmclight,Usbtmclight是由Open Standard (USBTMC)生产的专业实验设备。,实验执行&合成设备,实验执行&合成设备(experimental_step),12,auto-activate_recipe|auto-get_intensity|auto-get_run_status|auto-get_runtime|auto-get_status|auto-get_temperatures|auto-off|auto-on|auto-query_on_state|auto-set_intensity|auto-set_runtime|auto-set_state,activate_recipe|get_intensity|get_run_status|get_runtime|get_status|get_temperatures|off|on|query_on_state|set_intensity|set_runtime|set_state,15,Uni-Lab-OS/community_drivers/usbtmclight/info.txt
ux_rxxx2_a,ux_rxxx2_a,Keysight UXR 双通道示波器 示波器是由Keysight Technologies生产的表征设备，主要功能包括测量、设置。,表征设备,表征设备(experimental_step),2,auto-measureStatistics|auto-setupAutoscale,measureStatistics|setupAutoscale,6,Uni-Lab-OS/community_drivers/ux_rxxx2_a/info.txt
ux_rxxx4_a,ux_rxxx4_a,Keysight UXR 四通道示波器 示波器是由Keysight Technologies生产的表征设备，主要功能包括测量、设置。,表征设备,表征设备(experimental_step),2,auto-measureStatistics|auto-setupAutoscale,measureStatistics|setupAutoscale,6,Uni-Lab-OS/community_drivers/ux_rxxx4_a/info.txt
uxbus_cmd,uxbus_cmd,UFACTORY Uxbus Cmd是由UFACTORY (xArm)生产的机械臂，主要功能包括使能、功率读取、加载、复位、归零校准、数据保存。,机械臂,机械臂(device_template_tag),193,auto-cali_tcp_orient|auto-cali_tcp_pose|auto-cali_user_orient|auto-cali_user_pos|auto-cancel_timer|auto-cgpio_delay_set_digital|auto-cgpio_get_analog1|auto-cgpio_get_analog2|auto-cgpio_get_auxdigit|auto-cgpio_get_state|auto-cgpio_position_set_analog|auto-cgpio_position_set_digital|auto-cgpio_set_analog1|auto-cgpio_set_analog2|auto-cgpio_set_auxdigit|auto-cgpio_set_infun|auto-cgpio_set_outfun|auto-check_feedback|auto-check_verification|auto-clean_conf|auto-clean_err|auto-clean_war|auto-cnter_plus|auto-cnter_reset|auto-config_force_control|auto-config_io_stop_reset|auto-ft_sensor_app_get|auto-ft_sensor_app_set|auto-ft_sensor_cali_load|auto-ft_sensor_enable|auto-ft_sensor_get_config|auto-ft_sensor_get_data|auto-ft_sensor_get_error|auto-ft_sensor_iden_load|auto-ft_sensor_set_zero|auto-get_allow_approx_motion|auto-get_cmdnum|auto-get_common_info|auto-get_common_param|auto-get_dh_params|auto-get_err_code|auto-get_fk|auto-get_hd_types|auto-get_ik|auto-get_joint_pos|auto-get_joint_states|auto-get_joint_tau|auto-get_max_joint_velocity|auto-get_movement|auto-get_nfp32|auto-get_nfp32_with_datas|auto-get_nu16|auto-get_nu8|auto-get_pose_offset|auto-get_position_aa|auto-get_power_board_version|auto-get_reduced_mode|auto-get_reduced_states|auto-get_report_tau_or_i|auto-get_robot_sn|auto-get_safe_level|auto-get_state|auto-get_tcp_pose|auto-get_tcp_rotation_radius|auto-get_traj_rw_status|auto-get_traj_speeding|auto-get_version|auto-getset_nu8|auto-gripper_addr_r16|auto-gripper_addr_r32|auto-gripper_addr_w16|auto-gripper_addr_w32|auto-gripper_clean_err|auto-gripper_get_errcode|auto-gripper_get_pos|auto-gripper_modbus_clean_err|auto-gripper_modbus_get_errcode|auto-gripper_modbus_get_pos|auto-gripper_modbus_r16s|auto-gripper_modbus_set_en|auto-gripper_modbus_set_mode|auto-gripper_modbus_set_pos|auto-gripper_modbus_set_posspd|auto-gripper_modbus_set_zero|auto-gripper_modbus_w16s|auto-gripper_set_en|auto-gripper_set_mode|auto-gripper_set_pos|auto-gripper_set_posspd|auto-gripper_set_zero|auto-iden_joint_friction|auto-iden_load|auto-iden_tcp_load|auto-is_joint_limit|auto-is_nfp32|auto-is_tcp_limit|auto-last_comm_time|auto-linear_motor_modbus_r16s|auto-linear_motor_modbus_w16s|auto-load_traj|auto-motion_en|auto-move_circle|auto-move_circle_common|auto-move_gohome|auto-move_joint|auto-move_jointb|auto-move_line|auto-move_line_aa|auto-move_line_common|auto-move_line_tool|auto-move_lineb|auto-move_relative|auto-move_servo_cart_aa|auto-move_servo_cartesian|auto-move_servoj|auto-playback_traj|auto-playback_traj_old|auto-recv_modbus_response|auto-reload_dynamics|auto-save_conf|auto-save_traj|auto-send_hex_cmd|auto-send_modbus_request|auto-servo_addr_r16|auto-servo_addr_r32|auto-servo_addr_w16|auto-servo_addr_w32|auto-servo_error_addr_r32|auto-servo_get_dbmsg|auto-servo_set_zero|auto-set_admittance|auto-set_admittance_config|auto-set_admittance_mbk|auto-set_allow_approx_motion|auto-set_brake|auto-set_cartesian_velo_continuous|auto-set_collis_reb|auto-set_collis_sens|auto-set_collision_tool_model|auto-set_common_param|auto-set_debug|auto-set_dh_params|auto-set_feedback_type|auto-set_fense_on|auto-set_force_control_pid|auto-set_gravity_dir|auto-set_joint_jerk|auto-set_joint_maxacc|auto-set_modbus_baudrate|auto-set_modbus_tcp_data|auto-set_modbus_timeout|auto-set_mode|auto-set_nfp32|auto-set_nfp32_with_bytes|auto-set_nint32|auto-set_nu16|auto-set_nu8|auto-set_record_traj|auto-set_reduced_jointspeed|auto-set_reduced_jrange|auto-set_reduced_linespeed|auto-set_reduced_mode|auto-set_report_tau_or_i|auto-set_safe_level|auto-set_self_collision_detection|auto-set_simulation_robot|auto-set_state|auto-set_tcp_jerk|auto-set_tcp_load|auto-set_tcp_maxacc|auto-set_tcp_offset|auto-set_teach_sens|auto-set_timeout|auto-set_timer|auto-set_world_offset|auto-set_xyz_limits|auto-sleep_instruction|auto-state_is_ready|auto-swop_nfp32|auto-system_control|auto-tgpio_addr_r16|auto-tgpio_addr_r32|auto-tgpio_addr_w16|auto-tgpio_addr_w32|auto-tgpio_delay_set_digital|auto-tgpio_get_analog1|auto-tgpio_get_analog2|auto-tgpio_get_digital|auto-tgpio_position_set_digital|auto-tgpio_set_digital|auto-tgpio_set_modbus|auto-vc_set_jointv|auto-vc_set_linev,cali_tcp_orient|cali_tcp_pose|cali_user_orient|cali_user_pos|cancel_timer|cgpio_delay_set_digital|cgpio_get_analog1|cgpio_get_analog2|cgpio_get_auxdigit|cgpio_get_state|cgpio_position_set_analog|cgpio_position_set_digital|cgpio_set_analog1|cgpio_set_analog2|cgpio_set_auxdigit|cgpio_set_infun|cgpio_set_outfun|check_feedback|check_verification|clean_conf|clean_err|clean_war|cnter_plus|cnter_reset|config_force_control|config_io_stop_reset|ft_sensor_app_get|ft_sensor_app_set|ft_sensor_cali_load|ft_sensor_enable|ft_sensor_get_config|ft_sensor_get_data|ft_sensor_get_error|ft_sensor_iden_load|ft_sensor_set_zero|get_allow_approx_motion|get_cmdnum|get_common_info|get_common_param|get_dh_params|get_err_code|get_fk|get_hd_types|get_ik|get_joint_pos|get_joint_states|get_joint_tau|get_max_joint_velocity|get_movement|get_nfp32|get_nfp32_with_datas|get_nu16|get_nu8|get_pose_offset|get_position_aa|get_power_board_version|get_reduced_mode|get_reduced_states|get_report_tau_or_i|get_robot_sn|get_safe_level|get_state|get_tcp_pose|get_tcp_rotation_radius|get_traj_rw_status|get_traj_speeding|get_version|getset_nu8|gripper_addr_r16|gripper_addr_r32|gripper_addr_w16|gripper_addr_w32|gripper_clean_err|gripper_get_errcode|gripper_get_pos|gripper_modbus_clean_err|gripper_modbus_get_errcode|gripper_modbus_get_pos|gripper_modbus_r16s|gripper_modbus_set_en|gripper_modbus_set_mode|gripper_modbus_set_pos|gripper_modbus_set_posspd|gripper_modbus_set_zero|gripper_modbus_w16s|gripper_set_en|gripper_set_mode|gripper_set_pos|gripper_set_posspd|gripper_set_zero|iden_joint_friction|iden_load|iden_tcp_load|is_joint_limit|is_nfp32|is_tcp_limit|last_comm_time|linear_motor_modbus_r16s|linear_motor_modbus_w16s|load_traj|motion_en|move_circle|move_circle_common|move_gohome|move_joint|move_jointb|move_line|move_line_aa|move_line_common|move_line_tool|move_lineb|move_relative|move_servo_cart_aa|move_servo_cartesian|move_servoj|playback_traj|playback_traj_old|recv_modbus_response|reload_dynamics|save_conf|save_traj|send_hex_cmd|send_modbus_request|servo_addr_r16|servo_addr_r32|servo_addr_w16|servo_addr_w32|servo_error_addr_r32|servo_get_dbmsg|servo_set_zero|set_admittance|set_admittance_config|set_admittance_mbk|set_allow_approx_motion|set_brake|set_cartesian_velo_continuous|set_collis_reb|set_collis_sens|set_collision_tool_model|set_common_param|set_debug|set_dh_params|set_feedback_type|set_fense_on|set_force_control_pid|set_gravity_dir|set_joint_jerk|set_joint_maxacc|set_modbus_baudrate|set_modbus_tcp_data|set_modbus_timeout|set_mode|set_nfp32|set_nfp32_with_bytes|set_nint32|set_nu16|set_nu8|set_record_traj|set_reduced_jointspeed|set_reduced_jrange|set_reduced_linespeed|set_reduced_mode|set_report_tau_or_i|set_safe_level|set_self_collision_detection|set_simulation_robot|set_state|set_tcp_jerk|set_tcp_load|set_tcp_maxacc|set_tcp_offset|set_teach_sens|set_timeout|set_timer|set_world_offset|set_xyz_limits|sleep_instruction|state_is_ready|swop_nfp32|system_control|tgpio_addr_r16|tgpio_addr_r32|tgpio_addr_w16|tgpio_addr_w32|tgpio_delay_set_digital|tgpio_get_analog1|tgpio_get_analog2|tgpio_get_digital|tgpio_position_set_digital|tgpio_set_digital|tgpio_set_modbus|vc_set_jointv|vc_set_linev,197,Uni-Lab-OS/community_drivers/uxbus_cmd/info.txt
uxbus_cmd_ser,uxbus_cmd_ser,Uxbus CMD SER是由UFactory生产的专业实验设备。,机械臂,机械臂(device_template_tag),7,auto-check_private_protocol|auto-check_protocol_header|auto-get_protocol_identifier|auto-has_err_warn|auto-recv_modbus_response|auto-send_modbus_request|auto-set_protocol_identifier,check_private_protocol|check_protocol_header|get_protocol_identifier|has_err_warn|recv_modbus_response|send_modbus_request|set_protocol_identifier,10,Uni-Lab-OS/community_drivers/uxbus_cmd_ser/info.txt
uxbus_cmd_tcp,uxbus_cmd_tcp,UFACTORY Uxbus Cmd Tcp是由UFACTORY (xArm)生产的机械臂，主要功能包括写入数据、日志记录、读取数据。,机械臂,机械臂(device_template_tag),17,auto-check_private_protocol|auto-check_protocol_header|auto-get_protocol_identifier|auto-has_err_warn|auto-mask_write_holding_register|auto-read_coil_bits|auto-read_holding_registers|auto-read_input_bits|auto-read_input_registers|auto-recv_modbus_response|auto-send_modbus_request|auto-set_protocol_identifier|auto-write_and_read_holding_registers|auto-write_multiple_coil_bits|auto-write_multiple_holding_registers|auto-write_single_coil_bit|auto-write_single_holding_register,check_private_protocol|check_protocol_header|get_protocol_identifier|has_err_warn|mask_write_holding_register|read_coil_bits|read_holding_registers|read_input_bits|read_input_registers|recv_modbus_response|send_modbus_request|set_protocol_identifier|write_and_read_holding_registers|write_multiple_coil_bits|write_multiple_holding_registers|write_single_coil_bit|write_single_holding_register,24,Uni-Lab-OS/community_drivers/uxbus_cmd_tcp/info.txt
uxr,uxr,UXR Series Real-Time Oscilloscope是由Keysight Technologies生产的表征设备，主要功能包括测量、设置。,表征设备,表征设备(experimental_step),2,auto-measureStatistics|auto-setupAutoscale,measureStatistics|setupAutoscale,7,Uni-Lab-OS/community_drivers/uxr/info.txt
v_spin_backend,v_spin_backend,V Spin Backend 后端模块是一款离心机，主要功能包括停止、关闭、初始化、加载、归零、打开。,离心机,离心机(device_template_tag),31,auto-bucket_1_remainder|auto-close_door|auto-configure_and_initialize|auto-g_to_rpm|auto-get_bucket_1_position|auto-get_bucket_locked|auto-get_door_locked|auto-get_door_open|auto-get_home_position|auto-get_position|auto-get_status|auto-get_tachometer|auto-go_to_bucket1|auto-go_to_bucket2|auto-go_to_position|auto-initialize|auto-load|auto-lock_bucket|auto-lock_door|auto-open_door|auto-park|auto-send_command|auto-serialize|auto-set_bucket_1_position_to_current|auto-set_configuration_data|auto-setup|auto-spin|auto-stop|auto-unload|auto-unlock_bucket|auto-unlock_door,bucket_1_remainder|close_door|configure_and_initialize|g_to_rpm|get_bucket_1_position|get_bucket_locked|get_door_locked|get_door_open|get_home_position|get_position|get_status|get_tachometer|go_to_bucket1|go_to_bucket2|go_to_position|initialize|load|lock_bucket|lock_door|open_door|park|send_command|serialize|set_bucket_1_position_to_current|set_configuration_data|setup|spin|stop|unload|unlock_bucket|unlock_door,45,Uni-Lab-OS/community_drivers/v_spin_backend/info.txt
vantage_backend,vantage_backend,Hamilton Vantage Liquid Handler 处理器是由Hamilton Company生产的专业实验设备。,移液工作站,移液工作站(device_template_tag),106,auto-arm_pre_initialize|auto-arm_request_instrument_initialization_status|auto-aspirate|auto-aspirate96|auto-calculates_check_sums_and_compares_them_with_the_value_saved_in_flash_eprom|auto-can_pick_up_tip|auto-check_fw_string_error|auto-core96_aspiration_of_liquid|auto-core96_dispensing_of_liquid|auto-core96_empty_washed_tips|auto-core96_initialize|auto-core96_move_to_defined_position|auto-core96_query_tip_presence|auto-core96_request_initialization_status|auto-core96_request_position|auto-core96_request_tadm_error_status|auto-core96_search_for_teach_in_signal_in_x_direction|auto-core96_set_any_parameter|auto-core96_tip_discard|auto-core96_tip_pick_up|auto-core96_wash_tips|auto-define_tip_needle|auto-discard_core_gripper_tool|auto-disco_mode|auto-dispense|auto-dispense96|auto-dispense_on_fly|auto-drop_resource|auto-drop_tips|auto-drop_tips96|auto-expose_channel_n|auto-get_id_from_fw_response|auto-grip_plate|auto-ipg_expose_channel_n|auto-ipg_get_parking_status|auto-ipg_grip_plate|auto-ipg_initialize|auto-ipg_move_to_defined_position|auto-ipg_park|auto-ipg_prepare_gripper_orientation|auto-ipg_put_plate|auto-ipg_query_tip_presence|auto-ipg_release_object|auto-ipg_request_access_range|auto-ipg_request_actual_angular_dimensions|auto-ipg_request_configuration|auto-ipg_request_initialization_status|auto-ipg_request_position|auto-ipg_search_for_teach_in_signal_in_x_direction|auto-ipg_set_any_parameter_within_this_module|auto-loading_cover_initialize|auto-loading_cover_request_initialization_status|auto-module_id_length|auto-move_channel_x|auto-move_channel_y|auto-move_channel_z|auto-move_picked_up_resource|auto-move_to_defined_position|auto-move_to_position|auto-nano_pulse_dispense|auto-num_channels|auto-pick_up_resource|auto-pick_up_tips|auto-pick_up_tips96|auto-pip_aspirate|auto-pip_dispense|auto-pip_initialize|auto-pip_request_initialization_status|auto-pip_tip_discard|auto-pip_tip_pick_up|auto-position_all_channels_in_y_direction|auto-position_all_channels_in_z_direction|auto-position_single_channel_in_y_direction|auto-position_single_channel_in_z_direction|auto-prepare_for_manual_channel_operation|auto-put_plate|auto-query_tip_presence|auto-release_object|auto-request_channel_dispense_on_fly_status|auto-request_height_of_last_lld|auto-request_y_position_of_channel_n|auto-request_y_positions_of_all_channels|auto-request_z_position_of_channel_n|auto-request_z_positions_of_all_channels|auto-russian_roulette|auto-search_for_teach_in_signal_in_x_direction|auto-set_any_parameter_within_this_module|auto-set_led_color|auto-set_loading_cover|auto-set_minimum_traversal_height|auto-setup|auto-simultaneous_aspiration_dispensation_of_liquid|auto-teach_rack_using_channel_n|auto-wash_tips|auto-x_arm_initialize|auto-x_arm_move_arm_relatively_in_x|auto-x_arm_move_to_x_position|auto-x_arm_move_to_x_position_with_all_attached_components_in_z_safety_position|auto-x_arm_request_arm_x_position|auto-x_arm_request_error_code|auto-x_arm_request_x_drive_recorded_data|auto-x_arm_search_x_for_teach_signal|auto-x_arm_send_message_to_motion_controller|auto-x_arm_set_any_parameter_within_this_module|auto-x_arm_set_x_drive_angle_of_alignment|auto-x_arm_turn_x_drive_off,arm_pre_initialize|arm_request_instrument_initialization_status|aspirate|aspirate96|calculates_check_sums_and_compares_them_with_the_value_saved_in_flash_eprom|can_pick_up_tip|check_fw_string_error|core96_aspiration_of_liquid|core96_dispensing_of_liquid|core96_empty_washed_tips|core96_initialize|core96_move_to_defined_position|core96_query_tip_presence|core96_request_initialization_status|core96_request_position|core96_request_tadm_error_status|core96_search_for_teach_in_signal_in_x_direction|core96_set_any_parameter|core96_tip_discard|core96_tip_pick_up|core96_wash_tips|define_tip_needle|discard_core_gripper_tool|disco_mode|dispense|dispense96|dispense_on_fly|drop_resource|drop_tips|drop_tips96|expose_channel_n|get_id_from_fw_response|grip_plate|ipg_expose_channel_n|ipg_get_parking_status|ipg_grip_plate|ipg_initialize|ipg_move_to_defined_position|ipg_park|ipg_prepare_gripper_orientation|ipg_put_plate|ipg_query_tip_presence|ipg_release_object|ipg_request_access_range|ipg_request_actual_angular_dimensions|ipg_request_configuration|ipg_request_initialization_status|ipg_request_position|ipg_search_for_teach_in_signal_in_x_direction|ipg_set_any_parameter_within_this_module|loading_cover_initialize|loading_cover_request_initialization_status|module_id_length|move_channel_x|move_channel_y|move_channel_z|move_picked_up_resource|move_to_defined_position|move_to_position|nano_pulse_dispense|num_channels|pick_up_resource|pick_up_tips|pick_up_tips96|pip_aspirate|pip_dispense|pip_initialize|pip_request_initialization_status|pip_tip_discard|pip_tip_pick_up|position_all_channels_in_y_direction|position_all_channels_in_z_direction|position_single_channel_in_y_direction|position_single_channel_in_z_direction|prepare_for_manual_channel_operation|put_plate|query_tip_presence|release_object|request_channel_dispense_on_fly_status|request_height_of_last_lld|request_y_position_of_channel_n|request_y_positions_of_all_channels|request_z_position_of_channel_n|request_z_positions_of_all_channels|russian_roulette|search_for_teach_in_signal_in_x_direction|set_any_parameter_within_this_module|set_led_color|set_loading_cover|set_minimum_traversal_height|setup|simultaneous_aspiration_dispensation_of_liquid|teach_rack_using_channel_n|wash_tips|x_arm_initialize|x_arm_move_arm_relatively_in_x|x_arm_move_to_x_position|x_arm_move_to_x_position_with_all_attached_components_in_z_safety_position|x_arm_request_arm_x_position|x_arm_request_error_code|x_arm_request_x_drive_recorded_data|x_arm_search_x_for_teach_signal|x_arm_send_message_to_motion_controller|x_arm_set_any_parameter_within_this_module|x_arm_set_x_drive_angle_of_alignment|x_arm_turn_x_drive_off,116,Uni-Lab-OS/community_drivers/vantage_backend/info.txt
vcn,vcn,VCN Velocity Control Node是一款表征设备，主要功能包括关闭。,表征设备,表征设备(experimental_step),4,auto-calc_lightpath_state|auto-check_value|auto-close_override|auto-interlocked,calc_lightpath_state|check_value|close_override|interlocked,10,Uni-Lab-OS/community_drivers/vcn/info.txt
vdipm5_b,vdipm5_b,"Vdipm5 B是Virginia Diodes提供的设备驱动，提供padding, reading_formula, decoderD, decoderVC等5个控制接口。",实验执行&合成设备,实验执行&合成设备(experimental_step),5,auto-decoderD|auto-decoderVC|auto-padding|auto-query|auto-reading_formula,decoderD|decoderVC|padding|query|reading_formula,7,Uni-Lab-OS/community_drivers/vdipm5_b/info.txt
vertical_mirror,vertical_mirror,Synchrotron Vertical Mirror是一款表征设备。,表征设备,表征设备(experimental_step),3,auto-derived_to_raw|auto-raw_to_derived|auto-set,derived_to_raw|raw_to_derived|set,4,Uni-Lab-OS/community_drivers/vertical_mirror/info.txt
vfl,vfl,Visible Fiber Laser是一款表征设备，主要功能包括使能、停止、状态查询。,表征设备,表征设备(experimental_step),19,auto-ctl_mode|auto-current_sp|auto-enabled|auto-idn|auto-ld_current|auto-ld_temp|auto-power|auto-power_sp|auto-shg_temp|auto-shg_temp_sp|auto-shg_tune_info|auto-shg_tuning|auto-status|auto-tec_current|auto-tec_temp|auto-tune_shg|auto-tune_shg_async|auto-tune_shg_stop|auto-tune_shg_stop_async,ctl_mode|current_sp|enabled|idn|ld_current|ld_temp|power|power_sp|shg_temp|shg_temp_sp|shg_tune_info|shg_tuning|status|tec_current|tec_temp|tune_shg|tune_shg_async|tune_shg_stop|tune_shg_stop_async,23,Uni-Lab-OS/community_drivers/vfl/info.txt
video_file_capture,video_file_capture,Video File Capture是一款表征设备，主要功能包括使能、停止、启动、增益设置、设备连接。,表征设备,表征设备(experimental_step),8,auto-connect|auto-disconnect|auto-enable_auto_exposure|auto-set_exposure|auto-set_frame_size|auto-set_gain|auto-start_async|auto-stop,connect|disconnect|enable_auto_exposure|set_exposure|set_frame_size|set_gain|start_async|stop,17,Uni-Lab-OS/community_drivers/video_file_capture/info.txt
view2_d,view2_d,View2 D是一款后处理设备，主要功能包括成像、绘图、设备连接、设置、读取数据、运动控制。,后处理设备,后处理设备(experimental_step),34,auto-add_roi_displayer|auto-clear_plot_item|auto-collapse_lineout_widgets|auto-connect_things|auto-display_crosshair_lineouts|auto-display_images|auto-display_roi_lineouts|auto-lock_aspect_ratio|auto-move_left_splitter|auto-move_right_splitter|auto-move_scale_roi_target|auto-notify_visibility_data_displayer|auto-prepare_image_widget_for_lineouts|auto-prepare_ui|auto-remove_roi_displayer|auto-roi_clicked|auto-scale_axis|auto-set_axis_label|auto-set_axis_scaling|auto-set_crosshair_position|auto-set_image_displayer|auto-set_image_labels|auto-setup_actions|auto-setup_graphs|auto-setup_widgets|auto-show_ROI_select|auto-show_hide_crosshair|auto-show_hide_histogram|auto-show_legend|auto-show_lineout_widgets|auto-show_roi_target|auto-unscale_axis|auto-update_colors|auto-update_roi_channels,add_roi_displayer|clear_plot_item|collapse_lineout_widgets|connect_things|display_crosshair_lineouts|display_images|display_roi_lineouts|lock_aspect_ratio|move_left_splitter|move_right_splitter|move_scale_roi_target|notify_visibility_data_displayer|prepare_image_widget_for_lineouts|prepare_ui|remove_roi_displayer|roi_clicked|scale_axis|set_axis_label|set_axis_scaling|set_crosshair_position|set_image_displayer|set_image_labels|setup_actions|setup_graphs|setup_widgets|show_ROI_select|show_hide_crosshair|show_hide_histogram|show_legend|show_lineout_widgets|show_roi_target|unscale_axis|update_colors|update_roi_channels,115,Uni-Lab-OS/community_drivers/view2_d/info.txt
viewer1_d,viewer1_d,Viewer1 D是一款后处理设备，主要功能包括状态查询、绘图、设备连接、设置、运动控制。,后处理设备,后处理设备(experimental_step),14,auto-activate_roi|auto-add_plot_item|auto-crosshair_changed|auto-double_clicked|auto-labels|auto-move_roi_target|auto-prepare_connect_ui|auto-process_crosshair_lineouts|auto-process_roi_lineouts|auto-roi_changed|auto-selected_region_changed|auto-set_crosshair_position|auto-update_colors|auto-update_status,activate_roi|add_plot_item|crosshair_changed|double_clicked|labels|move_roi_target|prepare_connect_ui|process_crosshair_lineouts|process_roi_lineouts|roi_changed|selected_region_changed|set_crosshair_position|update_colors|update_status,76,Uni-Lab-OS/community_drivers/viewer1_d/info.txt
viewer_nd,viewer_nd,Viewer ND是一款实验执行&合成设备，主要功能包括初始化、设备连接、设置、读取数据、过滤。,实验执行&合成设备,实验执行&合成设备(experimental_step),11,auto-connect_things|auto-prepare_ui|auto-reshape_data|auto-set_data_test|auto-setup_actions|auto-setup_widgets|auto-show_settings|auto-update_data_dim|auto-update_data_displayer|auto-update_filters|auto-update_widget_visibility,connect_things|prepare_ui|reshape_data|set_data_test|setup_actions|setup_widgets|show_settings|update_data_dim|update_data_displayer|update_filters|update_widget_visibility,45,Uni-Lab-OS/community_drivers/viewer_nd/info.txt
virtual_bus,virtual_bus,Virtual BUS是一款实验执行&合成设备。,实验执行&合成设备,实验执行&合成设备(experimental_step),3,auto-get_extra|auto-send|auto-shutdown,get_extra|send|shutdown,6,Uni-Lab-OS/community_drivers/virtual_bus/info.txt
visa,visa,Visa是由National Instruments (VISA)生产的实验执行&合成设备，主要功能包括关闭、写入数据、初始化、读取数据。,实验执行&合成设备,实验执行&合成设备(experimental_step),5,auto-close|auto-init|auto-query|auto-read|auto-write,close|init|query|read|write,6,Uni-Lab-OS/community_drivers/visa/info.txt
visa_communicator,visa_communicator,VISA Instrument Communicator是由IVI Foundation生产的实验执行&合成设备，主要功能包括关闭、写入数据、读取数据。,实验执行&合成设备,实验执行&合成设备(experimental_step),11,auto-address|auto-close|auto-flush_input|auto-read_raw|auto-read_termination|auto-seek|auto-tell|auto-terminator|auto-timeout|auto-write_raw|auto-write_termination,address|close|flush_input|read_raw|read_termination|seek|tell|terminator|timeout|write_raw|write_termination,19,Uni-Lab-OS/community_drivers/visa_communicator/info.txt
voltech_pm1000_p,voltech_pm1000_p,Voltech Pm1000 P是由Voltech Instruments生产的专业实验设备。,表征设备,表征设备(experimental_step),1,query,query,1,Uni-Lab-OS/community_drivers/voltech_pm1000_p/info.txt
vt__backend,vt__backend,Variable Temperature Measurement Backend是一款表征设备，主要功能包括停止、加热、参数配置、启动、扫描、日志记录。,表征设备,表征设备(experimental_step),14,auto-configure_instruments|auto-connect|auto-create_widgets|auto-get_measurement|auto-get_temperature|auto-log|auto-set_heater_range|auto-set_setpoint|auto-set_ui_state|auto-setup_styles|auto-shutdown|auto-start_experiment|auto-start_ramp|auto-stop_experiment,configure_instruments|connect|create_widgets|get_measurement|get_temperature|log|set_heater_range|set_setpoint|set_ui_state|setup_styles|shutdown|start_experiment|start_ramp|stop_experiment,33,Uni-Lab-OS/community_drivers/vt__backend/info.txt
vt__backend__passive,vt__backend__passive,Variable Temperature Backend (Passive)是一款表征设备，主要功能包括停止、参数配置、启动、扫描、日志记录、测量。,表征设备,表征设备(experimental_step),10,auto-configure_instruments|auto-connect|auto-create_widgets|auto-get_measurement|auto-log|auto-set_ui_state|auto-setup_styles|auto-shutdown|auto-start_experiment|auto-stop_experiment,configure_instruments|connect|create_widgets|get_measurement|log|set_ui_state|setup_styles|shutdown|start_experiment|stop_experiment,28,Uni-Lab-OS/community_drivers/vt__backend__passive/info.txt
vxi11_communicator,vxi11_communicator,Vxi11 Communicator驱动，支持close/flush input/read raw/seek/tell等9个操作。,实验执行&合成设备,实验执行&合成设备(experimental_step),9,auto-address|auto-close|auto-flush_input|auto-read_raw|auto-seek|auto-tell|auto-terminator|auto-timeout|auto-write_raw,address|close|flush_input|read_raw|seek|tell|terminator|timeout|write_raw,14,Uni-Lab-OS/community_drivers/vxi11_communicator/info.txt
vxi11_driver,vxi11_driver,Vxi11 Driver驱动，支持clear/finalize/initialize/local/lock等42个操作。,实验执行&合成设备,实验执行&合成设备(experimental_step),42,auto-clear|auto-create_intr_chan|auto-create_link|auto-destroy_intr_chan|auto-destroy_link|auto-device_clear|auto-device_docmd|auto-device_enable_srq|auto-device_local|auto-device_lock|auto-device_read|auto-device_read_stb|auto-device_remote|auto-device_trigger|auto-device_unlock|auto-device_write|auto-finalize|auto-initialize|auto-local|auto-lock|auto-pack_create_link_parms|auto-pack_device_docmd_parms|auto-pack_device_enable_srq_parms|auto-pack_device_generic_parms|auto-pack_device_link|auto-pack_device_lock_parms|auto-pack_device_read_parms|auto-pack_device_remote_func_parms|auto-pack_device_write_parms|auto-read_raw|auto-read_stb|auto-remote|auto-trigger|auto-unlock|auto-unpack_create_link_resp|auto-unpack_device_docmd_resp|auto-unpack_device_error|auto-unpack_device_link|auto-unpack_device_read_resp|auto-unpack_device_read_stb_resp|auto-unpack_device_write_resp|auto-write_raw,clear|create_intr_chan|create_link|destroy_intr_chan|destroy_link|device_clear|device_docmd|device_enable_srq|device_local|device_lock|device_read|device_read_stb|device_remote|device_trigger|device_unlock|device_write|finalize|initialize|local|lock|pack_create_link_parms|pack_device_docmd_parms|pack_device_enable_srq_parms|pack_device_generic_parms|pack_device_link|pack_device_lock_parms|pack_device_read_parms|pack_device_remote_func_parms|pack_device_write_parms|read_raw|read_stb|remote|trigger|unlock|unpack_create_link_resp|unpack_device_docmd_resp|unpack_device_error|unpack_device_link|unpack_device_read_resp|unpack_device_read_stb_resp|unpack_device_write_resp|write_raw,45,Uni-Lab-OS/community_drivers/vxi11_driver/info.txt
wait_thread,wait_thread,Wait Thread是一款实验执行&合成设备，主要功能包括停止、关闭、启动、扫描、日志记录、设备连接。,实验执行&合成设备,实验执行&合成设备(experimental_step),2,auto-close|auto-run,close|run,23,Uni-Lab-OS/community_drivers/wait_thread/info.txt
wasatch_demo,wasatch_demo,Wasatch Demo驱动，支持parse args/connect/run。,表征设备,表征设备(experimental_step),3,auto-connect|auto-parse_args|auto-run,connect|parse_args|run,6,Uni-Lab-OS/community_drivers/wasatch_demo/info.txt
wasatch_device,wasatch_device,Wasatch Photonics是由Wasatch Photonics生产的表征设备，主要功能包括初始化、扫描、设备连接、读取数据、采集。,表征设备,表征设备(experimental_step),16,auto-acquire_area_scan|auto-acquire_data|auto-acquire_spectrum|auto-acquire_spectrum_auto_raman|auto-acquire_spectrum_standard|auto-balance_acquisition|auto-change_setting|auto-connect|auto-connect_feature_identification|auto-disconnect|auto-handle_requests|auto-initialize_settings|auto-monitor_memory|auto-perform_optional_throwaways|auto-process_commands|auto-take_one_averaged_reading,acquire_area_scan|acquire_data|acquire_spectrum|acquire_spectrum_auto_raman|acquire_spectrum_standard|balance_acquisition|change_setting|connect|connect_feature_identification|disconnect|handle_requests|initialize_settings|monitor_memory|perform_optional_throwaways|process_commands|take_one_averaged_reading,18,Uni-Lab-OS/community_drivers/wasatch_device/info.txt
wasatch_device_wrapper,wasatch_device_wrapper,Wasatch Photonics Device Wrapper是由Wasatch Photonics生产的专业实验设备。,表征设备,表征设备(experimental_step),10,auto-acquire_data|auto-acquire_status_message|auto-change_setting|auto-connect|auto-disconnect|auto-get_final_item|auto-poll_settings|auto-reset|auto-send_alert|auto-wait_for_settings,acquire_data|acquire_status_message|change_setting|connect|disconnect|get_final_item|poll_settings|reset|send_alert|wait_for_settings,11,Uni-Lab-OS/community_drivers/wasatch_device_wrapper/info.txt
wasatch_shell,wasatch_shell,Wasatch Photonics 光谱仪终端接口 接口模块是由Wasatch Photonics生产的专业实验设备。,表征设备,表征设备(experimental_step),28,auto-balance_acquisition|auto-clear|auto-clear_dark|auto-configure_logging|auto-disconnected|auto-display|auto-generate_interpolated_x_axis|auto-get_all|auto-get_dark|auto-get_line|auto-get_next_token|auto-get_spectrum|auto-get_spectrum_pretty|auto-get_spectrum_save|auto-has_input|auto-open|auto-read_bool|auto-read_float|auto-read_int|auto-read_str|auto-run|auto-run_gettor|auto-set_interpolated_x_axis_cm|auto-set_interpolated_x_axis_nm|auto-set_laser_enable|auto-set_raman_intensity_correction_enable|auto-srm_process|auto-usage,balance_acquisition|clear|clear_dark|configure_logging|disconnected|display|generate_interpolated_x_axis|get_all|get_dark|get_line|get_next_token|get_spectrum|get_spectrum_pretty|get_spectrum_save|has_input|open|read_bool|read_float|read_int|read_str|run|run_gettor|set_interpolated_x_axis_cm|set_interpolated_x_axis_nm|set_laser_enable|set_raman_intensity_correction_enable|srm_process|usage,29,Uni-Lab-OS/community_drivers/wasatch_shell/info.txt
watchdog_task,watchdog_task,Watchdog Task是一款实验执行&合成设备，主要功能包括停止、关闭、启动、复位。,实验执行&合成设备,实验执行&合成设备(experimental_step),14,auto-cfg_watchdog_ao_expir_states|auto-cfg_watchdog_co_expir_states|auto-cfg_watchdog_do_expir_states|auto-clear_expiration|auto-close|auto-control|auto-expir_trig_dig_edge_edge|auto-expir_trig_dig_edge_src|auto-expir_trig_trig_on_network_conn_loss|auto-expir_trig_trig_type|auto-reset_timer|auto-start|auto-stop|auto-timeout,cfg_watchdog_ao_expir_states|cfg_watchdog_co_expir_states|cfg_watchdog_do_expir_states|clear_expiration|close|control|expir_trig_dig_edge_edge|expir_trig_dig_edge_src|expir_trig_trig_on_network_conn_loss|expir_trig_trig_type|reset_timer|start|stop|timeout,32,Uni-Lab-OS/community_drivers/watchdog_task/info.txt
watlow,watlow,Watlow 温度控制器 温控设备 Watlow是由Watlow Electric生产的专业实验设备。,冷热水机,冷热水机(device_template_tag),7,auto-close|auto-open|auto-read|auto-readParam|auto-readSetpoint|auto-write|auto-writeParam,close|open|read|readParam|readSetpoint|write|writeParam,17,Uni-Lab-OS/community_drivers/watlow/info.txt
web_fpv,web_fpv,WEB FPV是一款机械臂，主要功能包括关闭、打开、读取数据、运行。,机械臂,机械臂(device_template_tag),4,auto-run|auto-run_threaded|auto-shutdown|auto-update,run|run_threaded|shutdown|update,31,Uni-Lab-OS/community_drivers/web_fpv/info.txt
webcam_capture,webcam_capture,Webcam Capture是一款实验执行&合成设备，主要功能包括使能、停止、启动、增益设置、设备连接。,实验执行&合成设备,实验执行&合成设备(experimental_step),14,auto-discover|auto-enable_auto_exposure|auto-get_config_schema|auto-get_exposure|auto-get_fps|auto-get_frame_size|auto-get_gain|auto-get_latest_frame|auto-set_exposure|auto-set_fps|auto-set_frame_size|auto-set_gain|auto-start_async|auto-stop,discover|enable_auto_exposure|get_config_schema|get_exposure|get_fps|get_frame_size|get_gain|get_latest_frame|set_exposure|set_fps|set_frame_size|set_gain|start_async|stop,20,Uni-Lab-OS/community_drivers/webcam_capture/info.txt
websocket_communicator,websocket_communicator,The WebsocketCommunicator implements the `horiba_sdk,generic,,8,auto-binary_response|auto-close|auto-open|auto-opened|auto-register_binary_message_callback|auto-request_with_response|auto-response|auto-send,binary_response|close|open|opened|register_binary_message_callback|request_with_response|response|send,12,Uni-Lab-OS/community_drivers/websocket_communicator/info.txt
wedge_graphic,wedge_graphic,Wedge Graphic是一款实验执行&合成设备，主要功能包括使能、关闭、写入数据、启动、复位、成像。,实验执行&合成设备,实验执行&合成设备(experimental_step),16,auto-adjust_part|auto-angle_interval|auto-begin_drag|auto-draw_mask|auto-end_angle|auto-end_drag|auto-get_attributes|auto-get_mask_item|auto-get_region|auto-label_position|auto-mime_data_dict|auto-read_from_mime_data|auto-start_angle|auto-test|auto-used_role|auto-validate_angles,adjust_part|angle_interval|begin_drag|draw_mask|end_angle|end_drag|get_attributes|get_mask_item|get_region|label_position|mime_data_dict|read_from_mime_data|start_angle|test|used_role|validate_angles,401,Uni-Lab-OS/community_drivers/wedge_graphic/info.txt
weiss_lab_event,weiss_lab_event,Weiss LAB Event是由Weiss Technik生产的实验执行&合成设备，主要功能包括停止、初始化、启动、温度设置、温度读取、状态查询。,实验执行&合成设备,实验执行&合成设备(experimental_step),15,auto-get_air_dryer|auto-get_compressed_air|auto-get_condensation_protection|auto-get_info|auto-get_status|auto-get_temperature|auto-get_temperature_setpoint|auto-init|auto-query|auto-set_air_dryer|auto-set_compressed_air|auto-set_condensation_protection|auto-set_temperature|auto-start_manual_mode|auto-stop_manual_mode,get_air_dryer|get_compressed_air|get_condensation_protection|get_info|get_status|get_temperature|get_temperature_setpoint|init|query|set_air_dryer|set_compressed_air|set_condensation_protection|set_temperature|start_manual_mode|stop_manual_mode,18,Uni-Lab-OS/community_drivers/weiss_lab_event/info.txt
weiss_sb22,weiss_sb22,Weiss Sb22是由Weiss Technik生产的实验执行&合成设备，主要功能包括写入数据、初始化、温度设置、温度读取、读取数据。,实验执行&合成设备,实验执行&合成设备(experimental_step),12,auto-check_for_errors|auto-get_digital_ch|auto-get_humidity|auto-get_humidity_target|auto-get_temperature|auto-get_temperature_target|auto-init|auto-read|auto-set_digital_ch|auto-set_humidity|auto-set_temperature|auto-write,check_for_errors|get_digital_ch|get_humidity|get_humidity_target|get_temperature|get_temperature_target|init|read|set_digital_ch|set_humidity|set_temperature|write,14,Uni-Lab-OS/community_drivers/weiss_sb22/info.txt
wiltron360,wiltron360,"Wiltron360是Wiltron (Anritsu)提供的设备驱动，提供xaxis, yaxis, trace, traces等10个控制接口。",实验执行&合成设备,实验执行&合成设备(experimental_step),9,auto-IDN|auto-arange|auto-frequency|auto-points|auto-select|auto-trace|auto-traces|auto-xaxis|auto-yaxis,IDN|arange|frequency|points|select|trace|traces|xaxis|yaxis,11,Uni-Lab-OS/community_drivers/wiltron360/info.txt
wiltron360_ss69,wiltron360_ss69,Wiltron360 Ss69是由Wiltron (Anritsu)生产的专业实验设备。,实验执行&合成设备,实验执行&合成设备(experimental_step),2,auto-amplitude|auto-frequency,amplitude|frequency,6,Uni-Lab-OS/community_drivers/wiltron360_ss69/info.txt
wiltron6672_b,wiltron6672_b,Wiltron6672 B是由Wiltron (Anritsu)生产的专业实验设备。,实验执行&合成设备,实验执行&合成设备(experimental_step),2,auto-amplitude|auto-frequency,amplitude|frequency,6,Uni-Lab-OS/community_drivers/wiltron6672_b/info.txt
work_table,work_table,Work Table设备驱动。,移液工作站,移液工作站(device_template_tag),58,auto-actions|auto-add|auto-add_labware|auto-add_new_labware|auto-add_type|auto-autoselect|auto-clearSelection|auto-create|auto-create_labware|auto-create_series|auto-fill|auto-find_free_wells|auto-find_new_tips|auto-get_DITI_series|auto-get_current_labware|auto-get_labware|auto-grid_carrier_line|auto-init_wells|auto-log|auto-moveParallel|auto-newOffset|auto-newPosition|auto-offset|auto-offsetAtParallelMove|auto-offsetFromName|auto-parallelOrder|auto-parse_file|auto-parse_worktable_file|auto-pick_up|auto-posAtParallelMove|auto-position|auto-put|auto-reagent|auto-refill_next_rack|auto-remove|auto-replace_with_new|auto-retire_labware|auto-retire_new_tips|auto-select|auto-selectAll|auto-selectOnly|auto-selected|auto-selected_wells|auto-set_DITI_counter|auto-set_back|auto-set_current|auto-set_current_next_to|auto-set_def_DiTi|auto-set_first_pos|auto-set_next|auto-show_next|auto-show_next_to|auto-size|auto-to_name|auto-vol|auto-waste|auto-wellSelectionStr|auto-write,actions|add|add_labware|add_new_labware|add_type|autoselect|clearSelection|create|create_labware|create_series|fill|find_free_wells|find_new_tips|get_DITI_series|get_current_labware|get_labware|grid_carrier_line|init_wells|log|moveParallel|newOffset|newPosition|offset|offsetAtParallelMove|offsetFromName|parallelOrder|parse_file|parse_worktable_file|pick_up|posAtParallelMove|position|put|reagent|refill_next_rack|remove|replace_with_new|retire_labware|retire_new_tips|select|selectAll|selectOnly|selected|selected_wells|set_DITI_counter|set_back|set_current|set_current_next_to|set_def_DiTi|set_first_pos|set_next|show_next|show_next_to|size|to_name|vol|waste|wellSelectionStr|write,100,Uni-Lab-OS/community_drivers/work_table/info.txt
x_calibur_d,x_calibur_d,Class to control XCalibur pumps with distribution valves,generic,,39,auto-cacheSimSpeeds|auto-changePort|auto-delayExec|auto-dispense|auto-dispenseToWaste|auto-execWrap|auto-executeChain|auto-extract|auto-extractToWaste|auto-getBufferStatus|auto-getCurPort|auto-getCutoffSpeed|auto-getEncoderPos|auto-getPlungerPos|auto-getStartSpeed|auto-getTopSpeed|auto-haltExec|auto-init|auto-initDebugLogging|auto-logCall|auto-logDebug|auto-markRepeatStart|auto-movePlungerAbs|auto-movePlungerRel|auto-primePort|auto-repeatCmdSeq|auto-resetChain|auto-restoreSimSpeeds|auto-sendRcv|auto-setCutoffSpeed|auto-setMicrostep|auto-setSlope|auto-setSpeed|auto-setStartSpeed|auto-setTopSpeed|auto-terminateCmd|auto-updateSimState|auto-updateSpeeds|auto-waitReady,cacheSimSpeeds|changePort|delayExec|dispense|dispenseToWaste|execWrap|executeChain|extract|extractToWaste|getBufferStatus|getCurPort|getCutoffSpeed|getEncoderPos|getPlungerPos|getStartSpeed|getTopSpeed|haltExec|init|initDebugLogging|logCall|logDebug|markRepeatStart|movePlungerAbs|movePlungerRel|primePort|repeatCmdSeq|resetChain|restoreSimSpeeds|sendRcv|setCutoffSpeed|setMicrostep|setSlope|setSpeed|setStartSpeed|setTopSpeed|terminateCmd|updateSimState|updateSpeeds|waitReady,44,Uni-Lab-OS/community_drivers/x_calibur_d/info.txt
x_keys_device,x_keys_device,X Keys Device是由P.,实验执行&合成设备,实验执行&合成设备(experimental_step),8,auto-close|auto-getState|auto-setBacklight|auto-setBacklightRows|auto-setBacklights|auto-setCallback|auto-setIntensity|auto-setLED,close|getState|setBacklight|setBacklightRows|setBacklights|setCallback|setIntensity|setLED,25,Uni-Lab-OS/community_drivers/x_keys_device/info.txt
xps,xps,XPS是由Newport Corporation生产的专业实验设备。,物流/机械,物流/机械(experimental_step),232,auto-APIExtendedListGet|auto-APIListGet|auto-ActionExtendedListGet|auto-ActionListGet|auto-CPUCoreAndBoardSupplyVoltagesGet|auto-CPUTemperatureAndFanSpeedGet|auto-CleanCoreDumpFolder|auto-CleanTmpFolder|auto-CloseAllOtherSockets|auto-ControllerMotionKernelPeriodMinMaxGet|auto-ControllerMotionKernelPeriodMinMaxReset|auto-ControllerMotionKernelTimeLoadGet|auto-ControllerStatusGet|auto-ControllerStatusListGet|auto-ControllerStatusStringGet|auto-DoubleGlobalArrayGet|auto-DoubleGlobalArraySet|auto-EEPROMCIESet|auto-EEPROMDACOffsetCIESet|auto-EEPROMDriverSet|auto-EEPROMINTSet|auto-ElapsedTimeGet|auto-ErrorListGet|auto-ErrorStringGet|auto-EventAdd|auto-EventExtendedAllGet|auto-EventExtendedConfigurationActionGet|auto-EventExtendedConfigurationActionSet|auto-EventExtendedConfigurationTriggerGet|auto-EventExtendedConfigurationTriggerSet|auto-EventExtendedGet|auto-EventExtendedRemove|auto-EventExtendedStart|auto-EventExtendedWait|auto-EventGet|auto-EventListGet|auto-EventRemove|auto-EventWait|auto-FirmwareVersionGet|auto-GPIOAnalogGainGet|auto-GPIOAnalogGainSet|auto-GPIOAnalogGet|auto-GPIOAnalogSet|auto-GPIODigitalGet|auto-GPIODigitalSet|auto-GatheringConfigurationGet|auto-GatheringConfigurationSet|auto-GatheringCurrentNumberGet|auto-GatheringDataAcquire|auto-GatheringDataGet|auto-GatheringDataMultipleLinesGet|auto-GatheringExtendedListGet|auto-GatheringExternalConfigurationGet|auto-GatheringExternalConfigurationSet|auto-GatheringExternalCurrentNumberGet|auto-GatheringExternalDataGet|auto-GatheringExternalListGet|auto-GatheringExternalStopAndSave|auto-GatheringListGet|auto-GatheringReset|auto-GatheringRun|auto-GatheringRunAppend|auto-GatheringStop|auto-GatheringStopAndSave|auto-GatheringUserDatasGet|auto-GetLibraryVersion|auto-GlobalArrayGet|auto-GlobalArraySet|auto-GroupAccelerationSetpointGet|auto-GroupAnalogTrackingModeDisable|auto-GroupAnalogTrackingModeEnable|auto-GroupCorrectorOutputGet|auto-GroupCurrentFollowingErrorGet|auto-GroupHomeSearch|auto-GroupHomeSearchAndRelativeMove|auto-GroupInitialize|auto-GroupInitializeWithEncoderCalibration|auto-GroupJogCurrentGet|auto-GroupJogModeDisable|auto-GroupJogModeEnable|auto-GroupJogParametersGet|auto-GroupJogParametersSet|auto-GroupKill|auto-GroupMotionDisable|auto-GroupMotionEnable|auto-GroupMoveAbort|auto-GroupMoveAbsolute|auto-GroupMoveRelative|auto-GroupPositionCorrectedProfilerGet|auto-GroupPositionCurrentGet|auto-GroupPositionPCORawEncoderGet|auto-GroupPositionSetpointGet|auto-GroupPositionTargetGet|auto-GroupReferencingActionExecute|auto-GroupReferencingStart|auto-GroupReferencingStop|auto-GroupSpinCurrentGet|auto-GroupSpinModeStop|auto-GroupSpinParametersGet|auto-GroupSpinParametersSet|auto-GroupStatusGet|auto-GroupStatusListGet|auto-GroupStatusStringGet|auto-GroupVelocityCurrentGet|auto-HardwareDateAndTimeGet|auto-HardwareDateAndTimeSet|auto-HardwareDriverAndStageGet|auto-HardwareInternalListGet|auto-KillAll|auto-Login|auto-MultipleAxesPTExecution|auto-MultipleAxesPTVerification|auto-MultipleAxesPVTExecution|auto-MultipleAxesPVTParametersGet|auto-MultipleAxesPVTPulseOutputGet|auto-MultipleAxesPVTPulseOutputSet|auto-MultipleAxesPVTVerification|auto-MultipleAxesPVTVerificationResultGet|auto-ObjectsListGet|auto-OptionalModuleExecute|auto-OptionalModuleKill|auto-PositionerAccelerationAutoScaling|auto-PositionerAnalogTrackingPositionParametersGet|auto-PositionerAnalogTrackingPositionParametersSet|auto-PositionerAnalogTrackingVelocityParametersGet|auto-PositionerAnalogTrackingVelocityParametersSet|auto-PositionerBacklashDisable|auto-PositionerBacklashEnable|auto-PositionerBacklashGet|auto-PositionerBacklashSet|auto-PositionerCorrectorAutoTuning|auto-PositionerCorrectorNotchFiltersGet|auto-PositionerCorrectorNotchFiltersSet|auto-PositionerCorrectorPIDDualFFVoltageGet|auto-PositionerCorrectorPIDDualFFVoltageSet|auto-PositionerCorrectorPIDFFAccelerationGet|auto-PositionerCorrectorPIDFFAccelerationSet|auto-PositionerCorrectorPIDFFVelocityGet|auto-PositionerCorrectorPIDFFVelocitySet|auto-PositionerCorrectorPIPositionGet|auto-PositionerCorrectorPIPositionSet|auto-PositionerCorrectorTypeGet|auto-PositionerCurrentVelocityAccelerationFiltersGet|auto-PositionerCurrentVelocityAccelerationFiltersSet|auto-PositionerDACOffsetDualGet|auto-PositionerDACOffsetDualSet|auto-PositionerDACOffsetGet|auto-PositionerDACOffsetSet|auto-PositionerDriverFiltersGet|auto-PositionerDriverFiltersSet|auto-PositionerDriverPositionOffsetsGet|auto-PositionerDriverStatusGet|auto-PositionerDriverStatusListGet|auto-PositionerDriverStatusStringGet|auto-PositionerEncoderAmplitudeValuesGet|auto-PositionerEncoderCalibrationParametersGet|auto-PositionerErrorGet|auto-PositionerErrorListGet|auto-PositionerErrorRead|auto-PositionerErrorStringGet|auto-PositionerExcitationSignalGet|auto-PositionerExcitationSignalSet|auto-PositionerExternalLatchPositionGet|auto-PositionerHardInterpolatorFactorGet|auto-PositionerHardInterpolatorFactorSet|auto-PositionerHardwareStatusGet|auto-PositionerHardwareStatusListGet|auto-PositionerHardwareStatusStringGet|auto-PositionerMaximumVelocityAndAccelerationGet|auto-PositionerMotionDoneGet|auto-PositionerMotionDoneSet|auto-PositionerPositionCompareAquadBAlwaysEnable|auto-PositionerPositionCompareAquadBPrescalerGet|auto-PositionerPositionCompareAquadBPrescalerSet|auto-PositionerPositionCompareAquadBWindowedGet|auto-PositionerPositionCompareAquadBWindowedSet|auto-PositionerPositionCompareDisable|auto-PositionerPositionCompareEnable|auto-PositionerPositionCompareGet|auto-PositionerPositionComparePulseParametersGet|auto-PositionerPositionComparePulseParametersSet|auto-PositionerPositionCompareSet|auto-PositionerRawEncoderPositionGet|auto-PositionerSGammaExactVelocityAjustedDisplacementGet|auto-PositionerSGammaParametersGet|auto-PositionerSGammaParametersSet|auto-PositionerSGammaPreviousMotionTimesGet|auto-PositionerStageParameterGet|auto-PositionerStageParameterSet|auto-PositionerTimeFlasherDisable|auto-PositionerTimeFlasherEnable|auto-PositionerTimeFlasherGet|auto-PositionerTimeFlasherSet|auto-PositionerUserTravelLimitsGet|auto-PositionerUserTravelLimitsSet|auto-PositionersEncoderIndexDifferenceGet|auto-Reboot|auto-ReferencingActionListGet|auto-ReferencingSensorListGet|auto-Send|auto-SingleAxisSlaveModeDisable|auto-SingleAxisSlaveModeEnable|auto-SingleAxisSlaveParametersGet|auto-SingleAxisSlaveParametersSet|auto-SocketsStatusGet|auto-SpindleSlaveModeDisable|auto-SpindleSlaveModeEnable|auto-SpindleSlaveParametersGet|auto-SpindleSlaveParametersSet|auto-TCLScriptExecute|auto-TCLScriptExecuteAndWait|auto-TCLScriptExecuteWithPriority|auto-TCLScriptKill|auto-TCP_CloseSocket|auto-TCP_ConnectToServer|auto-TCP_SetTimeout|auto-TestTCP|auto-TimerGet|auto-TimerSet|auto-XYLineArcExecution|auto-XYLineArcParametersGet|auto-XYLineArcPulseOutputGet|auto-XYLineArcPulseOutputSet|auto-XYLineArcVerification|auto-XYLineArcVerificationResultGet|auto-XYZGroupPositionCorrectedProfilerGet|auto-XYZSplineExecution|auto-XYZSplineParametersGet|auto-XYZSplineVerification|auto-XYZSplineVerificationResultGet|auto-parse|auto-withValidSocket,APIExtendedListGet|APIListGet|ActionExtendedListGet|ActionListGet|CPUCoreAndBoardSupplyVoltagesGet|CPUTemperatureAndFanSpeedGet|CleanCoreDumpFolder|CleanTmpFolder|CloseAllOtherSockets|ControllerMotionKernelPeriodMinMaxGet|ControllerMotionKernelPeriodMinMaxReset|ControllerMotionKernelTimeLoadGet|ControllerStatusGet|ControllerStatusListGet|ControllerStatusStringGet|DoubleGlobalArrayGet|DoubleGlobalArraySet|EEPROMCIESet|EEPROMDACOffsetCIESet|EEPROMDriverSet|EEPROMINTSet|ElapsedTimeGet|ErrorListGet|ErrorStringGet|EventAdd|EventExtendedAllGet|EventExtendedConfigurationActionGet|EventExtendedConfigurationActionSet|EventExtendedConfigurationTriggerGet|EventExtendedConfigurationTriggerSet|EventExtendedGet|EventExtendedRemove|EventExtendedStart|EventExtendedWait|EventGet|EventListGet|EventRemove|EventWait|FirmwareVersionGet|GPIOAnalogGainGet|GPIOAnalogGainSet|GPIOAnalogGet|GPIOAnalogSet|GPIODigitalGet|GPIODigitalSet|GatheringConfigurationGet|GatheringConfigurationSet|GatheringCurrentNumberGet|GatheringDataAcquire|GatheringDataGet|GatheringDataMultipleLinesGet|GatheringExtendedListGet|GatheringExternalConfigurationGet|GatheringExternalConfigurationSet|GatheringExternalCurrentNumberGet|GatheringExternalDataGet|GatheringExternalListGet|GatheringExternalStopAndSave|GatheringListGet|GatheringReset|GatheringRun|GatheringRunAppend|GatheringStop|GatheringStopAndSave|GatheringUserDatasGet|GetLibraryVersion|GlobalArrayGet|GlobalArraySet|GroupAccelerationSetpointGet|GroupAnalogTrackingModeDisable|GroupAnalogTrackingModeEnable|GroupCorrectorOutputGet|GroupCurrentFollowingErrorGet|GroupHomeSearch|GroupHomeSearchAndRelativeMove|GroupInitialize|GroupInitializeWithEncoderCalibration|GroupJogCurrentGet|GroupJogModeDisable|GroupJogModeEnable|GroupJogParametersGet|GroupJogParametersSet|GroupKill|GroupMotionDisable|GroupMotionEnable|GroupMoveAbort|GroupMoveAbsolute|GroupMoveRelative|GroupPositionCorrectedProfilerGet|GroupPositionCurrentGet|GroupPositionPCORawEncoderGet|GroupPositionSetpointGet|GroupPositionTargetGet|GroupReferencingActionExecute|GroupReferencingStart|GroupReferencingStop|GroupSpinCurrentGet|GroupSpinModeStop|GroupSpinParametersGet|GroupSpinParametersSet|GroupStatusGet|GroupStatusListGet|GroupStatusStringGet|GroupVelocityCurrentGet|HardwareDateAndTimeGet|HardwareDateAndTimeSet|HardwareDriverAndStageGet|HardwareInternalListGet|KillAll|Login|MultipleAxesPTExecution|MultipleAxesPTVerification|MultipleAxesPVTExecution|MultipleAxesPVTParametersGet|MultipleAxesPVTPulseOutputGet|MultipleAxesPVTPulseOutputSet|MultipleAxesPVTVerification|MultipleAxesPVTVerificationResultGet|ObjectsListGet|OptionalModuleExecute|OptionalModuleKill|PositionerAccelerationAutoScaling|PositionerAnalogTrackingPositionParametersGet|PositionerAnalogTrackingPositionParametersSet|PositionerAnalogTrackingVelocityParametersGet|PositionerAnalogTrackingVelocityParametersSet|PositionerBacklashDisable|PositionerBacklashEnable|PositionerBacklashGet|PositionerBacklashSet|PositionerCorrectorAutoTuning|PositionerCorrectorNotchFiltersGet|PositionerCorrectorNotchFiltersSet|PositionerCorrectorPIDDualFFVoltageGet|PositionerCorrectorPIDDualFFVoltageSet|PositionerCorrectorPIDFFAccelerationGet|PositionerCorrectorPIDFFAccelerationSet|PositionerCorrectorPIDFFVelocityGet|PositionerCorrectorPIDFFVelocitySet|PositionerCorrectorPIPositionGet|PositionerCorrectorPIPositionSet|PositionerCorrectorTypeGet|PositionerCurrentVelocityAccelerationFiltersGet|PositionerCurrentVelocityAccelerationFiltersSet|PositionerDACOffsetDualGet|PositionerDACOffsetDualSet|PositionerDACOffsetGet|PositionerDACOffsetSet|PositionerDriverFiltersGet|PositionerDriverFiltersSet|PositionerDriverPositionOffsetsGet|PositionerDriverStatusGet|PositionerDriverStatusListGet|PositionerDriverStatusStringGet|PositionerEncoderAmplitudeValuesGet|PositionerEncoderCalibrationParametersGet|PositionerErrorGet|PositionerErrorListGet|PositionerErrorRead|PositionerErrorStringGet|PositionerExcitationSignalGet|PositionerExcitationSignalSet|PositionerExternalLatchPositionGet|PositionerHardInterpolatorFactorGet|PositionerHardInterpolatorFactorSet|PositionerHardwareStatusGet|PositionerHardwareStatusListGet|PositionerHardwareStatusStringGet|PositionerMaximumVelocityAndAccelerationGet|PositionerMotionDoneGet|PositionerMotionDoneSet|PositionerPositionCompareAquadBAlwaysEnable|PositionerPositionCompareAquadBPrescalerGet|PositionerPositionCompareAquadBPrescalerSet|PositionerPositionCompareAquadBWindowedGet|PositionerPositionCompareAquadBWindowedSet|PositionerPositionCompareDisable|PositionerPositionCompareEnable|PositionerPositionCompareGet|PositionerPositionComparePulseParametersGet|PositionerPositionComparePulseParametersSet|PositionerPositionCompareSet|PositionerRawEncoderPositionGet|PositionerSGammaExactVelocityAjustedDisplacementGet|PositionerSGammaParametersGet|PositionerSGammaParametersSet|PositionerSGammaPreviousMotionTimesGet|PositionerStageParameterGet|PositionerStageParameterSet|PositionerTimeFlasherDisable|PositionerTimeFlasherEnable|PositionerTimeFlasherGet|PositionerTimeFlasherSet|PositionerUserTravelLimitsGet|PositionerUserTravelLimitsSet|PositionersEncoderIndexDifferenceGet|Reboot|ReferencingActionListGet|ReferencingSensorListGet|Send|SingleAxisSlaveModeDisable|SingleAxisSlaveModeEnable|SingleAxisSlaveParametersGet|SingleAxisSlaveParametersSet|SocketsStatusGet|SpindleSlaveModeDisable|SpindleSlaveModeEnable|SpindleSlaveParametersGet|SpindleSlaveParametersSet|TCLScriptExecute|TCLScriptExecuteAndWait|TCLScriptExecuteWithPriority|TCLScriptKill|TCP_CloseSocket|TCP_ConnectToServer|TCP_SetTimeout|TestTCP|TimerGet|TimerSet|XYLineArcExecution|XYLineArcParametersGet|XYLineArcPulseOutputGet|XYLineArcPulseOutputSet|XYLineArcVerification|XYLineArcVerificationResultGet|XYZGroupPositionCorrectedProfilerGet|XYZSplineExecution|XYZSplineParametersGet|XYZSplineVerification|XYZSplineVerificationResultGet|parse|withValidSocket,238,Uni-Lab-OS/community_drivers/xps/info.txt
xspress3,xspress3,Xspress3 X-ray Detector Electronics X射线衍射仪是由Quantum Detectors生产的专业实验设备。,X射线衍射仪,X射线衍射仪(device_template_tag),27,auto-FileCaptureOff|auto-FileCaptureOn|auto-FileWriteComplete|auto-TimeSeriesCaptureOff|auto-TimeSeriesCaptureOn|auto-fileGet|auto-filePut|auto-getFileName|auto-getFileNameByIndex|auto-getFileNumber|auto-getFilePath|auto-getFileTemplate|auto-getLastFileName|auto-get_rois|auto-nextFileNumber|auto-restore_rois|auto-roi_calib_info|auto-select_rois_to_save|auto-setFileName|auto-setFileNumCapture|auto-setFileNumber|auto-setFilePath|auto-setFileTemplate|auto-setFileWriteMode|auto-setTriggerMode|auto-useExternalTrigger|auto-useInternalTrigger,FileCaptureOff|FileCaptureOn|FileWriteComplete|TimeSeriesCaptureOff|TimeSeriesCaptureOn|fileGet|filePut|getFileName|getFileNameByIndex|getFileNumber|getFilePath|getFileTemplate|getLastFileName|get_rois|nextFileNumber|restore_rois|roi_calib_info|select_rois_to_save|setFileName|setFileNumCapture|setFileNumber|setFilePath|setFileTemplate|setFileWriteMode|setTriggerMode|useExternalTrigger|useInternalTrigger,34,Uni-Lab-OS/community_drivers/xspress3/info.txt
xspress310,xspress310,Xspress3-10 X-ray Detector Electronics X射线衍射仪是由Quantum Detectors生产的专业实验设备。,X射线衍射仪,X射线衍射仪(device_template_tag),27,auto-FileCaptureOff|auto-FileCaptureOn|auto-FileWriteComplete|auto-TimeSeriesCaptureOff|auto-TimeSeriesCaptureOn|auto-fileGet|auto-filePut|auto-getFileName|auto-getFileNameByIndex|auto-getFileNumber|auto-getFilePath|auto-getFileTemplate|auto-getLastFileName|auto-get_rois|auto-nextFileNumber|auto-restore_rois|auto-roi_calib_info|auto-select_rois_to_save|auto-setFileName|auto-setFileNumCapture|auto-setFileNumber|auto-setFilePath|auto-setFileTemplate|auto-setFileWriteMode|auto-setTriggerMode|auto-useExternalTrigger|auto-useInternalTrigger,FileCaptureOff|FileCaptureOn|FileWriteComplete|TimeSeriesCaptureOff|TimeSeriesCaptureOn|fileGet|filePut|getFileName|getFileNameByIndex|getFileNumber|getFilePath|getFileTemplate|getLastFileName|get_rois|nextFileNumber|restore_rois|roi_calib_info|select_rois_to_save|setFileName|setFileNumCapture|setFileNumber|setFilePath|setFileTemplate|setFileWriteMode|setTriggerMode|useExternalTrigger|useInternalTrigger,33,Uni-Lab-OS/community_drivers/xspress310/info.txt
xspress3_detector,xspress3_detector,Xspress3 X-ray Detector X射线衍射仪是由Quantum Detectors生产的专业实验设备。,X射线衍射仪,X射线衍射仪(device_template_tag),24,auto-ContinuousMode|auto-NDArrayMode|auto-ROIMode|auto-ScalerMode|auto-arm|auto-arm_complete|auto-config_filesaver|auto-connect_counters|auto-disarm|auto-file_write_complete|auto-finish_capture|auto-get_last_filename|auto-get_next_filename|auto-get_numcaptured|auto-post_scan|auto-pre_scan|auto-restore_rois|auto-roi_calib_info|auto-save_arraydata|auto-save_calibration|auto-set_dwelltime|auto-set_timeseries|auto-start|auto-stop,ContinuousMode|NDArrayMode|ROIMode|ScalerMode|arm|arm_complete|config_filesaver|connect_counters|disarm|file_write_complete|finish_capture|get_last_filename|get_next_filename|get_numcaptured|post_scan|pre_scan|restore_rois|roi_calib_info|save_arraydata|save_calibration|set_dwelltime|set_timeseries|start|stop,31,Uni-Lab-OS/community_drivers/xspress3_detector/info.txt
y_bluetooth_link,y_bluetooth_link,YBluetoothLink,custom,,9,auto-connect|auto-disconnect|auto-nextBluetoothLink|auto-set_command|auto-set_mute|auto-set_pairingPin|auto-set_preAmplifier|auto-set_remoteAddress|auto-set_volume,connect|disconnect|nextBluetoothLink|set_command|set_mute|set_pairingPin|set_preAmplifier|set_remoteAddress|set_volume,23,Uni-Lab-OS/community_drivers/y_bluetooth_link/info.txt
y_digital_io,y_digital_io,The YDigitalIO class allows you drive a Yoctopuce digital input/output port,custom,,14,auto-delayedPulse|auto-nextDigitalIO|auto-pulse|auto-set_bitDirection|auto-set_bitOpenDrain|auto-set_bitPolarity|auto-set_bitState|auto-set_command|auto-set_outputVoltage|auto-set_portDirection|auto-set_portOpenDrain|auto-set_portPolarity|auto-set_portState|auto-toggle_bitState,delayedPulse|nextDigitalIO|pulse|set_bitDirection|set_bitOpenDrain|set_bitPolarity|set_bitState|set_command|set_outputVoltage|set_portDirection|set_portOpenDrain|set_portPolarity|set_portState|toggle_bitState,30,Uni-Lab-OS/community_drivers/y_digital_io/info.txt
y_message_box,y_message_box,YMessageBox,custom,,16,auto-checkNewMessages|auto-clearPduCounters|auto-clearSIMSlot|auto-fetchPdu|auto-gsm2str|auto-gsm2unicode|auto-initGsm2Unicode|auto-newMessage|auto-nextMessageBox|auto-nextMsgRef|auto-sendFlashMessage|auto-sendTextMessage|auto-set_command|auto-set_pduReceived|auto-set_pduSent|auto-str2gsm,checkNewMessages|clearPduCounters|clearSIMSlot|fetchPdu|gsm2str|gsm2unicode|initGsm2Unicode|newMessage|nextMessageBox|nextMsgRef|sendFlashMessage|sendTextMessage|set_command|set_pduReceived|set_pduSent|str2gsm,80,Uni-Lab-OS/community_drivers/y_message_box/info.txt
y_network,y_network,YNetwork,custom,,26,auto-callbackLogin|auto-nextNetwork|auto-ping|auto-set_adminPassword|auto-set_callbackCredentials|auto-set_callbackEncoding|auto-set_callbackInitialDelay|auto-set_callbackMaxDelay|auto-set_callbackMethod|auto-set_callbackMinDelay|auto-set_callbackSchedule|auto-set_callbackUrl|auto-set_defaultPage|auto-set_discoverable|auto-set_httpPort|auto-set_ipConfig|auto-set_ntpServer|auto-set_periodicCallbackSchedule|auto-set_primaryDNS|auto-set_secondaryDNS|auto-set_userPassword|auto-set_wwwWatchdogDelay|auto-triggerCallback|auto-useDHCP|auto-useDHCPauto|auto-useStaticIP,callbackLogin|nextNetwork|ping|set_adminPassword|set_callbackCredentials|set_callbackEncoding|set_callbackInitialDelay|set_callbackMaxDelay|set_callbackMethod|set_callbackMinDelay|set_callbackSchedule|set_callbackUrl|set_defaultPage|set_discoverable|set_httpPort|set_ipConfig|set_ntpServer|set_periodicCallbackSchedule|set_primaryDNS|set_secondaryDNS|set_userPassword|set_wwwWatchdogDelay|triggerCallback|useDHCP|useDHCPauto|useStaticIP,54,Uni-Lab-OS/community_drivers/y_network/info.txt
y_proximity,y_proximity,YProximity,custom,,8,auto-nextProximity|auto-resetCounter|auto-set_detectionHysteresis|auto-set_detectionThreshold|auto-set_presenceMinTime|auto-set_proximityReportMode|auto-set_pulseCounter|auto-set_removalMinTime,nextProximity|resetCounter|set_detectionHysteresis|set_detectionThreshold|set_presenceMinTime|set_proximityReportMode|set_pulseCounter|set_removalMinTime,23,Uni-Lab-OS/community_drivers/y_proximity/info.txt
y_pwm_input,y_pwm_input,The YPwmInput class allows you to read and configure Yoctopuce PWM inputs,custom,,6,auto-nextPwmInput|auto-resetCounter|auto-set_debouncePeriod|auto-set_pulseCounter|auto-set_pwmReportMode|auto-set_unit,nextPwmInput|resetCounter|set_debouncePeriod|set_pulseCounter|set_pwmReportMode|set_unit,18,Uni-Lab-OS/community_drivers/y_pwm_input/info.txt
y_sensor,y_sensor,The YSensor class is the parent class for all Yoctopuce sensor types,temperature,,14,auto-calibrateFromPoints|auto-isSensorReady|auto-loadCalibrationPoints|auto-nextSensor|auto-registerTimedReportCallback|auto-set_advMode|auto-set_calibrationParam|auto-set_highestValue|auto-set_logFrequency|auto-set_lowestValue|auto-set_reportFrequency|auto-set_resolution|auto-startDataLogger|auto-stopDataLogger,calibrateFromPoints|isSensorReady|loadCalibrationPoints|nextSensor|registerTimedReportCallback|set_advMode|set_calibrationParam|set_highestValue|set_logFrequency|set_lowestValue|set_reportFrequency|set_resolution|startDataLogger|stopDataLogger,408,Uni-Lab-OS/community_drivers/y_sensor/info.txt
y_serial_port,y_serial_port,The YSerialPort class allows you to fully drive a Yoctopuce serial port,custom,,42,auto-modbusReadBits|auto-modbusReadInputBits|auto-modbusReadInputRegisters|auto-modbusReadRegisters|auto-modbusWriteAndReadRegisters|auto-modbusWriteBit|auto-modbusWriteBits|auto-modbusWriteRegister|auto-modbusWriteRegisters|auto-nextSerialPort|auto-queryHex|auto-queryLine|auto-queryMODBUS|auto-readArray|auto-readBin|auto-readByte|auto-readHex|auto-readLine|auto-readMessages|auto-readStr|auto-read_avail|auto-read_seek|auto-read_tell|auto-reset|auto-selectJob|auto-sendCommand|auto-set_RTS|auto-set_command|auto-set_currentJob|auto-set_protocol|auto-set_serialMode|auto-set_startupJob|auto-set_voltageLevel|auto-snoopMessages|auto-uploadJob|auto-writeArray|auto-writeBin|auto-writeByte|auto-writeHex|auto-writeLine|auto-writeMODBUS|auto-writeStr,modbusReadBits|modbusReadInputBits|modbusReadInputRegisters|modbusReadRegisters|modbusWriteAndReadRegisters|modbusWriteBit|modbusWriteBits|modbusWriteRegister|modbusWriteRegisters|nextSerialPort|queryHex|queryLine|queryMODBUS|readArray|readBin|readByte|readHex|readLine|readMessages|readStr|read_avail|read_seek|read_tell|reset|selectJob|sendCommand|set_RTS|set_command|set_currentJob|set_protocol|set_serialMode|set_startupJob|set_voltageLevel|snoopMessages|uploadJob|writeArray|writeBin|writeByte|writeHex|writeLine|writeMODBUS|writeStr,65,Uni-Lab-OS/community_drivers/y_serial_port/info.txt
y_spi_port,y_spi_port,The YSpiPort class allows you to fully drive a Yoctopuce SPI port,custom,,32,auto-nextSpiPort|auto-queryHex|auto-queryLine|auto-readArray|auto-readBin|auto-readByte|auto-readHex|auto-readLine|auto-readMessages|auto-readStr|auto-read_avail|auto-read_seek|auto-read_tell|auto-reset|auto-selectJob|auto-sendCommand|auto-set_SS|auto-set_command|auto-set_currentJob|auto-set_protocol|auto-set_shiftSampling|auto-set_spiMode|auto-set_ssPolarity|auto-set_startupJob|auto-set_voltageLevel|auto-uploadJob|auto-writeArray|auto-writeBin|auto-writeByte|auto-writeHex|auto-writeLine|auto-writeStr,nextSpiPort|queryHex|queryLine|readArray|readBin|readByte|readHex|readLine|readMessages|readStr|read_avail|read_seek|read_tell|reset|selectJob|sendCommand|set_SS|set_command|set_currentJob|set_protocol|set_shiftSampling|set_spiMode|set_ssPolarity|set_startupJob|set_voltageLevel|uploadJob|writeArray|writeBin|writeByte|writeHex|writeLine|writeStr,52,Uni-Lab-OS/community_drivers/y_spi_port/info.txt
yd_lidar,yd_lidar,YD Lidar是由YDLIDAR生产的实验执行&合成设备，主要功能包括初始化、扫描、绘图、读取数据、运行。,实验执行&合成设备,实验执行&合成设备(experimental_step),4,auto-init|auto-run_threaded|auto-shutdown|auto-update,init|run_threaded|shutdown|update,41,Uni-Lab-OS/community_drivers/yd_lidar/info.txt
yi2c_port,yi2c_port,The YI2cPort classe allows you to fully drive a Yoctopuce I2C port,custom,,28,auto-i2cSendAndReceiveArray|auto-i2cSendAndReceiveBin|auto-i2cSendArray|auto-i2cSendBin|auto-nextI2cPort|auto-queryHex|auto-queryLine|auto-readLine|auto-readMessages|auto-read_avail|auto-read_seek|auto-read_tell|auto-reset|auto-selectJob|auto-sendCommand|auto-set_command|auto-set_currentJob|auto-set_i2cMode|auto-set_i2cVoltageLevel|auto-set_protocol|auto-set_startupJob|auto-uploadJob|auto-writeArray|auto-writeBin|auto-writeByte|auto-writeHex|auto-writeLine|auto-writeStr,i2cSendAndReceiveArray|i2cSendAndReceiveBin|i2cSendArray|i2cSendBin|nextI2cPort|queryHex|queryLine|readLine|readMessages|read_avail|read_seek|read_tell|reset|selectJob|sendCommand|set_command|set_currentJob|set_i2cMode|set_i2cVoltageLevel|set_protocol|set_startupJob|uploadJob|writeArray|writeBin|writeByte|writeHex|writeLine|writeStr,46,Uni-Lab-OS/community_drivers/yi2c_port/info.txt
yokogawa6370,yokogawa6370,Yokogawa6370是由Yokogawa Electric生产的专业实验设备。,表征设备,表征设备(experimental_step),16,auto-abort|auto-active_trace|auto-analysis|auto-bandwidth|auto-center_wl|auto-channel|auto-clear|auto-data|auto-points|auto-query|auto-span|auto-start_sweep|auto-start_wl|auto-stop_wl|auto-sweep_mode|auto-wavelength,abort|active_trace|analysis|bandwidth|center_wl|channel|clear|data|points|query|span|start_sweep|start_wl|stop_wl|sweep_mode|wavelength,10,Uni-Lab-OS/community_drivers/yokogawa6370/info.txt
yokogawa7651,yokogawa7651,Yokogawa7651是由Yokogawa Electric生产的专业实验设备。,实验执行&合成设备,实验执行&合成设备(experimental_step),6,auto-channel|auto-current|auto-mode|auto-output|auto-trigger|auto-voltage,channel|current|mode|output|trigger|voltage,7,Uni-Lab-OS/community_drivers/yokogawa7651/info.txt
zaber_daisy_chain,zaber_daisy_chain,Zaber Daisy Chain是由Zaber Technologies生产的专业实验设备。,实验执行&合成设备,实验执行&合成设备(experimental_step),1,auto-devices,devices,62,Uni-Lab-OS/community_drivers/zaber_daisy_chain/info.txt
zi_base_instrument,zi_base_instrument,Zurich Instruments Base 锁相放大器基础驱动是由Jeio Tech Co.,表征设备,表征设备(experimental_step),47,auto-FIXMEclose|auto-assure_ext_clock|auto-awgModule|auto-check_errors|auto-clear_errors|auto-configure_awg_from_string|auto-connectDevice|auto-demote_error|auto-execute|auto-get|auto-getAsEvent|auto-getComplex|auto-getDouble|auto-getInt|auto-getString|auto-get_compilation_count|auto-get_idn|auto-getc|auto-getd|auto-getdeep|auto-geti|auto-gets|auto-getv|auto-listNodesJSON|auto-load_default_settings|auto-plot_awg_codewords|auto-plot_dio_snapshot|auto-poll|auto-reset_waveforms_zeros|auto-set|auto-setComplex|auto-setDebugLevel|auto-setDouble|auto-setInt|auto-setVector|auto-setc|auto-setd|auto-seti|auto-sets|auto-setv|auto-start|auto-stop|auto-subs|auto-subscribe|auto-sync|auto-unsubs|auto-unsubscribe,FIXMEclose|assure_ext_clock|awgModule|check_errors|clear_errors|configure_awg_from_string|connectDevice|demote_error|execute|get|getAsEvent|getComplex|getDouble|getInt|getString|get_compilation_count|get_idn|getc|getd|getdeep|geti|gets|getv|listNodesJSON|load_default_settings|plot_awg_codewords|plot_dio_snapshot|poll|reset_waveforms_zeros|set|setComplex|setDebugLevel|setDouble|setInt|setVector|setc|setd|seti|sets|setv|start|stop|subs|subscribe|sync|unsubs|unsubscribe,91,Uni-Lab-OS/community_drivers/zi_base_instrument/info.txt
zi_base_module,zi_base_module,Zurich Instruments Module 锁相放大器功能模块是由Jeio Tech Co.,表征设备,表征设备(experimental_step),7,auto-execute|auto-progress|auto-raw_module|auto-read|auto-subscribe|auto-unsubscribe|auto-wait_done,execute|progress|raw_module|read|subscribe|unsubscribe|wait_done,11,Uni-Lab-OS/community_drivers/zi_base_module/info.txt
zi_hdawg_core,zi_hdawg_core,ZI HDAWG Core 高性能任意波形发生器核心模块是由维根技术（北京）有限公司（WIGGENS）生产的专业实验设备。,移液工作站,移液工作站(device_template_tag),6,auto-assure_ext_clock|auto-get_idn|auto-load_default_settings|auto-plot_awg_codewords|auto-plot_dio_snapshot|auto-upload_waveform_realtime,assure_ext_clock|get_idn|load_default_settings|plot_awg_codewords|plot_dio_snapshot|upload_waveform_realtime,14,Uni-Lab-OS/community_drivers/zi_hdawg_core/info.txt
zi_pqsc,zi_pqsc,Zurich Instruments PQSC Controller 仪器是由Zurich Instruments生产的表征设备，主要功能包括停止、启动。,表征设备,表征设备(experimental_step),9,auto-check_errors|auto-clear_errors|auto-clock_freq|auto-get_progress|auto-set_holdoff|auto-set_repetitions|auto-start|auto-stop|auto-track_progress,check_errors|clear_errors|clock_freq|get_progress|set_holdoff|set_repetitions|start|stop|track_progress,15,Uni-Lab-OS/community_drivers/zi_pqsc/info.txt
zi_shell_device,zi_shell_device,Zurich Instruments Shell Device是由Zurich Instruments生产的表征设备，主要功能包括加载、参数配置、启动、校准、绘图、触发。,表征设备,表征设备(experimental_step),49,auto-awg_dio_snapshot|auto-calibrate_dio_protocol|auto-configure_awg_file|auto-configure_awg_string|auto-connect_device|auto-connect_server|auto-dio_snapshot|auto-dio_testmode|auto-direct|auto-do_get_screenshot|auto-do_single_shot|auto-extclk|auto-features|auto-find|auto-finds|auto-get_channel_data|auto-getd|auto-geti|auto-getv|auto-idn|auto-is_averaging_complete|auto-load_settings|auto-mode|auto-off|auto-on|auto-onOffMultiple|auto-poll|auto-read_scope|auto-reconnect|auto-restart|auto-sampleclk|auto-set_average_count|auto-set_averaging|auto-set_channel_scale|auto-set_format_real|auto-set_maximum_rate|auto-set_time_scale|auto-set_trigger_coupling|auto-set_trigger_ext|auto-set_trigger_level|auto-set_trigger_mode|auto-set_trigger_slope|auto-set_trigger_src|auto-setd|auto-seti|auto-setv|auto-subs|auto-sync|auto-unsubs,awg_dio_snapshot|calibrate_dio_protocol|configure_awg_file|configure_awg_string|connect_device|connect_server|dio_snapshot|dio_testmode|direct|do_get_screenshot|do_single_shot|extclk|features|find|finds|get_channel_data|getd|geti|getv|idn|is_averaging_complete|load_settings|mode|off|on|onOffMultiple|poll|read_scope|reconnect|restart|sampleclk|set_average_count|set_averaging|set_channel_scale|set_format_real|set_maximum_rate|set_time_scale|set_trigger_coupling|set_trigger_ext|set_trigger_level|set_trigger_mode|set_trigger_slope|set_trigger_src|setd|seti|setv|subs|sync|unsubs,76,Uni-Lab-OS/community_drivers/zi_shell_device/info.txt
zidaq_module,zidaq_module,Zurich Instruments ziDAQ Module 仪器 数据采集模块是由Zurich Instruments生产的表征设备，主要功能包括触发、读取数据。,表征设备,表征设备(experimental_step),4,auto-finish|auto-finished|auto-read|auto-trigger,finish|finished|read|trigger,5,Uni-Lab-OS/community_drivers/zidaq_module/info.txt
zishfqa_sweeper,zishfqa_sweeper,Zurich Instruments SHFQA Sweeper是由Zurich Instruments生产的表征设备，主要功能包括绘图、运行。,表征设备,表征设备(experimental_step),4,auto-get_offset_freq_vector|auto-get_result|auto-plot|auto-run,get_offset_freq_vector|get_result|plot|run,6,Uni-Lab-OS/community_drivers/zishfqa_sweeper/info.txt
zmq_value_sub,zmq_value_sub,ZMQ Value SUB是由Open Standard (ZeroMQ)生产的专业实验设备。,实验执行&合成设备,实验执行&合成设备(experimental_step),2,auto-run|auto-shutdown,run|shutdown,37,Uni-Lab-OS/community_drivers/zmq_value_sub/info.txt
znb20,znb20,R&S ZNB20 Vector Network Analyzer是由Rohde & Schwarz生产的表征设备。,表征设备,表征设备(experimental_step),3,auto-get_formatted_data|auto-get_real_imaginary_data|auto-get_stimulus,get_formatted_data|get_real_imaginary_data|get_stimulus,6,Uni-Lab-OS/community_drivers/znb20/info.txt
