name,name_en,device,registry_key,action_count,function_count,atom_actions,description,description_en,categories,tags,source_file,matched_life_science_tags,matched_tag_confidences,confidence,confidence_refined
Bioyond 细胞培养工作站,,bioyond_cell.bioyond_cell,bioyond_cell,29,,auto-auto_batch_outbound_from_xlsx|auto-auto_feeding4to3|auto-create_and_inbound_materials|auto-create_material|auto-create_materials|auto-create_orders|auto-create_orders_v2|auto-create_sample|auto-order_list_v2|auto-process_order_finish_report|auto-process_sample_finish_report|auto-process_step_finish_report|auto-report_material_change|auto-resource_tree_transfer|auto-scheduler_continue|auto-scheduler_reset|auto-scheduler_start|auto-scheduler_start_and_auto_feeding|auto-scheduler_start_and_auto_feeding_v2|auto-scheduler_stop|auto-storage_batch_inbound|auto-storage_inbound|auto-transfer_1_to_2|auto-transfer_3_to_2|auto-transfer_3_to_2_to_1|auto-update_push_ip|auto-wait_for_order_finish|auto-wait_for_order_finish_polling|auto-wait_for_transfer_task,Bioyond 细胞培养工作站，集成物料管理、调度控制和自动化上料功能，支持Excel批量导入和多仓库管理，适用于细胞培养实验的全流程自动化。,,细胞培养工作站,器件/细胞设备|生命体系|细胞生物学研究|实验室自动化与仪器集成|细胞培养自动化|细胞培养工作站,_aggregate_device_info_existing.csv,器件/细胞设备|生命体系|细胞生物学研究|实验室自动化与仪器集成,high|high|high|low,high,high
Bioyond 配液工作站,,bioyond_dispensing_station.bioyond_dispensing_station,bioyond_dispensing_station,13,,auto-brief_step_parameters|auto-process_order_finish_report|auto-project_order_report|auto-query_resource_by_name|auto-workflow_sample_locations|batch_create_90_10_vial_feeding_tasks|batch_create_diamine_solution_tasks|compute_experiment_design|create_90_10_vial_feeding_task|create_diamine_solution_task|scheduler_start|transfer_materials_to_reaction_station|wait_for_multiple_orders_and_get_reports,Bioyond 配液工作站，支持二胺溶液配制、小瓶投料、物料转运和实验报告生成，具备批量任务创建和多订单并行等待功能，适用于高通量化学实验的自动化配液需求。,,一体化配粉配液站|移液工作站,备料&前处理设备|溶液配制与反应|移液站产品|一体化配粉配液站|移液工作站|实验室自动化与仪器集成|高通量配液与样品制备,_aggregate_device_info_existing.csv,移液站产品|一体化配粉配液站|移液工作站|实验室自动化与仪器集成,medium|medium|medium|low,medium,high
安捷伦高效液相色谱仪,,characterization_chromatic.hplc.agilent,hplc.agilent,6,,auto-check_status|auto-extract_data_from_txt|auto-start_sequence|auto-try_close_sub_device|auto-try_open_sub_device|execute_command_from_outer,安捷伦高效液相色谱（HPLC）分析设备，用于复杂化合物的分离、检测和定量分析。该设备通过UI自动化技术控制安捷伦ChemStation软件，实现全自动的样品分析流程。具备序列启动、设备状态监控、数据文件提取、结果处理等功能。支持多样品批量处理和实时状态反馈，适用于药物分析、环境检测、食品安全、化学研究等需要高精度色谱分析的实验室应用。,,高效液相色谱仪,表征设备|智慧表征与检测中心|物化表征测试中心|样品分离与前处理|高效液相色谱仪|色谱分离与定量分析,_aggregate_device_info_existing.csv,样品分离与前处理,medium,medium,high
智达高效液相色谱仪,,characterization_chromatic.hplc.agilent-zhida,hplc.agilent-zhida,5,,abort|auto-close|auto-connect|get_methods|start,智达高效液相色谱（HPLC）分析设备，用于实验室样品的分离、检测和定量分析。该设备通过TCP socket与HPLC控制系统通信，支持远程控制和状态监控。具备自动进样、梯度洗脱、多检测器数据采集等功能，可执行复杂的色谱分析方法。适用于化学分析、药物检测、环境监测、生物样品分析等需要高精度分离分析的实验室应用场景。,,高效液相色谱仪,表征设备|智慧表征与检测中心|物化表征测试中心|样品分离与前处理|高效液相色谱仪|色谱分离与定量分析,_aggregate_device_info_existing.csv,样品分离与前处理,medium,medium,high
液体处理工作站,,liquid_handler.liquid_handler,liquid_handler,29,,add_liquid|aspirate|auto-create_protocol|auto-custom_delay|auto-iter_tips|auto-set_group|auto-set_liquid|auto-set_liquid_from_plate|auto-set_tiprack|auto-touch_tip|auto-transfer_group|discard_tips|dispense|drop_tips|drop_tips96|mix|move_lid|move_plate|move_resource|move_to|pick_up_tips|pick_up_tips96|remove|remove_liquid|return_tips|return_tips96|stamp|transfer|transfer_liquid,Liquid handler device controlled by pylabrobot,,移液工作站,备料&前处理设备|实验执行&合成设备|溶液配制与反应|实验室自动化与仪器集成|移液站产品|移液工作站,_aggregate_device_info_existing.csv,实验室自动化与仪器集成|移液站产品|移液工作站,low|medium|medium,medium,high
Biomek 液体处理工作站,,liquid_handler.liquid_handler.biomek,liquid_handler.biomek,10,,auto-create_resource|auto-deserialize|auto-instrument_setup_biomek|create_protocol|incubation_biomek|move_biomek|oscillation_biomek|run_protocol|transfer_biomek|transfer_liquid,Biomek液体处理器设备，基于pylabrobot控制,,移液工作站,备料&前处理设备|实验执行&合成设备|溶液配制与反应|实验室自动化与仪器集成|移液站产品|移液工作站,_aggregate_device_info_existing.csv,实验室自动化与仪器集成|移液站产品|移液工作站,low|medium|medium,medium,high
来渝液体处理工作站,,liquid_handler.liquid_handler.laiyu,liquid_handler.laiyu,7,,add_liquid|aspirate|auto-transfer_liquid|dispense|drop_tips|mix|pick_up_tips,Laiyu液体处理器设备，基于pylabrobot控制,,移液工作站,备料&前处理设备|溶液配制与反应|实验室自动化与仪器集成|移液站产品|移液工作站,_aggregate_device_info_existing.csv,实验室自动化与仪器集成|移液站产品|移液工作站,low|medium|medium,medium,high
PRCXI 液体处理工作站,,liquid_handler.liquid_handler.prcxi,liquid_handler.prcxi,24,,add_liquid|aspirate|auto-create_protocol|auto-custom_delay|auto-heater_action|auto-iter_tips|auto-move_to|auto-run_protocol|auto-set_group|auto-shaker_action|auto-touch_tip|auto-transfer_group|discard_tips|dispense|drop_tips|mix|move_plate|pick_up_tips|remove_liquid|set_liquid|set_liquid_from_plate|set_tiprack|transfer|transfer_liquid,prcxi液体处理器设备，基于pylabrobot控制,,移液工作站,备料&前处理设备|溶液配制与反应|实验室自动化与仪器集成|移液站产品|移液工作站,_aggregate_device_info_existing.csv,实验室自动化与仪器集成|移液站产品|移液工作站,low|medium|medium,medium,high
Revvity 液体处理工作站,,liquid_handler.liquid_handler.revvity,liquid_handler.revvity,1,,run,Revvity（原PerkinElmer）液体处理工作站，基于pylabrobot控制，用于实验室液体样品的自动化分配和转移操作。,,移液工作站,备料&前处理设备|溶液配制与反应|实验室自动化与仪器集成|移液站产品|移液工作站,_aggregate_device_info_existing.csv,实验室自动化与仪器集成|移液站产品|移液工作站,low|medium|medium,medium,high
A4S微孔板热封机,A4S Microplate Heat Sealer,a4_s_backend,a4_s_backend,13,24,auto-close|auto-get_remaining_time|auto-get_status|auto-get_temperature|auto-open|auto-seal|auto-send_command|auto-set_heater|auto-set_temperature|auto-set_time|auto-setup|auto-stop|auto-system_reset,A4S是一种用于实验室微孔板热封的自动封膜设备，可对PCR板、深孔板或储样板施加受控温度和时间，将封膜材料压合到板口以实现密封。它适用于样品储存、避免蒸发与污染，以及自动化样品处理流程中的板封口步骤。,"The A4S is an automated microplate heat sealer used in laboratories to apply sealing films to microplates under controlled temperature and time conditions. It is used with PCR plates, deep-well plates, or storage plates to create a secure seal for sample storage, evaporation and contamination control, and automated sample-processing workflows.",封膜仪,备料&前处理设备|生命体系|实验室自动化与仪器集成|移液站产品|封膜仪,_aggregate_device_info_output.csv,生命体系|实验室自动化与仪器集成|移液站产品|封膜仪,high|low|medium|medium,high,high
AA Opto MDS 声光可调滤波器,AA Opto MDS Acousto-Optic Tunable Filter,aa_opto_mds,aa_opto_mds,10,17,auto-Close|auto-Disable|auto-Enable|auto-GetFreq|auto-GetPower|auto-GetStatus|auto-SetFreq|auto-SetPower|auto-SetPowerAndEnable|auto-query,这是一台 AA Opto 的 MDS 系列声光可调滤波器/控制单元，用于按通道控制激光光路的透过、射频驱动功率和工作频率，从而实现特定波长或光束的快速选通与强度调节。该设备常用于荧光显微、激光扫描和多激光实验中的快速波长选择与光强调制。,"This is an AA Opto MDS-series acousto-optic tunable filter and controller used to control laser transmission, RF drive power, and operating frequency on individual channels, enabling fast wavelength selection and intensity modulation. It is commonly used in fluorescence microscopy, laser scanning, and multi-laser laboratory setups for rapid optical switching and beam control.",声光可调滤波器,表征设备|生命体系|智慧表征与检测中心|显微成像与光学显微实验|声光可调滤波器,_aggregate_device_info_output.csv,生命体系|显微成像与光学显微实验,high|medium,high,high
ASI MS2000显微镜控制器,ASI MS2000 Microscope Controller,_asi_controller,_asi_controller,25,62,auto-changed_timeout|auto-command|auto-find_max_speed|auto-get_absolute_position|auto-get_command|auto-get_description|auto-get_led_power|auto-get_number_axes|auto-get_number_leds|auto-is_busy|auto-is_led_on|auto-motor_moving|auto-move_by_relative_position|auto-move_command|auto-move_to_absolute_position|auto-move_to_limit|auto-read_multiline|auto-read_until_timeout|auto-readline|auto-reset_position|auto-set_command|auto-set_led_power|auto-set_speed|auto-wait_for_motor_stop|auto-wait_until_idle,用于显微镜自动化的多轴控制器，可驱动X、Y、Z载物台或调焦轴，并在部分配置下控制LED照明通道。常用于显微成像中的样品定位、扫描、对焦以及光源联动控制。,"A multi-axis controller for microscope automation that can drive X, Y, and Z stage or focus axes, and on some configurations also control LED illumination channels. It is commonly used for sample positioning, scanning, focusing, and coordinated light control in microscopy experiments.",显微镜自动化控制器,表征设备|智慧表征与检测中心|实验室自动化与仪器集成|物化表征测试中心|显微成像与光学显微实验|显微镜自动化控制器,_aggregate_device_info_output.csv,实验室自动化与仪器集成|显微成像与光学显微实验|显微镜自动化控制器,low|medium|high,high,high
ASI Tiger多轴运动控制器,ASI Tiger Multi-Axis Motion Controller,tiger_controller,tiger_controller,52,61,auto-change_filter_wheel_speed|auto-connect_to_serial|auto-disconnect_from_serial|auto-get_axis_addr|auto-get_axis_position|auto-get_axis_position_um|auto-get_default_motor_axis_sequence|auto-get_encoder_counts_per_mm|auto-get_position|auto-get_speed|auto-halt_filter_wheel|auto-is_axis_busy|auto-is_device_busy|auto-is_moving|auto-is_open|auto-logic_card_off|auto-logic_card_on|auto-logic_cell_off|auto-logic_cell_on|auto-move|auto-move_axis|auto-move_dichroic|auto-move_filter_wheel|auto-move_filter_wheel_to_home|auto-moverel|auto-moverel_axis|auto-read_response|auto-report_to_console|auto-scan_ports|auto-scanr|auto-scanv|auto-select_filter_wheel|auto-send_command|auto-send_filter_wheel_command|auto-set_backlash|auto-set_error|auto-set_feedback_alignment|auto-set_finishing_accuracy|auto-set_max_speed|auto-set_speed|auto-set_speed_as_percent_max|auto-setup_control_loop|auto-setup_laser|auto-setup_z_stage|auto-single_axis_mode|auto-single_axis_waveform|auto-square_wave|auto-start_scan|auto-stop|auto-stop_scan|auto-wait_for_device|auto-wait_for_loop,用于显微成像与自动化实验的多轴硬件控制器。它通过串口控制电动载物台/位移轴，并可协调扫描、滤光轮、二向色镜滑块、逻辑触发、波形输出以及相机、激光和远焦等时序信号。,"A multi-axis hardware controller for microscopy and automated experiments. It communicates over serial to control motorized stages/axes and can coordinate scanning, filter wheels, dichroic sliders, logic triggering, waveform output, and timing signals for cameras, lasers, and remote focus devices.",电动位移台控制器|位置控制器,表征设备|物流/机械|精密定位与运动控制|实验室自动化与仪器集成|显微成像与光学显微实验|样品/探针定位与运动控制|电动位移台控制器|位置控制器,_aggregate_device_info_output.csv,实验室自动化与仪器集成|显微成像与光学显微实验|样品/探针定位与运动控制|电动位移台控制器|位置控制器,low|medium|medium|medium|low,medium,high
Agilent BioTek 多功能微孔板读板仪,Agilent BioTek multimode microplate reader,bio_tek_plate_reader_backend,bio_tek_plate_reader_backend,25,41,auto-abs_wavelength_range|auto-close|auto-emission_range|auto-excitation_range|auto-focal_height_range|auto-get_current_temperature|auto-get_firmware_version|auto-get_serial_number|auto-home|auto-open|auto-read_absorbance|auto-read_fluorescence|auto-read_luminescence|auto-send_command|auto-set_plate|auto-set_temperature|auto-setup|auto-shake|auto-stop|auto-stop_heating_or_cooling|auto-stop_shaking|auto-supports_cooling|auto-supports_heating|auto-temperature_range|auto-version,这是一种台式微孔板读板仪，用于对微孔板中的样品进行吸光度、荧光和发光检测。设备通常带有载板抽屉、温度控制和振荡功能，适用于生化分析、细胞实验和高通量筛选等实验室检测工作。,"A benchtop multimode microplate reader used to measure absorbance, fluorescence, and luminescence from samples in microplates. It typically includes a plate tray, temperature control, and shaking, and is used for biochemical assays, cell-based experiments, and high-throughput screening.",酶标仪,表征设备|生命体系|智慧表征与检测中心|细胞生物学研究|酶标仪|微孔板检测与高通量筛选,_aggregate_device_info_output.csv,生命体系|细胞生物学研究|酶标仪|微孔板检测与高通量筛选,high|high|high|high,high,high
Andor Neo科学CMOS相机,Andor Neo sCMOS Camera,neo,neo,10,18,auto-clock_rate|auto-exposure_time|auto-fan_peed|auto-initialize|auto-pixel_encoding|auto-roi|auto-sensor_size|auto-sensor_temp|auto-take_image|auto-take_image_async,Andor Neo是一款科学级CMOS相机，用于实验室中的低噪声、高灵敏度二维成像。它常用于显微成像、光学检测和需要可调曝光、传感器读出与区域选取的科学图像采集实验。,"The Andor Neo is a scientific CMOS camera for low-noise, high-sensitivity 2D imaging in laboratories. It is commonly used for microscopy, optical measurements, and scientific image acquisition experiments that require adjustable exposure, sensor readout settings, and region-of-interest selection.",科学相机,表征设备|光学与光谱实验|显微成像与光学显微实验|实验成像与机器视觉|科学相机,_aggregate_device_info_output.csv,显微成像与光学显微实验|实验成像与机器视觉|科学相机,medium|medium|medium,medium,high
Andor 科学相机,Andor scientific camera,skeleton_camera,skeleton_camera,50,59,auto-CamReady|auto-CheckCoordinates|auto-DisplayError|auto-ExpReady|auto-ExtractColor|auto-GenStartMetadata|auto-GetAcquisitionMode|auto-GetBWPicture|auto-GetBufferSize|auto-GetCCDHeight|auto-GetCCDTemp|auto-GetCCDTempSetPoint|auto-GetCCDWidth|auto-GetEMGain|auto-GetElectrTemp|auto-GetFPS|auto-GetHorizBin|auto-GetHorzBinValue|auto-GetIntegTime|auto-GetNoiseProperties|auto-GetNumImsBuffered|auto-GetNumberChannels|auto-GetPicHeight|auto-GetPicWidth|auto-GetROIX1|auto-GetROIX2|auto-GetROIY1|auto-GetROIY2|auto-GetSerialNumber|auto-GetStatus|auto-GetVertBin|auto-Init|auto-SetAcquisitionMode|auto-SetActive|auto-SetBaselineClamp|auto-SetBurst|auto-SetCCDTemp|auto-SetCOC|auto-SetEMGain|auto-SetHorizBin|auto-SetIntegTime|auto-SetROI|auto-SetROIIndex|auto-SetShutter|auto-SetVertBin|auto-Shutdown|auto-StartExposure|auto-StartLifePreview|auto-StopAq|auto-StopLifePreview,用于实验成像采集的科学相机，可进行曝光控制、图像帧读取、ROI（感兴趣区域）设置、缓冲区管理、传感器温度与快门相关控制，适用于显微成像等实验场景。,"A scientific imaging camera for laboratory image acquisition, supporting exposure control, frame readout, ROI configuration, buffer management, sensor temperature handling, and shutter-related control for applications such as microscopy.",科学相机,表征设备|智慧表征与检测中心|光学与光谱实验|显微成像与光学显微实验|实验成像与机器视觉|科学相机,_aggregate_device_info_output.csv,显微成像与光学显微实验|实验成像与机器视觉|科学相机,medium|medium|medium,medium,high
自动化注射泵控制器,Automated Syringe Pump Controller,a_pump,a_pump,16,23,auto-close|auto-disconnect|auto-enableRemoteControl|auto-getIdentification|auto-getResponse|auto-getStatus|auto-readDisplay|auto-selectUnit|auto-sendAndAcknowledge|auto-sendBuffered|auto-sendImmediate|auto-sendString|auto-setFlowDirection|auto-setSpeed|auto-startFlow|auto-stopFlow,这是一种用于实验室自动化系统的注射泵控制设备，用于对泵单元进行远程使能、启动/停止、状态读取与命令下发。它常用于试剂分配、液体传输和流程化液路控制场景。,"This is a syringe-pump control device for laboratory automation, used to remotely enable pump units, start and stop flow, read status, and send control commands. It is commonly used in reagent dispensing, liquid transfer, and scripted fluid-path control workflows.",注射泵,备料&前处理设备|溶液配制与反应|实验室自动化与仪器集成|移液站产品|注射泵,_aggregate_device_info_output.csv,实验室自动化与仪器集成|移液站产品,low|medium,medium,high
自动微孔板培养箱,Automated microplate incubator,incubator,incubator,16,29,auto-close_door|auto-deserialize|auto-fetch_plate_to_loading_tray|auto-find_random_site|auto-find_smallest_site_for_plate|auto-get_num_free_sites|auto-get_site_by_plate_name|auto-get_temperature|auto-open_door|auto-racks|auto-serialize|auto-set_temperature|auto-start_shaking|auto-stop_shaking|auto-summary|auto-take_in_plate,一种用于存放并温控培养微孔板或培养板的自动化实验室培养箱，通常具有多个板位、装载托盘和可开闭门机构，可在设定温度下进行样品孵育，并支持板件取放与振荡混匀。常用于细胞培养、酶反应、样品保温和自动化流程中的板式孵育步骤。,"An automated laboratory incubator for storing and temperature-controlling microplates or assay plates. It typically provides multiple plate sites, a loading tray, and a door mechanism, allowing incubation at a set temperature as well as automated plate transfer and shaking. It is commonly used for cell culture, enzyme reactions, sample holding, and plate incubation steps in lab automation workflows.",微孔板自动培养存储系统,实验执行&合成设备|器件/细胞设备|生命体系|实验室自动化与仪器集成|细胞生物学研究|微孔板样品孵育与混匀|微孔板自动培养存储系统,_aggregate_device_info_output.csv,器件/细胞设备|生命体系|实验室自动化与仪器集成|细胞生物学研究|微孔板样品孵育与混匀|微孔板自动培养存储系统,high|high|low|high|high|medium,high,high
BITalino 生理信号采集板,BITalino biosignal acquisition board,bi_talino,bi_talino,5,21,auto-connect|auto-disconnect|auto-set_callback|auto-start|auto-stop,BITalino 是一款便携式蓝牙生理信号采集设备，提供多路模拟输入通道，可用于采集和传输实验中的生理或其他低频模拟传感器信号。它常用于教学、原型开发和可穿戴生理测量实验。,"BITalino is a portable Bluetooth biosignal acquisition device with multiple analog input channels for collecting and streaming physiological or other low-frequency analog sensor signals in laboratory experiments. It is commonly used for teaching, prototyping, and wearable physiology measurements.",模拟输入数据采集模块,表征设备|生命体系|实验仪器数据采集与联机控制|模拟输入数据采集模块,_aggregate_device_info_output.csv,生命体系,high,high,high
BioShake微孔板加热振荡器,BioShake microplate heater shaker,bio_shake,bio_shake,13,21,auto-deactivate|auto-get_current_temperature|auto-home|auto-lock_plate|auto-reset|auto-set_temperature|auto-setup|auto-shake|auto-stop|auto-stop_shaking|auto-supports_active_cooling|auto-supports_locking|auto-unlock_plate,这是一种实验室微孔板加热振荡器，可对板式样品进行控温并同时振荡混匀。它常用于样品孵育、反应混合、酶反应、核酸与蛋白相关实验等需要稳定温度和持续摇匀的流程，部分机型还支持锁板与主动冷却功能。,"This is a laboratory microplate heater shaker that provides temperature control and shaking for plate-based samples. It is commonly used for sample incubation, reaction mixing, enzymatic workflows, and nucleic acid or protein-related assays that require stable heating and continuous agitation. Some models also support plate locking and active cooling.",热混匀仪|微孔板恒温振荡器,备料&前处理设备|实验执行&合成设备|生命体系|溶液配制与反应|热混匀仪|微孔板样品孵育与混匀|微孔板恒温振荡器,_aggregate_device_info_output.csv,生命体系|热混匀仪|微孔板样品孵育与混匀|微孔板恒温振荡器,high|high|high|medium,high,high
BioShake微孔板恒温振荡器,BioShake microplate thermoshaker,bioshake_driver,bioshake_driver,7,17,auto-get_info|auto-home_shaker|auto-lock|auto-set_shake|auto-temp_off|auto-temp_on|auto-unlock,这是一种用于微孔板样品处理的实验室恒温振荡设备，可对板内液体进行振荡混匀并提供温度控制，常用于孵育、酶反应和样品制备等流程。,"This is a laboratory thermoshaker for processing microplate samples. It provides shaking for liquid mixing and temperature control, and is commonly used for incubation, enzymatic reactions, and sample preparation workflows.",热混匀仪|微孔板恒温振荡器,备料&前处理设备|实验执行&合成设备|生命体系|溶液配制与反应|热混匀仪|微孔板样品孵育与混匀|微孔板恒温振荡器,_aggregate_device_info_output.csv,生命体系|热混匀仪|微孔板样品孵育与混匀|微孔板恒温振荡器,high|high|high|medium,high,high
BioTek Cytation微孔板成像读板仪,BioTek Cytation Plate Reader Imager,cytation_backend,cytation_backend,17,39,auto-capture|auto-filters|auto-led_off|auto-led_on|auto-objectives|auto-select|auto-set_auto_exposure|auto-set_exposure|auto-set_focus|auto-set_gain|auto-set_imaging_mode|auto-set_objective|auto-set_position|auto-start_acquisition|auto-stop_acquisition|auto-supports_cooling|auto-supports_heating,Cytation是一类带显微成像功能的微孔板读板仪，可对多孔板样品进行自动对焦、位移扫描、明场或滤光片成像，并支持相机曝光、增益、物镜和照明设置。它常用于细胞培养板成像、荧光/明场观察以及自动化板式实验的数据采集。,"The Cytation is a microplate reader with integrated microscopy-style imaging. It can autofocus, move across wells, perform brightfield or filtered imaging, and control camera exposure, gain, objectives, and illumination. It is commonly used for imaging cell culture plates, fluorescence or brightfield observation, and automated data collection in plate-based assays.",酶标仪|荧光显微镜|微孔板成像读板仪,表征设备|生命体系|细胞生物学研究|微孔板检测与高通量筛选|显微成像与光学显微实验|酶标仪|荧光显微镜|微孔板成像读板仪,_aggregate_device_info_output.csv,生命体系|细胞生物学研究|微孔板检测与高通量筛选|显微成像与光学显微实验|酶标仪|荧光显微镜|微孔板成像读板仪,high|high|high|medium|high|medium|high,high,high
Byonoy Absorbance 96 酶标仪,Byonoy Absorbance 96 Plate Reader,byonoy_absorbance96_automate_backend,byonoy_absorbance96_automate_backend,7,29,auto-get_available_absorbance_wavelengths|auto-initialize_measurements|auto-read_absorbance|auto-read_fluorescence|auto-read_luminescence|auto-send_command|auto-setup,这是一款面向96孔微孔板的吸光度酶标仪，用于在选定波长下测量各孔样品的吸光度信号。它适用于ELISA、比色分析以及其他基于微孔板的常规实验检测。,"This is a 96-well microplate absorbance reader used to measure sample absorbance in plate wells at selected wavelengths. It is suitable for ELISA, colorimetric assays, and other routine microplate-based laboratory measurements.",酶标仪,表征设备|生命体系|智慧表征与检测中心|微孔板检测与高通量筛选|酶标仪,_aggregate_device_info_output.csv,生命体系|微孔板检测与高通量筛选|酶标仪,high|high|high,high,high
CLARIOstar多功能酶标仪,CLARIOstar multimode microplate reader,clari_ostar_backend,clari_ostar_backend,13,29,auto-close|auto-get_stat|auto-initialize|auto-open|auto-read_absorbance|auto-read_command_status|auto-read_fluorescence|auto-read_luminescence|auto-read_resp|auto-request_eeprom_data|auto-send|auto-setup|auto-stop,CLARIOstar 是一款多功能微孔板读板仪，可对微孔板样品进行吸光度、荧光和发光检测，常用于生化分析、细胞实验、药物筛选和其他高通量实验。,"The CLARIOstar is a multimode microplate reader used to measure absorbance, fluorescence, and luminescence in microplate samples. It is commonly used for biochemical assays, cell-based experiments, drug screening, and other high-throughput laboratory workflows.",酶标仪,表征设备|生命体系|微孔板检测与高通量筛选|细胞生物学研究|酶标仪,_aggregate_device_info_output.csv,生命体系|微孔板检测与高通量筛选|细胞生物学研究|酶标仪,high|high|high|high,high,high
Coherent 可调谐超快激光器,Coherent tunable ultrafast laser,coherent,coherent,19,28,auto-clearBuffer|auto-clearGDD|auto-close|auto-getAlignment|auto-getComp|auto-getGDD|auto-getGDDMinMax|auto-getPower|auto-getShutter|auto-getWavelength|auto-getWavelengthRange|auto-isTuning|auto-read|auto-readPacket|auto-setAlignment|auto-setGDD|auto-setShutter|auto-setWavelength|auto-write,这是一类由 Coherent 生产的可调谐超快激光器，能够在一定波长范围内输出激光并进行波长调谐，同时支持群时延色散补偿、快门控制和对准模式。该类设备常用于双光子显微、超快光谱、非线性光学及其他需要可调谐短脉冲激光源的实验。,"This is a tunable ultrafast laser made by Coherent. It provides laser output over a selectable wavelength range and supports wavelength tuning, group-delay-dispersion compensation, shutter control, and alignment mode. Such systems are commonly used in multiphoton microscopy, ultrafast spectroscopy, nonlinear optics, and other experiments requiring a tunable short-pulse laser source.",实验室激光光源|可调谐超快激光器,实验执行&合成设备|表征设备|光学与光谱实验|激光激发与光谱测量|显微成像与光学显微实验|实验室激光光源|可调谐超快激光器,_aggregate_device_info_output.csv,显微成像与光学显微实验,medium,medium,high
CoolLED pE系列显微镜LED照明控制器,CoolLED pE Series Microscope LED Illumination Controller,cool_led,cool_led,1,32,auto-devices,这是一类用于显微镜的多通道LED照明控制器与光源系统，常见于荧光显微成像。设备可提供多个独立波段通道（如A到H），用于激发不同荧光染料，并支持通道选择、开关和TTL触发控制。,"A multi-channel LED illumination controller and light source system for microscopes, commonly used in fluorescence imaging. It provides multiple independent wavelength channels (such as A to H) for exciting different fluorophores, with channel selection, on/off control, and TTL triggering.",LED光源控制器,表征设备|光学与光谱实验|显微成像与光学显微实验|LED光源控制器,_aggregate_device_info_output.csv,显微成像与光学显微实验|LED光源控制器,medium|medium,medium,high
Cytomat微孔板自动培养存储系统,Cytomat Automated Microplate Incubator Storage System,cytomat_backend,cytomat_backend,43,59,auto-action_exposed_to_storage|auto-action_exposed_to_wait|auto-action_read_barcode|auto-action_storage_to_exposed|auto-action_storage_to_transfer|auto-action_storage_to_wait|auto-action_transfer_to_storage|auto-action_transfer_to_wait|auto-action_wait_to_exposed|auto-action_wait_to_storage|auto-action_wait_to_transfer|auto-close_door|auto-fetch_plate_to_loading_tray|auto-get_action_register|auto-get_co2|auto-get_error_register|auto-get_humidity|auto-get_incubation_query|auto-get_o2|auto-get_overview_register|auto-get_sensor_register|auto-get_swap_register|auto-get_temperature|auto-get_warning_register|auto-init_shakers|auto-initialize|auto-open_door|auto-reset_error_register|auto-send_action|auto-send_command|auto-serialize|auto-set_racks|auto-set_shaking_frequency|auto-set_temperature|auto-setup|auto-shovel_in|auto-shovel_out|auto-start_shaking|auto-stop|auto-stop_shaking|auto-take_in_plate|auto-wait_for_task_completion|auto-wait_for_transfer_station,这是一种用于微孔板自动存取、培养和转运的实验室培养存储设备，带有内部存储位、传送位和外部暴露位，可控制温度、CO2、湿度和O2，并支持振荡和条码读取。常用于细胞培养、高通量筛选和自动化工作站中的板管理。,"This is an automated laboratory incubator and storage system for microplates, with internal storage positions, a transfer station, and an external exposed position. It can control temperature, CO2, humidity, and O2, and supports shaking and barcode reading. It is commonly used for cell culture, high-throughput screening, and automated plate management workflows.",组织培养试验箱|微孔板自动培养存储系统,器件/细胞设备|物流/机械|生命体系|细胞生物学研究|微孔板样品孵育与混匀|微孔板检测与高通量筛选|组织培养试验箱|微孔板自动培养存储系统,_aggregate_device_info_output.csv,器件/细胞设备|生命体系|细胞生物学研究|微孔板样品孵育与混匀|微孔板检测与高通量筛选|组织培养试验箱|微孔板自动培养存储系统,high|high|high|high|high|high|medium,high,high
E-255压电定位器,E-255 Piezo Positioner,piezo_e255,piezo_e255,7,14,auto-GetChannelObject|auto-GetChannelPhase|auto-GetControlReady|auto-GetMax|auto-GetMin|auto-GetPos|auto-MoveTo,用于显微实验中的高精度压电定位设备，可按通道移动到指定位置并读取当前位置、行程上下限、控制就绪状态以及部分通道信息，常用于精密调焦或纳米级位移控制。,"A high-precision piezo positioning device for microscopy experiments. It can move a channel to a target position and report current position, travel limits, controller ready status, and channel-related information. It is typically used for fine focus or nanometer-scale motion control.",压电定位器,表征设备|精密定位与运动控制|智慧表征与检测中心|显微成像与光学显微实验|样品/探针定位与运动控制|压电定位器,_aggregate_device_info_output.csv,显微成像与光学显微实验|样品/探针定位与运动控制|压电定位器,medium|medium|medium,medium,high
E-662压电定位控制器,E-662 Piezo Positioning Controller,piezo_e662,piezo_e662,7,14,auto-GetChannelObject|auto-GetChannelPhase|auto-GetControlReady|auto-GetMax|auto-GetMin|auto-GetPos|auto-MoveTo,用于控制压电定位通道的硬件控制器，可将指定通道移动到目标位置、读取当前位置，并查询控制就绪状态、通道对象、通道相位以及位置上下限。常用于显微镜精密对焦和纳米级位移定位。,"A hardware controller for piezo positioning channels. It can move a selected channel to a target position, read the current position, and query control readiness, channel object, channel phase, and position limits. It is commonly used for precision microscope focusing and nanoscale positioning.",位置控制器|压电定位控制器,表征设备|精密定位与运动控制|智慧表征与检测中心|显微成像与光学显微实验|样品/探针定位与运动控制|位置控制器|压电定位控制器,_aggregate_device_info_output.csv,显微成像与光学显微实验|样品/探针定位与运动控制|位置控制器,medium|medium|low,medium,high
Elveflow MUX 1/12 微流控分配阀,Elveflow MUX 1/12 Microfluidic Distributor Valve,mu_xelve,mu_xelve,7,16,auto-close|auto-get_valve|auto-home|auto-loadDLL|auto-open|auto-set_valve|auto-wait_for_valve_movement,这是一台用于微流控与液路切换的 1 进 12 出分配阀/多路选择器，可将单一路流体依次切换到多个通道或样品路径。它常用于微流控实验、自动化注液、试剂分配、样品切换和多通道流路管理。,"This is a 1-to-12 microfluidic distributor/selector valve used to route a single fluid line to multiple channels or sample paths. It is commonly used in microfluidics experiments, automated reagent delivery, sample switching, and multi-line fluid path management.",多通阀,实验执行&合成设备|溶液配制与反应|实验室自动化与仪器集成|液体输送与定量分配|多通阀,_aggregate_device_info_output.csv,实验室自动化与仪器集成|液体输送与定量分配,low|medium,medium,high
Elveflow OB1‑Mk4 微流控压力控制器,Elveflow OB1-Mk4 microfluidic pressure controller,ob1elve,ob1elve,20,36,auto-addSensor|auto-close|auto-getFlowUniversal|auto-getPressure|auto-getPressureUniversal|auto-getSensorData|auto-loadCallibration|auto-loadDLL|auto-open|auto-performCallibration|auto-remoteAddPID|auto-remoteChangePID|auto-remoteGetData|auto-remotePausePID|auto-remoteResetPID|auto-remoteSetTarget|auto-remoteStartPID|auto-setPressure|auto-startRemote|auto-stopRemote,这是一款用于微流控实验的多通道压力控制器，可为芯片、储液器或流体回路提供精密气压驱动。设备可读取各压力通道数据，并可接入流量或压力传感器进行监测、校准与闭环 PID 控制，常用于稳定微流量输送、液滴生成和微流控芯片流路调节。,"This device is a multi-channel pressure controller for microfluidic experiments, providing precise pneumatic actuation for chips, reservoirs, and fluidic circuits. It can read pressure on each channel and work with flow or pressure sensors for monitoring, calibration, and closed-loop PID control, making it suitable for stable low-flow delivery, droplet generation, and microfluidic flow regulation.",微流控压力控制器,实验执行&合成设备|溶液配制与反应|液体输送与定量分配|微流控与流体操控|微流控压力驱动与流路控制|微流控压力控制器,_aggregate_device_info_output.csv,液体输送与定量分配,medium,medium,high
FireSting 多通道光学氧测量仪,FireSting Multi-Channel Optical Oxygen Meter,fire_sting,fire_sting,7,111,auto-amplification|auto-blink|auto-disconnect|auto-frequency|auto-led_intensity|auto-measure|auto-measure_time,FireSting 是一类用于连接光学氧传感器的多通道氧测量仪，可对液体或气体样品中的氧信号进行光学测量，并结合温度、压力和盐度参数进行补偿计算。它常用于实验室中的溶解氧、氧饱和度和相关氧参数监测。,"The FireSting is a multi-channel optical oxygen meter designed to work with optical oxygen sensors. It performs optical oxygen measurements in liquid or gas samples and can apply temperature, pressure, and salinity compensation. It is commonly used in laboratories for dissolved oxygen, oxygen saturation, and related oxygen monitoring.",光学氧测量仪,表征设备|传感测量与环境感知|溶解氧与气体氧监测|光学氧测量仪,_aggregate_device_info_output.csv,溶解氧与气体氧监测,medium,medium,high
FireSting光学氧测量仪,FireSting optical oxygen meter,pyro_io,pyro_io,46,111,auto-blink|auto-calibrate_air|auto-calibrate_zero|auto-clear_background|auto-connect|auto-disconnect|auto-load_from_flash|auto-measure_background|auto-read|auto-read_all_cal_registers|auto-read_all_result_registers|auto-read_all_settings_registers|auto-read_ambient_light|auto-read_bkgd_amp|auto-read_bkgd_dphi|auto-read_cal_register_by_name|auto-read_calibration_register|auto-read_dphi|auto-read_multiple_registers|auto-read_pressure|auto-read_register|auto-read_result_register|auto-read_result_register_by_name|auto-read_sample_temperature|auto-read_signal_intensity|auto-read_status|auto-read_unique_id|auto-save_to_flash|auto-send|auto-trigger_humidity_measurement|auto-trigger_oxygen_measurement|auto-trigger_pressure_measurement|auto-trigger_temperature_measurement|auto-write|auto-write_amplification_setting|auto-write_bkgd_amp|auto-write_bkgd_dphi|auto-write_calibration_register_by_name|auto-write_fiber_type_setting|auto-write_frequency_setting|auto-write_intensity_setting|auto-write_measure_time_setting|auto-write_pressure_setting|auto-write_register|auto-write_salinity_setting|auto-write_temperature_setting,PyroScience FireSting 系列光学氧测量仪，用于连接光纤或探针式氧传感器，执行氧测量、零点/空气校准、背景校正，并读取温度、压力、湿度及测量结果寄存器，适用于溶解氧或气相氧实验监测。,"A PyroScience FireSting series optical oxygen meter for fiber-optic or probe-based oxygen sensors. It performs oxygen measurements, zero/air calibration, background correction, and reads temperature, pressure, humidity, and result registers for dissolved-oxygen or gas-phase oxygen experiments.",光学氧测量仪,表征设备|传感测量与环境感知|溶液配制与反应|溶解氧与气体氧监测|实验仪器数据采集与联机控制|光学氧测量仪,_aggregate_device_info_output.csv,溶解氧与气体氧监测,medium,medium,high
Gilson GSIOC 兼容液体处理仪器,Gilson GSIOC-compatible liquid handling instrument,gsioc,gsioc,5,12,auto-bCommand|auto-closeSerial|auto-connect|auto-createSerial|auto-iCommand,采用 GSIOC 串口通信协议的 Gilson 实验室仪器，常见于液体处理、进样、输液或收集类设备。此类仪器通常用于分析化学与自动化实验流程中的样品传输、进样控制和流路操作。,"A Gilson laboratory instrument that uses the GSIOC serial communication protocol, commonly found in devices for liquid handling, sample introduction, pumping, or collection. Such instruments are typically used in analytical chemistry and laboratory automation workflows for sample transfer, injection control, and fluid-path operations.",GSIOC兼容液体处理仪器,备料&前处理设备|实验执行&合成设备|溶液配制与反应|实验室自动化与仪器集成|移液站产品|GSIOC串行仪器控制|GSIOC兼容液体处理仪器,_aggregate_device_info_output.csv,实验室自动化与仪器集成|移液站产品|GSIOC兼容液体处理仪器,low|medium|medium,medium,high
图形标注与ROI对象,Graphic Annotation and ROI Object,graphic,graphic,45,416,auto-CAN_REPOSITION|auto-CAN_RESHAPE|auto-CAN_ROTATE|auto-adjust_part|auto-begin_drag|auto-clone|auto-color|auto-create_proxy|auto-display_item|auto-draw|auto-draw_label|auto-end_drag|auto-fill_color|auto-get_attributes|auto-get_mask|auto-get_mask_item|auto-get_region|auto-graphic_id|auto-has_attribute|auto-is_bounds_constrained|auto-is_position_locked|auto-is_rotation_locked|auto-is_shape_locked|auto-item_specifier|auto-label|auto-label_position|auto-mime_data_dict|auto-nudge|auto-project|auto-read_from_mime_data|auto-read_properties_from_dict|auto-reset_position|auto-role|auto-source|auto-source_specifier|auto-stroke_color|auto-stroke_width|auto-test|auto-test_label|auto-update_uuids|auto-used_fill_style|auto-used_role|auto-used_stroke_style|auto-used_stroke_width|auto-write_to_dict,用于科学成像软件中的图形标注与感兴趣区域（ROI）对象，可表示矩形、椭圆、直线、点、环形、楔形等覆盖图形。它通常用于显微图像或谱图上的区域选择、测量、掩膜生成、交互编辑和结果标注。,"A graphic annotation and region-of-interest (ROI) object used in scientific imaging software. It can represent overlays such as rectangles, ellipses, lines, points, rings, and wedges, and is typically used on microscopy images or spectra for region selection, measurement, mask generation, interactive editing, and annotation.",感兴趣区图形标注器,表征设备|实验数据可视化与分析|多维实验数据可视化|显微成像与光学显微实验|科学图像区域标注与感兴趣区分析|感兴趣区图形标注器,_aggregate_device_info_output.csv,多维实验数据可视化|显微成像与光学显微实验|感兴趣区图形标注器,low|medium|low,medium,high
Hamilton STAR液体处理工作站,Hamilton STAR Liquid Handling Workstation,star_backend,star_backend,277,333,auto-additional_time_stamp|auto-aspirate|auto-aspirate96|auto-aspirate_core_96|auto-aspirate_pip|auto-can_pick_up_tip|auto-can_reach_position|auto-channel_dispensing_drive_move_to_volume_position|auto-channel_dispensing_drive_request_position|auto-channel_id|auto-channel_request_y_minimum_spacing|auto-channels_sense_tip_presence|auto-check_fw_string_error|auto-check_type_is_hhc|auto-clld_probe_x_position_using_channel|auto-clld_probe_y_position_using_channel|auto-clld_probe_z_height_using_channel|auto-collapse_gripper_arm|auto-configure_node_names|auto-core_check_resource_exists_at_location_center|auto-core_get_plate|auto-core_move_picked_up_resource|auto-core_move_plate_to_position|auto-core_open_gripper|auto-core_parked|auto-core_pick_up_resource|auto-core_put_plate|auto-core_read_barcode_of_picked_up_resource|auto-core_release_picked_up_resource|auto-define_tip_needle|auto-disable_cover_control|auto-discard_tip|auto-discard_tips_core96|auto-dispense|auto-dispense96|auto-dispense_core_96|auto-dispense_pip|auto-dispensing_drive_increment_to_mm|auto-dispensing_drive_increment_to_volume|auto-dispensing_drive_mm_to_increment|auto-dispensing_drive_mm_to_vol|auto-dispensing_drive_vol_to_increment|auto-dispensing_drive_vol_to_mm|auto-drain_dual_chamber_system|auto-drop_resource|auto-drop_tips|auto-drop_tips96|auto-empty_tip|auto-empty_tips|auto-enable_cover_control|auto-ensure_can_reach_position|auto-extended_conf|auto-fill_selected_dual_chamber|auto-get_channels_y_positions|auto-get_channels_z_positions|auto-get_core|auto-get_from_hotel|auto-get_id_from_fw_response|auto-get_iswap_version|auto-get_logic_iswap_position|auto-get_temperature_at_hhc|auto-halt|auto-head96_dispensing_drive_and_squeezer_driver_initialize|auto-head96_dispensing_drive_move_to_home_volume|auto-head96_dispensing_drive_move_to_position|auto-head96_dispensing_drive_request_position_mm|auto-head96_dispensing_drive_request_position_uL|auto-head96_installed|auto-head96_move_to_coordinate|auto-head96_move_to_z_safety|auto-head96_move_x|auto-head96_move_y|auto-head96_move_z|auto-head96_park|auto-head96_request_firmware_version|auto-head96_request_position|auto-head96_request_tip_presence|auto-head96_request_type|auto-initialize_auto_load|auto-initialize_autoload|auto-initialize_core_96_head|auto-initialize_dual_pump_station_valves|auto-initialize_hhc|auto-initialize_iswap|auto-initialize_pip|auto-initialize_pipetting_channels|auto-iswap_close_gripper|auto-iswap_dangerous_release_break|auto-iswap_get_plate|auto-iswap_initialize_z_axis|auto-iswap_minimum_traversal_height|auto-iswap_move_picked_up_resource|auto-iswap_open_gripper|auto-iswap_parked|auto-iswap_put_plate|auto-iswap_reengage_break|auto-iswap_rotate|auto-iswap_rotation_drive_request_y|auto-iswap_traversal_height|auto-load_carrier|auto-load_carrier_from_autoload_belt|auto-load_carrier_from_tray_and_scan_carrier_barcode|auto-lock_cover|auto-mm_to_y_drive_increment|auto-mm_to_z_drive_increment|auto-module_id_length|auto-move_96head_to_coordinate|auto-move_all_channels_in_z_safety|auto-move_all_pipetting_channels_to_defined_position|auto-move_auto_load_to_z_save_position|auto-move_autoload_to_safe_z_position|auto-move_autoload_to_save_z_position|auto-move_autoload_to_slot|auto-move_autoload_to_track|auto-move_channel_x|auto-move_channel_x_relative|auto-move_channel_y|auto-move_channel_y_relative|auto-move_channel_z|auto-move_channel_z_relative|auto-move_core_96_head_to_defined_position|auto-move_core_96_head_x|auto-move_core_96_head_y|auto-move_core_96_head_z|auto-move_core_96_to_safe_position|auto-move_iswap_x|auto-move_iswap_x_relative|auto-move_iswap_y|auto-move_iswap_y_relative|auto-move_iswap_z|auto-move_iswap_z_relative|auto-move_left_x_arm_to_position_with_all_attached_components_in_z_safety_position|auto-move_picked_up_resource|auto-move_plate_to_position|auto-move_right_x_arm_to_position_with_all_attached_components_in_z_safety_position|auto-num_arms|auto-num_channels|auto-occupy_and_provide_area_for_external_access|auto-open_not_initialized_gripper|auto-park_autoload|auto-park_iswap|auto-pick_up_core_gripper_tools|auto-pick_up_resource|auto-pick_up_tip|auto-pick_up_tips|auto-pick_up_tips96|auto-pick_up_tips_core96|auto-pierce_foil|auto-plld_probe_z_height_using_channel|auto-position_channels_in_y_direction|auto-position_channels_in_z_direction|auto-position_components_for_free_iswap_y_range|auto-position_left_x_arm_|auto-position_max_free_y_for_n|auto-position_right_x_arm_|auto-position_single_pipetting_channel_in_y_direction|auto-position_single_pipetting_channel_in_z_direction|auto-pre_initialize_instrument|auto-prepare_for_manual_channel_operation|auto-prepare_iswap_teaching|auto-probe_liquid_heights|auto-probe_liquid_volumes|auto-put_core|auto-put_in_hotel|auto-query_whether_temperature_reached_at_hhc|auto-release_all_occupied_areas|auto-release_occupied_area|auto-request_additional_timestamp_data|auto-request_auto_load_slot_position|auto-request_autoload_initialization_status|auto-request_autoload_track|auto-request_autoload_type|auto-request_core_96_head_channel_tadm_error_status|auto-request_core_96_head_channel_tadm_status|auto-request_core_96_head_initialization_status|auto-request_cover_open|auto-request_deck_data|auto-request_device_serial_number|auto-request_download_date|auto-request_eeprom_data_correctness|auto-request_electronic_board_type|auto-request_error_code|auto-request_extended_configuration|auto-request_firmware_version|auto-request_installation_data|auto-request_instrument_initialization_status|auto-request_iswap_in_parking_position|auto-request_iswap_initialization_status|auto-request_iswap_position|auto-request_iswap_rotation_drive_orientation|auto-request_iswap_rotation_drive_position_increments|auto-request_iswap_version|auto-request_iswap_wrist_drive_orientation|auto-request_iswap_wrist_drive_position_increments|auto-request_left_x_arm_last_collision_type|auto-request_left_x_arm_position|auto-request_machine_configuration|auto-request_master_status|auto-request_maximal_ranges_of_x_drives|auto-request_name_of_last_faulty_parameter|auto-request_node_names|auto-request_number_of_presence_sensors_installed|auto-request_parameter_value|auto-request_pip_channel_validation_status|auto-request_pip_channel_version|auto-request_pip_height_last_lld|auto-request_plate_in_iswap|auto-request_position_of_core_96_head|auto-request_presence_of_carriers_on_deck|auto-request_presence_of_carriers_on_loading_tray|auto-request_presence_of_single_carrier_on_loading_tray|auto-request_present_wrap_size_of_installed_arms|auto-request_probe_z_position|auto-request_pump_settings|auto-request_right_x_arm_last_collision_type|auto-request_right_x_arm_position|auto-request_single_carrier_presence|auto-request_supply_voltage|auto-request_tadm_status|auto-request_technical_status_of_assemblies|auto-request_tip_bottom_z_position|auto-request_tip_len_on_channel|auto-request_tip_presence|auto-request_tip_presence_in_core_96_head|auto-request_verification_data|auto-request_volume_in_tip|auto-request_x_pos_channel_n|auto-request_xl_channel_validation_status|auto-request_y_pos_channel_n|auto-request_z_pos_channel_n|auto-reset_output|auto-return_core_gripper_tools|auto-rotate_iswap_rotation_drive|auto-rotate_iswap_wrist|auto-save_all_cycle_counters|auto-save_download_date|auto-save_pip_channel_validation_status|auto-save_technical_status_of_assemblies|auto-save_xl_channel_validation_status|auto-search_for_teach_in_signal_using_pipetting_channel_n_in_x_direction|auto-send_hhs_command|auto-set_1d_barcode_type|auto-set_barcode_type|auto-set_carrier_monitoring|auto-set_cover_output|auto-set_deck_data|auto-set_instrument_configuration|auto-set_loading_indicators|auto-set_minimum_channel_traversal_height|auto-set_minimum_iswap_traversal_height|auto-set_minimum_traversal_height|auto-set_not_stop|auto-set_single_step_mode|auto-set_x_offset_x_axis_core_96_head|auto-set_x_offset_x_axis_core_nano_pipettor_head|auto-set_x_offset_x_axis_iswap|auto-setup|auto-setup_done|auto-slow_iswap|auto-spread_pip_channels|auto-start_temperature_control_at_hhc|auto-step_off_foil|auto-stop|auto-stop_temperature_control_at_hhc|auto-store_installation_data|auto-store_verification_data|auto-take_carrier_out_to_autoload_belt|auto-trigger_next_step|auto-unload_carrier|auto-unload_carrier_after_carrier_barcode_scanning|auto-unlock_cover|auto-unsafe|auto-verify_and_wait_for_carriers|auto-violently_shoot_down_tip|auto-y_drive_increment_to_mm|auto-z_drive_increment_to_mm|auto-ztouch_probe_z_height_using_channel,Hamilton STAR 自动化液体处理平台，用于实验室吸液、分液、装卸吸头、液位探测、板与载架搬运，并可控制 iSWAP、CoRe 96 头、autoload 载架装载及部分连接的加热冷却模块。,"Hamilton STAR automated liquid handling platform for laboratory aspiration, dispensing, tip handling, liquid level detection, plate and carrier transport, with control of iSWAP, the CoRe 96 head, autoload carrier handling, and some connected heating/cooling modules.",移液工作站,备料&前处理设备|实验执行&合成设备|溶液配制与反应|实验室自动化与仪器集成|移液站产品|液体输送与定量分配|移液工作站,_aggregate_device_info_output.csv,实验室自动化与仪器集成|移液站产品|液体输送与定量分配|移液工作站,low|medium|medium|medium,medium,high
Hamilton Vantage自动化移液工作站,Hamilton Vantage liquid handling workstation,vantage_backend,vantage_backend,106,122,auto-arm_pre_initialize|auto-arm_request_instrument_initialization_status|auto-aspirate|auto-aspirate96|auto-calculates_check_sums_and_compares_them_with_the_value_saved_in_flash_eprom|auto-can_pick_up_tip|auto-check_fw_string_error|auto-core96_aspiration_of_liquid|auto-core96_dispensing_of_liquid|auto-core96_empty_washed_tips|auto-core96_initialize|auto-core96_move_to_defined_position|auto-core96_query_tip_presence|auto-core96_request_initialization_status|auto-core96_request_position|auto-core96_request_tadm_error_status|auto-core96_search_for_teach_in_signal_in_x_direction|auto-core96_set_any_parameter|auto-core96_tip_discard|auto-core96_tip_pick_up|auto-core96_wash_tips|auto-define_tip_needle|auto-discard_core_gripper_tool|auto-disco_mode|auto-dispense|auto-dispense96|auto-dispense_on_fly|auto-drop_resource|auto-drop_tips|auto-drop_tips96|auto-expose_channel_n|auto-get_id_from_fw_response|auto-grip_plate|auto-ipg_expose_channel_n|auto-ipg_get_parking_status|auto-ipg_grip_plate|auto-ipg_initialize|auto-ipg_move_to_defined_position|auto-ipg_park|auto-ipg_prepare_gripper_orientation|auto-ipg_put_plate|auto-ipg_query_tip_presence|auto-ipg_release_object|auto-ipg_request_access_range|auto-ipg_request_actual_angular_dimensions|auto-ipg_request_configuration|auto-ipg_request_initialization_status|auto-ipg_request_position|auto-ipg_search_for_teach_in_signal_in_x_direction|auto-ipg_set_any_parameter_within_this_module|auto-loading_cover_initialize|auto-loading_cover_request_initialization_status|auto-module_id_length|auto-move_channel_x|auto-move_channel_y|auto-move_channel_z|auto-move_picked_up_resource|auto-move_to_defined_position|auto-move_to_position|auto-nano_pulse_dispense|auto-num_channels|auto-pick_up_resource|auto-pick_up_tips|auto-pick_up_tips96|auto-pip_aspirate|auto-pip_dispense|auto-pip_initialize|auto-pip_request_initialization_status|auto-pip_tip_discard|auto-pip_tip_pick_up|auto-position_all_channels_in_y_direction|auto-position_all_channels_in_z_direction|auto-position_single_channel_in_y_direction|auto-position_single_channel_in_z_direction|auto-prepare_for_manual_channel_operation|auto-put_plate|auto-query_tip_presence|auto-release_object|auto-request_channel_dispense_on_fly_status|auto-request_height_of_last_lld|auto-request_y_position_of_channel_n|auto-request_y_positions_of_all_channels|auto-request_z_position_of_channel_n|auto-request_z_positions_of_all_channels|auto-russian_roulette|auto-search_for_teach_in_signal_in_x_direction|auto-set_any_parameter_within_this_module|auto-set_led_color|auto-set_loading_cover|auto-set_minimum_traversal_height|auto-setup|auto-simultaneous_aspiration_dispensation_of_liquid|auto-teach_rack_using_channel_n|auto-wash_tips|auto-x_arm_initialize|auto-x_arm_move_arm_relatively_in_x|auto-x_arm_move_to_x_position|auto-x_arm_move_to_x_position_with_all_attached_components_in_z_safety_position|auto-x_arm_request_arm_x_position|auto-x_arm_request_error_code|auto-x_arm_request_x_drive_recorded_data|auto-x_arm_search_x_for_teach_signal|auto-x_arm_send_message_to_motion_controller|auto-x_arm_set_any_parameter_within_this_module|auto-x_arm_set_x_drive_angle_of_alignment|auto-x_arm_turn_x_drive_off,Hamilton Vantage 自动化移液工作站，用于实验室自动移液、吸头装卸、液体吸取与分配、96通道板级处理、液面探测，以及通过集成夹爪搬运微孔板等实验耗材。,"The Hamilton Vantage is an automated liquid handling workstation used for laboratory pipetting, tip pickup and ejection, liquid aspiration and dispensing, 96-channel plate processing, liquid level detection, and moving microplates or other labware with an integrated gripper.",移液工作站,备料&前处理设备|实验执行&合成设备|实验室自动化与仪器集成|溶液配制与反应|移液站产品|液体输送与定量分配|实验室机械臂自动化与样品搬运|移液工作站,_aggregate_device_info_output.csv,实验室自动化与仪器集成|移液站产品|液体输送与定量分配|实验室机械臂自动化与样品搬运|移液工作站,low|medium|medium|medium|medium,medium,high
汉密尔顿自动化液体处理工作站,Hamilton automated liquid handling workstation,hamilton_tcp_backend,hamilton_tcp_backend,9,24,auto-is_connected|auto-parse_error|auto-read|auto-read_exact|auto-send_command|auto-serialize|auto-setup|auto-stop|auto-write,汉密尔顿自动化液体处理工作站是一类用于实验室自动化移液、分液和样品制备的台式仪器，常见于高通量实验流程。它通常配备移液通道、机械运动平台以及用于板、管等耗材处理的模块，可用于试剂分装、样品转移和标准化液体处理任务。,"A Hamilton automated liquid handling workstation is a benchtop laboratory instrument used for automated pipetting, dispensing, and sample preparation in high-throughput workflows. It typically combines pipetting channels, a robotic motion system, and modules for handling plates, tubes, and other labware, and is used for reagent distribution, sample transfer, and standardized liquid handling tasks.",移液工作站,备料&前处理设备|物流/机械|实验室自动化与仪器集成|移液站产品|移液工作站,_aggregate_device_info_output.csv,实验室自动化与仪器集成|移液站产品|移液工作站,low|medium|medium,medium,high
Heraeus Cytomat自动微孔板培养存储系统,Heraeus Cytomat automated microplate incubator,heraeus_cytomat_backend,heraeus_cytomat_backend,16,27,auto-close_door|auto-deserialize|auto-fetch_plate_to_loading_tray|auto-get_temperature|auto-initialize|auto-open_door|auto-read_plate_detection_xfer|auto-serialize|auto-set_racks|auto-set_temperature|auto-setup|auto-start_shaking|auto-stop|auto-stop_shaking|auto-take_in_plate|auto-wait_for_transfer_station,这是一种用于自动化实验流程的微孔板培养与存储设备，带有温度控制、振荡和传送工位，可在内部板架中存放微孔板，并通过舱门与装载托盘完成进出板。常用于细胞培养、样品孵育以及与机器人联用的高通量实验流程。,"An automated microplate incubator and storage unit for laboratory automation workflows. It provides temperature control, shaking, and a transfer/loading station to move plates between internal racks and external handlers. It is used for microplate incubation, storage, and robotic high-throughput laboratory workflows.",微孔板自动培养存储系统,器件/细胞设备|生命体系|实验室自动化与仪器集成|细胞生物学研究|微孔板样品孵育与混匀|微孔板自动培养存储系统,_aggregate_device_info_output.csv,器件/细胞设备|生命体系|实验室自动化与仪器集成|细胞生物学研究|微孔板样品孵育与混匀|微孔板自动培养存储系统,high|high|low|high|high|medium,high,high
INHECO堆叠式孵育振荡器,INHECO Incubator Shaker Stack,inheco_incubator_shaker_stack_backend,inheco_incubator_shaker_stack_backend,70,137,auto-close|auto-delete_counter|auto-get_temperature|auto-initialize|auto-is_shaking_enabled|auto-is_temperature_control_enabled|auto-number_of_connected_units|auto-open|auto-perform_self_test|auto-read_whole_shaker_calibration_data|auto-request_calibration_high|auto-request_calibration_low|auto-request_delta_temperature|auto-request_drawer_cycles_performed|auto-request_drawer_status|auto-request_firmware_version|auto-request_incubator_type|auto-request_is_initialized|auto-request_labware_detection_threshold|auto-request_last_calibration_date|auto-request_machine_allocation|auto-request_maximum_allowed_temperature|auto-request_motor_current_limit_anticlockwise|auto-request_motor_current_limit_clockwise|auto-request_motor_power_anticlockwise|auto-request_motor_power_clockwise|auto-request_number_of_connected_machines|auto-request_operation_time_in_hours|auto-request_pid_controller_coefficients|auto-request_plate_in_incubator|auto-request_plate_status_known|auto-request_proportionality_factor|auto-request_serial_number|auto-request_shaker_amplitude_x|auto-request_shaker_amplitude_y|auto-request_shaker_calibration_value|auto-request_shaker_frequency_x|auto-request_shaker_frequency_y|auto-request_shaker_phase_shift|auto-request_target_temperature|auto-request_thermal_calibration_date|auto-request_whole_calibration_data|auto-reset_calibration_data|auto-send_command|auto-set_boost_offset|auto-set_boost_time|auto-set_calibration_high|auto-set_calibration_low|auto-set_cooldown_time_factor|auto-set_heatup_offset|auto-set_heatup_time_factor|auto-set_max_allowed_device_temperature|auto-set_motor_current_limit_anticlockwise|auto-set_motor_current_limit_clockwise|auto-set_motor_power_anticlockwise|auto-set_motor_power_clockwise|auto-set_pid_integration_value|auto-set_pid_proportional_gain|auto-set_proportionality_factor|auto-set_shaker_calibration_value|auto-set_shaker_parameters|auto-set_shaker_pattern|auto-set_shaker_status|auto-setup|auto-shake|auto-start_temperature_control|auto-stop|auto-stop_shaking|auto-stop_temperature_control|auto-wait_for_temperature,这是一种可堆叠的实验室孵育振荡设备，用于微孔板等样品载具的控温孵育与振荡混匀。设备具有装载抽屉或托盘、温度控制和二维振荡功能，适用于细胞培养、样品孵育、反应混匀及自动化工作站中的板式处理流程。,"A stackable laboratory incubator shaker for temperature-controlled incubation and shaking of microplates and similar sample carriers. It includes a loading drawer or tray, temperature regulation, and two-axis shaking, and is used for cell culture, sample incubation, reaction mixing, and plate-based workflows in automated lab systems.",微孔板恒温振荡器,实验执行&合成设备|器件/细胞设备|生命体系|实验室自动化与仪器集成|细胞生物学研究|微孔板样品孵育与混匀|微孔板恒温振荡器,_aggregate_device_info_output.csv,器件/细胞设备|生命体系|实验室自动化与仪器集成|细胞生物学研究|微孔板样品孵育与混匀|微孔板恒温振荡器,high|high|low|high|high|medium,high,high
INHECO孵育振荡器堆叠系统,INHECO Incubator/Shaker Stack,incubator_shaker_stack,incubator_shaker_stack,11,22,auto-close_all|auto-get_all_temperatures|auto-num_units|auto-open_all|auto-request_loading_tray_states|auto-request_shaking_states|auto-request_temperature_control_states|auto-shake|auto-start_all_temperature_control|auto-stop_all_shaking|auto-stop_all_temperature_control,由多个可堆叠孵育振荡单元组成的实验室自动化设备，带有装载托盘，可对样品或微孔板进行温度控制孵育与振荡混匀，常用于自动化培养、反应孵育和样品处理流程。,"A laboratory automation device composed of multiple stackable incubator/shaker units with loading trays, used to provide temperature-controlled incubation and shaking for samples or microplates in automated culture, reaction incubation, and sample-processing workflows.",微孔板恒温振荡器,实验执行&合成设备|器件/细胞设备|生命体系|实验室自动化与仪器集成|细胞生物学研究|微孔板样品孵育与混匀|微孔板恒温振荡器,_aggregate_device_info_output.csv,器件/细胞设备|生命体系|实验室自动化与仪器集成|细胞生物学研究|微孔板样品孵育与混匀|微孔板恒温振荡器,high|high|low|high|high|medium,high,high
INHECO培养振荡单元,INHECO incubator shaker unit,inheco_incubator_shaker_unit,inheco_incubator_shaker_unit,68,137,auto-close|auto-delete_counter|auto-get_temperature|auto-initialize|auto-is_shaking_enabled|auto-is_temperature_control_enabled|auto-number_of_connected_units|auto-open|auto-perform_self_test|auto-read_whole_shaker_calibration_data|auto-request_calibration_high|auto-request_calibration_low|auto-request_delta_temperature|auto-request_drawer_cycles_performed|auto-request_drawer_status|auto-request_firmware_version|auto-request_incubator_type|auto-request_is_initialized|auto-request_labware_detection_threshold|auto-request_last_calibration_date|auto-request_machine_allocation|auto-request_maximum_allowed_temperature|auto-request_motor_current_limit_anticlockwise|auto-request_motor_current_limit_clockwise|auto-request_motor_power_anticlockwise|auto-request_motor_power_clockwise|auto-request_number_of_connected_machines|auto-request_operation_time_in_hours|auto-request_pid_controller_coefficients|auto-request_plate_in_incubator|auto-request_plate_status_known|auto-request_proportionality_factor|auto-request_serial_number|auto-request_shaker_amplitude_x|auto-request_shaker_amplitude_y|auto-request_shaker_calibration_value|auto-request_shaker_frequency_x|auto-request_shaker_frequency_y|auto-request_shaker_phase_shift|auto-request_target_temperature|auto-request_thermal_calibration_date|auto-request_whole_calibration_data|auto-reset_calibration_data|auto-send_command|auto-set_boost_offset|auto-set_boost_time|auto-set_calibration_high|auto-set_calibration_low|auto-set_cooldown_time_factor|auto-set_heatup_offset|auto-set_heatup_time_factor|auto-set_max_allowed_device_temperature|auto-set_motor_current_limit_anticlockwise|auto-set_motor_current_limit_clockwise|auto-set_motor_power_anticlockwise|auto-set_motor_power_clockwise|auto-set_pid_integration_value|auto-set_pid_proportional_gain|auto-set_proportionality_factor|auto-set_shaker_calibration_value|auto-set_shaker_parameters|auto-set_shaker_pattern|auto-set_shaker_status|auto-shake|auto-start_temperature_control|auto-stop_shaking|auto-stop_temperature_control|auto-wait_for_temperature,一种用于微孔板等实验耗材的培养振荡模块，集成加热控温、平面振荡以及抽屉式装载机构，可作为堆叠系统中的单个单元使用，常用于样品孵育、混匀和温控处理。,"A microplate incubator-shaker module with heating, temperature control, planar shaking, and a drawer-based loading mechanism. It is used as an individual unit in a stacked system for sample incubation, mixing, and temperature-controlled processing.",热混匀仪,实验执行&合成设备|生命体系|实验室自动化与仪器集成|微孔板样品孵育与混匀|热混匀仪,_aggregate_device_info_output.csv,生命体系|实验室自动化与仪器集成|微孔板样品孵育与混匀|热混匀仪,high|low|high|high,high,high
内存多维图像数据集存储,In-Memory Multidimensional Image Dataset Storage,ndram_dataset_java,ndram_dataset_java,6,15,auto-add_available_axes|auto-close|auto-has_image|auto-is_finished|auto-read_image|auto-read_metadata,这是一个用于显微成像采集流程的软件数据存储组件，在 RAM 中保存多维图像及其元数据，并按通道、Z 层、时间点、位置、行列等坐标建立索引，便于实验过程中快速判断图像是否存在、读取图像内容以及读取对应元数据。,"This is a software data storage component for microscopy acquisition workflows. It stores multidimensional images and their metadata in RAM and indexes them by coordinates such as channel, z, time, position, row, and column for fast checking, retrieval of image data, and retrieval of metadata during experiments.",内存实验项目存储后端|实验数据集对象,表征设备|实验数据管理与记录|显微成像与光学显微实验|实验项目数据缓存与临时持久化|内存实验项目存储后端|实验数据集对象,_aggregate_device_info_output.csv,显微成像与光学显微实验|内存实验项目存储后端|实验数据集对象,medium|low|low,medium,high
Interson USB多普勒超声探头,Interson USB Doppler Ultrasound Probe,doppler,doppler,37,55,auto-BulkIn|auto-BulkOut|auto-BulkOutFour|auto-BulkOutLarge|auto-BulkOutTwo|auto-BulkOutTwo512|auto-ControlIn|auto-ControlOut|auto-DLImgs|auto-Init1004|auto-InitArrays|auto-InitOn|auto-InitOneA|auto-InitRegisters|auto-InitSeries10|auto-Read512|auto-StartRun|auto-checkAddress|auto-checkAddressFull|auto-createLoop|auto-createLoopDoppler|auto-fastMotor|auto-freeze|auto-getImages|auto-getImagesDoppler|auto-getRawImages|auto-getUSBImages|auto-initProbe|auto-progIt|auto-readWrite|auto-saveImage|auto-startAcq|auto-startDoppler|auto-startMotor|auto-stopAcq|auto-stopMotor|auto-unfreeze,这是一类通过 USB 连接的超声探头，可进行常规超声成像，并支持多普勒相关采集，用于实验室或教学中的结构观察、流动现象监测和动态图像记录。根据具体探头结构，设备也可能包含用于机械扫描的内部电机。,"This is a USB-connected ultrasound probe that performs standard ultrasound imaging and supports Doppler-related acquisition. It is used in laboratories or teaching environments for structural observation, flow-related measurements, and dynamic image recording. Depending on the probe design, the device may also include an internal motor for mechanical scanning.",多普勒超声探头,表征设备|智慧表征与检测中心|实验成像与过程监测|超声成像与多普勒流动监测|多普勒超声探头,_aggregate_device_info_output.csv,实验成像与过程监测|超声成像与多普勒流动监测|多普勒超声探头,medium|low|medium,medium,high
定位分析规则,Localization Analysis Rule,localisation_rule,localisation_rule,2,66,auto-on_data_complete|auto-prepare,这不是物理实验仪器，而是一个用于显微成像数据处理的软件规则对象。它用于监视采集帧和事件数据，准备结果文件与元数据，并在数据采集完成后触发或推进定位分析流程，常见于显微镜图像的定位重建或集群分析任务中。,"This is not a physical lab instrument but a software rule object for microscopy data processing. It monitors incoming frames and event data, prepares result files and metadata, and triggers or advances localization analysis once data acquisition is complete, typically in microscope image localization or cluster-based analysis workflows.",定位分析工作流规则,后处理设备|实验数据可视化与分析|显微成像与光学显微实验|显微定位重建与集群分析|定位分析工作流规则,_aggregate_device_info_output.csv,显微成像与光学显微实验|显微定位重建与集群分析,medium|medium,medium,high
微量液体泵,Microfluidic Pump,minipump,minipump,5,12,auto-primePump|auto-read|auto-readPump|auto-runPump|auto-stopPump,一种用于输送微升级液体的实验室泵，可按设定体积、流速和方向推动液体通过管路。常用于微流控、样品传输、试剂加样和流路预充等实验操作。,"A laboratory pump for moving microliter-scale liquids through tubing with defined volume, flow rate, and direction. It is commonly used for microfluidics, sample transfer, reagent delivery, and priming fluid lines.",微流控液体泵,实验执行&合成设备|溶液配制与反应|液体输送与定量分配|微流控液体泵,_aggregate_device_info_output.csv,液体输送与定量分配|微流控液体泵,medium|medium,medium,high
多功能酶标仪,Microplate Reader,plate_reader,plate_reader,8,15,auto-assign_child_resource|auto-close|auto-get_plate|auto-open|auto-read_absorbance|auto-read_fluorescence|auto-read_luminescence|auto-serialize,用于读取微孔板中各孔的吸光度、荧光和发光信号的实验仪器，常用于生化分析、细胞实验和板式检测流程。,"An instrument used to read absorbance, fluorescence, and luminescence signals from wells in a microplate, commonly used for biochemical assays, cell-based experiments, and plate-based analytical workflows.",酶标仪,表征设备|生命体系|智慧表征与检测中心|微孔板检测与高通量筛选|细胞生物学研究|酶标仪,_aggregate_device_info_output.csv,生命体系|微孔板检测与高通量筛选|细胞生物学研究|酶标仪,high|high|high|high,high,high
Molecular Devices 多功能酶标仪,Molecular Devices Multimode Microplate Reader,molecular_devices_backend,molecular_devices_backend,19,50,auto-clear_error_log|auto-close|auto-get_firmware_version|auto-get_status|auto-get_temperature|auto-open|auto-read_absorbance|auto-read_error_log|auto-read_fluorescence|auto-read_fluorescence_polarization|auto-read_luminescence|auto-read_time_resolved_fluorescence|auto-send_command|auto-serialize|auto-set_temperature|auto-setup|auto-start_shake|auto-stop|auto-stop_shake,这是一种用于读取微孔板样品信号的多功能酶标仪，可进行吸光度、荧光、化学发光、荧光偏振和时间分辨荧光检测。设备通常用于生化分析、细胞实验、免疫检测、酶活性测定和高通量筛选，并支持控温与振荡等板上实验条件控制。,"A multimode microplate reader used to measure signals from samples in microplates. It supports absorbance, fluorescence, luminescence, fluorescence polarization, and time-resolved fluorescence measurements. The instrument is commonly used for biochemical assays, cell-based experiments, immunoassays, enzyme activity measurements, and high-throughput screening, with support for temperature control and plate shaking.",酶标仪,表征设备|器件/细胞设备|生命体系|细胞生物学研究|微孔板检测与高通量筛选|微孔板样品孵育与混匀|酶标仪,_aggregate_device_info_output.csv,器件/细胞设备|生命体系|细胞生物学研究|微孔板检测与高通量筛选|微孔板样品孵育与混匀|酶标仪,high|high|high|high|high|high,high,high
奥林巴斯 BX2A 显微镜机身,Olympus BX2A microscope body,bx2_a,bx2_a,8,22,auto-idn|auto-init_origin|auto-lamp_status|auto-move_relative|auto-movement_status|auto-query|auto-soft_limits|auto-z,BX2A 是奥林巴斯显微镜的机身/主体平台，用于承载显微镜的光学、照明与运动部件，并在实验中完成样品观察与成像相关的基础操作。根据可见控制项，该机身支持灯状态管理、Z 轴位置调整、运动状态查询以及软限位与原点设置，适用于常规显微观察与实验室成像流程。,"The BX2A is an Olympus microscope body/stand that serves as the main platform for the optical, illumination, and motion components of a microscope. In laboratory use it supports core observation and imaging tasks. Based on the exposed controls, the body supports lamp status management, Z-axis positioning, motion-state reporting, and soft-limit and origin settings for routine microscopy workflows.",普通光学显微镜,表征设备|智慧表征与检测中心|显微成像与光学显微实验|普通光学显微镜,_aggregate_device_info_output.csv,显微成像与光学显微实验|普通光学显微镜,medium|medium,medium,high
奥林巴斯 IX/BX 显微镜机身,Olympus IX/BX microscope body,ixbx,ixbx,10,22,auto-idn|auto-init_origin|auto-lamp_status|auto-move_relative|auto-move_relative_async|auto-movement_status|auto-query|auto-soft_limits|auto-stop|auto-z,奥林巴斯 IX/BX 系列研究级显微镜机身，可管理照明状态并控制物镜/对焦机构的 Z 轴运动与限位，用于实验室样品观察、对焦和显微成像。,"A research-grade Olympus IX/BX microscope body that manages illumination status and controls objective/focus Z-axis motion and limits for laboratory sample observation, focusing, and microscopy imaging.",普通光学显微镜,表征设备|智慧表征与检测中心|显微成像与光学显微实验|普通光学显微镜,_aggregate_device_info_output.csv,显微成像与光学显微实验|普通光学显微镜,medium|medium,medium,high
奥林巴斯 IX2 倒置显微镜机身,Olympus IX2 inverted microscope body,ix2,ix2,8,22,auto-idn|auto-init_origin|auto-lamp_status|auto-move_relative|auto-movement_status|auto-query|auto-soft_limits|auto-z,奥林巴斯 IX2 是实验室用倒置显微镜机身，用于承载物镜、照明与调焦机构，并对样品进行显微观察。该类设备常用于细胞培养、活体样品观察、荧光成像及常规生物显微实验中的 Z 轴调焦和机身状态控制。,"The Olympus IX2 is an inverted microscope body used in laboratories to support the objective turret, illumination, and focusing mechanisms for microscopic sample observation. It is commonly used for cell culture work, live-sample observation, fluorescence imaging, and general biological microscopy involving Z-axis focusing and microscope body status control.",普通光学显微镜,表征设备|生命体系|显微成像与光学显微实验|细胞生物学研究|普通光学显微镜,_aggregate_device_info_output.csv,生命体系|显微成像与光学显微实验|细胞生物学研究|普通光学显微镜,high|medium|high|medium,high,high
奥林巴斯IX81卤素灯,Olympus IX81 Halogen Lamp,olympus_ix81_halogen_lamp,olympus_ix81_halogen_lamp,3,11,auto-IsOn|auto-TurnOff|auto-TurnOn,用于奥林巴斯 IX81 倒置显微镜的卤素照明光源，为样品观察提供可见光照明，常用于明场或透射照明下的常规显微成像与对焦。,"A halogen illumination source for the Olympus IX81 inverted microscope, providing visible-light illumination for sample observation and commonly used for routine microscopy and focusing in brightfield or transmitted-light imaging.",显微镜卤素照明光源,表征设备|光学与光谱实验|显微成像与光学显微实验|显微镜卤素照明光源,_aggregate_device_info_output.csv,显微成像与光学显微实验|显微镜卤素照明光源,medium|medium,medium,high
OpenBCI生物电采集板,OpenBCI biosensing board,open_bci_board,open_bci_board,20,31,auto-check_connection|auto-disable_filters|auto-disconnect|auto-enable_filters|auto-find_port|auto-getNbAUXChannels|auto-getNbEEGChannels|auto-getSampleRate|auto-openbci_id|auto-print_bytes_in|auto-print_incoming_text|auto-print_packets_in|auto-print_register_settings|auto-reconnect|auto-run|auto-set_channel|auto-start_streaming|auto-stop|auto-test_signal|auto-warn,这是一种多通道开源生物电信号采集板，主要用于采集脑电信号，并可提供辅助通道输入。设备可通过扩展模块增加通道数，适合用于脑机接口实验、神经信号记录、教学演示以及一般生理电信号采集。,"This is a multi-channel open-source biosensing board mainly used to acquire EEG signals, with additional auxiliary input channels. It can expand channel count with a daisy module and is commonly used for brain-computer interface experiments, neural signal recording, teaching, and general physiological signal acquisition.",模拟输入数据采集模块|生物电信号采集板,表征设备|生命体系|传感测量与环境感知|模拟输入数据采集模块|脑机接口与生理电信号采集|生物电信号采集板,_aggregate_device_info_output.csv,生命体系|生物电信号采集板,high|medium,high,high
OpenBCI 生物电采集板（LSL流输出）,OpenBCI biosignal acquisition board with LSL streaming,streamer_lsl,streamer_lsl,10,17,auto-begin|auto-change_locations|auto-cleanUp|auto-create_lsl|auto-init_board_settings|auto-initialize_board|auto-send|auto-set_board_settings|auto-start_streaming|auto-stop_streaming,用于初始化和控制 OpenBCI 生物电采集板，并将采集到的多通道数据通过 Lab Streaming Layer（LSL）发布。代码证据显示其可进行串口板卡初始化、默认通道配置、菊花链接入设置、开始/停止采集以及通道位置信息管理，适合脑电等生理信号实验的数据采集与实时流传输。,"Used to initialize and control an OpenBCI biosignal acquisition board and publish multichannel data through Lab Streaming Layer (LSL). The evidence shows serial board initialization, default channel configuration, daisy-module handling, start/stop acquisition, and channel location metadata management, making it suitable for EEG and related biosignal experiments with real-time streaming.",生物电信号采集板|实验数据流传输器,表征设备|生命体系|实验室自动化与仪器集成|脑机接口与生理电信号采集|实验仪器数据采集与联机控制|生物电信号采集板|实验数据流传输器,_aggregate_device_info_output.csv,生命体系|实验室自动化与仪器集成|生物电信号采集板|实验数据流传输器,high|low|medium|low,high,high
Opentrons ATC 自动热循环仪,Opentrons Automated Thermocycler,atc_backend,atc_backend,2,9,auto-close_lid|auto-open_lid,用于PCR等核酸扩增流程的自动热循环仪模块，提供程序化温度循环（变性、退火、延伸）并配备可开合加热上盖，支持在自动化实验流程中进行板式样本温控。,"An automated thermocycler module for PCR and related nucleic acid amplification workflows, providing programmed temperature cycling (denaturation, annealing, extension) with an opening heated lid for plate-based sample temperature control in automated lab protocols.",普通PCR仪,实验执行&合成设备|生命体系|基因编辑、分子生物学与育种|普通PCR仪,_aggregate_device_info_output.csv,生命体系|基因编辑、分子生物学与育种|普通PCR仪,high|high|high,high,high
Opentrons GEN-1/GEN-2 PCR热循环仪,Opentrons GEN-1/GEN-2 Thermocycler,opentrons_thermocycler_usb_backend,opentrons_thermocycler_usb_backend,25,39,auto-close_lid|auto-deactivate_block|auto-deactivate_lid|auto-get_block_current_temperature|auto-get_block_status|auto-get_block_target_temperature|auto-get_current_cycle_index|auto-get_current_step_index|auto-get_device_info|auto-get_hold_time|auto-get_lid_current_temperature|auto-get_lid_open|auto-get_lid_status|auto-get_lid_target_temperature|auto-get_total_cycle_count|auto-get_total_step_count|auto-jog_lid|auto-lift_plate|auto-open_lid|auto-run_protocol|auto-set_block_temperature|auto-set_lid_temperature|auto-set_ramp_rate|auto-setup|auto-stop,一款用于PCR扩增的实验室热循环仪，配有可精确控温的样品块和加热上盖，可对PCR板中的样品执行变性、退火和延伸等温度循环步骤，适用于自动化分子生物学实验流程。,"A laboratory thermocycler for PCR amplification, featuring a precisely controlled sample block and a heated lid. It performs denaturation, annealing, and extension temperature cycles on PCR plates and is suited for automated molecular biology workflows.",普通PCR仪,实验执行&合成设备|生命体系|实验室自动化与仪器集成|基因编辑、分子生物学与育种|普通PCR仪,_aggregate_device_info_output.csv,生命体系|实验室自动化与仪器集成|基因编辑、分子生物学与育种|普通PCR仪,high|low|high|high,high,high
Opentrons PCR热循环仪,Opentrons Thermocycler,opentrons_thermocycler_backend,opentrons_thermocycler_backend,20,30,auto-close_lid|auto-deactivate_block|auto-deactivate_lid|auto-get_block_current_temperature|auto-get_block_status|auto-get_block_target_temperature|auto-get_current_cycle_index|auto-get_current_step_index|auto-get_hold_time|auto-get_lid_current_temperature|auto-get_lid_open|auto-get_lid_status|auto-get_lid_target_temperature|auto-get_total_cycle_count|auto-get_total_step_count|auto-open_lid|auto-run_protocol|auto-serialize|auto-set_block_temperature|auto-set_lid_temperature,用于PCR等热循环实验的台式热循环仪模块，配有可开合的加热盖和可精确控温的样品块，可按预设程序执行多步升降温循环。常用于DNA扩增、酶反应孵育和分子生物学样品热处理。,"A benchtop thermocycler module for PCR and other thermal cycling workflows, featuring an openable heated lid and a temperature-controlled sample block. It runs programmed multi-step temperature profiles for DNA amplification, enzymatic incubations, and molecular biology sample heating.",普通PCR仪,实验执行&合成设备|生命体系|实验室自动化与仪器集成|基因编辑、分子生物学与育种|普通PCR仪,_aggregate_device_info_output.csv,生命体系|实验室自动化与仪器集成|基因编辑、分子生物学与育种|普通PCR仪,high|low|high|high,high,high
PTC PCR热循环仪,PTC PCR Thermal Cycler,ptc,ptc,19,29,auto-cancel|auto-clearbesr|auto-close|auto-erase|auto-execute|auto-folders|auto-geterrors|auto-getlidstatus|auto-getstatus|auto-gettemp|auto-lidclose|auto-lidopen|auto-program|auto-programs|auto-run|auto-setdebug|auto-setlidforce|auto-update|auto-version,用于PCR温度循环实验的热循环仪，可读取温度与运行状态，控制热盖开合与压力，并管理、运行和删除仪器中的程序。,"A PCR thermal cycler used for temperature cycling experiments. It can report temperature and run status, control heated-lid open/close and lid force, and manage, run, and delete onboard programs.",普通PCR仪,实验执行&合成设备|生命体系|基因编辑、分子生物学与育种|普通PCR仪,_aggregate_device_info_output.csv,生命体系|基因编辑、分子生物学与育种|普通PCR仪,high|high|high,high,high
Prior ProScan III 显微镜附件控制器,Prior ProScan III Microscope Accessory Controller,pro_scan_iii,pro_scan_iii,1,28,auto-devices,用于显微镜系统的物理控制器，可管理连接到 ProScan III 的附件设备；从当前证据看，主要包括最多三个滤轮接口。它用于在实验中统一协调已连接滤轮等附件的通信与设备发现。,"A physical controller for microscope systems that manages accessories connected to the ProScan III; based on the available evidence, this mainly includes up to three filter wheel connections. It is used in laboratory microscopy setups to coordinate communication with attached accessories and to discover managed devices.",显微镜自动化控制器,表征设备|智慧表征与检测中心|实验室自动化与仪器集成|显微成像与光学显微实验|仪器发现与驱动匹配|显微镜自动化控制器,_aggregate_device_info_output.csv,实验室自动化与仪器集成|显微成像与光学显微实验|显微镜自动化控制器,low|medium|high,high,high
Prior ProScan III 显微镜控制器,Prior ProScan III microscope controller,__pro_scan_iii_connection,__pro_scan_iii_connection,13,28,auto-assert_filterwheel_number|auto-changed_timeout|auto-command|auto-get_command|auto-get_description|auto-get_filter_position|auto-get_n_filter_positions|auto-has_filterwheel|auto-move_command|auto-read_until_timeout|auto-readline|auto-set_command|auto-set_filter_position,Prior ProScan III 是一款用于显微镜系统的控制器，可连接并控制多个滤轮。它常用于荧光显微和多通道成像实验中，以切换滤光片位置、选择成像通道并协调显微镜附件的工作。,"The Prior ProScan III is a microscope system controller that can connect to and control multiple filter wheels. It is commonly used in fluorescence microscopy and multichannel imaging to switch filter positions, select imaging channels, and coordinate microscope accessories.",显微镜自动化控制器,表征设备|智慧表征与检测中心|实验室自动化与仪器集成|物化表征测试中心|显微成像与光学显微实验|显微镜自动化控制器,_aggregate_device_info_output.csv,实验室自动化与仪器集成|显微成像与光学显微实验|显微镜自动化控制器,low|medium|high,high,high
ProFlex PCR热循环仪,ProFlex PCR Thermocycler,thermo_fisher_thermocycler_backend,thermo_fisher_thermocycler_backend,47,75,auto-abort_run|auto-block_ramp_single_temp|auto-buzzer_off|auto-buzzer_on|auto-check_run_exists|auto-continue_run|auto-create_run|auto-deactivate_block|auto-deactivate_lid|auto-get_block_current_temperature|auto-get_block_id|auto-get_block_presence|auto-get_block_status|auto-get_block_target_temperature|auto-get_current_cycle_index|auto-get_current_step_index|auto-get_elapsed_run_time|auto-get_elapsed_run_time_from_log|auto-get_error|auto-get_estimated_run_time|auto-get_hold_time|auto-get_lid_current_temperature|auto-get_lid_open|auto-get_lid_status|auto-get_lid_target_temperature|auto-get_log_by_runname|auto-get_nickname|auto-get_remaining_run_time|auto-get_run_info|auto-get_run_name|auto-get_sample_temps|auto-get_total_cycle_count|auto-get_total_step_count|auto-is_block_running|auto-num_blocks|auto-power_off|auto-power_on|auto-run_protocol|auto-send_command|auto-send_morse_code|auto-set_block_idle_temp|auto-set_block_temperature|auto-set_cover_idle_temp|auto-set_lid_temperature|auto-set_nickname|auto-setup|auto-stop,用于PCR热循环实验的热循环仪，可控制反应模块与热盖温度、运行或中止扩增程序，并查询运行状态、步骤、时间和日志等信息。,"A thermocycler for PCR workflows that controls block and heated-lid temperatures, runs or aborts amplification protocols, and reports run status, steps, timing, and log information.",普通PCR仪,实验执行&合成设备|生命体系|基因编辑、分子生物学与育种|普通PCR仪,_aggregate_device_info_output.csv,生命体系|基因编辑、分子生物学与育种|普通PCR仪,high|high|high,high,high
STX自动微孔板培养箱,STX Automated Microplate Incubator,incubator_stx,incubator_stx,7,38,auto-getClimate|auto-getPresetClimate|auto-inputPlate|auto-is_ready|auto-outputPlate|auto-resetAndActivate|auto-setPresetClimate,一种用于微孔板样品培养与暂存的自动化培养箱，支持温度、湿度、二氧化碳和氮气环境控制，并可通过左右料盒/仓位进行微孔板进出库操作，常用于细胞培养、活细胞实验和自动化生物实验流程。,"An automated incubator for culturing and storing microplates, with control of temperature, humidity, carbon dioxide, and nitrogen atmosphere. It supports plate loading and unloading through left/right cassettes or storage levels, and is commonly used in cell culture, live-cell assays, and automated biological workflows.",微孔板自动培养存储系统,实验执行&合成设备|器件/细胞设备|生命体系|实验室自动化与仪器集成|细胞生物学研究|微孔板样品孵育与混匀|微孔板自动培养存储系统,_aggregate_device_info_output.csv,器件/细胞设备|生命体系|实验室自动化与仪器集成|细胞生物学研究|微孔板样品孵育与混匀|微孔板自动培养存储系统,high|high|low|high|high|medium,high,high
Spectra III 光源引擎,Spectra III Light Engine,spectra_iii_light_engine,spectra_iii_light_engine,1,27,auto-devices,用于显微成像与荧光实验的多通道激发光源系统，可通过串口连接并管理多个颜色通道。各通道可对应 LED、发光光导或激光，用于为样品提供不同波段的照明。,"A multi-channel excitation light source system for microscopy and fluorescence experiments. It connects over a serial port and manages multiple color channels. Individual channels may correspond to LEDs, luminescent light pipes, or lasers to provide illumination at different wavelengths.",显微照明光源,表征设备|光学与光谱实验|显微成像与光学显微实验|可调光谱照明与光照实验|显微照明光源,_aggregate_device_info_output.csv,显微成像与光学显微实验|显微照明光源,medium|medium,medium,high
Sutter Lambda 10-3多滤光轮控制器,Sutter Lambda 10-3 multi-filter wheel controller,lambda103,lambda103,10,16,auto-flush|auto-motorsON|auto-motorsON_async|auto-open_A|auto-position|auto-remote|auto-reset|auto-reset_async|auto-status|auto-status_async,Sutter Lambda 10-3 是用于显微成像等光学实验的高性能多滤光轮控制器，可同步控制最多 3 个滤光轮及快门，实现快速滤光片切换与激发/发射通道管理。,The Sutter Lambda 10-3 is a high-performance multi-filter wheel controller for microscopy and optical imaging workflows. It supports synchronized control of up to three filter wheels and shutters for rapid filter switching and excitation/emission path management.,电动滤光片转轮,表征设备|光学与光谱实验|显微成像与光学显微实验|电动滤光片转轮,_aggregate_device_info_output.csv,显微成像与光学显微实验,medium,medium,high
Tecan Freedom EVO 自动化液体处理工作站,Tecan Freedom EVO automated liquid handling workstation,li_ha,li_ha,59,88,auto-action_move_vector_coordinate_position|auto-aspirate|auto-aspirate96|auto-can_pick_up_tip|auto-discard_disposable_tip_high|auto-dispense|auto-dispense96|auto-drop_resource|auto-drop_tips|auto-drop_tips96|auto-get_disposable_tip|auto-grip_plate|auto-initialize_plunger|auto-liha_connected|auto-mca_connected|auto-move_absolute_z|auto-move_detect_liquid|auto-move_picked_up_resource|auto-move_plunger_relative|auto-move_tracking_relative|auto-num_channels|auto-parse_response|auto-pick_up_resource|auto-pick_up_tips|auto-pick_up_tips96|auto-pnp_connected|auto-position_absolute_all_axis|auto-position_absolute_g|auto-position_initialization_x|auto-position_valve_logical|auto-report_g_param|auto-report_number_tips|auto-report_r_param|auto-report_x_param|auto-report_y_param|auto-report_z_param|auto-roma_connected|auto-send_command|auto-serialize|auto-set_detection_mode|auto-set_end_speed_plunger|auto-set_fast_speed_r|auto-set_fast_speed_x|auto-set_fast_speed_y|auto-set_fast_speed_z|auto-set_gripper_params|auto-set_search_retract_distance|auto-set_search_speed|auto-set_search_submerge|auto-set_search_z_max|auto-set_search_z_start|auto-set_slow_speed_z|auto-set_smooth_move_x|auto-set_stop_speed_plunger|auto-set_target_window_class|auto-set_tracking_distance_z|auto-set_vector_coordinate_position|auto-set_z_travel_height|auto-setup_arm,一款用于实验室自动移液与板件搬运的台式自动化工作站，通常配备多通道 LiHa 液体处理臂，可完成吸液、分液、液面探测、一次性吸头装卸及多轴定位，并可结合 96 通道或板搬运模块执行样品制备、微孔板加样和高通量实验流程。,"A benchtop automated liquid handling workstation for laboratory pipetting and plate movement. It typically includes a multichannel LiHa liquid handling arm for aspirating, dispensing, liquid level detection, disposable tip handling, and multi-axis positioning, and may work with 96-channel or plate-handling modules for sample preparation, microplate filling, and high-throughput workflows.",移液工作站,备料&前处理设备|实验执行&合成设备|生命体系|实验室自动化与仪器集成|移液站产品|移液工作站,_aggregate_device_info_output.csv,生命体系|实验室自动化与仪器集成|移液站产品|移液工作站,high|low|medium|medium,high,high
Tecan自动液体处理工作站,Tecan automated liquid handling workstation,liquid_classes,liquid_classes,58,139,auto-actions|auto-add|auto-add_labware|auto-add_new_labware|auto-add_type|auto-autoselect|auto-clearSelection|auto-create|auto-create_labware|auto-create_series|auto-fill|auto-find_free_wells|auto-find_new_tips|auto-get_DITI_series|auto-get_current_labware|auto-get_labware|auto-grid_carrier_line|auto-init_wells|auto-log|auto-moveParallel|auto-newOffset|auto-newPosition|auto-offset|auto-offsetAtParallelMove|auto-offsetFromName|auto-parallelOrder|auto-parse_file|auto-parse_worktable_file|auto-pick_up|auto-posAtParallelMove|auto-position|auto-put|auto-reagent|auto-refill_next_rack|auto-remove|auto-replace_with_new|auto-retire_labware|auto-retire_new_tips|auto-select|auto-selectAll|auto-selectOnly|auto-selected|auto-selected_wells|auto-set_DITI_counter|auto-set_back|auto-set_current|auto-set_current_next_to|auto-set_def_DiTi|auto-set_first_pos|auto-set_next|auto-show_next|auto-show_next_to|auto-size|auto-to_name|auto-vol|auto-waste|auto-wellSelectionStr|auto-write,这是一类用于实验室自动移液和样品处理的液体处理工作站。设备在工作台甲板上放置载架、孔板、试剂槽、比色皿、磁力模块和一次性吸头架，并通过自动吸液、分液、换头和废弃处理完成样品制备、试剂分装、PCR体系构建等流程。,"This is an automated liquid handling workstation used for laboratory pipetting and sample processing. The instrument arranges carriers, microplates, reagent troughs, cuvettes, magnetic modules, and disposable tip racks on a deck, and performs aspiration, dispensing, tip changes, and waste handling for tasks such as sample preparation, reagent distribution, and PCR setup.",移液工作站,备料&前处理设备|实验执行&合成设备|生命体系|溶液配制与反应|移液站产品|移液工作站,_aggregate_device_info_output.csv,生命体系|移液站产品|移液工作站,high|medium|medium,high,high
热循环仪,Thermocycler,thermocycler,thermocycler,25,32,auto-close_lid|auto-deactivate_block|auto-deactivate_lid|auto-get_block_current_temperature|auto-get_block_status|auto-get_block_target_temperature|auto-get_current_cycle_index|auto-get_current_step_index|auto-get_hold_time|auto-get_lid_current_temperature|auto-get_lid_open|auto-get_lid_status|auto-get_lid_target_temperature|auto-get_total_cycle_count|auto-get_total_step_count|auto-is_profile_running|auto-open_lid|auto-run_pcr_profile|auto-run_protocol|auto-serialize|auto-set_block_temperature|auto-set_lid_temperature|auto-wait_for_block|auto-wait_for_lid|auto-wait_for_profile_completion,用于 PCR 等热循环实验的通用热循环仪，支持加热块与热盖温度控制、开合盖、运行多阶段温控程序，并查询当前温度、循环进度与运行状态。,"A generic thermocycler for PCR and other thermal cycling workflows. It supports block and heated-lid temperature control, lid open/close operations, execution of multi-stage temperature protocols, and queries of current temperature, cycle progress, and run status.",普通PCR仪,实验执行&合成设备|生命体系|基因编辑、分子生物学与育种|DNA文库构建测序与蛋白设计|普通PCR仪,_aggregate_device_info_output.csv,生命体系|基因编辑、分子生物学与育种|DNA文库构建测序与蛋白设计|普通PCR仪,high|high|high|high,high,high
Thorlabs DC4100 多通道 LED 控制器,Thorlabs DC4100 Multi-Channel LED Controller,thorlabs_dc4100,thorlabs_dc4100,10,20,auto-check_if_on|auto-connect_device|auto-firmware|auto-get_brightness|auto-led_off|auto-led_on|auto-manufacturer|auto-serial_number|auto-set_brightness|auto-set_led_channel_state,用于控制多通道 LED 照明的实验室光源控制器，可连接设备、切换各通道开关、设置和读取亮度，并查询序列号、固件和制造商信息。适用于显微成像或其他实验照明场景中的 LED 光源管理。,"A laboratory multi-channel LED illumination controller used to manage LED light sources. It supports connecting to the device, switching individual channels on or off, setting and reading brightness, and querying serial number, firmware, and manufacturer information. It is suitable for microscopy and other experimental illumination applications.",LED光源控制器,表征设备|光学与光谱实验|显微成像与光学显微实验|LED光源控制器,_aggregate_device_info_output.csv,显微成像与光学显微实验|LED光源控制器,medium|medium,medium,high
Thorlabs FW212C 电动滤光轮,Thorlabs FW212C Motorized Filter Wheel,thorlabs_fw212_c,thorlabs_fw212_c,1,20,initialize,用于显微镜或其他光学实验光路中的电动滤光轮，可在多个滤光片位置之间切换以选择所需滤光片，并查询当前轮位状态。,"A motorized filter wheel for microscope and other optical beam paths, used to switch between multiple filter positions to select the desired optical filter and query the current wheel position.",电动滤光片转轮,表征设备|光学与光谱实验|显微成像与光学显微实验|电动滤光片转轮,_aggregate_device_info_output.csv,显微成像与光学显微实验,medium,medium,high
Thorlabs电动滤光轮,Thorlabs Motorized Filter Wheel,thorlabs_filter_wheel,thorlabs_filter_wheel,1,20,initialize,用于控制Thorlabs FW102C及相关型号的电动滤光轮，在显微镜和光学实验中实现不同滤光片位置的切换。该设备可用于快速选择光路中的滤光片，适合荧光成像和一般光学测量场景。,"A motorized filter wheel for controlling Thorlabs FW102C and related models, used in microscopy and optical experiments to switch between filter positions. It enables rapid selection of filters in the optical path for fluorescence imaging and general optical measurements.",电动滤光片转轮,表征设备|光学与光谱实验|显微成像与光学显微实验|电动滤光片转轮,_aggregate_device_info_output.csv,显微成像与光学显微实验,medium,medium,high
Zaber X-LCA4 LED控制器,Zaber X-LCA4 LED Controller,__zaber_led_controller,__zaber_led_controller,1,68,auto-devices,这是一款多通道LED光源控制器，用于驱动和控制显微镜或光学实验中的LED照明通道。它可作为实验系统中的照明单元，为不同LED提供独立控制，适合荧光激发、透射/反射照明及多波段光学实验。,"This is a multi-channel LED light controller used to drive and control LED illumination channels in microscopy and optical experiments. It serves as an illumination control unit for independently managed LEDs, suitable for fluorescence excitation, transmitted/reflected illumination, and multi-wavelength optical setups.",LED光源控制器,表征设备|智慧表征与检测中心|物化表征测试中心|显微成像与光学显微实验|LED光源控制器,_aggregate_device_info_output.csv,显微成像与光学显微实验|LED光源控制器,medium|medium,medium,high
iChrome MLE多激光引擎,iChrome MLE Multi-Laser Engine,i_chrome_mle,i_chrome_mle,1,43,auto-devices,一体化多激光光源系统，可集成多个激光通道并统一控制输出，常用于显微成像、荧光激发及其他需要多波长激光照明的实验。,"An integrated multi-laser light source that combines multiple laser channels in one unit with centralized output control. It is commonly used for microscopy, fluorescence excitation, and other experiments requiring multi-wavelength laser illumination.",实验室激光光源,实验执行&合成设备|光学与光谱实验|显微成像与光学显微实验|激光激发与光谱测量|实验室激光光源,_aggregate_device_info_output.csv,显微成像与光学显微实验,medium,medium,high
rLINE电动移液器,rLINE electronic pipette,pipette_controller,pipette_controller,16,23,auto-aspirate|auto-blowout|auto-check_connection|auto-clear_and_reset|auto-disconnect_pipette|auto-dispense|auto-eject|auto-eject_and_home|auto-initiate_rline|auto-parseError|auto-readFeedback|auto-reset|auto-sendCmd|auto-tellLevel|auto-tellPosition|auto-waitAck,用于控制 rLINE 电动移液器进行吸液、分液、吹出、退吸头、回零和复位，并读取位置与级别反馈，适合实验室自动化液体处理流程。,"Controls an rLINE electronic pipette for aspiration, dispensing, blowout, tip ejection, homing, and reset, while reading position and level feedback for automated laboratory liquid-handling workflows.",移液器|串行仪器通信接口,备料&前处理设备|实验室自动化与仪器集成|溶液配制与反应|移液站产品|液体输送与定量分配|移液器|串行仪器通信接口,_aggregate_device_info_output.csv,实验室自动化与仪器集成|移液站产品|液体输送与定量分配|移液器,low|medium|medium|medium,medium,high
Universal Robots 协作机械臂,,robot_arm.robotic_arm.UR,robotic_arm.UR,5,,auto-arm_init|auto-load_pose_data|auto-load_pose_file|auto-reload_pose|move_pos_task,Universal Robots机械臂设备，用于实验室精密操作和自动化作业。该设备集成了UR机械臂本体、Robotiq夹爪和RTDE通信接口，支持六自由度精确运动控制和力觉反馈。具备实时位置监控、状态反馈、轨迹规划等功能，可执行复杂的多点位运动任务。适用于样品抓取、精密装配、实验器具操作等需要高精度和高重复性的实验室自动化场景。,,机械臂,实验执行&合成设备|物流/机械|实验室自动化与仪器集成|精密定位与运动控制|实验室机器人操作与样品转运|实验室机械臂自动化与样品搬运|机器人运动规划与任务编排|机械臂,_aggregate_device_info_existing.csv,实验室自动化与仪器集成|实验室机器人操作与样品转运|实验室机械臂自动化与样品搬运|机器人运动规划与任务编排|机械臂,low|medium|medium|low|low,medium,medium
iCL42 步进电机驱动器,,robot_linear_motion.motor.iCL42,motor.iCL42,4,,auto-execute_run_motor|auto-init_device|auto-run_motor|execute_command_from_outer,iCL42步进电机驱动器，用于实验室设备的精密线性运动控制。该设备通过串口通信控制iCL42型步进电机驱动器，支持多种运动模式和精确的位置、速度控制。具备位置反馈、运行状态监控和故障检测功能。适用于自动进样器、样品传送、精密定位平台等需要准确线性运动控制的实验室自动化设备。,,步进电机控制器|电动直线位移台|实验室直线运动模组,物流/机械|实验执行&合成设备|精密定位与运动控制|实验室自动化与仪器集成|样品/探针定位与运动控制|实验室机器人操作与样品转运|步进电机控制器|电动直线位移台|实验室直线运动模组|自动进样与样品直线转运,_aggregate_device_info_existing.csv,实验室自动化与仪器集成|样品/探针定位与运动控制|实验室机器人操作与样品转运,low|medium|medium,medium,medium
实验室循环冷水机,,temperature.chiller,chiller,5,,auto-build_modbus_frame|auto-convert_temperature_to_modbus_value|auto-modbus_crc|auto-stop|set_temperature,实验室制冷设备，用于精确的温度控制和冷却操作。该设备通过Modbus RTU协议与控制系统通信，支持精确的温度设定和监控。具备快速降温、恒温控制和温度保持功能，广泛应用于需要低温环境的化学反应、样品保存、结晶操作等实验场景。提供稳定可靠的冷却性能，确保实验过程的温度精度。,,冷热水机|实验室循环冷却机,实验执行&合成设备|溶液配制与反应|实验室自动化与仪器集成|外接设备恒温控制|低温实验温控与制冷|冷热水机|实验设备循环冷却与恒温|实验室循环冷却机,_aggregate_device_info_existing.csv,实验室自动化与仪器集成|外接设备恒温控制|低温实验温控与制冷,low|medium|low,medium,medium
离心机,,virtual_device.virtual_centrifuge,virtual_centrifuge,3,,auto-cleanup|auto-initialize|centrifuge,Virtual Centrifuge for CentrifugeProtocol Testing,,离心机|虚拟离心设备,备料&前处理设备|后处理设备|样品分离与前处理|液体样品离心分离与前处理|离心机|实验流程仿真与数字孪生|协议测试与虚拟设备联调|虚拟离心设备,_aggregate_device_info_existing.csv,样品分离与前处理|液体样品离心分离与前处理|离心机,medium|high|high,high,medium
相机抽象控制组件,Abstract Camera Control Component,python_microscopy__camera,python_microscopy__camera,0,85,,这是一个非物理的相机软件组件，用于显微实验采集中统一表示相机对象，并为相机映射、多视图成像等功能提供通用接口。现有证据更支持其为相机控制的抽象基类或辅助模块，而不是某一台具体相机硬件。,This is a non-physical camera software component that provides a common abstraction for camera objects in microscopy acquisition and supports features such as camera mapping and multiview imaging. The evidence supports it being an abstract base/helper module for camera control rather than a specific camera instrument.,科学相机|多维显微图像数据源,表征设备|光学与光谱实验|显微成像与光学显微实验|科学相机|多维显微图像数据源,_aggregate_device_info_output.csv,显微成像与光学显微实验|科学相机|多维显微图像数据源,medium|medium|high,high,medium
安捷伦 VSpin 离心机,Agilent VSpin Centrifuge,v_spin_backend,v_spin_backend,31,52,auto-bucket_1_remainder|auto-close_door|auto-configure_and_initialize|auto-g_to_rpm|auto-get_bucket_1_position|auto-get_bucket_locked|auto-get_door_locked|auto-get_door_open|auto-get_home_position|auto-get_position|auto-get_status|auto-get_tachometer|auto-go_to_bucket1|auto-go_to_bucket2|auto-go_to_position|auto-initialize|auto-load|auto-lock_bucket|auto-lock_door|auto-open_door|auto-park|auto-send_command|auto-serialize|auto-set_bucket_1_position_to_current|auto-set_configuration_data|auto-setup|auto-spin|auto-stop|auto-unload|auto-unlock_bucket|auto-unlock_door,用于实验室样品离心处理的自动化离心机，可进行转子位置控制、开关门、门锁与桶锁控制，并按设定的相对离心力或转速执行离心程序。,"An automated laboratory centrifuge for sample separation, supporting rotor positioning, door open/close control, door and bucket locking, and spin programs based on target relative centrifugal force or RPM.",离心机,备料&前处理设备|实验室自动化与仪器集成|液体样品离心分离与前处理|离心机|样品分离与前处理,_aggregate_device_info_output.csv,实验室自动化与仪器集成|液体样品离心分离与前处理|离心机|样品分离与前处理,low|high|high|medium,high,medium
Agilent VSpin 微孔板离心机,Agilent VSpin Microplate Centrifuge,access2_backend,access2_backend,33,52,auto-bucket_1_remainder|auto-close|auto-close_door|auto-configure_and_initialize|auto-g_to_rpm|auto-get_bucket_1_position|auto-get_bucket_locked|auto-get_door_locked|auto-get_door_open|auto-get_home_position|auto-get_position|auto-get_status|auto-get_tachometer|auto-go_to_bucket1|auto-go_to_bucket2|auto-go_to_position|auto-initialize|auto-load|auto-lock_bucket|auto-lock_door|auto-open|auto-open_door|auto-park|auto-send_command|auto-serialize|auto-set_bucket_1_position_to_current|auto-set_configuration_data|auto-setup|auto-spin|auto-stop|auto-unload|auto-unlock_bucket|auto-unlock_door,一款用于实验室自动化系统的微孔板离心机，可对样品板进行装载、卸载、开关门、锁定转篮并执行离心运行。常用于微孔板样品的短时离心、收集液滴和自动化流程中的板级前处理。,"An automated microplate centrifuge for laboratory workflows. It can load and unload plates, open and close the door, lock the bucket, and perform spin operations. It is commonly used for short spins, collecting droplets, and plate-level sample preparation in automated lab systems.",离心机,备料&前处理设备|生命体系|实验室自动化与仪器集成|移液站产品|离心机,_aggregate_device_info_output.csv,生命体系|实验室自动化与仪器集成|移液站产品|离心机,high|low|medium|high,high,medium
Andor 科学级CCD相机,Andor scientific CCD camera,ccd,ccd,152,170,auto-EM_advanced_enabled|auto-EM_gain|auto-EM_gain_mode|auto-EM_gain_range|auto-FK_exposure_time|auto-QE|auto-abort_acquisition|auto-abort_acquisition_async|auto-acquired_data|auto-acquired_data16|auto-acquisition_mode|auto-acquisition_progress|auto-acquisition_timings|auto-adv_trigger_mode|auto-amp_available|auto-amp_descr|auto-amp_max_hspeed|auto-available_images_index|auto-averaging_factor|auto-averaging_frame_count|auto-averaging_mode|auto-baseline_clamp|auto-baseline_offset|auto-bit_depth|auto-buffer_size|auto-camera_handle|auto-cancel_wait|auto-cancel_wait_async|auto-capabilities|auto-command|auto-controller_card|auto-cooled_on_shutdown|auto-cooler_on|auto-count_convert_available|auto-count_convert_wavelength_range|auto-cr_filter_enabled|auto-current_camera|auto-detector_shape|auto-exposing|auto-exposure_times|auto-fan_mode|auto-fastest_recommended_vsspeed|auto-filter_threshold|auto-finalize|auto-flush|auto-frame_transfer_mode|auto-free_int_mem|auto-free_int_mem_async|auto-getbool|auto-getenumerated|auto-getfloat|auto-getint|auto-hardware_version|auto-has_mechanical_shutter|auto-horiz_shift_speed|auto-idn|auto-images|auto-images16|auto-in_aux_port|auto-initialize|auto-is_implemented|auto-is_writable|auto-keep_clean_time|auto-max_exposure|auto-max_images_per_dma|auto-max_temperature|auto-min_image_length|auto-min_temperature|auto-most_recent_image|auto-most_recent_image16|auto-n_ad_channels|auto-n_amps|auto-n_exposures_in_ring|auto-n_horiz_shift_speeds|auto-n_images_acquired|auto-n_max_nexposure|auto-n_photon_counting_div|auto-n_preamps|auto-n_vert_clock_amps|auto-n_vert_shift_speeds|auto-ncameras|auto-new_images_index|auto-noise_filter_mode|auto-oldest_image|auto-oldest_image16|auto-out_aux_port|auto-photon_counting_mode|auto-preamp|auto-preamp_available|auto-preamp_descr|auto-prepare_acquisition|auto-prepare_acquisition_async|auto-px_size|auto-queuebuffer|auto-readout_flipped|auto-readout_mode|auto-readout_packing|auto-readout_time|auto-save_raw|auto-save_raw_async|auto-send_software_trigger|auto-send_software_trigger_async|auto-sensitivity|auto-set_accum_time|auto-set_accum_time_async|auto-set_dma_parameters|auto-set_exposure_time|auto-set_exposure_time_async|auto-set_image|auto-set_image_async|auto-set_kinetic_cycle_time|auto-set_kinetic_cycle_time_async|auto-set_n_accum|auto-set_n_accum_async|auto-set_n_kinetics|auto-set_n_kinetics_async|auto-set_photon_counting_divs|auto-set_photon_counting_divs_async|auto-set_photon_counting_thres|auto-set_photon_counting_thres_async|auto-set_vert_clock|auto-set_vert_clock_async|auto-setbool|auto-setenumerated|auto-setenumstring|auto-setfloat|auto-setint|auto-shutter|auto-shutter_async|auto-shutter_min_times|auto-software_version|auto-start_acquisition|auto-start_acquisition_async|auto-status|auto-temperature|auto-temperature_setpoint|auto-temperature_status|auto-trigger_level|auto-trigger_level_async|auto-trigger_mode|auto-trigger_mode_available|auto-true_exposure_times|auto-true_horiz_shift_speed|auto-true_preamp|auto-true_vert_amp|auto-true_vert_shift_speed|auto-vert_amp_index|auto-vert_amp_string|auto-vert_shift_speed|auto-wait_for_acquisition|auto-wait_for_acquisition_async|auto-waitbuffer,用于实验室低光成像、光谱探测和时间分辨采集的制冷科学级CCD相机。该设备支持探测器温控、快门与触发控制、可配置读出速度和增益，并可采集单帧或连续图像数据。,"A cooled scientific CCD camera for low-light imaging, spectroscopy detection, and time-resolved acquisition in the laboratory. The device supports detector temperature control, shutter and trigger control, configurable readout speeds and gain, and acquisition of single-frame or continuous image data.",科学相机|CCD探测器,表征设备|智慧表征与检测中心|光学与光谱实验|光谱采集与检测|科学相机|CCD探测器,_aggregate_device_info_output.csv,科学相机|CCD探测器,medium|medium,medium,medium
Andor科学相机,Andor scientific camera,andor,andor,17,29,auto-command|auto-finalize|auto-flush|auto-getbool|auto-getenumerated|auto-getfloat|auto-getint|auto-initialize|auto-is_implemented|auto-is_writable|auto-queuebuffer|auto-setbool|auto-setenumerated|auto-setenumstring|auto-setfloat|auto-setint|auto-waitbuffer,Andor科学相机是一类实验室成像设备，用于采集低噪声、高灵敏度的二维图像数据，常见于显微成像、光谱检测和一般科研实验中的图像记录与数据采集。,"An Andor scientific camera is a laboratory imaging device used to acquire low-noise, high-sensitivity 2D image data. It is commonly used for microscopy, spectroscopy detection, and general scientific image acquisition in research experiments.",科学相机,表征设备|智慧表征与检测中心|显微成像与光学显微实验|科学相机|光谱采集与检测,_aggregate_device_info_output.csv,显微成像与光学显微实验|科学相机,medium|medium,medium,medium
Binder MK 53 气候箱,Binder MK 53 climate chamber,binder_mk53,binder_mk53,8,23,auto-get_door_open|auto-get_mode|auto-get_temperature|auto-get_temperature_target|auto-init|auto-read|auto-set_temperature|auto-write,Binder MK 53 是一款实验室气候箱/环境试验箱，用于在受控温度条件下放置样品并进行培养、预处理或稳定性测试。该设备具备温度设定与监测功能，并可反馈门状态和运行模式等基本状态信息。,"The Binder MK 53 is a laboratory climate chamber used to hold samples under controlled temperature conditions for incubation, conditioning, and stability testing. It supports temperature setpoint control and monitoring, and provides basic status information such as door state and operating mode.",气候箱,实验执行&合成设备|环境控制与稳定性测试|气候箱培养与稳定性试验|气候箱,_aggregate_device_info_output.csv,环境控制与稳定性测试|气候箱培养与稳定性试验|气候箱,medium|high|medium,high,medium
Binder MK 56 气候试验箱,Binder MK 56 Climate Chamber,binder_mk56,binder_mk56,3,13,auto-get_door_open|auto-get_mode|auto-set_temperature,这是一台实验室气候试验箱，用于在受控箱体环境中对样品进行温度相关的稳定性测试、环境模拟和常规培养/存放实验。设备通过箱门装载样品，并可查看运行模式与箱门状态。,"This is a laboratory climate chamber used to expose samples to a controlled chamber environment for temperature-related stability testing, environmental simulation, and routine incubation or storage experiments. Samples are loaded through the chamber door, and the device provides operating-mode and door-status information.",气候箱,实验执行&合成设备|环境控制与稳定性测试|气候箱培养与稳定性试验|气候箱,_aggregate_device_info_output.csv,环境控制与稳定性测试|气候箱培养与稳定性试验|气候箱,medium|high|medium,high,medium
CCD探测器,CCD Detector,charge_coupled_device,charge_coupled_device,22,51,auto-acquisition_abort|auto-acquisition_start|auto-close|auto-is_open|auto-open|auto-range_mode_center_wavelengths|auto-restart|auto-set_acquisition_count|auto-set_acquisition_format|auto-set_center_wavelength|auto-set_clean_count|auto-set_em_gain|auto-set_exposure_time|auto-set_fit_parameters|auto-set_gain|auto-set_parallel_speed|auto-set_region_of_interest|auto-set_signal_output|auto-set_speed|auto-set_timer_resolution|auto-set_trigger_input|auto-set_x_axis_conversion_type,用于光谱测量的电荷耦合器件探测器，可将入射光转换为数字信号并输出光谱或图像数据。常见于光谱仪、单色仪或拉曼系统中，支持曝光、增益、读出速度、感兴趣区域、触发和波长相关设置；部分型号可提供EM增益。,"A charge-coupled device detector used for optical measurements, converting incident light into digital spectral or imaging data. It is commonly integrated with spectrometers, monochromators, or Raman systems, and supports configuration of exposure, gain, readout speed, region of interest, triggering, and wavelength-related settings; some models provide EM gain.",科学相机|CCD探测器,表征设备|光学与光谱实验|光谱采集与检测|科学相机|CCD探测器,_aggregate_device_info_output.csv,科学相机|CCD探测器,medium|medium,medium,medium
Cobalt E 系列激光器,Cobalt E Series Laser,cobalt_laser_e,cobalt_laser_e,1,17,auto-TurnOn,一种实验室激光光源，用于显微成像、荧光激发及其他光学实验中的照明与光激发。,"A laboratory laser light source used for illumination and optical excitation in microscopy, fluorescence excitation, and other optical experiments.",实验室激光光源,实验执行&合成设备|表征设备|光学与光谱实验|激光激发与光谱测量|显微成像与光学显微实验|实验室激光光源,_aggregate_device_info_output.csv,显微成像与光学显微实验,medium,medium,medium
Cobalt实验室激光器,Cobalt Laboratory Laser,cobalt_laser,cobalt_laser,6,17,auto-GetPower|auto-IsOn|auto-SetPower|auto-TurnOff|auto-TurnOn|auto-checkfault,一类用于实验室光学系统的可控激光光源，可开关激光输出并调节输出功率，常用于显微成像、荧光激发和一般光学实验中的稳定照明。,"A controllable laboratory laser source with switchable emission and adjustable output power, commonly used for microscopy, fluorescence excitation, and general optical experiments requiring stable illumination.",实验室激光光源,实验执行&合成设备|表征设备|光学与光谱实验|激光激发与光谱测量|显微成像与光学显微实验|实验室激光光源,_aggregate_device_info_output.csv,显微成像与光学显微实验,medium,medium,medium
Cobolt 06-01 激光器,Cobolt 06-01 Laser,cobolt0601_f2,cobolt0601_f2,10,21,auto-digital_mod|auto-enabled|auto-enter_mod_mode|auto-idn|auto-mod_mode|auto-power|auto-power_mod|auto-power_sp|auto-query|auto-status,这是一款紧凑型实验室激光光源，可提供受控的激光输出功率，并支持调制工作模式。它常用于显微成像、荧光激发、光学对准及其他需要稳定激光照明或激发光的实验与仪器系统。,"This is a compact laboratory laser source that provides controlled optical output power and supports modulation operating modes. It is commonly used for microscopy, fluorescence excitation, optical alignment, and other experiments or instruments that require stable laser illumination or excitation light.",实验室激光光源,实验执行&合成设备|表征设备|光学与光谱实验|激光激发与光谱测量|显微成像与光学显微实验|实验室激光光源,_aggregate_device_info_output.csv,显微成像与光学显微实验,medium,medium,medium
Cobolt 激光器,Cobolt Laser,cobolt_laser,cobolt_laser,2,16,auto-power|auto-setPower,Cobolt 激光器是一种实验室用紧凑型激光光源，可提供稳定的连续激光输出，常用于光学实验、光路搭建、对准以及荧光等测量应用。,"A Cobolt laser is a compact laboratory laser source that provides stable continuous-wave laser output, commonly used for optical experiments, beam alignment, optical setups, and fluorescence-related measurements.",实验室激光光源,实验执行&合成设备|表征设备|光学与光谱实验|激光激发与光谱测量|显微成像与光学显微实验|实验室激光光源,_aggregate_device_info_output.csv,显微成像与光学显微实验,medium,medium,medium
Coherent OBIS激光器,Coherent OBIS Laser,coherent_obis_laser,coherent_obis_laser,7,15,auto-Close|auto-GetPower|auto-IsOn|auto-SetPower|auto-TurnOff|auto-TurnOn|auto-query,Coherent OBIS 是一类紧凑型实验室激光光源，可提供稳定的激光输出并支持功率调节与开关控制。此类激光器常用于显微成像、荧光激发、光路搭建与其他需要稳定连续光源的实验场景。,"The Coherent OBIS is a compact laboratory laser source that provides stable laser output with controllable power and on/off operation. It is commonly used for microscopy, fluorescence excitation, optical alignment, and other experiments requiring a stable continuous light source.",实验室激光光源,表征设备|智慧表征与检测中心|光学与光谱实验|显微成像与光学显微实验|激光激发与光谱测量|实验室激光光源,_aggregate_device_info_output.csv,显微成像与光学显微实验,medium,medium,medium
Coherent Sapphire 激光器,Coherent Sapphire Laser,coherent_sapphire_laser,coherent_sapphire_laser,11,19,auto-Close|auto-GetMAX|auto-GetMIN|auto-GetPower|auto-IsOn|auto-SetPower|auto-TurnOff|auto-TurnOn|auto-check_power_output|auto-check_set_power|auto-query,这是一台 Coherent Sapphire 系列激光器，用于提供稳定的连续激光输出。此类激光器常用于显微成像、荧光激发、光路校准和其他需要稳定光源的实验场景，并支持功率开关与输出功率调节。,"This is a Coherent Sapphire series laser that provides stable continuous laser output. Such lasers are commonly used for microscopy, fluorescence excitation, optical alignment, and other laboratory applications requiring a stable light source, with support for laser on/off control and power adjustment.",实验室激光光源,表征设备|智慧表征与检测中心|光学与光谱实验|显微成像与光学显微实验|激光激发与光谱测量|实验室激光光源,_aggregate_device_info_output.csv,显微成像与光学显微实验,medium,medium,medium
扫描采集控制模块,DAQ Scan Acquisition Control Module,daq_scan,daq_scan,43,61,auto-check_number_type_viewers|auto-clear_plot_from|auto-close_file|auto-create_dataset_settings|auto-create_new_file|auto-do_scan|auto-exit_runner_thread|auto-h5saver|auto-load_file|auto-loop_scan_batch|auto-module_and_data_saver|auto-move_at|auto-move_to_crosshair|auto-plot_from|auto-prepare_viewers|auto-process_ui_cmds|auto-quit_fun|auto-save_file|auto-save_metadata|auto-save_temp_live_data|auto-set_config|auto-set_ini_positions|auto-set_metadata_about_current_scan|auto-set_metadata_about_dataset|auto-set_scan|auto-set_scan_batch|auto-setup_ui|auto-show_batcher|auto-show_file_attributes|auto-show_file_content|auto-show_log|auto-show_navigator|auto-show_scan_selector|auto-start_scan|auto-start_scan_batch|auto-stop_scan|auto-thread_status|auto-update_actuators|auto-update_file_settings|auto-update_live_plots|auto-update_scan_info|auto-update_status|auto-value_changed,用于实验室自动扫描测量的控制模块，可协调执行器与探测器完成位置扫描、实时绘图、批量扫描以及 HDF5 数据保存，常用于显微成像、光谱映射和多参数测量实验。,"A laboratory scan-acquisition control module used to coordinate actuators and detectors for automated scans, live plotting, batch runs, and HDF5 data saving. It is commonly used in microscopy, spectral mapping, and multiparameter measurement workflows.",数据采集与控制接口|扫描采集控制模块,表征设备|实验室自动化与仪器集成|实验仪器数据采集与联机控制|样品/探针定位与运动控制|显微成像与光学显微实验|光谱采集与检测|数据采集与控制接口|扫描采集控制模块,_aggregate_device_info_output.csv,实验室自动化与仪器集成|样品/探针定位与运动控制|显微成像与光学显微实验|扫描采集控制模块,low|medium|medium|low,medium,medium
数字微镜图案投影器,DLP Light Pattern Projector,light_crafter,light_crafter,22,36,auto-AdvancePatternSeq|auto-Close|auto-Connect|auto-GenHex|auto-GenStartMetadata|auto-GenVDCLines|auto-SetCalibrationPattern|auto-SetDisplayMode|auto-SetImage|auto-SetLeds|auto-SetLineIllumination|auto-SetMask|auto-SetPattern|auto-SetPatternDefs|auto-SetScanningHex|auto-SetScanningVDC|auto-SetSpot|auto-SetStatic|auto-SetStoredMask|auto-SetTestPattern|auto-SetVDCLines|auto-StartPatternSeq,这是一种基于数字微镜器件（DLP/DMD）的可编程光图案投影设备，可通过红绿蓝发光二极管与微镜阵列输出静态图像、掩模、线条、光斑及时序图案。在实验室中常用于结构光照明、掩模投影、扫描照明、系统标定和显微成像中的图案化激发。,"This is a programmable light pattern projector based on a digital micromirror device (DLP/DMD). Using RGB LEDs and a micromirror array, it can project static images, masks, lines, spots, and timed pattern sequences. In the lab it is commonly used for structured illumination, mask projection, scanning illumination, system calibration, and patterned excitation in microscopy.",数字微镜空间光调制器,实验执行&合成设备|光学与光谱实验|结构光照明与图案投影|显微成像与光学显微实验|数字微镜空间光调制器,_aggregate_device_info_output.csv,结构光照明与图案投影|显微成像与光学显微实验|数字微镜空间光调制器,medium|medium|medium,medium,medium
双束聚焦离子束扫描电子显微镜,DualBeam FIB-SEM microscope,fibsem,fibsem,42,51,auto-align|auto-align_current|auto-auto_cb|auto-auto_focus|auto-create_SAV_patterns|auto-create_custom_patterns|auto-create_custom_protocol|auto-create_pattern|auto-create_trench_patterns|auto-custom_file_parser|auto-define_SAVparams_file|auto-define_output_dir|auto-electron_on|auto-getStagePosition|auto-get_current|auto-insert_GIS|auto-ion_on|auto-is_idle|auto-link_stage|auto-makePatterns_SAV|auto-moveStageAbsolute|auto-moveStageRelative|auto-open_GIS|auto-pattern_directory_parser|auto-pattern_parser|auto-print_stage_rot|auto-retract_GIS|auto-run_SAV|auto-run_custom_milling|auto-run_milling|auto-run_milling_custom|auto-run_milling_protocol|auto-run_trench_milling|auto-save_pattern|auto-setIonHFW|auto-stop|auto-stop_patterning|auto-take_image_EB|auto-take_image_EB_SAV|auto-take_image_IB|auto-unlink_stage|auto-write_patterns,这是一类将扫描电子显微镜与聚焦离子束集成在同一平台上的双束显微镜，可用于样品表面成像、离子束刻蚀与铣削、气体辅助沉积、样品台精密定位以及自动对准。它常用于截面制备、薄片制备、沟槽铣削、序列切片成像和体成像等实验流程。,"This is a dual-beam microscope that combines a scanning electron microscope with a focused ion beam on one platform. It is used for surface imaging, ion-beam milling and patterning, gas-assisted deposition, precise stage positioning, and automated alignment. Typical lab uses include cross-section preparation, lamella preparation, trench milling, serial sectioning, and volume imaging workflows.",扫描电子显微镜|双束聚焦离子束扫描电子显微镜,表征设备|后处理设备|智慧表征与检测中心|Hyper-FIB|扫描电子显微镜|双束聚焦离子束扫描电子显微镜,_aggregate_device_info_output.csv,扫描电子显微镜|双束聚焦离子束扫描电子显微镜,medium|high,high,medium
电动旋转夹爪,Electric Rotary Gripper,gripper,gripper,20,28,auto-cal_crc|auto-init_dir|auto-init_feedback|auto-init_rot_feedback|auto-init_state|auto-read_cur|auto-read_err|auto-read_pos|auto-read_rot|auto-read_rot_state|auto-read_state|auto-read_uart|auto-set_abs_rot|auto-set_force|auto-set_pos|auto-set_rel_rot|auto-set_rot_force|auto-set_rot_vel|auto-set_vel|auto-write_uart,一种用于机器人末端执行的电动夹爪，具备夹持开合与旋转两个自由度，可设置夹持位置、速度、夹持力以及旋转角度。该设备常用于实验室自动化中的样品抓取、上下料、工件搬运和定位操作。,"An electric robotic gripper with both gripping and rotational motion, allowing control of grip position, speed, gripping force, and rotation angle. It is commonly used in laboratory automation for sample handling, loading and unloading, part transfer, and positioning tasks.",机器人电动夹爪,实验执行&合成设备|物流/机械|实验室自动化与仪器集成|机器人与移动平台|实验室机械臂自动化与样品搬运|实验室机器人操作与样品转运|机器人电动夹爪,_aggregate_device_info_output.csv,实验室自动化与仪器集成|实验室机械臂自动化与样品搬运|实验室机器人操作与样品转运|机器人电动夹爪,low|medium|medium|low,medium,medium
光纤振动器,Fiber Shaker,fiber_shaker,fiber_shaker,3,35,auto-Notify|auto-TurnOff|auto-TurnOn,光纤振动器是一种用于机械振动光纤的实验装置，常用于激光照明路径中，通过持续扰动光纤来降低散斑并改善照明均匀性，适合显微成像等光学实验。,"A fiber shaker is a laboratory device that mechanically vibrates an optical fiber. It is commonly used in laser illumination paths to reduce speckle and improve illumination uniformity, especially in microscopy and other optical experiments.",光纤振动器,实验执行&合成设备|光学与光谱实验|显微成像与光学显微实验|激光激发与光谱测量|光纤振动器,_aggregate_device_info_output.csv,显微成像与光学显微实验,medium,medium,medium
GRBL三轴运动平台,GRBL 3-Axis Motion Stage,grbl_driver,grbl_driver,25,38,auto-alarm_reset|auto-check_alarm|auto-close|auto-controlled_stop|auto-current_position|auto-get_positions|auto-get_status_report|auto-home|auto-move_abs|auto-move_rel|auto-move_xyz|auto-reset_stage|auto-set_laser_intensity|auto-set_led|auto-shake_plate|auto-soft_reset|auto-stop|auto-verify_settings|auto-write_all_settings|auto-write_global_config|auto-xmove|auto-ymove|auto-zero_position|auto-zhome|auto-zmove,这是一种基于 GRBL 控制器的三轴电动运动平台，通常由 Arduino Uno 与 CNC Shield 驱动 X、Y、Z 轴步进电机。设备支持回零、限位开关、相对/绝对定位，以及简单的激光强度和 LED 控制，可用于实验室中的样品托盘、载台或小型自动化机构的移动、定位与振动操作。,"This is a GRBL-based 3-axis motorized motion stage, typically driven by an Arduino Uno and CNC shield to control X, Y, and Z stepper motors. It supports homing, limit switches, relative and absolute positioning, and simple laser intensity and LED control, making it useful for moving, positioning, and shaking sample plates, stages, or small laboratory automation mechanisms.",电动定位台,物流/机械|精密定位与运动控制|样品/探针定位与运动控制|电动定位台,_aggregate_device_info_output.csv,样品/探针定位与运动控制|电动定位台,medium|medium,medium,medium
GRBL 三轴电动位移台,GRBL-controlled XYZ motorized stage,grbl_controller,grbl_controller,11,28,auto-close|auto-get_position|auto-home|auto-move|auto-remove_comment|auto-remove_eol_chars|auto-send_gcode_command|auto-send_gcode_command_inThread|auto-send_wake_up|auto-wait_for_movement_completion|auto-write,这是一类由 GRBL 运动控制器驱动的三轴电动位移平台，通常采用步进电机实现 X、Y、Z 方向移动，并支持回零与位置查询。在实验室中常用于显微镜样品定位、自动扫描、对焦位移和小型自动化运动控制。,"This is a three-axis motorized positioning stage driven by a GRBL motion controller, typically using stepper motors for X, Y, and Z travel with homing and position readback. In laboratories it is commonly used for microscope sample positioning, automated scanning, focus translation, and small-scale motion automation.",电动定位台,物流/机械|精密定位与运动控制|样品/探针定位与运动控制|显微成像与光学显微实验|电动定位台,_aggregate_device_info_output.csv,样品/探针定位与运动控制|显微成像与光学显微实验|电动定位台,medium|medium|medium,medium,medium
GSIOC兼容实验室仪器,GSIOC-compatible laboratory instrument,gsioc_interface,gsioc_interface,6,15,auto-buffered_command|auto-buffered_command_async|auto-connect|auto-connect_async|auto-immediate_command|auto-immediate_command_async,这类设备是支持 GSIOC 串行通信协议的实验室仪器，通常通过 RS-422/485 总线连接，并可在同一总线上按单元地址进行选择与控制。它们常见于实验室自动化场景，用于样品处理、流体输送或其他需要串行联机控制的仪器系统。,"This device class comprises laboratory instruments that support the GSIOC serial communication protocol, typically over an RS-422/485 bus. They can be addressed and controlled by unit ID on a shared serial bus and are commonly used in lab automation setups for sample handling, fluid transfer, or other instrument control tasks.",GSIOC兼容液体处理仪器,备料&前处理设备|实验执行&合成设备|实验室自动化与仪器集成|移液站产品|GSIOC串行仪器控制|GSIOC兼容液体处理仪器,_aggregate_device_info_output.csv,实验室自动化与仪器集成|移液站产品|GSIOC兼容液体处理仪器,low|medium|medium,medium,medium
Gatan电镜相机与能量过滤器系统,Gatan TEM Camera and Energy Filter System,gatan_socket,gatan_socket,39,54,auto-AlignEnergyFilterZeroLossPeak|auto-ExchangeMessages|auto-ExecuteCameraObjectFunction|auto-ExecuteGetDoubleCameraObjectFunction|auto-ExecuteGetDoubleScript|auto-ExecuteGetLongCameraObjectFunction|auto-ExecuteGetLongScript|auto-ExecuteScript|auto-ExecuteSendCameraObjectionFunction|auto-ExecuteSendScript|auto-GetDMVersion|auto-GetEnergyFilter|auto-GetEnergyFilterOffset|auto-GetEnergyFilterWidth|auto-GetImage|auto-GetLong|auto-GetNumberOfCameras|auto-GetPluginVersion|auto-InsertCamera|auto-IsCameraInserted|auto-RunScript|auto-SelectCamera|auto-SendLongGetLong|auto-SetEnergyFilter|auto-SetEnergyFilterOffset|auto-SetEnergyFilterWidth|auto-SetK2Parameters|auto-SetReadMode|auto-SetShutterNormallyClosed|auto-SetupFileSaving|auto-UpdateK2HardwareDarkReference|auto-connect|auto-disconnect|auto-getNumGrabSum|auto-hasScriptFunction|auto-reconnect|auto-recv_data|auto-send_data|auto-setNumGrabSum,这是一套用于透射电子显微镜的Gatan成像与能量过滤系统，可管理一台或多台电镜相机，并支持K2类直接电子探测器参数设置、图像采集、分帧保存以及能量过滤器调节。它常用于TEM和冷冻电镜实验中的图像记录、剂量分割采集和零损峰对准。,"This is a Gatan imaging and energy-filter system for transmission electron microscopy. It can manage one or more microscope cameras and supports K2-class direct electron detector configuration, image acquisition, frame saving, and energy filter adjustment. It is commonly used in TEM and cryo-EM experiments for image recording, dose-fractionated acquisition, and zero-loss peak alignment.",科学相机|电镜相机|电镜能量过滤器,表征设备|智慧表征与检测中心|物化表征测试中心|科学相机|透射电镜与冷冻电镜成像|电镜相机|电镜能量过滤器,_aggregate_device_info_output.csv,科学相机|透射电镜与冷冻电镜成像|电镜相机|电镜能量过滤器,medium|high|medium|medium,high,medium
工业相机,GenICam camera,camera,camera,27,69,auto-cleanup|auto-create_buffers|auto-create_stream|auto-get_device|auto-get_device_id|auto-get_exposure_time|auto-get_frame|auto-get_frame_rate|auto-get_gain|auto-get_model_name|auto-get_payload|auto-get_pixel_format_as_string|auto-get_region|auto-get_sensor_size|auto-get_trigger_source|auto-get_vendor_name|auto-set_acquisition_mode|auto-set_frame_rate|auto-set_gain|auto-set_region|auto-set_trigger_source|auto-start_acquisition|auto-start_acquisition_continuous|auto-start_acquisition_trigger|auto-stop_acquisition|auto-trigger|auto-try_get_frame,一种用于实验成像和机器视觉采集的数字相机，可连续或触发采集图像，并可调曝光时间、增益、帧率、像素格式和采集区域，常用于显微观察、定位检测和通用视觉测量。,"A digital machine-vision camera for laboratory imaging and visual data acquisition. It supports continuous or triggered image capture and allows adjustment of exposure time, gain, frame rate, pixel format, and acquisition region, making it suitable for microscopy, alignment, inspection, and general imaging measurements.",科学相机|工业相机,表征设备|智慧表征与检测中心|光学与光谱实验|显微成像与光学显微实验|科学相机|实验成像与机器视觉|工业相机,_aggregate_device_info_output.csv,显微成像与光学显微实验|科学相机|实验成像与机器视觉,medium|medium|medium,medium,medium
GenICam工业相机,GenICam machine vision camera,harvester,harvester,19,239,auto-add_cti_file|auto-add_file|auto-compose_message|auto-create|auto-create_image_acquirer|auto-cti_files|auto-device_info_list|auto-files|auto-has_revised_device_info_list|auto-image_acquirers|auto-remove_cti_file|auto-remove_cti_files|auto-remove_file|auto-remove_files|auto-reset|auto-timeout_for_update|auto-timer|auto-update|auto-update_device_info_list,符合 GenICam/GenTL 标准的工业相机或成像设备，用于实验室中的图像采集、机器视觉、显微成像和自动化检测。此类设备通常可被枚举、连接，并持续输出二维图像数据流。,"A GenICam/GenTL-compatible machine vision camera or imaging device used in laboratories for image acquisition, machine vision, microscopy, and automated inspection. Such devices can typically be enumerated, connected, and used to stream 2D image data.",工业相机,表征设备|智慧表征与检测中心|实验成像与机器视觉|显微成像与光学显微实验|工业相机,_aggregate_device_info_output.csv,实验成像与机器视觉|显微成像与光学显微实验,medium|medium,medium,medium
GenICam工业相机,GenICam machine vision camera,image_acquirer,image_acquirer,33,239,auto-add_callback|auto-data_streams|auto-destroy|auto-device|auto-fetch|auto-fetch_buffer|auto-interface|auto-is_acquiring|auto-is_acquiring_images|auto-is_armed|auto-is_valid|auto-min_num_buffers|auto-num_buffers|auto-num_filled_buffers_to_hold|auto-num_holding_filled_buffers|auto-remote_device|auto-remove_callback|auto-remove_callbacks|auto-start|auto-start_acquisition|auto-start_image_acquisition|auto-statistics|auto-stop|auto-stop_acquisition|auto-stop_image_acquisition|auto-supported_events|auto-system|auto-thread_image_acquisition|auto-timeout_for_image_acquisition|auto-timeout_on_client_fetch_call|auto-timeout_period_on_client_fetch_call|auto-timeout_period_on_update_event_data_call|auto-try_fetch,一种遵循 GenICam/GenTL 标准进行图像传输的工业相机或机器视觉相机，用于实验室中的显微成像、样品观察、过程记录和自动化视觉检测，可进行单帧或连续图像采集。,"An industrial or machine-vision camera that transfers images through the GenICam/GenTL standard. It is used in laboratories for microscopy imaging, sample observation, process documentation, and automated visual inspection, supporting single-frame or continuous image acquisition.",工业相机,表征设备|智慧表征与检测中心|实验室自动化与仪器集成|显微成像与光学显微实验|实验成像与机器视觉|实验成像与过程监测|工业相机,_aggregate_device_info_output.csv,实验室自动化与仪器集成|显微成像与光学显微实验|实验成像与机器视觉|实验成像与过程监测,low|medium|medium|medium,medium,medium
通用实验相机,Generic Laboratory Camera,camera_device,camera_device,9,24,auto-captureFrames|auto-captureLoopSynchronous|auto-captureLoopThread|auto-doInitializeDevice|auto-doShutdownDevice|auto-isCapturing|auto-livePreview|auto-start|auto-stop,用于采集可见光图像或视频的相机，可在实验中用于样品观察、装置对准、过程监测和图像记录。,"A camera for acquiring visible-light images or video, used in laboratories for sample observation, instrument alignment, process monitoring, and image recording.",科学相机,表征设备|智慧表征与检测中心|科学相机|实验成像与过程监测,_aggregate_device_info_output.csv,科学相机|实验成像与过程监测,medium|medium,medium,medium
GigE Vision工业相机,GigE Vision industrial camera,gev_device,gev_device,9,126,get_device_info|get_device_number|open_device_by_index|open_device_by_ip|open_device_by_mac|open_device_by_sn|open_device_by_user_id|update_all_device_list|update_device_list,这是一类通过千兆以太网进行通信和图像传输的工业数字相机，可输出原始或彩色图像数据。实验室中常用于显微成像、机器视觉、自动化检测和各类需要远距离稳定图像采集的实验平台。,"This is an industrial digital camera that communicates and streams image data over Gigabit Ethernet. It can provide raw or color image data and is commonly used in laboratories for microscopy, machine vision, automated inspection, and other setups requiring stable image acquisition over longer cable distances.",工业相机,表征设备|智慧表征与检测中心|实验成像与机器视觉|实验成像与过程监测|显微成像与光学显微实验|工业相机,_aggregate_device_info_output.csv,实验成像与机器视觉|实验成像与过程监测|显微成像与光学显微实验,medium|medium|medium,medium,medium
滨松科学相机,Hamamatsu Scientific Camera,hamamatsu_hardware,hamamatsu_hardware,5,12,auto-connect|auto-disconnect|auto-readOnlyWhenOpt|auto-setup|auto-updateCameraSettings,这是一台滨松科学相机，用于实验中的高灵敏图像采集。它支持曝光时间、触发方式、采集模式以及子区域/分区读出设置，适合显微成像、光学测量和其他需要同步触发与快速连续采集的实验。,"This is a Hamamatsu scientific camera used for sensitive image acquisition in laboratory experiments. It supports exposure control, trigger configuration, acquisition modes, and subarray/ROI readout, making it suitable for microscopy, optical measurements, and other experiments requiring synchronized triggering and rapid image capture.",科学相机,表征设备|光学与光谱实验|显微成像与光学显微实验|实验成像与过程监测|科学相机,_aggregate_device_info_output.csv,显微成像与光学显微实验|实验成像与过程监测|科学相机,medium|medium|medium,medium,medium
Hamilton 微孔板加热振荡器控制盒,Hamilton Heater Shaker Box,hamilton_heater_shaker_box,hamilton_heater_shaker_box,13,34,auto-deactivate|auto-get_current_temperature|auto-get_edge_temperature|auto-get_is_shaking|auto-lock_plate|auto-send_hhs_command|auto-serialize|auto-set_temperature|auto-shake|auto-stop_shaking|auto-supports_active_cooling|auto-supports_locking|auto-unlock_plate,用于连接和控制 Hamilton 微孔板加热振荡器的控制盒，可执行加热、振荡、锁板/解锁并读取温度信息，常用于微孔板样品的孵育、混匀和自动化实验流程。,"A control box for Hamilton microplate heater-shaker units, used to heat and shake plates, lock or release plates, and read temperature information. It is commonly used for plate incubation, mixing, and automated laboratory workflows.",微孔板加热振荡器控制器,备料&前处理设备|实验室自动化与仪器集成|移液站产品|微孔板样品孵育与混匀|微孔板加热振荡器控制器,_aggregate_device_info_output.csv,实验室自动化与仪器集成|移液站产品|微孔板样品孵育与混匀|微孔板加热振荡器控制器,low|medium|high|medium,high,medium
Hamilton微孔板加热振荡器,Hamilton Microplate Heater Shaker,hamilton_heater_shaker_backend,hamilton_heater_shaker_backend,13,35,auto-deactivate|auto-get_current_temperature|auto-get_edge_temperature|auto-get_is_shaking|auto-lock_plate|auto-send_hhs_command|auto-serialize|auto-set_temperature|auto-shake|auto-stop_shaking|auto-supports_active_cooling|auto-supports_locking|auto-unlock_plate,用于微孔板样品加热与振荡混匀的实验室设备，可设定温度、启动或停止振荡，并可锁定板位以提高运行稳定性。常用于样品孵育、反应混合及自动化液体处理流程中的板上处理。,"A laboratory device for heating and shaking microplates, with controllable temperature, start/stop shaking, and plate locking for stable operation. It is commonly used for sample incubation, reaction mixing, and on-deck plate processing in automated liquid handling workflows.",热混匀仪,备料&前处理设备|实验室自动化与仪器集成|移液站产品|热混匀仪|微孔板样品孵育与混匀,_aggregate_device_info_output.csv,实验室自动化与仪器集成|移液站产品|热混匀仪|微孔板样品孵育与混匀,low|medium|high|high,high,medium
Hamilton倾斜模块,Hamilton Tilt Module,hamilton_tilt_module_backend,hamilton_tilt_module_backend,23,33,auto-send_command|auto-set_angle|auto-setup|auto-stop|auto-tilt_go_to_position|auto-tilt_initial_offset|auto-tilt_initialize|auto-tilt_move_to_absolute_step_position|auto-tilt_move_to_relative_step_position|auto-tilt_port_clear_open_collector|auto-tilt_port_set_open_collector|auto-tilt_power_off|auto-tilt_request_error|auto-tilt_request_offset_between_light_barrier_and_init_position|auto-tilt_request_sensor|auto-tilt_set_drain_time|auto-tilt_set_name|auto-tilt_set_speed|auto-tilt_set_temperature|auto-tilt_set_waste_pump_off|auto-tilt_set_waste_pump_on|auto-tilt_switch_encoder|auto-tilt_switch_off_temperature_controller,这是一种用于实验室自动化平台的机械倾斜模块，可按设定角度或位置倾斜样品载具，以辅助液体排空、沉降、分离或处理过程中的姿态控制。根据配置不同，模块还可带有加热、编码器、传感器输入、开集电极输出以及废液泵等功能。,"A mechanical tilting module for laboratory automation platforms that tilts sample carriers to defined angles or positions to support liquid draining, settling, separation, or controlled sample handling. Depending on configuration, the module may also include heating, an encoder, sensor inputs, open-collector outputs, and a waste pump.",实验室倾斜模块,备料&前处理设备|物流/机械|实验室自动化与仪器集成|移液站产品|样品/探针定位与运动控制|实验室倾斜模块,_aggregate_device_info_output.csv,实验室自动化与仪器集成|移液站产品|样品/探针定位与运动控制|实验室倾斜模块,low|medium|medium|low,medium,medium
哈佛注射泵（Pump 11/PHD2000）,Harvard syringe pump (Pump 11/PHD2000),pump,pump,9,27,auto-infuse|auto-read|auto-setdiameter|auto-setflowrate|auto-settargetvolume|auto-stop|auto-waituntiltarget|auto-withdraw|auto-write,用于精密液体输送的注射泵，可通过串口按地址控制单台或串接泵，设置注射器直径、流速和目标体积，并执行注液、回抽与停止操作，适用于微流控、定量加液和连续流实验。,"A precision syringe pump for liquid delivery, controllable over a serial connection with pump addressing on a daisy chain. It supports setting syringe diameter, flow rate, and target volume, and performing infusion, withdrawal, and stop operations for microfluidics, metered dispensing, and flow experiments.",注射泵,备料&前处理设备|实验执行&合成设备|溶液配制与反应|微流控与流体操控|流动化学|液体输送与定量分配|注射泵,_aggregate_device_info_output.csv,液体输送与定量分配,medium,medium,medium
INHECO 温控控制盒,INHECO TEC Control Box,inheco_tec_control_box,inheco_tec_control_box,5,16,auto-reset_action_display|auto-send_command|auto-set_touchscreen|auto-setup|auto-stop,一款用于实验室温度控制模块的热电温控控制盒，可为加热/制冷附件提供控制与状态交互，常用于样品、板位或实验流程中的温度管理。,"A thermoelectric temperature control box for laboratory temperature-control modules. It provides control and device interaction for heating/cooling accessories, and is commonly used for managing sample, plate, or workflow temperatures.",PID过程控制器,实验执行&合成设备|实验室自动化与仪器集成|过程控制与工业仪表实验|外接设备恒温控制|PID过程控制器,_aggregate_device_info_output.csv,实验室自动化与仪器集成|外接设备恒温控制|PID过程控制器,low|medium|low,medium,medium
INHECO Thermoshake AC恒温振荡器,INHECO Thermoshake AC heater-shaker,inheco_thermoshake_backend,inheco_thermoshake_backend,8,16,auto-lock_plate|auto-set_shaker_shape|auto-set_shaker_speed|auto-shake|auto-start_shaking|auto-stop_shaking|auto-supports_locking|auto-unlock_plate,这是一种实验室恒温振荡器，用于对样品板等容器进行加热与振荡混匀。设备可设置振荡转速和振荡轨迹，部分操作还包括样品板锁定/解锁，常用于样品孵育、混匀及温控处理。,"This is a laboratory heater-shaker used to heat and shake sample plates and similar labware for mixing. It supports setting shaking speed and motion pattern, and some operations include plate locking/unlocking, making it suitable for incubation, mixing, and temperature-controlled sample handling.",热混匀仪,实验执行&合成设备|生命体系|实验室自动化与仪器集成|微孔板样品孵育与混匀|热混匀仪,_aggregate_device_info_output.csv,生命体系|实验室自动化与仪器集成|微孔板样品孵育与混匀|热混匀仪,high|low|high|high,high,medium
Jubilee 模块化自动换工具运动平台,Jubilee modular tool-changing motion platform,machine,machine,38,63,auto-active_tool_index|auto-axis_limits|auto-configured_axes|auto-configured_tools|auto-connect|auto-delay_time|auto-disconnect|auto-download_file|auto-dwell|auto-gcode|auto-get_position|auto-home_all|auto-home_e|auto-home_in_place|auto-home_u|auto-home_v|auto-home_x|auto-home_xyu|auto-home_y|auto-home_z|auto-load_deck|auto-load_labware|auto-load_tool|auto-move|auto-move_to|auto-park_tool|auto-pickup_tool|auto-pop_machine_state|auto-position|auto-push_machine_state|auto-reload_tool|auto-reset|auto-safe_z_movement|auto-set_tool_offset|auto-split_response_objects|auto-tool_lock|auto-tool_unlock|auto-tool_z_offsets,Jubilee 是一台用于实验室自动化的台式多轴运动平台，支持自动换工具与甲板式工作区配置。它可在 X/Y/Z/U 等轴上精确移动，并配合移液、注射或其他末端工具执行定位、取放工具、装载 labware、样品转移等任务，适用于通用实验室自动化和液体处理流程。,"Jubilee is a benchtop multi-axis motion platform for laboratory automation with automatic tool changing and deck-based workspace configuration. It can move precisely along axes such as X/Y/Z/U and work with pipetting, syringe, or other end tools for positioning, tool pickup and parking, labware placement, and sample-handling tasks in general lab automation workflows.",台式多轴自动换工具平台,物流/机械|实验室自动化与仪器集成|实验室机器人操作与样品转运|移液站产品|台式多轴自动换工具平台,_aggregate_device_info_output.csv,实验室自动化与仪器集成|实验室机器人操作与样品转运|移液站产品|台式多轴自动换工具平台,low|medium|medium|low,medium,medium
实验室离心机,Laboratory Centrifuge,centrifuge,centrifuge,16,26,auto-at_bucket|auto-close_door|auto-deserialize|auto-door_open|auto-go_to_bucket1|auto-go_to_bucket2|auto-load|auto-lock_bucket|auto-lock_door|auto-open_door|auto-serialize|auto-spin|auto-start_spin_cycle|auto-unload|auto-unlock_bucket|auto-unlock_door,实验室离心机利用离心力分离液体样品中的不同组分，常用于样品沉降、相分离和前处理。该设备具备舱门控制、转篮/吊篮位置切换，以及按设定离心力和时间执行离心循环的能力，可用于自动化样品处理流程。,"A laboratory centrifuge uses centrifugal force to separate components in liquid samples. It is commonly used for pelleting, phase separation, and sample preparation. This device supports door control, indexed bucket positions, and timed spin cycles at a specified g-force, making it suitable for automated sample-handling workflows.",离心机,备料&前处理设备|溶液配制与反应|实验室自动化与仪器集成|离心机|液体样品离心分离与前处理,_aggregate_device_info_output.csv,实验室自动化与仪器集成|离心机|液体样品离心分离与前处理,low|high|high,high,medium
实验室板式振荡器,Laboratory Plate Shaker,shaker,shaker,5,12,auto-lock_plate|auto-serialize|auto-shake|auto-stop_shaking|auto-unlock_plate,用于对实验样品板进行振荡混匀的实验室设备，可按设定转速运行指定时长或连续运行，并支持锁定/解锁样品板以保证振荡过程中的稳定性。,"A laboratory device used to shake and mix sample plates. It can run at a specified speed for a set duration or continuously, and supports locking/unlocking the plate to keep it secure during shaking.",振荡器（非恒温）,备料&前处理设备|溶液配制与反应|微孔板样品孵育与混匀|振荡器（非恒温）,_aggregate_device_info_output.csv,微孔板样品孵育与混匀,high,high,medium
350型多通道温度控制器,Lake Shore Model 350 Temperature Controller,lakeshore350,lakeshore350,8,23,auto-close|auto-get_heater_output|auto-get_temperature|auto-reset_and_clear|auto-set_heater_range|auto-set_setpoint|auto-setup_heater|auto-setup_ramp,一款多通道温度控制器，可读取多个温度传感器输入并驱动加热器输出，用于温度设定值保持、按斜坡升降温以及加热功率调节，常用于实验中的样品温度监测与稳定控制。,"A multi-channel temperature controller that reads multiple temperature sensor inputs and drives heater outputs for setpoint regulation, ramped temperature changes, and heater power control. It is commonly used for sample temperature monitoring and stabilization in laboratory experiments.",温度控制器,实验执行&合成设备|表征设备|环境控制与稳定性测试|外接设备恒温控制|温度控制器,_aggregate_device_info_output.csv,环境控制与稳定性测试|外接设备恒温控制|温度控制器,medium|medium|low,medium,medium
LightField科研探测相机,LightField Scientific Detector Camera,light_field_detector_cam,light_field_detector_cam,1,8,query,用于科研实验的面阵探测相机/探测器，可采集二维图像或光谱相关信号，常见于光谱测量、低光成像和实验室光学检测。,"A scientific area detector camera used to acquire 2D images or spectroscopy-related signals, commonly used in laboratory optical measurements, low-light imaging, and spectroscopic experiments.",科学相机|面阵探测器,表征设备|光学与光谱实验|光谱采集与检测|科学相机|面阵探测器,_aggregate_device_info_output.csv,科学相机|面阵探测器,medium|medium,medium,medium
液位传感器,Liquid Level Sensor,liquid_level,liquid_level,5,12,auto-close|auto-execute|auto-getlevel|auto-open|auto-setdebug,用于检测容器、储液槽或流体处理系统中液体液位的实验室设备，可用于监测试剂余量、避免吸空或溢出，并支持自动化流体处理过程中的液位确认。,"A laboratory device used to detect the liquid level in containers, reservoirs, or fluid-handling systems. It is used to monitor reagent volume, prevent running dry or overflow, and confirm liquid presence in automated fluid-handling workflows.",液位传感器,备料&前处理设备|实验执行&合成设备|实验室自动化与仪器集成|传感测量与环境感知|移液站产品|实验仪器数据采集与联机控制|液位传感器,_aggregate_device_info_output.csv,实验室自动化与仪器集成|移液站产品|液位传感器,low|medium|low,medium,medium
MC2000电动显微镜载物台控制器,MC2000 motorized microscope stage controller,mc2000,mc2000,11,18,auto-GetChannelObject|auto-GetChannelPhase|auto-GetControlReady|auto-GetId|auto-GetMax|auto-GetMin|auto-GetPos|auto-JoyOff|auto-JoyOn|auto-MoveTo|auto-addMenuItems,MC2000是一类用于控制显微镜电动载物台或多轴位移台的运动控制设备，通常支持X/Y/Z通道的位置读取、目标位置移动以及摇杆手动控制。在实验室中可用于显微成像时的样品精确定位、扫描和重复定位。,"The MC2000 is a motion controller for a motorized microscope stage or multi-axis translation stage, typically supporting X/Y/Z position readback, moves to target positions, and joystick-based manual control. In the lab it is used for precise sample positioning, scanning, and reproducible repositioning during microscopy.",电动位移台控制器,表征设备|精密定位与运动控制|显微成像与光学显微实验|样品/探针定位与运动控制|电动位移台控制器,_aggregate_device_info_output.csv,显微成像与光学显微实验|样品/探针定位与运动控制|电动位移台控制器,medium|medium|medium,medium,medium
MP-285三轴电动位移台,MP-285 3-Axis Motorized Stage,mp285,mp285,15,22,auto-close|auto-connect_to_serial|auto-convert_microns_to_microsteps|auto-convert_microsteps_to_microns|auto-disconnect_from_serial|auto-get_controller_status|auto-get_current_position|auto-interrupt_move|auto-move_to_specified_position|auto-read_response|auto-refresh_display|auto-reset_controller|auto-send_command|auto-set_absolute_mode|auto-set_resolution_and_velocity,MP-285 是一款三轴电动位移台/微操纵定位系统，可在 X、Y、Z 三个方向进行精密移动。它通常用于显微实验中对样品、探针或光学部件进行微米级定位与重复定位，并配有控制器进行速度、分辨率和运动模式设置。,"The MP-285 is a 3-axis motorized positioning stage/micromanipulation system that provides precise motion in X, Y, and Z. It is commonly used in microscopy-based laboratory setups to position samples, probes, or optical components with micron-scale control and repeatability, with a controller for setting speed, resolution, and motion mode.",电动定位台|电动直线位移台,实验执行&合成设备|精密定位与运动控制|样品/探针定位与运动控制|显微成像与光学显微实验|电动定位台|电动直线位移台,_aggregate_device_info_output.csv,样品/探针定位与运动控制|显微成像与光学显微实验|电动定位台,medium|medium|medium,medium,medium
MPB连续波激光器,MPB Continuous-Wave Laser,mpbcw_laser,mpbcw_laser,9,17,auto-Close|auto-GetPower|auto-GetRealPower|auto-IsOn|auto-SetPower|auto-TurnOff|auto-TurnOn|auto-check_on|auto-query,这是一台由MPB Communications生产的连续波激光器，可提供稳定的连续激光输出。实验中常用于荧光激发、光学对准、显微成像以及其他需要可调激光功率的光学测量任务。,"This is a continuous-wave laser made by MPB Communications, providing stable continuous laser output. In laboratories, it is commonly used for fluorescence excitation, optical alignment, microscopy, and other optical measurements that require adjustable laser power.",实验室激光光源,实验执行&合成设备|光学与光谱实验|激光激发与光谱测量|显微成像与光学显微实验|实验室激光光源,_aggregate_device_info_output.csv,显微成像与光学显微实验,medium,medium,medium
Masterflex L/S 蠕动泵,Masterflex L/S Peristaltic Pump,masterflex_backend,masterflex_backend,7,15,auto-halt|auto-run_continuously|auto-run_revolutions|auto-send_command|auto-serialize|auto-setup|auto-stop,一款实验室蠕动泵，通过滚轮挤压软管实现液体输送，可连续运行或按设定转数运行，常用于试剂传输、循环、灌装和一般流体处理。,"A laboratory peristaltic pump that moves liquid by compressing flexible tubing. It can run continuously or for a specified number of revolutions, and is commonly used for reagent transfer, recirculation, dispensing, and general fluid handling.",蠕动泵,备料&前处理设备|实验执行&合成设备|溶液配制与反应|液体输送与定量分配|蠕动泵,_aggregate_device_info_output.csv,液体输送与定量分配,medium,medium,medium
Masterflex 蠕动泵,Masterflex peristaltic pump,masterflex_serial,masterflex_serial,31,45,auto-addr|auto-batch_count|auto-connected|auto-disable|auto-dispense_status|auto-enable|auto-get_software_version|auto-get_version__model|auto-is_valid_integer|auto-off_time_full|auto-on_time_decisecond|auto-on_time_full|auto-on_time_hr|auto-on_time_min|auto-protocol|auto-reset_batch|auto-reset_cumulative|auto-restore_configs|auto-set_addr|auto-set_dir|auto-set_dispense_mode|auto-set_panel_active|auto-speed_percent|auto-speed_rpm|auto-start|auto-status|auto-stop|auto-store_configs|auto-unit_index|auto-volume|auto-volume_rev,一种可通过串口通信控制的实验室蠕动泵，用于连续输液、定时分配和批量加液。该设备可控制启停、转速、转向、分配模式和运行时间，并可记录体积与批次数，常用于试剂输送、流路控制和自动化液体处理。,"A laboratory peristaltic pump that can be controlled through serial communication for continuous pumping, timed dispensing, and batch liquid delivery. It supports control of start/stop, speed, direction, dispense mode, and run time, and can track volume and batch counts for reagent transfer, fluid-path control, and automated liquid handling.",蠕动泵,备料&前处理设备|实验执行&合成设备|溶液配制与反应|实验室自动化与仪器集成|液体输送与定量分配|移液站产品|蠕动泵,_aggregate_device_info_output.csv,实验室自动化与仪器集成|液体输送与定量分配|移液站产品,low|medium|medium,medium,medium
MatchBox紧凑型激光器,MatchBox Compact Laser,matchbox_laser,matchbox_laser,6,13,auto-GetPower|auto-IsOn|auto-SetPower|auto-TurnOff|auto-TurnOn|auto-getOutputPowerDAC,一种紧凑型激光模块，用于为实验中的光学激发、荧光照明、对准和一般激光光源需求提供稳定输出。常见于显微成像、光学实验和仪器集成场景。,"A compact laser module used to provide stable optical excitation for fluorescence illumination, alignment, and general laser source needs in laboratory setups. It is commonly used in microscopy, optical experiments, and instrument integration.",二极管激光器|实验室激光光源,表征设备|光学与光谱实验|激光激发与光谱测量|显微成像与光学显微实验|二极管激光器|实验室激光光源,_aggregate_device_info_output.csv,显微成像与光学显微实验|二极管激光器,medium|low,medium,medium
Mecademic机械臂,Mecademic robotic arm,robot,robot,294,380,auto-ActivateAndHome|auto-ActivateBrakes|auto-ActivateRobot|auto-ActivateSim|auto-AutoConnectionWatchdog|auto-BrakesOff|auto-BrakesOn|auto-ClearMotion|auto-Connect|auto-ConnectionWatchdog|auto-CreateRegisteredVariable|auto-CreateVariable|auto-DeactivateRobot|auto-DeactivateSim|auto-Delay|auto-DeleteFile|auto-DeleteProgram|auto-DeleteVariable|auto-Disconnect|auto-EnableEtherNetIp|auto-EnableProfinet|auto-EndLogging|auto-ExpectExternalCheckpoint|auto-FileLogger|auto-ForceRealTimeMonitoring|auto-GetAutoConf|auto-GetAutoConfTurn|auto-GetBlending|auto-GetBrakesState|auto-GetCalibrationCfg|auto-GetCapturedTrajectory|auto-GetCapturedTrajectoryPath|auto-GetCartAcc|auto-GetCartAngVel|auto-GetCartLinVel|auto-GetCheckpoint|auto-GetCheckpointDiscarded|auto-GetCmdPendingCount|auto-GetCollisionCfg|auto-GetCollisionStatus|auto-GetConf|auto-GetConfTurn|auto-GetEtherNetIpEnabled|auto-GetExtToolFwVersion|auto-GetExtToolSim|auto-GetFwVersion|auto-GetGripperForce|auto-GetGripperRange|auto-GetGripperVel|auto-GetInterruptableEvent|auto-GetIoSim|auto-GetJointAcc|auto-GetJointLimits|auto-GetJointLimitsCfg|auto-GetJointVel|auto-GetJointVelLimit|auto-GetJoints|auto-GetLoadedPrograms|auto-GetMecaScriptCfg|auto-GetMecaScriptEngineStatus|auto-GetModelJointLimits|auto-GetMonitoringInterval|auto-GetMoveDuration|auto-GetMoveDurationCfg|auto-GetMoveJumpApproachVel|auto-GetMoveJumpHeight|auto-GetMoveMode|auto-GetNetworkCfg|auto-GetNetworkConfig|auto-GetNetworkOptions|auto-GetOperationMode|auto-GetPStop2Cfg|auto-GetPayload|auto-GetPose|auto-GetPowerSupplyInputs|auto-GetProductType|auto-GetProfinetEnabled|auto-GetProgramExecutionStatus|auto-GetRealTimeMonitoring|auto-GetRecoveryMode|auto-GetRobotCalibrated|auto-GetRobotInfo|auto-GetRobotName|auto-GetRobotRtData|auto-GetRobotSerial|auto-GetRtAccelerometer|auto-GetRtCartPos|auto-GetRtCartVel|auto-GetRtConf|auto-GetRtConfTurn|auto-GetRtExtToolStatus|auto-GetRtGripperForce|auto-GetRtGripperPos|auto-GetRtGripperState|auto-GetRtI2t|auto-GetRtInputState|auto-GetRtIoStatus|auto-GetRtJointPos|auto-GetRtJointTorq|auto-GetRtJointVel|auto-GetRtOutputState|auto-GetRtTargetCartPos|auto-GetRtTargetCartVel|auto-GetRtTargetConf|auto-GetRtTargetConfTurn|auto-GetRtTargetJointPos|auto-GetRtTargetJointTorq|auto-GetRtTargetJointVel|auto-GetRtTemperature|auto-GetRtTrf|auto-GetRtVacuumPressure|auto-GetRtVacuumState|auto-GetRtValveState|auto-GetRtWrf|auto-GetRtc|auto-GetSafetyStatus|auto-GetSafetyStopStatus|auto-GetSimModeCfg|auto-GetStatusRobot|auto-GetTimeScaling|auto-GetToolSphere|auto-GetTorqueLimits|auto-GetTorqueLimitsCfg|auto-GetTorqueLimitsStatus|auto-GetTrf|auto-GetVacuumPurgeDuration|auto-GetVacuumThreshold|auto-GetVariable|auto-GetVariableByCyclicId|auto-GetVelTimeout|auto-GetWorkZoneCfg|auto-GetWorkZoneLimits|auto-GetWorkZoneStatus|auto-GetWrf|auto-GripperClose|auto-GripperOpen|auto-Home|auto-IsAllowedToMove|auto-IsConnected|auto-IsControlling|auto-IsDesiredInputState|auto-IsDesiredOutputState|auto-IsSynchronousMode|auto-ListFiles|auto-ListPrograms|auto-ListVariables|auto-LoadFile|auto-LoadProgram|auto-LogTrace|auto-LogUserCommands|auto-MoveGripper|auto-MoveJoints|auto-MoveJointsRel|auto-MoveJointsVel|auto-MoveJump|auto-MoveLin|auto-MoveLinRelTRF|auto-MoveLinRelTrf|auto-MoveLinRelWRF|auto-MoveLinRelWrf|auto-MoveLinVelTRF|auto-MoveLinVelTrf|auto-MoveLinVelWRF|auto-MoveLinVelWrf|auto-MovePose|auto-PauseMotion|auto-RebootRobot|auto-RegisterCallback|auto-RegisterCallbacks|auto-ResetError|auto-ResetPStop|auto-ResetPStop2|auto-ResumeMotion|auto-RunCallbacks|auto-SaveFile|auto-SaveProgram|auto-SendCustomCommand|auto-SetAutoConf|auto-SetAutoConfTurn|auto-SetBlending|auto-SetCalibrationCfg|auto-SetCartAcc|auto-SetCartAngVel|auto-SetCartLinVel|auto-SetCheckpoint|auto-SetCollisionCfg|auto-SetConf|auto-SetConfTurn|auto-SetEob|auto-SetEom|auto-SetExtToolSim|auto-SetGripperForce|auto-SetGripperRange|auto-SetGripperVel|auto-SetIoSim|auto-SetJointAcc|auto-SetJointLimits|auto-SetJointLimitsCfg|auto-SetJointVel|auto-SetJointVelLimit|auto-SetLoadedPrograms|auto-SetMecaScriptCfg|auto-SetMonitoringInterval|auto-SetMoveDuration|auto-SetMoveDurationCfg|auto-SetMoveJumpApproachVel|auto-SetMoveJumpHeight|auto-SetMoveMode|auto-SetNetworkOptions|auto-SetOutputState|auto-SetOutputState_Immediate|auto-SetPStop2Cfg|auto-SetPayload|auto-SetRTC|auto-SetRealTimeMonitoring|auto-SetRecoveryMode|auto-SetRobotName|auto-SetRtc|auto-SetSilentApiMode|auto-SetSimModeCfg|auto-SetSynchronousMode|auto-SetTRF|auto-SetTimeScaling|auto-SetToolSphere|auto-SetTorqueLimits|auto-SetTorqueLimitsCfg|auto-SetTrf|auto-SetVacuumPurgeDuration|auto-SetVacuumPurgeDuration_Immediate|auto-SetVacuumThreshold|auto-SetVacuumThreshold_Immediate|auto-SetValveState|auto-SetVariable|auto-SetVelTimeout|auto-SetWRF|auto-SetWorkZoneCfg|auto-SetWorkZoneLimits|auto-SetWrf|auto-StartLogging|auto-StartOfflineProgram|auto-StartProgram|auto-StopProgram|auto-SwitchToEtherCAT|auto-Sync|auto-SyncCmdQueue|auto-TcpDump|auto-TcpDumpStop|auto-UnregisterCallback|auto-UnregisterCallbacks|auto-UpdateRobot|auto-VacuumGrip|auto-VacuumGrip_Immediate|auto-VacuumPurge|auto-VacuumPurge_Immediate|auto-VacuumRelease|auto-VacuumRelease_Immediate|auto-WaitActivated|auto-WaitConnected|auto-WaitDeactivated|auto-WaitDisconnected|auto-WaitEStopReset|auto-WaitEStopResettable|auto-WaitEndOfCycle|auto-WaitErrorReset|auto-WaitEstopResettable|auto-WaitExtToolSimActivated|auto-WaitExtToolSimDeactivated|auto-WaitForAnyCheckpoint|auto-WaitForError|auto-WaitGripperMoveCompletion|auto-WaitHoldingPart|auto-WaitHomed|auto-WaitIdle|auto-WaitInputState|auto-WaitIoSimDisabled|auto-WaitIoSimEnabled|auto-WaitMecaScriptEngineReady|auto-WaitMotionCleared|auto-WaitMotionPaused|auto-WaitMotionResumed|auto-WaitOutputState|auto-WaitPStop2Reset|auto-WaitPStop2Resettable|auto-WaitProgramDone|auto-WaitProgramsLoaded|auto-WaitPurgeDone|auto-WaitRecoveryMode|auto-WaitReleasedPart|auto-WaitSafetyStopReset|auto-WaitSafetyStopResettable|auto-WaitSafetyStopStateChange|auto-WaitSimActivated|auto-WaitSimDeactivated|auto-sleep,用于控制 Mecademic 六轴机械臂及其末端工具的机器人系统，可执行关节与笛卡尔运动、夹爪抓取、真空吸附、I/O 控制、程序运行和实时状态监测，适用于实验室自动化中的取放、定位、转运与样品处理。,"A robotic system for controlling a Mecademic six-axis robotic arm and its end tools. It supports joint and Cartesian motion, gripper handling, vacuum pick-up, I/O control, program execution, and real-time monitoring for laboratory automation tasks such as pick-and-place, positioning, transfer, and sample handling.",机械臂,物流/机械|实验室自动化与仪器集成|机器人与移动平台|实验室机器人操作与样品转运|实验室机械臂自动化与样品搬运|样品/探针定位与运动控制|机械臂,_aggregate_device_info_output.csv,实验室自动化与仪器集成|实验室机器人操作与样品转运|实验室机械臂自动化与样品搬运|样品/探针定位与运动控制|机械臂,low|medium|medium|medium|low,medium,medium
Mecademic机械臂,Mecademic robotic arm,robot_with_tools,robot_with_tools,9,53,auto-ActivateAndHome|auto-ActivateRobot|auto-DeactivateRobot|auto-Disconnect|auto-HasIoModule|auto-clear_dirty_flags|auto-is_cmd_dirty|auto-set_dirty_if_params_changed|auto-set_if_dirty,用于实验自动化的机械臂控制对象，可执行机器人激活、回零/归位、断开连接，并检查IO模块状态；同时包含运动队列参数与初始化配置的脏标记管理，便于在测试或实验前将机器人恢复到已知状态。,"A robotic arm control object for lab automation that can activate the robot, home it, disconnect it, and check IO module presence. It also manages dirty-state tracking for motion queue parameters and initialization settings so the robot can be restored to a known state before experiments or tests.",机械臂,物流/机械|实验室自动化与仪器集成|实验室机械臂自动化与样品搬运|机械臂,_aggregate_device_info_output.csv,实验室自动化与仪器集成|实验室机械臂自动化与样品搬运|机械臂,low|medium|low,medium,medium
Mercury步进电机多轴运动控制器,Mercury Stepper Motor Multi-Axis Motion Controller,mercury_stepper,mercury_stepper,20,35,auto-Cleanup|auto-GetChannelObject|auto-GetChannelPhase|auto-GetControlReady|auto-GetLastPos|auto-GetMax|auto-GetMin|auto-GetPos|auto-GetVelocity|auto-IsMoving|auto-IsOnTarget|auto-MoveTo|auto-ReInit|auto-RefreshPos|auto-SetJoystick|auto-SetSoftLimits|auto-SetVelocity|auto-query|auto-run_cmd|auto-set,这是一种用于驱动和控制多轴步进电机定位平台的精密运动控制器，常与电动样品台、显微镜位移台或其他线性/旋转轴配合使用。它支持位置移动、位置与运动状态读取、速度设置、软件限位以及摇杆手动控制，常用于显微成像、精密定位和自动化实验平台。,"This is a precision multi-axis motion controller for driving and controlling stepper-motor positioning stages. It is commonly used with motorized sample stages, microscope translation stages, or other linear/rotary axes. It supports position moves, position and motion-status readback, velocity setting, software travel limits, and joystick manual control, making it useful in microscopy, precision positioning, and laboratory automation setups.",步进电机控制器|电动位移台控制器,实验执行&合成设备|表征设备|精密定位与运动控制|显微成像与光学显微实验|样品/探针定位与运动控制|步进电机控制器|电动位移台控制器,_aggregate_device_info_output.csv,显微成像与光学显微实验|样品/探针定位与运动控制|电动位移台控制器,medium|medium|medium,medium,medium
梅特勒-托利多实验室天平,Mettler Toledo laboratory balance,mtsics,mtsics,12,25,auto-clear_tare|auto-mt_sics|auto-mt_sics_commands|auto-name|auto-query|auto-reset|auto-serial_number|auto-tare|auto-tare_value|auto-weight|auto-weight_mode|auto-zero,实验室电子天平，用于对样品、试剂或容器进行高精度称量。该类天平通常支持去皮、清零和读取重量，适用于分析称量、配液配样及常规质量测量。,"An electronic laboratory balance used for precise weighing of samples, reagents, and containers. This type of balance typically supports tare, zeroing, and weight readout, and is used for analytical weighing, sample preparation, and routine mass measurements in the lab.",电子天平,备料&前处理设备|溶液配制与反应|电子天平|分析称量与配样,_aggregate_device_info_output.csv,分析称量与配样,medium,medium,medium
微型FPGA时序控制器,Micro FPGA Timing Controller,micro_fpga,micro_fpga,40,51,auto-get_analog_state|auto-get_camera_exposure|auto-get_camera_pulse|auto-get_camera_readout|auto-get_camera_state|auto-get_camera_state_ms|auto-get_duration_us|auto-get_id|auto-get_laser_delay|auto-get_laser_state|auto-get_mode_state|auto-get_number_analogs|auto-get_number_lasers|auto-get_number_pwms|auto-get_number_servos|auto-get_number_ttls|auto-get_pwm_state|auto-get_sequence_state|auto-get_servo_state|auto-get_ttl_state|auto-is_active_sync|auto-is_camera_running|auto-is_connected|auto-set_active_sync|auto-set_camera_exposure|auto-set_camera_pulse|auto-set_camera_readout|auto-set_camera_state|auto-set_camera_state_ms|auto-set_duration_us|auto-set_laser_delay|auto-set_laser_state|auto-set_mode_state|auto-set_passive_sync|auto-set_pwm_state|auto-set_sequence_state|auto-set_servo_state|auto-set_ttl_state|auto-start_camera|auto-stop_camera,这是一种基于FPGA的实验时序与触发控制器，通常通过USB连接，用于显微成像和光学实验中的相机、激光器及其他外设同步。它可提供激光触发控制、相机触发时序、TTL/PWM/舵机输出以及模拟量输入采集，适合需要精确微秒级同步的实验系统。,"This is an FPGA-based laboratory timing and trigger controller, typically connected over USB, for synchronizing cameras, lasers, and other peripherals in microscopy and optical experiments. It provides laser trigger control, camera timing generation, TTL/PWM/servo outputs, and analog input readback, making it suitable for setups that require precise microsecond-level synchronization.",数字命令序列控制器|数据采集与控制接口,实验执行&合成设备|实验室自动化与仪器集成|光学与光谱实验|显微成像与光学显微实验|脉冲激励与时序控制|数字命令序列控制器|数据采集与控制接口,_aggregate_device_info_output.csv,实验室自动化与仪器集成|显微成像与光学显微实验|数字命令序列控制器,low|medium|low,medium,medium
微孔板揭膜机,Microplate Peeler,peeler,peeler,2,9,auto-peel|auto-restart,用于自动剥离微孔板顶部封膜或粘性封板膜的实验室设备，常用于样品处理和自动化工作流中，在后续移液、读板或分析前打开微孔板。,"A laboratory device used to automatically remove sealing films or adhesive seals from microplates. It is commonly used in sample-processing and automated workflows to open plates before pipetting, plate reading, or analysis.",撕膜仪,备料&前处理设备|生命体系|实验室自动化与仪器集成|移液站产品|撕膜仪|微孔板揭膜与开板,_aggregate_device_info_output.csv,生命体系|实验室自动化与仪器集成|移液站产品|撕膜仪|微孔板揭膜与开板,high|low|medium|medium|high,high,medium
微孔板封膜机,Microplate Sealer,sealer,sealer,5,12,auto-close|auto-get_temperature|auto-open|auto-seal|auto-set_temperature,用于实验室自动化中对微孔板进行封膜的设备，可执行封膜、开合机构控制，以及温度设置与读取。,"A laboratory automation device for sealing microplates. It supports sealing, opening and closing the mechanism, and setting or reading the temperature.",封膜仪,实验执行&合成设备|后处理设备|生命体系|实验室自动化与仪器集成|移液站产品|封膜仪|微孔板封膜与样品保护,_aggregate_device_info_output.csv,生命体系|实验室自动化与仪器集成|移液站产品|封膜仪|微孔板封膜与样品保护,high|low|medium|medium|high,high,medium
显微图像数据源,Microscopy Image Data Source,data_source,data_source,13,27,auto-close|auto-data|auto-get_data|auto-get_shape_from_metadata|auto-mode|auto-nbytes|auto-read|auto-set_metadata|auto-set_metadata_from_configuration_experiment|auto-setup|auto-shape|auto-voxel_size|auto-write,用于在显微镜实验中保存、读取和组织多维图像数据及其元数据的数据源对象，可管理体素尺寸、XYCZT 维度、时间点、通道和 Z 层等信息，常用于实验成像数据的存储与访问。,"A data source used to store, read, and organize multidimensional microscopy image data and its metadata. It manages information such as voxel size, XYCZT dimensions, timepoints, channels, and z planes, and is commonly used for storing and accessing experimental imaging datasets.",多维显微图像数据源,后处理设备|实验数据管理与记录|显微成像与光学显微实验|实验成像与机器视觉|多维显微图像数据源,_aggregate_device_info_output.csv,显微成像与光学显微实验|实验成像与机器视觉|多维显微图像数据源,medium|medium|high,high,medium
Mighty Mini注射泵,Mighty Mini Syringe Pump,mighty_mini,mighty_mini,3,26,auto-infuse|auto-setflowrate|auto-stop,一款实验室用小型注射泵，用于以设定流速精确输送液体并进行持续输注。常用于微流控、化学加液、样品处理和生物实验中的定量给液。,"A compact laboratory syringe pump used to deliver liquids at a defined flow rate for precise, continuous infusion. It is commonly used for microfluidics, reagent addition, sample handling, and other experiments requiring accurate liquid dosing.",注射泵,实验执行&合成设备|溶液配制与反应|液体输送与定量分配|注射泵,_aggregate_device_info_output.csv,液体输送与定量分配,medium,medium,medium
电动滤光轮,Motorized Filter Wheel,filter_wheel,filter_wheel,5,13,auto-RW|auto-getPosition|auto-setPositionf|auto-setPositionq|auto-zero,电动滤光轮是一种用于在光路中安装并切换多片滤光片的光学设备。它可将不同滤光片快速移入或移出光束路径，常用于显微成像、荧光实验、相机检测和一般光学实验中的波段选择与光路切换。,"A motorized filter wheel is an optical device that holds multiple filters and switches them into or out of the beam path. It is commonly used for wavelength selection and optical path switching in microscopy, fluorescence experiments, camera-based detection, and general optical laboratory setups.",电动滤光片转轮,表征设备|光学与光谱实验|显微成像与光学显微实验|电动滤光片转轮,_aggregate_device_info_output.csv,显微成像与光学显微实验,medium,medium,medium
电动滤光片转轮,Motorized Filter Wheel,fw102_b,fw102_b,2,9,auto-getPos|auto-setPos,一款多工位电动滤光片转轮，可在多个滤光片位置之间快速切换。常用于显微成像、荧光实验和光学测量中，以选择不同波段或不同类型的光学滤片。,"A multi-position motorized filter wheel that switches quickly between installed optical filters. It is commonly used in microscopy, fluorescence experiments, and optical measurements to select different wavelength bands or filter types.",电动滤光片转轮,表征设备|光学与光谱实验|显微成像与光学显微实验|电动滤光片转轮,_aggregate_device_info_output.csv,显微成像与光学显微实验,medium,medium,medium
多轴电动位移台,Multi-axis Motorized Translation Stage,motor_control,motor_control,11,18,auto-define_home|auto-end_session|auto-execute_motor|auto-find_axis|auto-get_position|auto-go_home|auto-move_abs|auto-move_rel|auto-send_command|auto-set_units|auto-start_session,一种带电机驱动的多轴精密位移装置，可进行绝对/相对移动、回零、设定原点和单位切换，常用于显微镜物镜或样品的精密定位、扫描和对准。,"A motor-driven multi-axis precision translation device that supports absolute/relative motion, homing, defining a home position, and unit selection. It is commonly used for precise positioning, scanning, and alignment of microscope objectives or samples.",电动定位台|电动直线位移台,实验执行&合成设备|精密定位与运动控制|样品/探针定位与运动控制|显微成像与光学显微实验|电动定位台|电动直线位移台,_aggregate_device_info_output.csv,样品/探针定位与运动控制|显微成像与光学显微实验|电动定位台,medium|medium|medium,medium,medium
NanoScan压电Z轴定位台,NanoScan Piezo Z Positioning Stage,nano_scan,nano_scan,21,28,auto-closePort|auto-getCmd|auto-getMovingState|auto-getPositionAbs|auto-getPositionRel|auto-getStep|auto-getTravelRange|auto-getVersion|auto-isPortOpen|auto-moveAbsolutePosition|auto-moveDown|auto-moveRelativePosition|auto-moveUp|auto-moveZeroPosition|auto-openPort|auto-resetStage|auto-sendCmd|auto-setCmd|auto-setPosition|auto-setStep|auto-setTravelRange,NanoScan是一种压电驱动的Z轴纳米定位台或显微镜对焦平台，用于在微米至亚微米尺度上精确调节样品或物镜的轴向位置。它常用于显微成像、自动对焦、Z轴扫描、表面形貌测量及需要快速精密焦点控制的实验。,"The NanoScan is a piezo-driven Z-axis nanopositioning stage or microscope focus stage used to precisely adjust the axial position of a sample or objective over micrometer-scale travel. It is commonly used for microscopy, autofocus, Z-scanning, surface profiling, and other experiments requiring fast and precise focus control.",电动直线位移台|电动定位台,表征设备|精密定位与运动控制|显微成像与光学显微实验|样品/探针定位与运动控制|电动直线位移台|电动定位台,_aggregate_device_info_output.csv,显微成像与光学显微实验|样品/探针定位与运动控制|电动定位台,medium|medium|medium,medium,medium
NanoScanZ 纳米调焦压电Z轴平台,NanoScanZ Nano Focusing Piezo Stage,nano_scan_z,nano_scan_z,15,23,auto-baudrate|auto-idn|auto-move_absolute|auto-move_absolute_async|auto-move_relative|auto-move_relative_async|auto-moving|auto-position|auto-query|auto-read|auto-software_version|auto-step|auto-write|auto-zero_position|auto-zero_position_async,这是一种用于显微镜或精密定位系统的压电驱动Z轴纳米调焦平台，可在垂直方向进行高分辨率升降与精密对焦，适用于显微成像、焦点扫描和样品的精细Z向定位。,"A piezo-driven Z-axis nano focusing stage for microscopes or precision positioning systems. It provides high-resolution vertical motion and fine focus control for microscopy, focus scanning, and precise sample positioning along the Z axis.",电动直线位移台|电动定位台,表征设备|精密定位与运动控制|显微成像与光学显微实验|样品/探针定位与运动控制|电动直线位移台|电动定位台,_aggregate_device_info_output.csv,显微成像与光学显微实验|样品/探针定位与运动控制|电动定位台,medium|medium|medium,medium,medium
NanoScanZ显微镜Z轴纳米定位台,NanoScanZ microscope Z nanopositioning stage,nano_scan_hw,nano_scan_hw,15,22,auto-connect|auto-disconnect|auto-getPositionABS|auto-getPositionHW|auto-getTravelRangeHW|auto-moveAbsolutePositionHW|auto-moveDownHW|auto-moveRelativePositionHW|auto-moveUpHW|auto-moveZeroPositionHW|auto-resetStageHW|auto-setPositionHW|auto-setPostionZeroHW|auto-setup|auto-updateHardware,这是一种用于显微镜Z轴精密调焦和高度定位的纳米定位台，可进行绝对位移、相对位移、回零与位置读取，并可显示当前行程范围与单位。它常用于显微成像中的焦点扫描、样品高度调整和自动对焦相关实验。,"This is a precision microscope Z-axis nanopositioning stage for fine focusing and height positioning. It supports absolute and relative motion, zeroing, and position readback, and can report travel range and motion units. It is commonly used for focus scans, sample height adjustment, and autofocus-related microscopy experiments.",电动直线位移台|电动定位台,表征设备|精密定位与运动控制|显微成像与光学显微实验|样品/探针定位与运动控制|电动直线位移台|电动定位台,_aggregate_device_info_output.csv,显微成像与光学显微实验|样品/探针定位与运动控制|电动定位台,medium|medium|medium,medium,medium
Newport ESP300多轴运动控制器,Newport ESP300 Multi-Axis Motion Controller,esp300,esp300,11,18,auto-GetChannelObject|auto-GetChannelPhase|auto-GetControlReady|auto-GetMax|auto-GetMin|auto-GetPos|auto-MoveTo|auto-addMenuItems|auto-ledOff|auto-ledOn|auto-stop_all,这是一台用于驱动和控制多轴电动位移台或旋转台的实验室运动控制器，常见于显微镜、光学平台和精密定位系统中，用于样品、物镜或光学元件的精确移动与定位。,"This is a laboratory multi-axis motion controller used to drive motorized translation or rotation stages. It is commonly used in microscopes, optical benches, and precision positioning setups to move and position samples, objectives, or optical components accurately.",电动位移台控制器,实验执行&合成设备|精密定位与运动控制|样品/探针定位与运动控制|电动位移台控制器,_aggregate_device_info_output.csv,样品/探针定位与运动控制|电动位移台控制器,medium|medium,medium,medium
Newport Picomotor精密位移台,Newport Picomotor Precision Stage,picomotor_stage,picomotor_stage,7,47,auto-get_controllers_scan|auto-get_home_position|auto-get_product_id|auto-resolve_address_conflicts|auto-set_home_position|auto-wait_motor_moved|auto-wait_scan_done,一种由 Newport Picomotor 微型执行器驱动的多轴精密位移台，用于对光学元件、样品或探针进行高分辨率微调定位。常见于光学对准、光纤耦合、显微实验和精密机械定位等实验场景。,"A multi-axis precision positioning stage driven by Newport Picomotor actuators, used for fine high-resolution adjustment of optical components, samples, or probes. It is commonly used in optical alignment, fiber coupling, microscopy, and other precision positioning tasks in the lab.",电动定位台,实验执行&合成设备|精密定位与运动控制|样品/探针定位与运动控制|电动定位台,_aggregate_device_info_output.csv,样品/探针定位与运动控制|电动定位台,medium|medium,medium,medium
Next Generation注射泵,Next Generation Syringe Pump,next_gen_pump,next_gen_pump,17,33,auto-clear_faults|auto-current_conditions|auto-current_state|auto-flowrate|auto-flowrate_compensation|auto-keypad_disable|auto-keypad_enable|auto-lower_pressure_limit|auto-pump_info|auto-read_faults|auto-reset|auto-run|auto-set_leak_mode|auto-solvent|auto-stop|auto-upper_pressure_limit|auto-zero_seal,面向 Next Generation 系列注射泵的串口通信驱动，用于流体输注与程序化给液控制。,"A serial communication driver for Next Generation syringe pumps, used in fluid infusion and programmable dispensing control.",注射泵,实验执行&合成设备|溶液配制与反应|过程控制与工业仪表实验|液体输送与定量分配|注射泵,_aggregate_device_info_output.csv,液体输送与定量分配,medium,medium,medium
OBIS 激光器,OBIS Laser,obis_laser,obis_laser,6,24,auto-get_is_on|auto-get_status|auto-initialize|auto-set_trigger|auto-trigger_mode|auto-trigger_type,OBIS 激光器是一种实验室激光光源，常用于显微成像和其他光学实验中的受控照明与激发。它可作为显微镜光源使用，提供稳定激光输出，并支持开关状态与触发方式控制。,"An OBIS laser is a laboratory laser light source commonly used for controlled illumination and excitation in microscopy and other optical experiments. It serves as a microscope light source, providing stable laser output with controllable on/off state and trigger behavior.",实验室激光光源,表征设备|光学与光谱实验|显微成像与光学显微实验|激光激发与光谱测量|实验室激光光源,_aggregate_device_info_output.csv,显微成像与光学显微实验,medium,medium,medium
OpenFlexure 电动位移台,OpenFlexure motorized translation stage,open_flexure_stage,open_flexure_stage,14,30,auto-backlash|auto-focus_rel|auto-gain|auto-home|auto-list_modules|auto-move_abs|auto-move_rel|auto-n_axes|auto-print_help|auto-query|auto-release_motors|auto-scan_linear|auto-scan_z|auto-test_mode,一种通过串口控制的电动位移台，通常由步进电机驱动，用于多轴样品或光学部件定位。它可执行相对/绝对移动、Z 轴对焦扫描、线性扫描以及基于限位的回零，常用于显微成像、样品定位和重复扫描实验。,"A serial-controlled motorized translation stage, typically driven by stepper motors, for multi-axis positioning of samples or optical components. It supports relative/absolute motion, Z-axis focus scans, linear scans, and endstop-based homing, and is commonly used in microscopy, sample positioning, and repeatable scanning experiments.",电动定位台|电动直线位移台,表征设备|精密定位与运动控制|样品/探针定位与运动控制|显微成像与光学显微实验|电动定位台|电动直线位移台,_aggregate_device_info_output.csv,样品/探针定位与运动控制|显微成像与光学显微实验|电动定位台,medium|medium|medium,medium,medium
Opentrons 温度模块,Opentrons Temperature Module,opentrons_temperature_module_usb_backend,opentrons_temperature_module_usb_backend,6,16,auto-deactivate|auto-get_current_temperature|auto-serial|auto-serialize|auto-set_temperature|auto-supports_active_cooling,Opentrons 温度模块是一种用于实验室自动化平台的温控附件，可对样品板或其他小型实验容器进行加热或冷却并维持设定温度，常用于样品孵育、试剂保冷及温度敏感实验流程。,"The Opentrons Temperature Module is a temperature-control accessory for laboratory automation platforms. It heats or cools microplates or other small lab containers and maintains a set temperature for sample incubation, reagent cooling, and other temperature-sensitive workflows.",微孔板温控模块,备料&前处理设备|实验执行&合成设备|生命体系|实验室自动化与仪器集成|外接设备恒温控制|微孔板样品孵育与混匀|微孔板温控模块,_aggregate_device_info_output.csv,生命体系|实验室自动化与仪器集成|外接设备恒温控制|微孔板样品孵育与混匀|微孔板温控模块,high|low|medium|high|medium,high,medium
PCO Sensicam CCD科学相机,PCO Sensicam CCD scientific camera,sensicam,sensicam,21,36,auto-bel_time|auto-binning|auto-coc|auto-coc_time|auto-delay_time|auto-exp_time|auto-expose|auto-exposure_time|auto-finalize|auto-image_size|auto-image_status|auto-initialize|auto-mode|auto-read_out|auto-roi|auto-run_coc|auto-status|auto-stop_coc|auto-table|auto-take_image|auto-trigger,这是一款用于实验成像采集的 PCO Sensicam CCD 相机。驱动显示其支持曝光控制、触发模式、感兴趣区域（ROI）、像素合并（binning）、成像模式设置，以及 CCD 图像读出，适合实验室中的科学成像与单次/连续采集任务。,"This is a PCO Sensicam CCD camera for laboratory image acquisition. The driver indicates support for exposure control, trigger mode, region of interest (ROI), pixel binning, imaging mode configuration, and CCD image readout, making it suitable for scientific imaging and single or continuous acquisition tasks in the lab.",科学相机|CCD探测器,表征设备|智慧表征与检测中心|光学与光谱实验|实验成像与机器视觉|科学相机|CCD探测器,_aggregate_device_info_output.csv,实验成像与机器视觉|科学相机|CCD探测器,medium|medium|medium,medium,medium
PHD2000注射泵,PHD2000 Syringe Pump,phd2000,phd2000,2,27,auto-settargetvolume|auto-stop,PHD2000是一款实验室注射泵，用于驱动注射器进行精确的液体注入或回抽。它适合需要按设定体积输送液体的实验场景，如样品输送、流体控制和常规实验室给液。,"The PHD2000 is a laboratory syringe pump used to drive a syringe for precise liquid infusion or withdrawal. It is suited to experiments that require delivery of a defined liquid volume, such as sample delivery, fluid handling, and general laboratory dosing.",注射泵,实验执行&合成设备|溶液配制与反应|液体输送与定量分配|注射泵,_aggregate_device_info_output.csv,液体输送与定量分配,medium,medium,medium
PI C-867双轴压电定位平台控制器,PI C-867 Dual-Axis Piezo Positioning Controller,piezo_c867_t,piezo_c867_t,18,46,auto-GetChannelObject|auto-GetChannelPhase|auto-GetControlReady|auto-GetFirmwareVersion|auto-GetMax|auto-GetMin|auto-GetPos|auto-GetPosXY|auto-GetVelocity|auto-MoveInDir|auto-MoveTo|auto-MoveToXY|auto-OnTarget|auto-ReInit|auto-SetServo|auto-SetVelocity|auto-StopMove|auto-close,该设备是用于双轴压电定位平台的运动控制器，可通过串口设置伺服、回参考、设定速度并执行X/Y精密移动与位置读取，常用于显微成像等实验中的样品精密扫描与对准。,"This device is a motion controller for a dual-axis piezo positioning stage. It communicates over serial commands to enable servo control, perform referencing, set velocity, execute precise X/Y motion, and read back position, commonly for sample scanning and alignment in microscopy and other precision lab experiments.",位置控制器|压电定位控制器,表征设备|精密定位与运动控制|智慧表征与检测中心|显微成像与光学显微实验|样品/探针定位与运动控制|位置控制器|压电定位控制器,_aggregate_device_info_output.csv,显微成像与光学显微实验|样品/探针定位与运动控制|位置控制器,medium|medium|low,medium,medium
PI C-867双轴压电定位台,PI C-867 Two-Axis Piezo Positioning Stage,piezo_c867,piezo_c867,15,46,auto-GetChannelObject|auto-GetChannelPhase|auto-GetControlReady|auto-GetFirmwareVersion|auto-GetMax|auto-GetMin|auto-GetPos|auto-GetPosXY|auto-GetVelocity|auto-MoveRel|auto-MoveTo|auto-MoveToXY|auto-ReInit|auto-SetServo|auto-SetVelocity,用于控制PI C-867相关的双轴压电/纳米定位平台，可进行XY位置读取、绝对与相对移动、速度设置、伺服开关和参考初始化，常用于显微成像中的精密扫描、样品对准和纳米级定位。,"A PI C-867-based two-axis piezo/nanopositioning stage used for XY position readout, absolute and relative motion, velocity setting, servo control, and reference initialization. It is typically used for precision scanning, sample alignment, and nanometer-scale positioning in microscopy.",压电定位器,表征设备|精密定位与运动控制|智慧表征与检测中心|显微成像与光学显微实验|样品/探针定位与运动控制|压电定位器,_aggregate_device_info_output.csv,显微成像与光学显微实验|样品/探针定位与运动控制|压电定位器,medium|medium|medium,medium,medium
PI E-709 压电纳米定位控制器,PI E-709 Piezo Nanopositioning Controller,piezo_e709,piezo_e709,11,37,auto-GetChannelObject|auto-GetChannelPhase|auto-GetControlReady|auto-GetFirmwareVersion|auto-GetMax|auto-GetMin|auto-GetPos|auto-MoveRel|auto-MoveTo|auto-ReInit|auto-SetServo,用于驱动压电纳米定位器的运动控制器，可进行绝对/相对位移、伺服开关、位置读取以及控制状态与固件信息查询，常用于显微镜精密调焦与高分辨定位实验。,"A motion controller for piezo nanopositioners, supporting absolute/relative moves, servo enable control, position readback, and queries of control status and firmware information. It is commonly used for precision microscope focusing and high-resolution positioning experiments.",位置控制器|压电定位控制器,表征设备|精密定位与运动控制|智慧表征与检测中心|显微成像与光学显微实验|样品/探针定位与运动控制|位置控制器|压电定位控制器,_aggregate_device_info_output.csv,显微成像与光学显微实验|样品/探针定位与运动控制|位置控制器,medium|medium|low,medium,medium
PI E-709压电定位控制器,PI E-709 Piezo Positioning Controller,piezo_e709_t,piezo_e709_t,17,37,auto-GetChannelObject|auto-GetChannelPhase|auto-GetControlReady|auto-GetFirmwareVersion|auto-GetMax|auto-GetMin|auto-GetPos|auto-GetPosXY|auto-GetTargetPos|auto-MoveInDir|auto-MoveRel|auto-MoveTo|auto-OnTarget|auto-ReInit|auto-SetServo|auto-StopMove|auto-close,用于控制双通道或XY压电定位平台的运动控制器，可执行绝对/相对移动、伺服闭环控制、位置读取、到位判断和参考初始化，常用于显微成像中的纳米级定位与扫描。,"A motion controller for dual-channel or XY piezo positioning stages. It supports absolute/relative moves, closed-loop servo control, position readback, on-target checks, and reference initialization, commonly used for nanoscale positioning and scanning in microscopy.",位置控制器|压电定位控制器,表征设备|精密定位与运动控制|智慧表征与检测中心|显微成像与光学显微实验|样品/探针定位与运动控制|位置控制器|压电定位控制器,_aggregate_device_info_output.csv,显微成像与光学显微实验|样品/探针定位与运动控制|位置控制器,medium|medium|low,medium,medium
PI E-816压电定位控制器,PI E-816 Piezo Positioning Controller,piezo_e816,piezo_e816,7,14,auto-GetChannelObject|auto-GetChannelPhase|auto-GetControlReady|auto-GetMax|auto-GetMin|auto-GetPos|auto-MoveTo,用于控制压电位移台或压电执行器进行精密定位的控制器。该设备支持将通道移动到目标位置、读取当前位置，并查询控制就绪状态、通道相关状态以及位置上下限，常用于显微镜对焦和纳米级定位实验。,"A controller for precision positioning of a piezo stage or piezo actuator. It supports moving a channel to a target position, reading the current position, and querying control readiness, channel-related status, and motion limits. It is commonly used for microscope focusing and nanoscale positioning experiments.",位置控制器|压电定位控制器,表征设备|精密定位与运动控制|智慧表征与检测中心|显微成像与光学显微实验|样品/探针定位与运动控制|位置控制器|压电定位控制器,_aggregate_device_info_output.csv,显微成像与光学显微实验|样品/探针定位与运动控制|位置控制器,medium|medium|low,medium,medium
PI E-816压电定位控制器,PI E-816 Piezo Positioning Controller,piezo_e816_t,piezo_e816_t,16,39,auto-GetChannelObject|auto-GetChannelPhase|auto-GetControlReady|auto-GetFirmwareVersion|auto-GetMax|auto-GetMin|auto-GetPos|auto-GetPosXY|auto-GetTargetPos|auto-MoveInDir|auto-MoveRel|auto-MoveTo|auto-OnTarget|auto-ReInit|auto-SetDriftCompensation|auto-close,用于驱动压电定位平台或压电执行器的精密运动控制器。该设备通过串口进行位置查询与运动控制，支持单通道或XY通道的位置读取、绝对/相对移动、到位状态检查、漂移补偿、行程范围查询和固件版本读取，常用于显微镜纳米定位、对焦或样品精密扫描。,"A precision motion controller for driving a piezo positioning stage or piezo actuator. It communicates over a serial interface and supports position readback, absolute and relative moves, XY motion, on-target status checks, drift compensation, travel range queries, and firmware version retrieval. It is commonly used for microscope nanopositioning, focus control, and fine sample scanning.",位置控制器|压电定位控制器,表征设备|精密定位与运动控制|智慧表征与检测中心|显微成像与光学显微实验|样品/探针定位与运动控制|位置控制器|压电定位控制器,_aggregate_device_info_output.csv,显微成像与光学显微实验|样品/探针定位与运动控制|位置控制器,medium|medium|low,medium,medium
PI E-816B 压电定位控制器,PI E-816B Piezo Positioning Controller,piezo_e816b,piezo_e816b,7,14,auto-GetChannelObject|auto-GetChannelPhase|auto-GetControlReady|auto-GetMax|auto-GetMin|auto-GetPos|auto-MoveTo,用于控制压电定位器或压电位移台的精密位置移动与读回，提供绝对移动、当前位置查询和行程范围查询，适合显微成像、精密扫描与对焦定位等实验场景。,"A piezo positioning controller used to drive and read back a piezo actuator or piezo stage. It supports absolute moves, current position queries, and travel-range queries for microscopy, precision scanning, and focus positioning experiments.",位置控制器|压电定位控制器,表征设备|精密定位与运动控制|智慧表征与检测中心|显微成像与光学显微实验|样品/探针定位与运动控制|位置控制器|压电定位控制器,_aggregate_device_info_output.csv,显微成像与光学显微实验|样品/探针定位与运动控制|位置控制器,medium|medium|low,medium,medium
PhoxX 二极管激光器,PhoxX diode laser,phoxx_laser,phoxx_laser,8,23,auto-Close|auto-GetOutputmW|auto-GetPower|auto-GetStatusText|auto-IsOn|auto-SetPower|auto-TurnOff|auto-TurnOn,PhoxX 是 Omicron-Laserage 的 OEM 二极管激光器系列，可提供可调激光输出并支持高速调制，常用于显微成像、荧光激发和光学检测系统。,"PhoxX is an OEM diode-laser series from Omicron-Laserage, offering controllable laser output and high-speed modulation for microscopy, fluorescence excitation, and optical instrumentation.",二极管激光器|实验室激光光源,实验执行&合成设备|光学与光谱实验|激光激发与光谱测量|显微成像与光学显微实验|二极管激光器|实验室激光光源,_aggregate_device_info_output.csv,显微成像与光学显微实验|二极管激光器,medium|low,medium,medium
Prior弧光灯快门,Prior Arc Lamp Shutter,priorarclampshutter,priorarclampshutter,4,11,auto-GetName|auto-IsOn|auto-TurnOff|auto-TurnOn,用于控制Prior弧光灯照明光路的快门，在显微和光学实验中实现照明的开启、关闭与状态查询，以便允许或阻断光线照射样品。,"A shutter used to control the illumination path of a Prior arc lamp. In microscopy and optical experiments, it is used to enable or block lamp light and to query the shutter state.",显微照明快门,表征设备|光学与光谱实验|显微成像与光学显微实验|显微照明快门,_aggregate_device_info_output.csv,显微成像与光学显微实验|显微照明快门,medium|medium,medium,medium
Prior Lumen显微照明光源,Prior Lumen Illumination Source,prior_lumen,prior_lumen,3,11,auto-IsOn|auto-TurnOff|auto-TurnOn,用于显微成像系统的照明光源，驱动中主要提供光源开关与状态查询功能。代码说明其借用激光器界面控件进行操作，但实际对象更像是可开关的显微照明光源而非激光器。,"An illumination source used in a microscopy imaging system. The driver mainly provides on/off control and state query. The code notes that it pretends to be a laser only to reuse laser GUI controls, but the controlled object is better described as a switchable microscopy light source rather than a laser.",显微照明光源,表征设备|光学与光谱实验|显微成像与光学显微实验|显微照明光源,_aggregate_device_info_output.csv,显微成像与光学显微实验|显微照明光源,medium|medium,medium,medium
Prior 电动 XY 载物台,Prior Motorized XY Stage,prior,prior,9,18,auto-MoveAbs|auto-MoveRelX|auto-MoveRelY|auto-MoveTo|auto-checkhardlimits|auto-checksoftlimit|auto-checksoftlimitAbs|auto-error|auto-getPosition,用于显微镜或实验平台样品定位的电动二维平移载物台，可读取当前位置，并执行 X/Y 方向微米级相对移动与指定坐标绝对移动，同时检查软限位和硬限位以避免超程。,"A motorized 2D translation stage for sample positioning on microscopes or laboratory platforms. It can report the current position, perform micron-scale relative motion in X and Y, move to specified coordinates, and check soft and hard travel limits to avoid overtravel.",电动定位台,表征设备|精密定位与运动控制|光学与光谱实验|样品/探针定位与运动控制|显微成像与光学显微实验|电动定位台,_aggregate_device_info_output.csv,样品/探针定位与运动控制|显微成像与光学显微实验|电动定位台,medium|medium|medium,medium,medium
树莓派相机,Raspberry Pi Camera,rest_pi_camera,rest_pi_camera,12,19,auto-get_exposuretime|auto-get_iso|auto-get_json|auto-get_preview|auto-get_resolution_preview|auto-get_snap|auto-isConnected|auto-post_json|auto-set_exposuretime|auto-set_iso|auto-start_live|auto-stop_live,一款通过 REST API 控制的树莓派相机，用于实验中的图像采集、单张拍照、预览图获取和实时观察，并可设置 ISO 与曝光时间等成像参数。,"A Raspberry Pi camera controlled through a REST API, used in laboratory setups for image acquisition, snapshot capture, preview retrieval, and live viewing, with configurable imaging parameters such as ISO and exposure time.",嵌入式相机模块,表征设备|实验室自动化与仪器集成|实验成像与过程监测|实验HTTP远程控制与API集成|嵌入式相机模块,_aggregate_device_info_output.csv,实验室自动化与仪器集成|实验成像与过程监测,low|medium,medium,medium
树莓派相机模块,Raspberry Pi Camera Module,camera_pi_cam,camera_pi_cam,15,22,auto-close|auto-getLast|auto-getLastChunk|auto-getPropertyValue|auto-openPropertiesGUI|auto-prepare_live|auto-setPropertyValue|auto-setROI|auto-set_analog_gain|auto-set_blacklevel|auto-set_exposure_time|auto-set_pixel_format|auto-start_live|auto-stop_live|auto-suspend_live,一款用于树莓派平台的小型数字相机模块，可进行实时视频采集和静态图像获取。适合实验室中的显微成像、样品观察、装置监视和基础视觉记录等场景。,"A compact digital camera module for the Raspberry Pi platform, used for live video acquisition and still image capture. It is suitable for laboratory microscopy imaging, sample observation, instrument monitoring, and general visual documentation.",嵌入式相机模块,表征设备|智慧表征与检测中心|光学与光谱实验|显微成像与光学显微实验|实验成像与过程监测|嵌入式相机模块,_aggregate_device_info_output.csv,显微成像与光学显微实验|实验成像与过程监测,medium|medium,medium,medium
Rheodyne MXII 多通切换阀,Rheodyne MXII multiport valve,mx_valve,mx_valve,8,16,auto-change_port|auto-get_port|auto-message_builder|auto-read_message|auto-response_interpret|auto-stripped_hex|auto-wait_ready|auto-write_message,这是一种电动多通切换阀，用于在多个液路端口之间切换流体通道。实验室中常用于色谱、流动分析及自动化液路系统中的流路选择、样品切换和溶剂导向。该证据表明驱动面向 Rheodyne MXII 系列阀，并已在 MXX778-605 十口阀上测试。,"This is a motorized multiport valve used to switch fluid flow between multiple ports. In laboratories it is commonly used for flow-path selection, sample switching, and solvent routing in chromatography, flow analysis, and automated fluidic systems. The evidence indicates support for the Rheodyne MXII valve family and testing on the MXX778-605 10-port valve.",多通阀,实验执行&合成设备|溶液配制与反应|流动化学|液体输送与定量分配|多通阀,_aggregate_device_info_output.csv,液体输送与定量分配,medium,medium,medium
Robotiq 三指自适应机械夹爪,Robotiq 3-Finger Adaptive Gripper,gripper_controller,gripper_controller,7,20,auto-Byte_status|auto-activate|auto-add_leading_zeros|auto-close|auto-command_gripper|auto-stat|auto-status,这是一种安装在机器人末端的电动三指自适应夹爪，可通过位置、速度、力度和不同抓取模式控制手指运动，以夹持形状各异的工件。它常用于实验室自动化和机器人系统中的样品、器件或治具的抓取、搬运与定位。,"This is an electric three-finger adaptive robot gripper mounted on a robotic end effector. Its fingers can be controlled by position, speed, force, and grasping mode to handle objects of different shapes. It is commonly used in laboratory automation and robotic systems for grasping, transferring, and positioning samples, parts, or fixtures.",机器人电动夹爪|自适应三指夹爪,实验执行&合成设备|物流/机械|实验室自动化与仪器集成|机器人与移动平台|实验室机械臂自动化与样品搬运|实验室机器人操作与样品转运|机器人电动夹爪|自适应三指夹爪,_aggregate_device_info_output.csv,实验室自动化与仪器集成|实验室机械臂自动化与样品搬运|实验室机器人操作与样品转运|机器人电动夹爪,low|medium|medium|low,medium,medium
Robotiq Hand-E机械夹爪,Robotiq Hand-E Gripper,robotiq_gripper,robotiq_gripper,14,30,auto-activate|auto-auto_calibrate|auto-connect|auto-disconnect|auto-get_closed_position|auto-get_current_position|auto-get_max_position|auto-get_min_position|auto-get_open_position|auto-is_active|auto-is_closed|auto-is_open|auto-move|auto-move_and_wait_for_pos,用于机器人末端执行器的两指电动夹爪，可通过网络套接字直接连接并控制，支持激活、开闭状态判断、开合位置自动校准，以及按目标位置、速度和力执行夹持运动，适合实验自动化中的样品抓取与转运。,"A two-finger electric robotic gripper used as an end effector, directly controlled over a network socket. It supports activation, open/closed state checks, automatic calibration of open and closed positions, and gripping motions with commanded position, speed, and force for sample handling and transfer in lab automation.",机器人电动夹爪,物流/机械|实验室自动化与仪器集成|实验室机器人操作与样品转运|实验室机械臂自动化与样品搬运|机器人电动夹爪,_aggregate_device_info_output.csv,实验室自动化与仪器集成|实验室机器人操作与样品转运|实验室机械臂自动化与样品搬运|机器人电动夹爪,low|medium|medium|low,medium,medium
SCARA机械臂,SCARA Robotic Arm,experimental_scara,experimental_scara,12,19,auto-approach|auto-close_gripper|auto-drop_resource|auto-get_cartesian_position|auto-get_joint_position|auto-halt|auto-home|auto-is_gripper_closed|auto-move_to|auto-move_to_safe|auto-open_gripper|auto-pick_up_resource,一种带夹爪的SCARA（水平关节型）机械臂，用于实验室自动化中的定位、搬运与取放操作。它可按笛卡尔坐标或关节坐标移动，并执行回零、安全位移动以及板类实验耗材的抓取和放置。,"A SCARA robotic arm with a gripper for laboratory automation tasks such as positioning, transport, and pick-and-place operations. It can move in Cartesian space or joint space and perform homing, safe-position moves, and handling of plate-like lab consumables.",机械臂,物流/机械|机器人与移动平台|实验室自动化与仪器集成|实验室机械臂自动化与样品搬运|样品/探针定位与运动控制|机械臂,_aggregate_device_info_output.csv,实验室自动化与仪器集成|实验室机械臂自动化与样品搬运|样品/探针定位与运动控制|机械臂,low|medium|medium|low,medium,medium
SCILA抽屉式培养存储装置,SCILA drawer-based incubation/storage unit,scila_backend,scila_backend,14,29,auto-deserialize|auto-is_temperature_control_enabled|auto-measure_temperature|auto-request_co2_flow_status|auto-request_drawer_status|auto-request_drawer_statuses|auto-request_liquid_level|auto-request_status|auto-request_target_temperature|auto-request_temperature_information|auto-request_valve_status|auto-serialize|auto-start_temperature_control|auto-stop_temperature_control,一种带抽屉访问的实验室环境控制装置，可用于样品或微孔板的培养或受控存储。该设备支持温度控制，并可查询液位、温度、CO₂流量、阀门以及抽屉状态。,"A drawer-based laboratory environmental control unit for incubating or storing samples or microplates under controlled conditions. It supports temperature control and can report liquid level, temperature, CO2 flow, valve status, and drawer status.",微孔板自动培养存储系统|气候箱,器件/细胞设备|生命体系|环境控制与稳定性测试|细胞生物学研究|气候箱培养与稳定性试验|微孔板自动培养存储系统|气候箱,_aggregate_device_info_output.csv,器件/细胞设备|生命体系|环境控制与稳定性测试|细胞生物学研究|气候箱培养与稳定性试验|微孔板自动培养存储系统|气候箱,high|high|medium|high|high|medium|medium,high,medium
STAR Chatterbox 模拟后端,STAR Chatterbox Backend,star_chatterbox_backend,star_chatterbox_backend,18,26,auto-channel_dispensing_drive_request_position|auto-head96_request_firmware_version|auto-iswap_parked|auto-move_channel_y|auto-move_iswap_x|auto-move_iswap_y|auto-move_iswap_z|auto-pierce_foil|auto-request_extended_configuration|auto-request_iswap_initialization_status|auto-request_machine_configuration|auto-request_tip_presence|auto-request_z_pos_channel_n|auto-send_raw_command|auto-setup|auto-slow_iswap|auto-step_off_foil|auto-stop,这是一个面向 Hamilton STAR 液体处理平台的非实体模拟组件。它通过返回虚拟机器配置、吸头状态、96头固件信息、iSWAP 状态与位置等数据，并模拟通道及 iSWAP 运动，用于开发、调试、命令测试和流程验证，而非直接驱动真实仪器。,"This is a non-physical simulation component for the Hamilton STAR liquid handling platform. It provides mock machine configuration, tip status, 96-head firmware data, iSWAP status and positions, and simulated channel and iSWAP motion for development, debugging, command testing, and workflow validation rather than direct control of real hardware.",移液工作站|通用实验设备占位器,实验执行&合成设备|实验室自动化与仪器集成|实验设备模拟与流程调试|移液站产品|移液工作站|通用实验设备占位器,_aggregate_device_info_output.csv,实验室自动化与仪器集成|移液站产品|移液工作站|通用实验设备占位器,low|medium|medium|low,medium,medium
串口实验I/O控制器,Serial Laboratory I/O Controller,io_slave_always_open,io_slave_always_open,6,35,auto-GetAnalog|auto-GetTemperature|auto-SetAnalog|auto-SetDigital|auto-SetFlash|auto-SetServo,这是一类通过串口通信的通用实验室I/O控制器，可提供数字输出、模拟输出、脉冲/闪烁控制、舵机控制，以及模拟量和温度读取功能。它常用于显微镜和实验装置中的外设联动与自动化控制，例如驱动快门、激光相关部件、振动机构或读取传感器信号。,"This is a general-purpose laboratory I/O controller that communicates over a serial port. It provides digital outputs, analog outputs, flash/pulse-style control, servo control, and analog and temperature readback. It is commonly used for peripheral coordination and automation in microscopes and other lab setups, such as driving shutters, laser-related components, shaking mechanisms, or reading sensor signals.",通用数字输入输出外设|串行仪器通信接口,实验执行&合成设备|表征设备|实验室自动化与仪器集成|显微成像与光学显微实验|通用数字输入输出与状态检测|激光激发与光谱测量|通用数字输入输出外设|串行仪器通信接口,_aggregate_device_info_output.csv,实验室自动化与仪器集成|显微成像与光学显微实验|通用数字输入输出与状态检测|通用数字输入输出外设,low|medium|low|low,medium,medium
本地定位处理规则,Spool Local Localization Rule,spool_local_localization_rule,spool_local_localization_rule,1,66,auto-on_data_complete,用于实验数据流程中的非物理软件规则组件。它表示一种本地定位处理规则，用于在数据采集或本地缓存完成后触发定位分析相关流程，并提供总帧数、数据完成状态等规则状态信息。,"A non-physical software rule component used in experimental data workflows. It represents a local localization processing rule that can trigger localization-analysis-related steps after acquisition or local spooling is complete, and exposes rule status such as total frame count and data completion state.",定位分析工作流规则,表征设备|实验数据可视化与分析|实验数据管理与记录|显微定位重建与集群分析|定位分析工作流规则,_aggregate_device_info_output.csv,显微定位重建与集群分析,medium,medium,medium
TOPTICA iBeam 激光器,TOPTICA iBeam Laser,toptica_i_beam_laser,toptica_i_beam_laser,5,12,auto-GetPower|auto-IsOn|auto-SetPower|auto-TurnOff|auto-TurnOn,用于实验室光学实验的可控激光光源，可进行激光开关和输出功率设置/读取，适合显微成像、激发照明等场景。,"A controllable laser light source for laboratory optical experiments, supporting laser emission on/off control and output power set/readback. It is suitable for applications such as microscopy and excitation illumination.",二极管激光器|实验室激光光源|显微照明光源,实验执行&合成设备|光学与光谱实验|激光激发与光谱测量|显微成像与光学显微实验|二极管激光器|实验室激光光源|显微照明光源,_aggregate_device_info_output.csv,显微成像与光学显微实验|二极管激光器|显微照明光源,medium|low|medium,medium,medium
TOPTICA iBeam 智能二极管激光器,TOPTICA iBeam Smart Diode Laser,_i_beam_connection,_i_beam_connection,7,26,auto-command|auto-laser_off|auto-laser_on|auto-set_normal_channel_power|auto-show_max_power|auto-show_power_uW|auto-status_laser,TOPTICA iBeam 是一款紧凑型智能二极管激光光源，可通过串口控制激光开关和输出功率，并读取实际输出状态。它常用于显微镜激发照明、光学实验以及需要稳定连续激光输出的实验室场景。,"The TOPTICA iBeam is a compact smart diode laser source with serial control for laser on/off operation, output power setting, and status readback. It is commonly used for microscope excitation, optical experiments, and other laboratory applications requiring stable continuous laser output.",二极管激光器,表征设备|智慧表征与检测中心|物化表征测试中心|显微成像与光学显微实验|二极管激光器,_aggregate_device_info_output.csv,显微成像与光学显微实验|二极管激光器,medium|low,medium,medium
赛默飞 FIB-SEM 双束显微镜,Thermo Fisher FIB-SEM Microscope,thermo_microscope,thermo_microscope,47,186,auto-acquire_chamber_image|auto-acquire_image|auto-auto_focus|auto-autocontrast|auto-beam_shift|auto-check_available_values|auto-clear_patterns|auto-connect_to_microscope|auto-cryo_deposition_v2|auto-draw_bitmap_pattern|auto-draw_circle|auto-draw_line|auto-draw_rectangle|auto-draw_sputter_pattern|auto-estimate_milling_time|auto-finish_milling|auto-finish_sputter|auto-get_available_values|auto-get_gis|auto-get_milling_state|auto-get_stage_orientation|auto-gis_turn_heater_on|auto-insert_gis|auto-insert_manipulator|auto-last_image|auto-move_manipulator_absolute|auto-move_manipulator_corrected|auto-move_manipulator_relative|auto-move_manipulator_to_position_offset|auto-move_stage_absolute|auto-move_stage_relative|auto-pause_milling|auto-project_stable_move|auto-reconnect|auto-resume_milling|auto-retract_gis|auto-retract_manipulator|auto-run_milling|auto-run_sputter|auto-safe_absolute_stage_movement|auto-set_channel|auto-setup_milling|auto-setup_sputter|auto-stable_move|auto-start_milling|auto-stop_milling|auto-vertical_move,用于控制赛默飞双束聚焦离子束-扫描电子显微镜的仪器接口，可执行电子/离子束成像、自动对焦与对比度调整、束流偏转、样品台与纳米操纵杆运动、离子束铣削、GIS 气体注入以及溅射/沉积相关操作，适用于样品表征、截面加工与显微操纵实验。,"An instrument interface for a Thermo Fisher focused ion beam scanning electron microscope (FIB-SEM). It supports electron/ion beam imaging, autofocus and autocontrast, beam shift, stage and nanomanipulator motion, ion-beam milling, GIS gas injection, and sputter/deposition-related operations for sample characterization, cross-section preparation, and micromanipulation workflows.",双束聚焦离子束扫描电子显微镜,表征设备|后处理设备|智慧表征与检测中心|Hyper-FIB|物化表征测试中心|双束聚焦离子束扫描电子显微镜,_aggregate_device_info_output.csv,双束聚焦离子束扫描电子显微镜,high,high,medium
热循环仪抽象控制后端,Thermocycler Abstract Backend,thermocycler_backend,thermocycler_backend,19,26,auto-close_lid|auto-deactivate_block|auto-deactivate_lid|auto-get_block_current_temperature|auto-get_block_status|auto-get_block_target_temperature|auto-get_current_cycle_index|auto-get_current_step_index|auto-get_hold_time|auto-get_lid_current_temperature|auto-get_lid_open|auto-get_lid_status|auto-get_lid_target_temperature|auto-get_total_cycle_count|auto-get_total_step_count|auto-open_lid|auto-run_protocol|auto-set_block_temperature|auto-set_lid_temperature,用于热循环仪的非物理软件抽象组件。它定义了开关盖、设置模块与热盖温度、停用加热、执行热循环协议，以及读取温度、盖状态、步骤与循环进度等统一控制接口，供具体热循环仪设备实现使用。,"A non-physical abstract software component for thermocyclers. It defines a unified control interface for opening and closing the lid, setting block and lid temperatures, deactivating heating, running thermocycling protocols, and reading temperatures, lid state, and protocol progress, to be implemented by concrete thermocycler devices.",普通PCR仪,实验执行&合成设备|生命体系|实验室自动化与仪器集成|基因编辑、分子生物学与育种|实验仪器通信与驱动集成|普通PCR仪,_aggregate_device_info_output.csv,生命体系|实验室自动化与仪器集成|基因编辑、分子生物学与育种|普通PCR仪,high|low|high|high,high,medium
索雷博可编程滤光轮,Thorlabs Programmable Filter Wheel,thorlabs_fw102_c,thorlabs_fw102_c,1,20,initialize,用于显微成像或光学实验中的多工位滤光片切换装置，证据指向 Thorlabs FW102C 系列滤光轮。设备可切换不同滤光片位置，常用于荧光显微、激发/发射通道选择等场景；由于设备本体带有手动控制，实验过程中通常需要查询当前位置。,"A multi-position optical filter switching device for microscopy and general optics work, with evidence pointing to the Thorlabs FW102C family of filter wheels. It is used to change filter positions for applications such as fluorescence imaging and excitation/emission channel selection; because the hardware also has manual controls, the current position may need to be queried during experiments.",电动滤光片转轮,表征设备|光学与光谱实验|显微成像与光学显微实验|电动滤光片转轮,_aggregate_device_info_output.csv,显微成像与光学显微实验,medium,medium,medium
透射电子显微镜（TEM/STEM）,Transmission Electron Microscope (TEM/STEM),microscope,microscope,72,82,auto-acquire|auto-get_beam_blanked|auto-get_beam_shift|auto-get_beam_tilt|auto-get_camera_param|auto-get_cameras|auto-get_column_valves_open|auto-get_condenser_mode|auto-get_condenser_stigmator|auto-get_convergence_angle|auto-get_dark_field_mode|auto-get_defocus|auto-get_diffraction_shift|auto-get_family|auto-get_illuminated_area|auto-get_illumination_mode|auto-get_image_shift|auto-get_indicated_camera_length|auto-get_indicated_magnification|auto-get_instrument_mode|auto-get_intensity|auto-get_magnification_index|auto-get_microscope_id|auto-get_objective_excitation|auto-get_objective_stigmator|auto-get_probe_defocus|auto-get_projection_mode|auto-get_projection_mode_string|auto-get_projection_sub_mode|auto-get_screen_current|auto-get_screen_position|auto-get_spot_size_index|auto-get_stage_holder|auto-get_stage_limits|auto-get_stage_position|auto-get_stage_status|auto-get_stem_acquisition_param|auto-get_stem_detector_param|auto-get_stem_detectors|auto-get_stem_magnification|auto-get_stem_rotation|auto-get_vacuum|auto-get_version|auto-get_voltage|auto-is_stem_available|auto-normalize|auto-set_beam_blanked|auto-set_beam_shift|auto-set_beam_tilt|auto-set_camera_param|auto-set_column_valves_open|auto-set_condenser_mode|auto-set_condenser_stigmator|auto-set_convergence_angle|auto-set_dark_field_mode|auto-set_defocus|auto-set_diffraction_shift|auto-set_illuminated_area|auto-set_illumination_mode|auto-set_image_shift|auto-set_instrument_mode|auto-set_intensity|auto-set_magnification_index|auto-set_objective_stigmator|auto-set_probe_defocus|auto-set_projection_mode|auto-set_screen_position|auto-set_spot_size_index|auto-set_stem_acquisition_param|auto-set_stem_detector_param|auto-set_stem_magnification|auto-set_stem_rotation,这是一类高真空电子显微镜，可在透射电子显微镜和扫描透射电子显微镜模式下工作，用于样品的高分辨成像、电子衍射和相关检测。设备通常包含电子枪、镜筒与真空系统、载物台、荧光屏、相机以及 STEM 探测器，可调节电子束偏转、束斑、会聚角、放大倍率、焦距和像散等参数，常用于材料、纳米结构和薄样品分析。,"This is a high-vacuum electron microscope that operates in transmission electron microscopy and scanning transmission electron microscopy modes for high-resolution imaging, electron diffraction, and related detection of specimens. The instrument typically includes an electron column with vacuum system, stage, viewing screen, cameras, and STEM detectors, and allows control of beam deflection, spot size, convergence angle, magnification, focus, and stigmation for materials, nanostructure, and thin-sample analysis.",透射电子显微镜,表征设备|智慧表征与检测中心|真空系统与高真空实验|物化表征测试中心|透射电镜与冷冻电镜成像|透射电子显微镜,_aggregate_device_info_output.csv,透射电镜与冷冻电镜成像|透射电子显微镜,high|medium,high,medium
UP20超声探头,UP20 Ultrasound Probe,up20,up20,37,55,auto-BulkIn|auto-BulkOut|auto-BulkOutFour|auto-BulkOutLarge|auto-BulkOutTwo|auto-BulkOutTwo512|auto-ControlIn|auto-ControlOut|auto-DLImgs|auto-Init1004|auto-InitArrays|auto-InitOn|auto-InitOneA|auto-InitRegisters|auto-InitSeries10|auto-Read512|auto-StartRun|auto-checkAddress|auto-checkAddressFull|auto-createLoop|auto-createLoopDoppler|auto-fastMotor|auto-freeze|auto-getImages|auto-getImagesDoppler|auto-getRawImages|auto-getUSBImages|auto-initProbe|auto-progIt|auto-readWrite|auto-saveImage|auto-startAcq|auto-startDoppler|auto-startMotor|auto-stopAcq|auto-stopMotor|auto-unfreeze,用于超声成像的USB探头设备，可通过USB控制传输与批量传输进行初始化、寄存器配置、图像采集、冻结/解冻、原始图像读取以及多普勒相关采集控制，适用于实验中的超声观察与数据获取。,"A USB ultrasound probe used for ultrasound imaging. It is controlled through USB control and bulk transfers for initialization, register configuration, image acquisition, freeze/unfreeze operation, raw image retrieval, and Doppler-related acquisition, making it suitable for experimental ultrasound observation and data capture.",多普勒超声探头,表征设备|生命体系|超声成像与多普勒流动监测|多普勒超声探头,_aggregate_device_info_output.csv,生命体系|超声成像与多普勒流动监测|多普勒超声探头,high|low|medium,high,medium
USB-TMC实验光源,USB-TMC Light Source,usbtmclight,usbtmclight,12,26,auto-activate_recipe|auto-get_intensity|auto-get_run_status|auto-get_runtime|auto-get_status|auto-get_temperatures|auto-off|auto-on|auto-query_on_state|auto-set_intensity|auto-set_runtime|auto-set_state,通过 USB-TMC 通信控制的实验室光源，可进行开关、光强设定、运行时长设定、状态查询、温度读取和预设配方激活，适用于实验中的照明、激发或定时曝光场景。,"A laboratory light source controlled over USB-TMC communication, supporting on/off control, intensity setting, runtime setting, status queries, temperature readout, and preset recipe activation for lab illumination, excitation, or timed exposure tasks.",实验室可控光源,实验执行&合成设备|光学与光谱实验|实验照明与光激发|实验室可控光源,_aggregate_device_info_output.csv,实验室可控光源,medium,medium,medium
优傲机械臂夹爪系统,Universal Robots Arm with Gripper,rtde_urx,rtde_urx,8,17,auto-angle_antipodal_grasp|auto-close_gripper|auto-initialize|auto-list_to_setp|auto-movel|auto-open_gripper|auto-setp_to_list|auto-wait,用于实验室自动化的机械臂与夹爪控制系统，可进行笛卡尔空间直线运动、位置等待以及夹爪开合，适合样品抓取、转移和放置等操作。,"A laboratory automation robotic arm and gripper system for Cartesian linear motion, motion completion waiting, and gripper open/close control, suitable for sample pick-and-place, transfer, and handling tasks.",机械臂|机器人夹爪,物流/机械|实验执行&合成设备|实验室自动化与仪器集成|机器人与移动平台|实验室机械臂自动化与样品搬运|机器人运动规划与任务编排|机械臂|机器人夹爪,_aggregate_device_info_output.csv,实验室自动化与仪器集成|实验室机械臂自动化与样品搬运|机器人运动规划与任务编排|机械臂|机器人夹爪,low|medium|low|low|low,medium,medium
VENUS资源类生成工具,VENUS Resource Class Generator,resources,resources,3,17,auto-read_layout|auto-read_liquid_classes|auto-read_submethods,这是一个非物理的软件辅助组件，用于读取 Hamilton VENUS 的实验室自动化资源文件，如甲板布局、液体类别数据库和子方法库，并将其转换为可在 Python 中调用的资源类，便于在自动化实验脚本中复用系统配置与方法定义。,"This is a non-physical software helper component that reads Hamilton VENUS laboratory automation resource files, such as deck layouts, liquid class databases, and submethod libraries, and converts them into Python classes for reuse in automation scripts and workflow definitions.",实验自动化资源类生成器,备料&前处理设备|实验室自动化与仪器集成|移液站产品|实验软件对象模型与属性同步|实验自动化资源类生成器,_aggregate_device_info_output.csv,实验室自动化与仪器集成|移液站产品|实验自动化资源类生成器,low|medium|low,medium,medium
实验工作台布局管理组件,Worktable Layout Manager,work_table,work_table,58,139,auto-actions|auto-add|auto-add_labware|auto-add_new_labware|auto-add_type|auto-autoselect|auto-clearSelection|auto-create|auto-create_labware|auto-create_series|auto-fill|auto-find_free_wells|auto-find_new_tips|auto-get_DITI_series|auto-get_current_labware|auto-get_labware|auto-grid_carrier_line|auto-init_wells|auto-log|auto-moveParallel|auto-newOffset|auto-newPosition|auto-offset|auto-offsetAtParallelMove|auto-offsetFromName|auto-parallelOrder|auto-parse_file|auto-parse_worktable_file|auto-pick_up|auto-posAtParallelMove|auto-position|auto-put|auto-reagent|auto-refill_next_rack|auto-remove|auto-replace_with_new|auto-retire_labware|auto-retire_new_tips|auto-select|auto-selectAll|auto-selectOnly|auto-selected|auto-selected_wells|auto-set_DITI_counter|auto-set_back|auto-set_current|auto-set_current_next_to|auto-set_def_DiTi|auto-set_first_pos|auto-set_next|auto-show_next|auto-show_next_to|auto-size|auto-to_name|auto-vol|auto-waste|auto-wellSelectionStr|auto-write,用于表示和管理自动化移液工作台上载架、孔板、试剂槽、吸头架与孔位位置关系的非实体软件组件。它可解析工作台模板文件，维护 labware 与 DiTi 吸头系列，记录当前对象与下一个可用位置，并为实验协议提供布局、选择和位置计算信息。,"A non-physical software component for representing and managing the layout of carriers, labware, wells, tip racks, and positions on an automated liquid-handling worktable. It can parse worktable template files, maintain labware and DiTi tip series, track the current object and next usable position, and provide layout, selection, and position-calculation information for experiment protocols.",移液工作站,备料&前处理设备|实验室自动化与仪器集成|溶液配制与反应|移液站产品|液体输送与定量分配|移液工作站,_aggregate_device_info_output.csv,实验室自动化与仪器集成|移液站产品|液体输送与定量分配|移液工作站,low|medium|medium|medium,medium,medium
XCalibur 分配阀注射泵,XCalibur Syringe Pump with Distribution Valve,x_calibur_d,x_calibur_d,39,51,auto-cacheSimSpeeds|auto-changePort|auto-delayExec|auto-dispense|auto-dispenseToWaste|auto-execWrap|auto-executeChain|auto-extract|auto-extractToWaste|auto-getBufferStatus|auto-getCurPort|auto-getCutoffSpeed|auto-getEncoderPos|auto-getPlungerPos|auto-getStartSpeed|auto-getTopSpeed|auto-haltExec|auto-init|auto-initDebugLogging|auto-logCall|auto-logDebug|auto-markRepeatStart|auto-movePlungerAbs|auto-movePlungerRel|auto-primePort|auto-repeatCmdSeq|auto-resetChain|auto-restoreSimSpeeds|auto-sendRcv|auto-setCutoffSpeed|auto-setMicrostep|auto-setSlope|auto-setSpeed|auto-setStartSpeed|auto-setTopSpeed|auto-terminateCmd|auto-updateSimState|auto-updateSpeeds|auto-waitReady,用于实验室液路切换与精密吸液/分液的 XCalibur 注射泵。该设备可控制柱塞绝对/相对位置、阀口切换、运行速度、微步模式和命令序列，并支持向废液口排放、管路预充和初始化，适合自动化样品转移、灌注和流体处理。,"An XCalibur syringe pump for laboratory fluid routing and precise aspiration/dispensing. It controls absolute/relative plunger motion, valve port switching, motion speeds, microstepping, and command sequences, and supports waste dispensing, line priming, and initialization for automated sample transfer, priming, and fluid handling.",注射泵|多通阀,备料&前处理设备|实验执行&合成设备|实验室自动化与仪器集成|溶液配制与反应|移液站产品|液体输送与定量分配|注射泵|多通阀,_aggregate_device_info_output.csv,实验室自动化与仪器集成|移液站产品|液体输送与定量分配,low|medium|medium,medium,medium
Zaber电动定位台,Zaber motorized positioning stage,ascii_device,ascii_device,15,43,auto-axis|auto-baudrate|auto-encode|auto-flush|auto-get_status|auto-home|auto-move_abs|auto-move_rel|auto-move_vel|auto-poll_until_idle|auto-read|auto-send|auto-stop|auto-timeout|auto-write,这是一类可通过串行 ASCII 协议控制的电动定位设备，通常为单轴或多轴位移台。设备可执行回零、绝对位移、相对位移、恒速运动和停止，适用于实验室中的光学元件、样品或探针的精密定位、扫描和对准。,"This is a motorized positioning device, typically a single-axis or multi-axis stage, controlled over a serial ASCII protocol. It supports homing, absolute moves, relative moves, constant-velocity motion, and stopping, and is used in laboratories for precise positioning, scanning, and alignment of optics, samples, or probes.",电动直线位移台|电动定位台,物流/机械|精密定位与运动控制|样品/探针定位与运动控制|电动直线位移台|电动定位台,_aggregate_device_info_output.csv,样品/探针定位与运动控制|电动定位台,medium|medium,medium,medium
Zaber电动精密位移台,Zaber motorized positioning stage,binary_serial,binary_serial,14,32,auto-baudrate|auto-close|auto-encode|auto-flush|auto-get_status|auto-home|auto-move_abs|auto-move_rel|auto-move_vel|auto-open|auto-read|auto-send|auto-timeout|auto-write,这是一种用于精密线性定位与自动运动控制的电动位移台或单轴运动平台，可通过串口二进制协议进行控制。它常用于实验室中的光学元件、样品台或探针的位置调整、回零、定点移动和自动扫描。,"This is a motorized precision positioning stage or single-axis motion platform used for accurate linear positioning and automated motion control. It is commonly used in laboratories to position optical components, samples, or probes, including homing, point-to-point moves, and automated scanning.",电动直线位移台,物流/机械|精密定位与运动控制|样品/探针定位与运动控制|电动直线位移台,_aggregate_device_info_output.csv,样品/探针定位与运动控制,medium,medium,medium
Zaber电动位移台,Zaber motorized stage,ascii_serial,ascii_serial,16,43,auto-axis|auto-baudrate|auto-close|auto-encode|auto-flush|auto-get_status|auto-home|auto-move_abs|auto-move_rel|auto-move_vel|auto-open|auto-poll_until_idle|auto-read|auto-send|auto-timeout|auto-write,这是一类通过串口 ASCII 协议控制的精密电动位移设备，通常具有一个或多个运动轴，可执行回零、绝对位移、相对位移和连续运动。它常用于实验室中的样品、光学元件、探针或夹具的精密定位与自动化扫描。,"This is a precision motorized positioning device controlled over a serial ASCII protocol, typically with one or more motion axes for homing, absolute moves, relative moves, and continuous motion. It is commonly used in laboratories for precise positioning and automated scanning of samples, optical components, probes, or fixtures.",电动直线位移台|电动定位台,物流/机械|精密定位与运动控制|样品/探针定位与运动控制|电动直线位移台|电动定位台,_aggregate_device_info_output.csv,样品/探针定位与运动控制|电动定位台,medium|medium,medium,medium
Zaber 电动位移台单轴,Zaber motorized stage axis,ascii_axis,ascii_axis,15,43,auto-axis|auto-baudrate|auto-encode|auto-flush|auto-get_status|auto-home|auto-move_abs|auto-move_rel|auto-move_vel|auto-poll_until_idle|auto-read|auto-send|auto-stop|auto-timeout|auto-write,Zaber ASCII 协议控制的电动位移平台或线性执行器中的单个运动轴，用于实验中样品、光学元件或探头的精密定位、回零、相对/绝对位移和速度控制。,"A single motion axis of a Zaber ASCII-controlled motorized stage or linear actuator, used in laboratories for precise positioning of samples, optical components, or probes, including homing, relative/absolute moves, and velocity control.",电动直线位移台,物流/机械|精密定位与运动控制|样品/探针定位与运动控制|电动直线位移台,_aggregate_device_info_output.csv,样品/探针定位与运动控制,medium,medium,medium
pyUVVIS紫外-可见光谱采集软件,pyUVVIS UV-Vis Acquisition Application,py_uvvis,py_uvvis,37,44,auto-OnQuit|auto-OnRTBAvgDec|auto-OnRTBAvgInc|auto-OnRTBExpDec|auto-OnRTBExpInc|auto-OnRTBGainDec|auto-OnRTBGainInc|auto-OnTBAuto|auto-OnTBAvgDec|auto-OnTBAvgInc|auto-OnTBDark|auto-OnTBDelete|auto-OnTBExpDec|auto-OnTBExpInc|auto-OnTBGainDec|auto-OnTBGainInc|auto-OnTBLoad|auto-OnTBMode|auto-OnTBRecord|auto-OnTBSave|auto-OnTBStart|auto-OnUpdate|auto-addLine|auto-camClose|auto-camSetExp|auto-camSetGain|auto-camSupportsExp|auto-camSupportsGain|auto-connectCamera|auto-connectOO|auto-connectUC480|auto-createPlotWnd|auto-createTB|auto-createUI|auto-getWlAxis|auto-readCamera|auto-refreshPlot,一个非物理的桌面图形软件组件，用于实验中的紫外-可见光谱采集与显示。它可连接 UC480 相机或 Ocean Optics 光谱输入设备，执行实时读数、波长轴处理、曝光与增益调节、暗背景扣除、平均记录、曲线绘图，以及数据保存和加载。,"A non-physical desktop GUI software component for UV-Vis spectral acquisition and display in laboratory experiments. It can connect to UC480 cameras or Ocean Optics spectral input devices, perform real-time readout, wavelength-axis handling, exposure and gain adjustment, dark subtraction, averaging/recording, curve plotting, and data save/load operations.",紫外-可见分光光谱仪|光谱仪|科学相机,表征设备|光学与光谱实验|实验数据可视化与分析|光谱采集与检测|实验仪器数据采集与联机控制|紫外-可见分光光谱仪|光谱仪|科学相机,_aggregate_device_info_output.csv,光谱仪|科学相机,low|medium,medium,medium
xArm协作机械臂,xArm Collaborative Robot,uxbus_cmd,uxbus_cmd,193,204,auto-cali_tcp_orient|auto-cali_tcp_pose|auto-cali_user_orient|auto-cali_user_pos|auto-cancel_timer|auto-cgpio_delay_set_digital|auto-cgpio_get_analog1|auto-cgpio_get_analog2|auto-cgpio_get_auxdigit|auto-cgpio_get_state|auto-cgpio_position_set_analog|auto-cgpio_position_set_digital|auto-cgpio_set_analog1|auto-cgpio_set_analog2|auto-cgpio_set_auxdigit|auto-cgpio_set_infun|auto-cgpio_set_outfun|auto-check_feedback|auto-check_verification|auto-clean_conf|auto-clean_err|auto-clean_war|auto-cnter_plus|auto-cnter_reset|auto-config_force_control|auto-config_io_stop_reset|auto-ft_sensor_app_get|auto-ft_sensor_app_set|auto-ft_sensor_cali_load|auto-ft_sensor_enable|auto-ft_sensor_get_config|auto-ft_sensor_get_data|auto-ft_sensor_get_error|auto-ft_sensor_iden_load|auto-ft_sensor_set_zero|auto-get_allow_approx_motion|auto-get_cmdnum|auto-get_common_info|auto-get_common_param|auto-get_dh_params|auto-get_err_code|auto-get_fk|auto-get_hd_types|auto-get_ik|auto-get_joint_pos|auto-get_joint_states|auto-get_joint_tau|auto-get_max_joint_velocity|auto-get_movement|auto-get_nfp32|auto-get_nfp32_with_datas|auto-get_nu16|auto-get_nu8|auto-get_pose_offset|auto-get_position_aa|auto-get_power_board_version|auto-get_reduced_mode|auto-get_reduced_states|auto-get_report_tau_or_i|auto-get_robot_sn|auto-get_safe_level|auto-get_state|auto-get_tcp_pose|auto-get_tcp_rotation_radius|auto-get_traj_rw_status|auto-get_traj_speeding|auto-get_version|auto-getset_nu8|auto-gripper_addr_r16|auto-gripper_addr_r32|auto-gripper_addr_w16|auto-gripper_addr_w32|auto-gripper_clean_err|auto-gripper_get_errcode|auto-gripper_get_pos|auto-gripper_modbus_clean_err|auto-gripper_modbus_get_errcode|auto-gripper_modbus_get_pos|auto-gripper_modbus_r16s|auto-gripper_modbus_set_en|auto-gripper_modbus_set_mode|auto-gripper_modbus_set_pos|auto-gripper_modbus_set_posspd|auto-gripper_modbus_set_zero|auto-gripper_modbus_w16s|auto-gripper_set_en|auto-gripper_set_mode|auto-gripper_set_pos|auto-gripper_set_posspd|auto-gripper_set_zero|auto-iden_joint_friction|auto-iden_load|auto-iden_tcp_load|auto-is_joint_limit|auto-is_nfp32|auto-is_tcp_limit|auto-last_comm_time|auto-linear_motor_modbus_r16s|auto-linear_motor_modbus_w16s|auto-load_traj|auto-motion_en|auto-move_circle|auto-move_circle_common|auto-move_gohome|auto-move_joint|auto-move_jointb|auto-move_line|auto-move_line_aa|auto-move_line_common|auto-move_line_tool|auto-move_lineb|auto-move_relative|auto-move_servo_cart_aa|auto-move_servo_cartesian|auto-move_servoj|auto-playback_traj|auto-playback_traj_old|auto-recv_modbus_response|auto-reload_dynamics|auto-save_conf|auto-save_traj|auto-send_hex_cmd|auto-send_modbus_request|auto-servo_addr_r16|auto-servo_addr_r32|auto-servo_addr_w16|auto-servo_addr_w32|auto-servo_error_addr_r32|auto-servo_get_dbmsg|auto-servo_set_zero|auto-set_admittance|auto-set_admittance_config|auto-set_admittance_mbk|auto-set_allow_approx_motion|auto-set_brake|auto-set_cartesian_velo_continuous|auto-set_collis_reb|auto-set_collis_sens|auto-set_collision_tool_model|auto-set_common_param|auto-set_debug|auto-set_dh_params|auto-set_feedback_type|auto-set_fense_on|auto-set_force_control_pid|auto-set_gravity_dir|auto-set_joint_jerk|auto-set_joint_maxacc|auto-set_modbus_baudrate|auto-set_modbus_tcp_data|auto-set_modbus_timeout|auto-set_mode|auto-set_nfp32|auto-set_nfp32_with_bytes|auto-set_nint32|auto-set_nu16|auto-set_nu8|auto-set_record_traj|auto-set_reduced_jointspeed|auto-set_reduced_jrange|auto-set_reduced_linespeed|auto-set_reduced_mode|auto-set_report_tau_or_i|auto-set_safe_level|auto-set_self_collision_detection|auto-set_simulation_robot|auto-set_state|auto-set_tcp_jerk|auto-set_tcp_load|auto-set_tcp_maxacc|auto-set_tcp_offset|auto-set_teach_sens|auto-set_timeout|auto-set_timer|auto-set_world_offset|auto-set_xyz_limits|auto-sleep_instruction|auto-state_is_ready|auto-swop_nfp32|auto-system_control|auto-tgpio_addr_r16|auto-tgpio_addr_r32|auto-tgpio_addr_w16|auto-tgpio_addr_w32|auto-tgpio_delay_set_digital|auto-tgpio_get_analog1|auto-tgpio_get_analog2|auto-tgpio_get_digital|auto-tgpio_position_set_digital|auto-tgpio_set_digital|auto-tgpio_set_modbus|auto-vc_set_jointv|auto-vc_set_linev,用于实验室自动化的协作机械臂，可执行关节与笛卡尔运动、轨迹录制与回放，并控制夹爪、工具端/控制器IO、Modbus外设以及力/力矩传感与力控功能。,"A collaborative robot for laboratory automation that supports joint and Cartesian motion, trajectory recording and playback, and control of grippers, tool/controller I/O, Modbus peripherals, and force-torque sensing and force-control functions.",机械臂,物流/机械|机器人与移动平台|实验室自动化与仪器集成|实验室机械臂自动化与样品搬运|实验室机器人操作与样品转运|机械臂,_aggregate_device_info_output.csv,实验室自动化与仪器集成|实验室机械臂自动化与样品搬运|实验室机器人操作与样品转运|机械臂,low|medium|medium|low,medium,medium
xArm协作机械臂,xArm Collaborative Robot Arm,blockly_tool,blockly_tool,2,29,auto-codes|auto-to_python,一款可编程协作机械臂，可通过图形化积木程序或 Python 脚本控制运动流程、关节动作和实验操作。常用于教学演示、实验室自动化、样品搬运及机械臂流程开发。,"A programmable collaborative robot arm that can be controlled through block-based programs or Python scripts for motion sequences, joint movements, and experimental operations. It is commonly used for teaching, laboratory automation, sample handling, and robot workflow development.",机械臂,物流/机械|机器人与移动平台|实验室自动化与仪器集成|样品/探针定位与运动控制|机械臂|实验室机械臂自动化与样品搬运,_aggregate_device_info_output.csv,实验室自动化与仪器集成|样品/探针定位与运动控制|机械臂|实验室机械臂自动化与样品搬运,low|medium|low|medium,medium,medium
xArm协作机械臂,xArm collaborative robotic arm,events,events,24,33,auto-register_cmdnum_changed_callback|auto-register_connect_changed_callback|auto-register_count_changed_callback|auto-register_error_warn_changed_callback|auto-register_feedback_callback|auto-register_iden_progress_changed_callback|auto-register_mode_changed_callback|auto-register_mtable_mtbrake_changed_callback|auto-register_report_callback|auto-register_report_location_callback|auto-register_state_changed_callback|auto-register_temperature_changed_callback|auto-release_cmdnum_changed_callback|auto-release_connect_changed_callback|auto-release_count_changed_callback|auto-release_error_warn_changed_callback|auto-release_feedback_callback|auto-release_iden_progress_changed_callback|auto-release_mode_changed_callback|auto-release_mtable_mtbrake_changed_callback|auto-release_report_callback|auto-release_report_location_callback|auto-release_state_changed_callback|auto-release_temperature_changed_callback,xArm协作机械臂是一种多关节机器人，用于实验室自动化中的样品转运、定位、抓取和重复操作任务。该设备可提供笛卡尔位置、关节状态、运行模式、告警、温度以及电机相关状态等运行信息，适合自动化操作与过程监测。,"The xArm collaborative robotic arm is a multi-joint robot used in laboratory automation for sample transfer, positioning, gripping, and repetitive handling tasks. The device can report Cartesian position, joint status, operating mode, alarms, temperature, and motor-related states, making it suitable for automated operations and process monitoring.",机械臂,物流/机械|机器人与移动平台|实验室自动化与仪器集成|实验室机械臂自动化与样品搬运|样品/探针定位与运动控制|机械臂,_aggregate_device_info_output.csv,实验室自动化与仪器集成|实验室机械臂自动化与样品搬运|样品/探针定位与运动控制|机械臂,low|medium|medium|low,medium,medium
xArm机械臂,xArm robotic arm,gcode_client,gcode_client,3,11,auto-close|auto-execute|auto-execute_file,一款可编程多轴机械臂，可按G代码或预定义路径执行运动任务。在实验室中常用于自动化取放、样品转运、定位与重复轨迹操作等流程。,"A programmable multi-axis robotic arm that can execute motion tasks from G-code or predefined paths. In laboratories, it is commonly used for automated pick-and-place, sample transfer, positioning, and repeatable motion workflows.",机械臂,物流/机械|机器人与移动平台|实验室机械臂自动化与样品搬运|样品/探针定位与运动控制|机械臂,_aggregate_device_info_output.csv,实验室机械臂自动化与样品搬运|样品/探针定位与运动控制|机械臂,medium|medium|low,medium,medium
